Date,ACWI,TLT,LQD,TIP,DBC,VNQ,QAI
2016-04-13,0.01209318868931164,0.0035133277323760037,0.00345321317274494,0.0008765010079760938,0.00512820512820511,-0.004426366790285963,0.0034650034650034467
2016-04-14,0.0014057283429977918,-0.004794885455514097,-0.0006714789323485348,-0.002364480252211143,-0.008017492711370311,-0.005527517423696171,-0.00034530386740339036
2016-04-15,-0.0015792244253378662,0.008565310492505418,0.004199563245422366,0.0035990168539326017,-0.0036737692872886862,0.007491541807636448,0.0
2016-04-18,0.007205623901581859,-0.004322111010009011,0.0010873201739711735,-0.00017493221376707613,0.004424778761061843,0.0047973135044376836,0.0024179620034543436
2016-04-19,0.00942243936485787,-0.003122382149112757,0.001838081711087014,0.0017496282040065925,0.021292217327459673,0.00047744091668655564,0.00344589937973816
2016-04-20,-0.0008643042350908736,-0.011000763941940384,-0.0027520640480359626,-0.004191773644223296,0.019410496046009973,-0.016941064185158505,-0.001717032967032961
2016-04-21,-0.0048442906574392985,-0.005947783099026771,-0.0004181301220940181,-0.0012277470841006721,-0.004231311706629048,-0.017839805825242694,0.0003439972480219211
2016-04-22,-0.00017385257301816281,-0.0025643018105523385,0.0010875930728686534,-0.0006146281499693762,-0.004249291784702458,0.01037934017051767,0.0013755158184320937
2016-04-25,-0.003651538862806447,-0.004129012153318956,-0.002339963229149311,-0.001142154278685581,-0.0007112375533427917,0.008805185275773564,-0.003434065934066033
2016-04-26,0.003490401396160525,-0.004537276069780161,-0.0004188306248952278,-0.0004397924179786461,0.012811387900355742,0.0038792580918900477,0.000344589937973927
2016-04-27,0.00156521739130433,0.009980353634577721,0.006368892985837649,0.0060718057022175476,0.009135628952916308,-0.0006037918125829655,0.0027557698932139107
2016-04-28,-0.009202986629623267,0.004123871770930654,0.0009159796819051547,0.005247966413014948,0.0055710306406684396,-0.0020541324311261766,-0.0016317416695293963
2016-04-29,-0.004381352961794649,0.002557148392095865,0.0010815307820299935,-0.0004350474201688659,0.00969529085872578,-0.00920208257658317,-8.602150537639908e-05
2016-05-02,0.006160887167752094,-0.012057505023960413,-0.003989030167040664,-0.0033077994428969415,-0.013717421124828433,0.015519980447268766,0.0017205781142464183
2016-05-03,-0.014345696291112597,0.012595837897042772,0.0017521902377972687,0.0004366812227074579,-0.015299026425591111,0.0015643802647413718,-0.0027447612504293284
2016-05-04,-0.009407170749023752,0.005485590666769458,-0.0016658337497917897,0.0011348756001747784,0.0007062146892655718,0.014297729184188368,-0.0024147350508609833
2016-05-05,0.00017917935853795086,0.0066851083448593585,0.0020023360587351213,0.0032263690268572454,-0.009880028228652082,0.002842928216062468,-0.001035911602209949
2016-05-06,0.0028663561447508368,-0.004274482863903528,-0.0021648626144878946,-0.0034767492394610633,0.006414825374198241,0.010985116938341699,-0.0006913238852401804
2016-05-09,-0.0023222579492675477,0.0031429666538904666,-0.0010013351134846582,0.000610553859572649,-0.02195467422096309,0.010982591424231858,0.0
2016-05-10,0.0143240823634736,7.641754546838797e-05,0.0016705646508519134,0.003050906555090549,0.02461984069514833,-0.00011556685542590817,0.0041508128675198375
2016-05-11,-0.007237422771403268,0.005654466264231717,0.001084056037358172,-0.00017380724776216994,0.023321554770318054,-0.02138233934350431,-0.0024112986565621997
2016-05-12,-0.0001778093883357812,-0.0045589240939140074,-0.0020824656393169105,-0.0006953498478922127,0.0013812154696133394,0.005787173733317497,-0.001035911602209949
2016-05-13,-0.011203983638626958,0.009693916494924126,0.0018363939899832538,0.002435417935113593,-0.0013793103448275223,-0.008924377642085424,-0.0006913238852401804
2016-05-16,0.01205035971223034,-0.008618082854551012,-0.0033327778703549082,-0.0011279826464207776,0.011049723756906049,0.009478672985781866,0.0003459010722934863
2016-05-17,-0.007641727385818364,0.001677596461796771,-0.0003343922421000789,0.0006949270326614965,0.007513661202185773,-0.01854460093896715,-0.0008990318118949903
2016-05-18,-0.0012535816618911566,-0.014235688185140094,-0.008529854490717526,-0.00868055555555558,-0.007457627118644061,-0.015666108586462557,-0.0029071779608222936
2016-05-19,-0.004662004662004726,0.004324658274770243,0.0023616734143050433,-0.0004378283712784814,-0.002732240437158584,-0.01117725671242864,-0.00034710170079821356
2016-05-20,0.0068456134029903914,0.0007689350249904248,0.0006731740154830579,-0.0005256241787122695,0.004109589041095818,0.007986239095712167,0.0024305555555554914
2016-05-23,-0.002325997495079668,0.002228198232808287,0.0,0.0005259006047857451,-0.00545702592087316,0.00012189176011689895,-0.0013855213023901136
2016-05-24,0.013271162123386082,-0.0044464888071142905,-0.0016818028927010342,-0.0009636443276390683,0.0,0.012431444241316258,0.0024280263614291364
2016-05-25,0.008318584070796442,-0.0037732943169568323,0.001768867924528461,0.0007891967730619953,0.011659807956104329,0.0,0.0024221453287196493
2016-05-26,0.0019308407934000016,0.005178944113782169,0.002858824518624292,0.0028914395864365616,-0.0006779661016949046,0.0019260864331287486,0.0006903693476010275
2016-05-27,0.0010511562718991119,-0.0014610888957243828,-0.0007545904250858548,-0.0013105014852349273,0.004070556309362372,0.005406704313348554,-0.0006898930665746317
2016-05-31,-0.0024501225061253074,0.0023873700423566735,0.0017620406108407316,-0.001487183973405637,-0.0060810810810810745,-0.00011950286806894361,-0.00034518467380040274
2016-06-01,0.00140350877192974,0.0019975414874000563,-0.0020939777200770227,-0.0018398458033992426,0.010197144799455993,0.0008366200549778657,0.0006906077348065587
2016-06-02,0.0017519271198318531,0.007207483514798607,0.0020144367970453825,0.003423154568594544,0.0020188425302827273,0.005134941485550604,0.001035196687370732
2016-06-03,0.0027981811822315183,0.014235688185139983,0.008041547997989618,0.006473058082575367,0.00671591672263272,0.004039443982416513,0.0027576697690450125
2016-06-06,0.006103941402162416,-0.007430758838099405,-0.0024098387900948204,0.0011298452981052254,0.01200800533689117,-0.007691397467755379,-0.00048470264695765763
2016-06-07,0.003986826139712241,0.002419842710223774,0.0014993752603083,0.0026912058338397493,0.009887936717205115,0.006081564512282478,0.001172792587675664
2016-06-08,0.003798342541436517,0.005356065178032665,0.00332695666638938,0.002337662337662305,0.016971279373368064,0.006400379281735091,0.0006870491240122956
2016-06-09,-0.007223942208462342,0.006453065205972663,0.0014092680096162713,0.0003455126544009701,-0.0019255455712451353,0.0022376634083145497,0.001029866117404854
2016-06-10,-0.01749826749826744,0.004846044881831046,0.0011589403973510937,0.0,-0.01221864951768492,-0.004700352526439411,-0.002750342935528116
2016-06-13,-0.010580144595309537,0.004451699065143089,-0.0014883413262773981,-0.0012952249373975322,0.0,0.000236127508854711,6.877626393508862e-06
2016-06-14,-0.006772411334877937,-0.0007386615452799061,-0.002235839682014018,-0.0025073491267507686,-0.00651041666666663,-0.002596789423984891,-0.003782668500687758
2016-06-15,0.003050421675937498,0.003843879361324687,0.0037347497717652445,0.004680592875097478,-0.005242463958060273,0.00946745562130169,0.0024162927166033743
2016-06-16,0.0007155635062612298,0.004860088365242987,0.0014883413262776202,-0.0019842981623672262,-0.017127799736495364,0.005627198124267263,0.002410468319559156
2016-06-17,0.002681444404719402,-0.006228931555034345,-0.002972258916776771,-0.0025069156293223704,0.023458445040214437,-0.0016320820704126549,-0.0037787701820679587
2016-06-20,0.014084507042253502,-0.010692426812182076,-0.0012421331566744298,-0.0028598665395614953,0.00916830386378531,0.0014012143858010973,0.0013793103448276334
2016-06-21,0.004746835443038,-0.004621347644603535,-0.0009120305115661864,-0.003041891187206769,-0.0077871512005192045,-0.005130597014925464,0.0
2016-06-22,-0.013998250218722585,0.0016474464579900872,0.0018257261410787873,0.0027024670909250315,-0.005886200130804431,-0.0015236755743084363,0.0003443526170798794
2016-06-23,0.018456078083407323,-0.011438397129186595,-0.0009940357852883386,0.0003477656059815981,0.007894736842105399,0.0050475407911727554,0.002753872633390664
2016-06-24,-0.05384213277574501,0.026847160251077806,0.00472636815920402,0.006257604727968102,-0.020234986945169786,-0.008759635599159044,-0.008238928939237833
2016-06-27,-0.01860036832412515,0.024966858152894345,0.004208962614508538,0.002936603903955781,-0.0019986675549633626,0.0005891363261458782,-0.0006922810661128542
2016-06-28,0.02176768624507419,0.0020837824243731262,0.005506245890861239,0.003444712366517333,0.01602136181575431,0.02107866227037203,0.002771042604780005
2016-06-29,0.01891643709825508,-0.007672450881973436,-0.0003269309358396866,-0.0006007552351526835,0.014454664914586024,0.012109329950409586,0.0031088082901553626
2016-06-30,0.013518385003604916,0.0036852373726425913,0.003474777205461521,0.0018892228424216562,-0.0058290155440414715,0.010369188696444764,0.004132231404958775
2016-07-01,0.002134092121643283,0.012023038156947274,0.0025665050719028137,0.00334276163538183,0.01237785016286641,0.0003383331453705729,0.0017146776406036235
2016-07-05,-0.012422360248447228,0.012520452443622432,0.003413246647704149,0.0016230992653341048,-0.028314028314028294,0.01104847801578357,-0.000684697021567926
2016-07-06,0.0016172506738545422,0.0016159629031125,0.0017818093463999318,0.002388059701492473,0.003973509933774766,-0.0043487957181088666,0.0006851661527920161
2016-07-07,-0.0023322569070686194,-7.01459034792018e-05,0.00016169455897796503,-0.0020420318216625155,-0.02836411609498679,-0.010303505431739302,-0.000342348510784074
2016-07-08,0.015285020679733918,0.007365836548579363,0.005577560423571271,0.002216727768778126,0.010183299389002087,0.01618196220436796,0.00205479452054802
2016-07-11,0.008678710591569327,-0.008774373259052837,-0.0025723472668810476,-0.004849000425350858,-0.0040322580645161255,0.006681514476614803,0.002050580997949414
2016-07-12,0.009657594381035972,-0.016439511029928355,-0.005641521598968469,-0.0033339032313215444,0.018893387314439902,-0.00011061946902657382,-0.0010231923601637938
2016-07-13,-0.0003478260869566041,0.011785714285714288,0.003890419841141135,0.0021442662320954042,-0.012582781456953573,0.0055315853523620895,0.0005804028678730866
2016-07-14,0.006089074460682076,-0.014542887398517501,-0.0024220894558372175,-0.002567613830879778,0.004024144869215318,-0.008911871493013535,-0.0002388507865014322
2016-07-15,-0.002075047553173004,-0.008596604341285285,-0.003803820006474612,-0.0011154968251244624,-0.002672010688042792,0.00033303730017752997,-0.010238907849829393
2016-07-18,0.0031190434933288103,-0.0009393742322422183,0.0,-0.0006872261833176241,-0.0046885465505693835,0.002663411386083725,0.007241379310344964
2016-07-19,-0.004664017965106293,0.005641544915376828,0.0017873100983021306,8.59623484914529e-05,-0.00605652759084796,0.004869950193691297,0.000684697021567926
2016-07-20,0.005727178063172689,-0.005466052934407273,-0.0003243856945909229,-0.0018050541516245744,-0.00677048070413,0.00011014428901856554,0.0013684570646594896
2016-07-21,-0.0029335634167385605,0.0020248770610356015,0.0011357183418512218,0.0004305519676226499,-0.005453306066803054,0.0019823788546255994,-0.0010249402118209794
2016-07-22,0.0031152647975076775,0.0017321016166282899,-0.0005672149744753163,-0.0008607333448098498,-0.0020562028786840214,0.008793141349747069,0.0010259917920656392
2016-07-25,-0.0025879917184264967,-0.0007204610951010437,-0.0005675368898978572,-0.002153687112336322,-0.01098901098901095,-0.001852255393331892,-0.0013665869490946392
2016-07-26,0.0017298045320877087,0.0015861571737563196,-0.0009734728644438251,0.001726668393335018,-0.004166666666666652,-0.004912127496998209,0.0006842285323298558
2016-07-27,0.0013814539803143067,0.01245321048085235,0.004141291108404221,0.0038783073343100494,-0.009762900976290179,-0.0077885037297059645,0.0027350427350427697
2016-07-28,0.0005173305742369738,-0.00184856025595459,-0.0009704027171275609,0.0013736263736263687,-0.0028169014084505895,0.009286898839137692,-0.00034094783498117565
2016-07-29,0.0056876938986556436,0.008333926917871715,0.003642544924720603,0.0022290809327847327,0.008474576271186418,0.012706758681126029,0.0023874488403821115
2016-08-01,-0.003256212510711287,-0.012644814919468672,-0.008226469876602915,-0.009837467921300358,-0.017507002801120497,0.0021633315305571443,-0.0023817625042531487
2016-08-02,-0.0061898211829436445,-0.010302640051513157,-0.0056111246645522694,-0.0049244060475160945,-0.0014255167498218313,-0.015974096060442533,-0.0027285129604366354
2016-08-03,0.0010380622837371511,0.000578327188606842,0.0013084723585214952,0.0028650807431844783,0.016416845110635236,-0.005813315783700812,-0.0020519835841312783
2016-08-04,0.003629450397511169,0.0075139079546275855,0.00424697811172825,0.004155484373647322,0.004213483146067398,-0.004082082965578215,0.002398903358464821
2016-08-05,0.006371620458067717,-0.010397992111867982,-0.004066363044892607,-0.002414001207000638,0.00419580419580412,0.000664672648720499,-0.0023931623931624513
2016-08-08,0.0015400410677619547,0.00188405797101443,0.0006532745386249594,0.0006913836314925703,0.0055710306406684396,0.0017712830731761997,0.0006854009595613775
2016-08-09,0.0056381342901075104,0.009836539852452031,0.005875632446548096,0.002418170826496091,-0.0027700831024930483,0.005414962979334748,0.002705479452054904
2016-08-10,-0.0005096839959225496,0.0038676407391491363,0.0028395262047704595,0.00025846471956580963,-0.011805555555555514,-0.0010991426687184669,0.0017418627685370502
2016-08-11,0.006629270780214247,-0.008918378995433796,-0.0033168837472695722,-0.0026701119724374944,0.015460295151089154,-0.011333626760563376,-0.001022843504943638
2016-08-12,-0.0016886187098953398,0.008422719746598695,0.00454545454545463,0.0025908973141031133,0.007612456747404961,0.00422927100723447,0.0020477815699657675
2016-08-15,0.004228687415426258,-0.009423186750428525,-0.003070458952811994,-0.0025842019123093474,0.016483516483516425,-0.0009974509586612168,0.0
2016-08-16,-0.00421088091628774,-0.0026664744883252434,-0.001783109093856372,-0.0013818119008550678,0.008108108108108025,-0.011981362325271805,-0.0023841961852860694
2016-08-17,0.0010148849797022574,0.005997543175084941,0.0027606365703150004,0.0030268961342212464,0.004021447721179738,0.004042218728946834,0.0017070672584500457
2016-08-18,0.003548496113551902,0.0015802327251832615,0.0024291497975708065,0.0017244352474565794,0.012683578104138782,-0.003690449563855891,0.00034083162917530885
2016-08-19,-0.0037043273278329902,-0.005235226620768696,-0.002988691437802782,-0.0016353933551386257,-0.0032959789057350752,-0.006398024469637553,-0.002044293015332266
2016-08-22,-0.0011830319418624224,0.008434864104967188,0.0034027383942314415,0.002069143891714864,-0.00925925925925919,0.005422503389064692,0.0017070672584500457
2016-08-23,0.0020304568527917954,0.001072347726622791,0.0011303996770286595,0.0013765809171470966,0.004005340453938411,0.0005617977528089568,0.001704158145875878
2016-08-24,-0.0037149611617696143,-0.002356637863315081,-0.0006452133236550806,-0.0015465246155168533,-0.01196808510638292,-0.004379562043795637,-0.0004083021435862255
2016-08-25,-0.0022033898305084954,-0.003793843951324316,-0.000968444838995941,-0.0005163066861715304,0.004037685060565233,0.004511617414843183,-0.0019742664578936697
2016-08-26,-0.004076779344317938,-0.005820219874972832,-0.003150496809112169,-0.0038743004735256603,-0.0033512064343164116,-0.009880979115203137,-0.0013642564802182067
2016-08-29,0.0044345898004434225,0.013370916449841008,0.005672609400324102,0.003630077787381225,-0.004034969737726879,0.009866182807892754,0.002049180327868827
2016-08-30,-0.0018678892851078377,-0.0038513658084303737,-0.0012892828364222675,-0.0008611780916294443,-0.009453072248480798,-0.0019090398652442664,-0.0010224948875255935
2016-08-31,-0.003912895542701689,0.001431946731581757,-0.0004034210101662161,0.00017238407171182857,-0.019086571233810412,0.0010126012601261447,0.0
2016-09-01,0.003586678052946324,-0.0007149495960534491,-0.002582936475906128,-0.0027576697690452345,-0.011118832522585165,-0.00247274362144545,0.0017059024223815555
2016-09-02,0.007828454731109602,-0.008156256707448017,-0.0017803674030913985,-0.0011234013135152932,0.011243851018974071,0.008676056338028149,-0.00034059945504083533
2016-09-06,0.006923336710570771,0.007285580321719554,0.0034860154033238278,0.004758197075871662,0.006949270326615631,0.007707774798927591,0.002385008517887588
2016-09-07,-0.00016770082173411804,-0.000716127184187898,-0.001373404427209568,0.0012915446874461889,0.008971704623878418,0.005986032590622026,-0.0003399048266485849
2016-09-08,-0.0026836632002683602,-0.01254120682241655,-0.007038265512498976,-0.0035256685871528637,0.017783857729138264,-0.012231404958677694,-0.0027201632097926254
2016-09-09,-0.02320887991927345,-0.016474345017780556,-0.0074955189832165425,-0.006903693476009609,-0.01545698924731187,-0.03960285586791612,-0.0064780088646436695
2016-09-12,0.011191460055096414,0.0005165289256197081,8.208832704004188e-05,0.0003475842891902392,0.0,0.01184806597746535,0.0034317089910775866
2016-09-13,-0.017708155967989136,-0.011357769747031399,-0.0032832635639825636,-0.004430159833217595,-0.012969283276450527,-0.03179887498565026,-0.003761969904240714
2016-09-14,-0.0008667013347199992,0.0014919806042521522,0.0006588157786378002,0.0015705435825845715,-0.007607192254495243,0.0032013279582641108,0.000686577411603162
2016-09-15,0.010582928521859714,-0.004320297951582952,0.0006583820261707451,-0.00026134680721323633,0.004878048780487809,0.003782058858291082,0.0010291595197255976
2016-09-16,-0.00721030042918458,0.008079599012493555,0.0011514104778354017,0.0016556291390728006,0.001386962552011095,0.0004709760979628719,-0.001370801919122644
2016-09-19,0.002593809441466366,-0.0032653061224489077,-0.0003285960732769544,-0.0012179208351457138,-0.0006925207756232066,0.009062021890078764,0.0006863417982154729
2016-09-20,0.003621938599517094,0.0034993671357308465,0.0013148163365930277,-0.00017420085358410553,0.0034650034650034467,-0.0015162118031256666,0.0
2016-09-21,0.015810276679842028,0.008087253301676922,0.005088223225276911,0.004704242529836922,0.012430939226519389,0.012848966242261284,0.002057613168724215
2016-09-22,0.007274572830316295,0.00794877456392129,0.004082632481424042,0.0049423393739704835,0.005457025920873049,0.017875677545842628,0.004791238877481119
2016-09-23,-0.006886126973463136,-0.0009492515516611455,-0.0007318858258111849,0.0027610008628127236,-0.011533242876526462,0.00305914343983682,-0.0013623978201634523
2016-09-26,-0.008963301200744178,0.0063587194854553,0.0015462239583332593,0.0004302185510238754,0.006863417982155173,0.0023720772619451047,-0.0006821282401091588
2016-09-27,0.005631399317406194,0.0073353184690245765,0.0024376371170879985,0.0008600670852327852,-0.009543285616905317,-0.010592742844264147,0.0017064846416381396
2016-09-28,0.00644832852536914,-0.0021629416005766178,0.0006484558644728189,0.001203059207699475,0.0233998623537508,0.008200455580865684,-0.00034071550255543315
2016-09-29,-0.010453549148541685,0.0025289017341039166,-0.0004050222762251865,-0.0001716590850571187,0.0060524546065905405,-0.01333032083145047,-0.002044989775051076
2016-09-30,0.006985857897427117,-0.008936936936936979,-0.0017828200972447306,0.0,0.0033422459893046597,-0.006869704602702198,0.000683060109289535
2016-10-03,-0.0020304568527919065,-0.005090538869900296,-0.0054391946744601904,-0.0009442870632672129,0.008660892738174608,-0.0186765044961954,-0.0006825938566552558
2016-10-04,-0.004069175991861518,-0.011695051531320777,-0.004652681413762183,-0.0048977487540814435,-0.0026420079260238705,-0.013627819548872266,-0.0017076502732240595
2016-10-05,0.005958461014640815,-0.004659418682050109,-0.0010660980810234255,-0.0016406182540367187,0.00596026490066226,-0.020247737017627276,-0.0006842285323297448
2016-10-06,-0.0015231003553901612,-0.005572893446277316,8.209506608647388e-05,0.0005189413596264902,0.0019749835418039208,0.0003646973012398913,-0.001369394043135852
2016-10-07,-0.004067796610169538,0.0006724949562877391,0.0023805614841569955,-0.0002593360995850613,-0.0026281208935611255,-0.0017013002794993293,-0.0017175179979430633
2016-10-10,0.004765146358066685,-0.005899044205495807,0.0,-0.0013834846519672483,0.011198945981554687,0.006208155812537974,0.0017204729411846031
2016-10-11,-0.01388888888888884,-0.002253436490648131,-0.0031119482433871193,-0.0007792882500649023,-0.005863192182410382,-0.009678199854826985,-0.00644497771683239
2016-10-12,0.0,0.0009786945720093865,0.0013143842931075955,-0.00034662045060662727,-0.007208387942332806,0.011483019789885196,0.00027603340004134225
2016-10-13,-0.004294057025077347,0.0037605294825511226,0.0024612355402411357,0.0015603328710125375,0.0066006600660066805,0.007850241545893866,-0.0013797861331493744
2016-10-14,0.0006900120752113548,-0.014011688895549268,-0.00466486619199602,-0.0009520512376666179,0.0006557377049181135,-0.0044337926902336955,-0.000690846286701241
2016-10-17,-0.0029305292191000865,0.0063834637890416435,0.0032889327413254676,0.004504894741401699,0.001310615989515096,0.0021665864227251586,-0.0006913238852401804
2016-10-18,0.008817427385892085,0.0032469984142566855,0.002458613342074978,0.0006037084950409888,0.0019633507853404897,0.006365601729521941,0.0031131096506398226
2016-10-19,0.003427592116538092,0.00082793918410351,0.0013080444735122931,0.0013790725736941845,0.00653167864141091,0.002148227712137407,0.00034482758620701937
2016-10-20,-0.001537147736976885,0.0010528690682110042,-0.0003265839320706343,-0.001549320020657663,-0.009085009733938998,-0.002262712873645323,0.00034470872113057105
2016-10-21,-0.0003421142661649279,0.001502516715498281,0.0005717085919634268,0.0011206896551723133,0.003929273084479323,-0.0037001671043208617,-0.000689179875947632
2016-10-24,0.0030800821355236874,-0.0043507613832421965,-0.0028569096400294924,-0.0015499870834408958,0.000652315720808927,0.002276266922247583,0.0017241379310344307
2016-10-25,-0.0015353121801432446,0.002636932117833446,-0.0007367387033399009,0.0015523932729624157,-0.0045632333767927635,-0.001792971551517919,-0.000688468158347666
2016-10-26,-0.0046130189646336195,-0.006762849413886385,-0.004177930695502541,-0.0010333247222938935,-0.006548788474132317,-0.013052329062387735,-0.0027557698932140218
2016-10-27,-0.002059732234809486,-0.010894235133908303,-0.004524514642974653,-0.004309973278165624,0.005932762030322891,-0.026207231254549823,-0.001381692573402371
2016-10-28,-0.0032679738562091387,-0.0022181428789966873,-0.001156929179406685,0.0011254436845293814,-0.006553079947575369,0.0023673062546722967,-0.0010377032168800149
2016-10-31,0.0003451251078514517,0.006132617861249523,0.0009100686688177095,0.0019024558976132866,-0.01319261213720313,0.016283405842137944,0.0006925207756232066
2016-11-01,-0.00621010867690186,-0.0018285714285715127,-0.003884939659447806,8.631106507861475e-05,0.004679144385026701,-0.021771037181996133,-0.0031107266435985714
2016-11-02,-0.007290400972053468,0.00435081291504491,0.0014936519790889058,0.0004315180806075958,-0.0119760479041916,-0.01462865716429107,-0.0017389734849929672
2016-11-03,-0.0027976919041790005,-0.0076759385924913826,-0.00198856574695494,-0.0028467908902691796,-0.0033670033670032407,-0.007740134500697882,-0.002433936022253169
2016-11-04,-0.005085042959845687,0.008960710729876809,0.002988792029887888,0.0025953802232026035,-0.006756756756756799,0.007928388746802906,-0.0013942140118509139
2016-11-07,0.020444131124427223,-0.008501594048884176,-0.000662196838010054,-0.0005177323323841687,0.004081632653061273,0.017508246637909286,0.003141361256544517
2016-11-08,0.005526770293609706,-0.0040575715816872915,-0.002236395262155355,-0.001726668393335129,-0.0013550135501354532,0.0052369077306733125,-0.0003479471120388933
2016-11-09,0.003091721058055663,-0.04243216234914293,-0.014693674248713262,-0.007437516215515028,0.004748982360922582,-0.01513272140907962,-0.002784545770971203
2016-11-10,-0.002739726027397249,-0.014770811591875987,-0.0008425309630127886,-0.0017426156661148884,-0.008102633355840716,-0.016750629722922072,-0.0013961605584641434
2016-11-11,-0.005494505494505475,-0.0056220972867269126,-0.0043005312420946185,-0.002793052282447306,-0.019060585432266852,0.006020238247726573,-0.0010485844110451614
2016-11-14,-0.002762430939226568,-0.00598164536217638,-0.005165989159891637,-0.007702407002188161,-0.002081887578070707,0.023682200152788324,-0.002799160251924393
2016-11-15,0.00865650969529086,0.0049460061000741185,0.0030646122414232924,0.0006174472964628475,0.022253129346314182,-0.008333333333333304,0.00210526315789461
2016-11-16,-0.004119464469618861,0.009023049790829463,0.0014427565136212461,0.0021156558533146352,-0.01224489795918371,-0.0028847359839458964,-0.0010504201680671121
2016-11-17,0.004825922095828883,-0.01471425087391276,-0.006355932203389814,-0.0016713581984518777,0.0020661157024794985,-0.010188679245282994,0.001051524710830698
2016-11-18,-0.004802744425385863,-0.0028877887788779644,-0.005628997867803798,-0.001497929332980874,0.008247422680412342,0.0029228618630068315,-0.0028011204481792618
2016-11-21,0.007755946225439514,0.0024824162184526877,0.0010292477914057852,0.002382633250970878,0.027948193592365334,-0.003041054232133744,0.000351123595505598
2016-11-22,0.004104669061056887,-0.00033016921172102087,0.0025704738240082126,0.000880359186548052,-0.0013262599469495706,0.017539400101677538,0.0010530010530009903
2016-11-23,-0.0023846022824050017,-0.003880769548344487,-0.0036748995812324603,-0.0033424223766381767,0.003984063745019917,-0.004246814888833383,-0.0003506311360448322
2016-11-25,0.0037561891753457033,0.0014920424403181975,8.577800651909939e-05,-0.0016768158150207713,-0.007275132275132212,0.005770195684897228,0.00017537706068049275
2016-11-28,-0.003742133015819049,0.0073663300778017415,0.00454584441204231,0.0015028288543139645,0.0033311125916055673,0.004614617111498909,-0.0008767315448010571
2016-11-29,0.0025610380740992422,0.004190288390436336,0.001366120218579292,0.0009709594845088709,-0.019920318725099695,0.009559279950341448,0.0021060021060022027
2016-11-30,-0.0025544959128065425,-0.016200294550810068,-0.003751705320600207,0.0005291005291003792,0.030487804878048808,-0.01143630103295612,-0.0014010507880910517
2016-12-01,-0.004780604404985511,-0.01255821689953418,-0.008301951386511464,-0.005023796932839719,0.018408941485864583,-0.014678442592362284,-0.0032970887407927085
2016-12-02,0.001715560130382654,0.00732754990314155,0.004574091654440338,0.0005314908317832767,0.007101355713363455,0.00997348819593502,0.001196509009008917
2016-12-05,0.006850488097276841,-0.0010869565217390686,0.0021477663230240474,0.0014165559982293185,0.00512820512820511,0.0073750000000001315,0.002108963093145899
2016-12-06,0.005443102568464031,-0.0007533271951117859,-8.572653236182948e-05,0.0019450092829988996,-0.004464285714285698,0.006452413450800387,0.0007015082427217489
2016-12-07,0.013703265098968131,0.008544144747864024,0.0042009602194788,0.0008823788934968491,-0.0076873798846892605,0.019972876340771828,0.003505082369435586
2016-12-08,0.0018357810413884845,-0.011794019933554778,-0.004098010757278114,-0.000969761086132559,0.0019367333763717909,0.006889882751117904,0.0010478519035976852
2016-12-09,0.0046643344994170555,-0.01243906538914108,-0.00385769395627944,-0.004588775150017654,0.005154639175257714,-0.001080432172869239,0.0
2016-12-12,-0.003150389653457264,0.0018723404255318599,-0.0009466437177280129,-0.00017730496453893796,0.0064102564102563875,0.0066097824780677605,-0.0034891835310537633
2016-12-13,0.007984031936127733,0.0035677879714577365,0.002239641657334701,-0.0003546728143288824,0.002547770700636942,-0.00047755491881573686,0.003501400560224077
2016-12-14,-0.012046204620462131,-0.011173184357541999,-0.006360120326600716,-0.007894270001774006,-0.009529860228716713,-0.021858576206402303,-0.004187020237264472
2016-12-15,0.0015032570569568637,0.005050505050504972,0.0006919816624859632,-0.006258381761287346,-0.0012828736369466798,-0.005861521553303217,0.0
2016-12-16,-0.002001334222815121,-0.002299633762030462,-0.0007779410493560235,-0.0005398110661268829,0.004495825305073975,0.014985873971256503,0.0003503854239663706
2016-12-19,0.0011697860962565088,0.010756359911217483,0.004844290657439521,0.0041407867494822614,-0.005754475703324768,0.010770906450441764,0.0024518388791594514
2016-12-20,0.0035052578868302042,-0.004983108108108092,-0.0006026170798897335,0.0009861048857013888,0.004501607717041667,0.0022749042145593368,0.0013976240391333494
2016-12-21,-0.011643379906852935,0.004413886766827968,0.003187182358514784,0.0025076123947698203,-0.005761843790012766,-0.015171425158284513,0.0010467550593160624
2016-12-22,-0.0016829350387075337,-0.00439448998563341,-0.002661858148720442,0.003126675004466728,-0.0012878300064391723,-0.022197962154294038,-0.0006971070059254014
2016-12-23,0.0006743088334457692,0.002037178507766635,0.001549720189410131,0.0011577166265919203,0.0019342359767891004,0.002605135839225836,0.0013951866062085205
2016-12-27,0.0013477088948787852,-0.003218975010588654,-0.0018052093183185125,-0.0004447607187333391,0.015444015444015413,0.002103439742638047,0.0
2016-12-28,-0.004878869448183054,0.007308574827908476,0.003703065794006033,0.0025807599893208355,0.0006337135614702394,-0.006050129645635227,-0.002438174851967956
2016-12-29,0.0018596787827556138,0.003543406732472887,0.0038610038610038533,0.001242677081484178,0.001266624445851905,0.012422360248447228,0.0010474860335196734
2016-12-30,-0.0015187310158621958,0.0015132408575031508,0.0015384615384614886,0.003280141843971629,0.00189753320683117,0.012638036809816011,0.0
2017-01-03,0.007774209903667506,0.004281037522034792,0.0008533879501619879,0.0009719890430326394,-0.011994949494949503,0.0032715376226826187,0.0003487966515520746
2017-01-04,0.008552741908435246,0.0038448679371447803,0.003410641200545683,0.002206920903954801,0.007667731629392938,0.01461352657004844,0.003138075313807498
2017-01-05,0.003824409710674992,0.015653621981682075,0.005353501019714546,0.0034352153615784253,0.005072923272035457,0.003213903106773053,0.0013903371567605127
2017-01-06,0.000165645188007435,-0.0091818330873914,-0.00524046995182148,-0.004125702247190999,-0.0012618296529968154,0.00011865211200756676,-0.0013884068031932983
2017-01-09,-0.002318648559125558,0.008025814992553393,0.0019542866853599072,0.001586602027324746,-0.01516108654453574,-0.009016490686914236,0.0013903371567605127
2017-01-10,0.0,-0.0006566527127964683,-0.0005936227951154338,0.0007920443544839895,-0.004490057729313657,-0.00849994014126676,-0.00034710170079821356
2017-01-11,0.0054780876494022746,0.00336755646817255,0.0015273652948664118,0.0031656700668307725,0.010953608247422641,-0.006157932866457272,0.0010416666666666075
2017-01-12,-0.0004952947003467045,-0.0022102161100195916,-8.472422265526358e-05,0.0008765778401123026,0.014659018483110353,0.005102660673065307,-0.0013874436351023478
2017-01-13,0.0026428807400067367,-0.004758388711132988,-0.0020335536349770367,-0.0017516202487301014,-0.0018844221105527303,-0.0014505016318143715,0.0010420284821119896
2017-01-17,-0.003130148270181321,0.010469046245157099,0.004330106979113735,0.0031584488506755104,-0.0006293266205160686,0.007747246096114324,-0.001387925052047212
2017-01-18,-0.0016526194017517648,-0.012807962147169172,-0.0065939639868121125,-0.004897673605037678,-0.008816120906801062,0.0016816816816815905,-0.001389854065323215
2017-01-19,-0.002814103625227493,-0.00685893727791087,-0.003403965619947269,-0.0007910001757778229,-0.0031766200762389785,-0.010193068713274855,-0.0021781489213639205
2017-01-20,0.004150066401062524,-0.001997004493260235,0.001793185893604221,0.00017591696719154726,0.011472275334607929,0.0072692028107583795,0.0018341969634625421
2017-01-23,0.00016531658125296111,0.010005002501250582,0.0046027957722469814,0.004045378594670801,0.0,0.008419533317296057,0.00034806822137123383
2017-01-24,0.005454545454545379,-0.006851576688129413,-0.0029696249787883877,-0.0016641849872995884,0.002520478890989386,0.00023854961832059374,0.0
2017-01-25,0.00986355416735174,-0.012550910148782402,-0.0038294613224406637,-0.0032461835409721695,-0.006285355122564451,-0.0065585499642261125,0.0020876826722338038
2017-01-26,-0.0019534429431873335,0.0033670033670034627,0.0011959678797197615,0.0014963471525393235,0.0044275774826059155,-0.001920537750570106,-0.000694444444444442
2017-01-27,-0.001957266351329423,0.0036073825503355472,0.0011945392491468088,0.0016698892599753545,-0.00818639798488674,-0.009741431148526769,0.0006949270326614965
2017-01-30,-0.006373590455956868,-0.003009278609044541,-0.0017044486108743762,-0.0002632271650434559,-0.005714285714285672,-0.0068010687393733615,-0.0024305555555556024
2017-01-31,0.0014802631578947345,0.006959000586903574,0.0017927266518695806,0.0021063717746183652,0.005747126436781658,0.0072144778674492205,0.0
2017-02-01,0.0004926917392018559,-0.008326394671107407,-0.003919897741798017,-0.0021019442984762104,0.0107936507936508,-0.012018938934078016,0.0010442046641141456
2017-02-02,0.0013131976362441566,-0.0004198152812762146,0.0002566515527417934,8.77654906090708e-05,0.0,0.01191939051363966,0.0
2017-02-03,0.0057377049180327155,-0.0004199916001679238,0.001111871365035988,-0.0010530934620448518,-0.0006281407035175768,0.005464480874316946,0.00173852573018074
2017-02-06,-0.0037489812550938195,0.006050420168067117,0.0031610422896197754,0.002459808486339199,-0.006285355122564451,-0.0016908212560386993,0.0
2017-02-07,-0.0008180628272250745,0.007350484463748641,0.001703287344575033,-0.00043817369205145784,-0.0044275774826059155,-0.0035083474473747156,0.002429711905588272
2017-02-08,0.0026199443261829547,0.013598673300165842,0.00348580173439883,0.002367175170962632,0.003811944091486774,0.007891222532475206,0.0003462603878117143
2017-02-09,0.004082965866405441,-0.011534685863874294,-0.003982038464797055,-0.0019242543514388366,0.005063291139240533,0.0024090580582991628,0.0013845621322257085
2017-02-10,0.004066363044892718,-0.0005793263262434678,-0.0002551888397414048,0.0007887126456926907,0.010705289672544138,0.007089641913001765,-0.0013826477704804718
2017-02-13,0.004697877855175836,-0.0031467373302418444,-0.00042542329617967223,-0.0015761821366024886,-0.011214953271028172,0.00035795251163350805,0.0006922810661127432
2017-02-14,0.0020960980328925682,-0.0072271141385611415,-0.0023833844058562814,-0.0023680056130502836,0.001260239445494804,-0.005248091603053395,0.0010377032168800149
2017-02-15,0.00482703137570395,-0.004602125345159469,-0.0007679180887372183,0.0013186813186814028,0.0012586532410321372,-0.003357314148681123,-0.00034554250172780243
2017-02-16,0.00016012810248189346,0.005464021519838713,0.0028178635470925695,0.0,-0.006285355122564451,0.005895091434071187,0.0013826477704803608
2017-02-17,-0.0006404098623118415,0.0059359585318952135,0.0025544959128065425,0.0022827041264266157,-0.00189753320683117,0.0019136466929792206,0.0010355540214015413
2017-02-21,0.0043255366869592304,-0.0017453457446807707,0.0004246645150332018,-8.759635599153714e-05,-0.0012674271229403677,0.012773069117822722,0.0024137931034482474
2017-02-22,0.0003190301483491087,0.001665140288069189,0.000764071652941567,0.0018396846254926658,-0.005076142131979711,-0.0033003300330033403,0.0010319917440659854
2017-02-23,0.0004783926008611328,0.002992269969246175,0.002544960977265198,0.0023609653725078505,0.0031887755102040227,0.0052034058656575954,-0.0006872852233678062
2017-02-24,-0.0025502072043354085,0.011104665616971987,0.005077001184633501,0.0028788275320597023,-0.00190718372536558,0.004705882352941337,0.0013755158184320937
2017-02-27,0.0007989773090444352,-0.005901155642980105,-0.0023572992086210443,-0.0026965901183019225,-0.002547770700636942,0.005269320843091174,-0.0003434065934065922
2017-02-28,-0.0033530257065303992,0.003710116250309037,0.0006751054852320859,0.0,0.003831417624521105,-0.00687245195107733,-0.0006423909309515308
2017-03-01,0.012335789810957953,-0.018646295383604405,-0.008601787822567042,-0.006018316615787334,0.004452926208651231,-0.00304949566033319,0.0016740400050874182
2017-03-02,-0.006330115524608271,-0.0035992299322005206,-0.00153113303844854,-0.003159003159003193,-0.01583280557314759,-0.005411764705882227,-0.00308853809196985
2017-03-03,0.0023889154323937234,0.0026041666666665186,0.0010223206679162988,0.002288732394366333,0.005148005148005064,-0.003903477643719122,0.000688468158347666
2017-03-06,-0.0028598665395614953,-0.004775869291998247,-0.0017872340425530986,-0.0010539258738802015,-0.001280409731113874,-0.004512528203301169,-0.0020639834881320818
2017-03-07,-0.002390057361376652,-0.0030308132682269617,-0.004945008099582315,-0.0017583963425354954,-0.004487179487179471,-0.004771561493498666,-0.0020682523267839814
2017-03-08,-0.0033540967896502627,-0.005404492484377688,-0.0030845685888098995,-0.004315659679408168,-0.022537025112685072,-0.018458588037876145,-0.000690846286701241
2017-03-09,0.0006410256410256387,-0.007980981490915195,-0.00541469703480868,-0.0026536930561698036,-0.008563899868247682,-0.015020148980339543,-0.0010369858278603816
2017-03-10,0.005445227418321652,0.0035090722355357595,0.002506049083995876,0.0018625277161861131,-0.009302325581395432,-0.0030994297049342645,0.0027681660899654403
2017-03-13,0.003822873526600823,-0.00631130063965879,-0.0033617791569692246,-0.00230169971671379,-0.0013413816230717357,0.0024872528292501084,-0.0006901311249136732
2017-03-14,-0.0057124722310378795,0.004806454381597991,0.0008649022660438543,-0.0007098491570540766,-0.004029550033579632,-0.0002481081751642966,-0.002071823204420009
2017-03-15,0.011969358442387446,0.012214914153925172,0.008641548565502921,0.009057005860415579,0.008766014834794333,0.02022583447077797,0.0038062283737025915
2017-03-16,0.002050149818640712,-0.005063291139240422,-0.0014564770390678161,-0.0007039774727208847,-0.0013368983957220415,-0.0019459985405010372,0.0
2017-03-17,-0.00047214353163360645,0.006276505513146624,0.0023166023166023564,0.0022014793941529387,0.0033467202141901353,0.0046307579819644396,0.0006894174422613641
2017-03-20,0.0001574555188159632,0.004298718813216418,0.0024345146379045612,0.0013548897284949568,-0.0005537024683122116,-0.0017091217855410568,0.00034102652428513736
2017-03-21,-0.009603274559194075,0.00830885438522877,0.0023534555490656306,0.000840614859754174,-0.005453319716721028,-0.0035127966162448176,-0.004128802096425854
2017-03-22,0.0019074868860278205,0.003995338771433321,0.002555801669790414,0.0016657899351217864,-0.0006711409395973034,-0.007803926350445023,0.0020746887966804906
2017-03-23,0.0004759638267490818,-0.001409384844967665,-0.0006798096532971698,-0.001137855579868674,-0.002014775016789816,0.007373724960058947,0.0
2017-03-24,0.00031715826197276087,0.0035699460356994894,0.0010204081632654294,0.0028916929547844195,0.003364737550471064,-0.0010979626692693145,0.0006901311249136732
2017-03-27,0.0007926442612555817,0.004549966909331626,0.0021236833163438273,0.0019222367846221111,-0.0013413816230717357,-0.00903761602344888,0.001034482758620836
2017-03-28,0.004435292254078682,-0.006670509758708754,-0.002119182843095757,-0.0033138571553151808,0.006044325050369448,0.0043135321666254445,0.00034447123665160007
2017-03-29,0.0004731114966094463,0.005969159343392372,0.0032279986408425554,0.002624901566191218,0.009345794392523255,0.005644864400540017,0.002410468319559156
2017-03-30,-0.00047288776796972076,-0.008076479314323426,-0.0026248941574935625,-0.0024434941967013124,0.003968253968253954,0.0018303843807199183,-0.0010305736860185544
2017-03-31,-0.0023655574830467874,0.002907942838152211,0.0010187622039221633,0.002974367946811274,0.0019762845849802257,0.005968331303288776,0.0003438789546079679
2017-04-03,-0.00015807777426490865,0.007952945074973128,0.001781019421592811,0.001046663759267208,-0.0039447731755424265,0.002905920813657703,0.001031282227569541
2017-04-04,0.0003162055335967917,-0.005424508917563853,-0.0026244497121571397,-0.001132700182974622,0.00990099009900991,0.0,-0.0008070054945055194
2017-04-05,-0.0026868974237395093,0.0030575985455747468,0.00127323656735423,0.0019190509420794477,0.0019607843137254832,0.0014487504527345152,-0.001254446411080412
2017-04-06,0.0009508716323296529,-0.0014829461196242955,0.0009325194981348872,-0.0005223750652969539,0.002609262883235486,0.0053044002411091196,-0.0013764624913971124
2017-04-07,-0.0009499683343887622,-0.0040429042904290835,-0.002456170068603325,-0.003919860627177751,0.002602472348731455,0.0014390214654036448,-0.001033769813921448
2017-04-10,-0.000316957210776625,0.004639217960400899,0.0018678892851078377,0.0005247048535199639,0.0077871512005189825,0.006226799185726106,0.0017247326664366902
2017-04-11,0.0012682308180087531,0.009482971880926838,0.004661016949152552,0.001922908836640147,0.0019317450096587585,0.0069022967987624195,-0.0015495867768594573
2017-04-12,-0.0023749208359721274,0.005472961934324561,0.0032897511598481977,0.0037511995114718477,0.0,-0.0017728400898239238,0.00017244352474565794
2017-04-13,-0.006665608633550146,0.003087171987976145,0.001681520094165112,0.0014774900052145767,0.0032133676092545027,-0.0022495856026520933,-0.002068965517241339
2017-04-17,0.00782872663364742,-0.003077670689236256,-0.0019305019305019266,-0.0023431398073419096,-0.005765534913516945,0.012103951584193862,0.0010366275051829632
2017-04-18,-0.0049143944197843625,0.013079860264846754,0.005886805146749774,0.0021746694502435826,-0.003865979381443174,0.002696681908781695,-0.0010355540214013192
2017-04-19,-0.0025489883702406457,-0.0054530874097835635,-0.0030097817908201208,-0.0018227584411074638,-0.017464424320828065,-0.001403180542563054,-0.0010366275051831852
2017-04-20,0.00798594473726233,-0.0038703434929848735,-0.0014255765199161496,-0.0010434782608695903,-0.0039499670836075085,0.00011709601873532982,0.0027672085783465583
2017-04-21,-0.001426081445095817,0.0,0.0,-0.0013927576601671099,-0.009914077990746839,-0.003629551574757084,-0.0006898930665746317
2017-04-24,0.015233259282767309,-0.004937672009065919,-0.0013436345314074005,-0.00026150627615062483,-0.0033377837116155273,-0.011045828437132754,0.005177770107007262
2017-04-25,0.006720850265708123,-0.012039372000325455,-0.003952236797847286,-0.0016566396372831305,0.0046885465505692725,0.004158745247148321,0.0010302197802196655
2017-04-26,-0.0020183201366247294,0.005516673528200844,0.002448290417897736,0.002096069868995576,-0.005333333333333301,-0.007454739084132189,0.0003430531732420139
2017-04-27,0.000311138767890462,-0.0003275466754012468,0.0009263938015833251,0.000871535645807997,-0.00536193029490617,-0.002622794468288059,0.000685871056241405
2017-04-28,-0.0003110419906686701,0.0022116644823066967,0.001177955405973874,0.0014803204458377905,-0.0026954177897573484,-0.010399234998804574,-0.0006854009595613775
2017-05-01,0.002644679527069149,-0.010380057212913685,-0.005798806622405173,-0.005825580384314466,0.002027027027027062,0.005918589201594271,0.000685871056241405
2017-05-02,0.0029480217222652705,0.005120581433762927,0.002958579881656931,0.0,-0.01078894133513153,-0.001681075888568695,0.0010281014393420662
2017-05-03,-0.002939356435643581,0.0006573541495480395,-0.0005056890012642423,-0.0021864614308203523,-0.004089979550102263,-0.013350974260283865,-0.002054091064704
2017-05-04,0.002172226532195509,-0.004926917392018337,-0.0019394552660426667,-0.0037689543342975806,-0.023956194387405816,-0.004876264781177642,-0.0017152658662091813
2017-05-05,0.006657377302987877,0.0009077405512460945,0.00033795201081443516,0.0007918352982581034,0.014025245441795287,0.00943280656621348,0.003092783505154628
2017-05-08,-0.0019993848046754303,-0.0054415038337868316,-0.0017736486486487069,-0.003868131868131841,-0.004149377593360981,-0.0070388349514564075,-0.0017129153819801513
2017-05-09,-0.00030821390044688535,-8.289811821260429e-05,0.00016921905406541704,-0.0008825346394846223,-0.004861111111111094,-0.005377658274260511,-0.0003431708991078475
2017-05-10,0.0023123169415752987,-0.0011606698723263253,0.0013535233905761501,0.0003533256779437721,0.016050244242847178,0.007864340132710756,0.001716443529008016
2017-05-11,-0.0013841894801598364,0.0,0.000506885190504347,0.003002207505518717,0.004120879120879106,-0.00499878078517435,0.00034270047978068874
2017-05-12,0.0012320961034959499,0.007553120849933537,0.005066283880773348,0.0015846465357864936,0.0,-0.004043622105134204,0.0013703323055840322
2017-05-15,0.005537609598523341,-0.0027185105857154834,-8.401243384026369e-05,-0.002636899006768001,0.00547195622435015,0.0029527559055118058,0.0023947998631543843
2017-05-16,0.0018357044515830978,0.0037171650421279345,0.0014283313728784552,0.0007050321670925008,0.0013605442176871652,-0.00674681059862603,-0.0006825938566552558
2017-05-17,-0.015116811726981094,0.014566702329026349,0.006124674888833059,0.005812417437252249,0.006793478260869623,0.004075583549462802,-0.0064890710382513594
2017-05-18,0.0012403100775193465,0.001135626216742347,-0.00016677785190122307,0.0015760441292356209,-0.0026990553306343035,0.005535055350553542,0.0006875214850463607
2017-05-19,0.010374729018271855,0.0023497002106627196,0.0005838198498748781,0.00174840458082004,0.01962110960757779,0.005382262996941778,0.0024046719340433675
2017-05-22,0.003984674329502003,-0.0027483631072668935,-0.0008335417187629313,-0.0015708176978794786,0.006635700066357053,0.003893417690716827,0.0006854009595613775
2017-05-23,0.0004579453518547272,-0.006727729593904552,-0.0030866772336698434,-0.0014858841010401136,-0.0032959789057350752,0.0008483820143012633,0.00068493150684934
2017-05-24,0.0019835215135795004,0.005630814427941777,0.0015899581589957634,0.0006127450980393245,-0.001984126984126977,0.00811334463550506,0.001368925393566034
2017-05-25,0.003045530683721598,0.00032459628337244695,0.0004177458434289072,-0.0015746653836060664,-0.021868787276342005,0.00012012012012019291,0.002050580997949414
2017-05-26,-0.0006072567177775046,0.0017035775127769437,0.0007516285284783208,0.0023657232979936715,0.007452574525745215,-0.007206341580590969,-0.0006821282401091588
2017-05-30,-0.0004557192769254481,0.0049400712666018975,0.002336643578402686,0.0021853146853145766,-0.008069939475453869,-0.006290829905637452,0.0003412969283276279
2017-05-31,-0.001519756838905706,0.0024981867999032126,0.0011655982016485211,0.000261665939816913,-0.010847457627118695,0.0006087168249329089,-0.0006823609689525778
2017-06-01,0.008219178082191636,-0.002009646302250756,-0.0024116424116424895,-0.0027031740495291334,-0.006854009595613442,0.005231780021900612,0.004438374871970074
2017-06-02,0.005585748792270584,0.011840515505436855,0.004668222740913608,0.004022033750109344,-0.004830917874396157,0.010288065843621297,0.00305914343983682
2017-06-05,-0.0010508932592703246,-0.006209202356312726,-0.002821108529704519,-0.002612557693982387,-0.00554785020804438,-0.0043129268000479115,-0.0020332090816672643
2017-06-06,-0.002554854223023817,0.005446972124319105,0.0029122982193376945,0.0011350737797957144,0.0069735006973501434,-0.0048128985681626935,0.00033955857385414845
2017-06-07,0.0006026819346089951,-0.004780114722753304,-0.0012445034431262103,-0.0023547880690737433,-0.013850415512465353,0.007012453149558784,0.0
2017-06-08,0.0007528986598404064,-0.002641690682036457,-0.001744475826549241,-0.0010490427484920462,0.0,-0.0024012486492976937,0.002376103190767198
2017-06-09,-0.0034607282575983556,-0.0015250020065815661,-0.0009985853374386844,-0.0008751203290452425,0.00561797752808979,0.006980382717535205,-0.0016931933626820328
2017-06-12,-0.0018118677336554923,-0.0003215434083602142,0.000249895876718087,-0.0021021284050100064,-0.009078212290502874,0.008963786303334498,-0.0013568521031207537
2017-06-13,0.0055967327181969395,0.00016082341588941063,0.0010826115922717428,0.001667690687264134,0.0042283298097252064,0.00225065150438275,0.0010190217391303769
2017-06-14,-0.0013537906137184308,0.015436565364206567,0.006821395890524995,0.000175254118471857,-0.01754385964912286,0.0014182720718591835,0.00033932813030213005
2017-06-15,-0.005422503389064581,-0.0015835312747426444,-0.0023961001404610993,-0.004906255475731536,0.004285714285714226,0.005074943939572751,-0.002035278154681075
2017-06-16,0.0036347114947750114,0.0019825535289452745,0.0008282259400365088,0.0008804366966015387,0.00426742532005675,-0.002583372475340573,0.00016995241332429245
2017-06-19,0.005885015844273367,-0.001424614166996352,-0.0012413108242304016,-0.0011435608726250157,-0.006373937677053854,0.00011773016246774404,0.004248088360237823
2017-06-20,-0.01875187518751875,0.008956170246492867,0.0022371364653244186,0.0010568031704094594,-0.009978617248752597,-0.002354326074161306,-0.0016920473773266442
2017-06-21,0.0004586454670538753,0.0020424194815396035,0.0004960317460318553,0.0015835312747425334,-0.010799136069114534,-0.0020058997050147465,-0.0010169491525423568
2017-06-22,-0.0001528117359411718,0.002195045468798895,0.0008263097008760489,0.003249890206411976,0.0014556040756914523,0.0009458500827619343,0.002035968781812114
2017-06-23,0.0016811860003056456,-0.00046933667083859376,0.0004953764861295173,0.0007879530730170448,0.0043604651162791885,-0.0060240963855420215,0.0
2017-06-26,0.0024412572474823424,0.0037564564094536568,0.001815481102492189,0.0015746653836059554,0.0021707670043413785,0.007130124777183555,0.002370470707754757
2017-06-27,-0.004261796042618005,-0.0106814283486667,-0.004530477759472906,-0.0047165691326752635,0.011552346570397054,-0.008967551622418912,-0.004729729729729737
2017-06-28,0.007795781106695321,-0.003309953503034091,0.001075713694662861,0.0007898200965335,0.0064239828693790635,0.0023812358614121454,0.0020366598778003286
2017-06-29,-0.009100561201274227,-0.00838143433225269,-0.003058356753182334,-0.003945983865310421,0.004255319148936287,-0.011402779427485354,-0.005758807588075787
2017-06-30,0.002449104546150327,-0.002312415277888502,-0.0008291186468782907,-0.0014085746984769942,0.020480225988700473,0.0,0.002044293015332155
2017-07-03,0.0012215605435943466,-0.005274936061381186,-0.004812878599286363,-0.004408004936965582,0.01038062283737018,0.0127357923825544,0.0006800408024481008
2017-07-05,0.00015250876925421153,0.00024104129840907262,0.0016676394563495123,0.0015053573009828902,-0.015068493150684814,-0.01411792620714214,0.0016989466530750175
2017-07-06,-0.007471790179932825,-0.008273756928267373,-0.002580537750770051,-0.002564102564102444,0.0006954102920722072,-0.01877256317689513,-0.005427408412483015
2017-07-07,0.0038408357658625825,-0.0059938441600517756,-0.0008345852111499852,-0.0031025618296250945,-0.00972897845726206,0.005641402992396349,0.0017053206002728416
2017-07-10,0.0024487297214570436,0.0014667535853976066,0.0016705646508519134,-0.00044460252534228584,0.004210526315789442,-0.009146341463414642,0.0027238678924070836
2017-07-11,0.0015267175572517555,0.0017087062652563212,0.0004169446297530577,0.0032025620496396456,0.009783368273934334,-0.001107692307692365,0.0
2017-07-12,0.00884146341463432,0.006904394443993045,0.004417771109443969,0.0029263101888798992,-0.0048442906574392985,0.012321340561853189,0.005432937181663933
2017-07-13,0.002266545784224805,-0.006292352371732757,-0.0017427385892115899,-0.00035366931918645594,-0.0006954102920724292,0.0015822784810126667,-0.0010131712259372483
2017-07-14,0.00587969244685671,0.001217730150998575,0.002327708038905918,-8.844861135681725e-05,0.011134307585247027,0.009600194434317588,0.0023664638269100813
2017-07-17,-0.0011990407673860837,0.0027568312657098026,0.0009123330845153266,0.0020344980097302123,-0.0034411562284927255,0.008064516129032251,-0.0013490725126474867
2017-07-18,0.0018007202881153983,0.008732918250181854,0.004308916141862795,0.0028248587570620654,0.004143646408839796,-0.002149253731343337,0.0006754474839580915
2017-07-19,0.0055422408627918696,0.00040080160320643543,-0.00033003300330036733,0.0007922535211268844,0.008940852819807388,0.007538590403254775,0.0026999662504219035
2017-07-20,0.0010427528675704956,0.0028846153846153744,0.0009078903928689819,-0.0024628375406807734,-0.0013633265167006803,-0.004631828978622354,-0.0006731740154829469
2017-07-21,-0.001339285714285765,0.004234579737935507,0.002308897501443141,0.0014989859800722538,-0.013651877133105894,-0.0007159050232669051,0.00033681374200056347
2017-07-24,-0.000745045447772319,-0.0038984803882567975,-0.0011517893870834905,0.0,0.0020761245674740803,-0.0019104477611939785,-0.002020202020201922
2017-07-25,0.0020876826722338038,-0.013019169329073543,-0.005930318754633013,-0.0038739214650466147,0.011049723756906049,0.0013159468835985955,0.0010121457489880026
2017-07-26,0.0029761904761904656,0.0016185158209922612,0.003314276244924974,0.0029167403217251753,0.0095628415300546,0.0069295101553166205,0.0023592854735421387
2017-07-27,-0.0019287833827894563,-0.004928496404621452,-0.0024774960772978583,-0.0007050321670926119,0.006089309878213767,0.0011865211200758896,-0.0016812373907194589
2017-07-28,-0.0010405827263266776,0.005927249106852939,0.0026492259292987264,0.002381162359996525,0.005379959650302579,-0.002725764399146624,0.00033681374200056347
2017-07-31,0.0011904761904761862,0.0012107514730810287,0.0,0.0,0.006020066889632192,0.0013071895424836555,-0.0006734006734006037
2017-08-01,0.0032699167657550543,0.004837149306675226,0.0009908347783007532,-0.0010557803976771751,-0.011303191489361653,0.004509850462853127,0.0013477088948787852
2017-08-02,0.0005925925925927,0.0005616174582798727,-0.0015672688278478564,-0.0005284481240092065,0.0020174848688636615,-0.009097353497164451,-0.0013458950201884479
2017-08-03,-0.0020728457210541507,0.010343998075535321,0.001404494382022392,0.0027317589002466836,-0.007382550335570559,-0.0020269464647669766,0.0
2017-08-04,0.0019287833827892342,-0.00849206349206344,-0.003877567857437536,-0.0014060989542139524,0.0020283975659229903,0.003345280764635694,0.0006738544474393926
2017-08-07,0.0008884940026654409,0.0011206275514286101,0.00024846778201093045,0.0011440640675879354,0.002024291497975561,-0.001071683734222506,0.0016835016835017313
2017-08-08,-0.002811066725846967,-0.003597985128328096,-0.004802517181419219,0.0007032348804500987,0.0006734006734006037,-0.004768148766241542,-0.0030252100840335583
2017-08-09,-0.001186943620178238,0.005456588027603848,0.000998419169648157,0.0018446943078003208,0.006729475100942128,-0.0033536950532998544,0.0006743088334457692
2017-08-10,-0.01455733808674975,0.008539505187549867,-0.0003324744410273528,0.002542744410346298,-0.015374331550802145,-0.0072106717942553855,-0.0074123989218328745
2017-08-11,0.00015073861923409204,0.0004747962332831701,0.0018292175937473232,-0.0006122092006297652,0.0033944331296673624,-0.006173586732841074,0.0010183299389001643
2017-08-14,0.008892238131122943,-0.005141184845369073,-0.000663955514980441,-0.003938041480703647,-0.008795669824086527,0.016686967113276552,0.003051881993896277
2017-08-15,-0.001344487600836608,-0.004213706471617118,-0.001162694128394648,-0.002987172728870058,-0.004778156996587013,-0.0029950880555887904,-0.00033806626098709103
2017-08-16,0.00463724756918471,0.0036726546906187263,0.0028269726448824084,0.0017624250969334732,-0.002743484224965731,0.003965392934390799,0.00304362529590807
2017-08-17,-0.01310303752233466,0.0074775276429879245,0.000994942376254082,0.0024630541871919487,0.0027510316368639653,-0.00622381807301009,-0.0026972353337829658
2017-08-18,0.0009052504526252392,-0.00023687327279908743,-0.0006626356332312122,0.00017550017550016506,0.017832647462276974,-0.010116825243887795,-0.0006761325219742931
2017-08-21,0.0009044317154054404,0.002448270415416287,0.0014090343970161179,0.0003509387611861925,-0.01212938005390829,0.01070689864947072,0.0006765899864682456
2017-08-22,0.008132530120481762,-0.003860395493579194,-0.0009932130441978604,-0.0012278547623224556,0.0027285129604364133,-0.002889129649693012,0.0027045300878973944
2017-08-23,-0.0016432626232446568,0.006801645049035132,0.0038111019055508955,0.002722163681067702,0.008843537414966018,0.010261982373536371,-0.0006743088334456582
2017-08-24,-0.0005985335926977919,-0.003692065985860138,-0.0018983162759985683,-0.0025396269375601577,-0.0006743088334456582,-0.0031070745697897584,0.0
2017-08-25,0.0038927983231020757,0.0038634392493888114,0.0023153890680558398,0.0016681299385425952,-0.002024291497975783,0.004795013186286168,0.0003373819163292602
2017-08-28,-0.0008948545861298118,-0.0006283380458687038,0.0,0.0007888509071785066,0.0006761325219744041,-0.007635409210212218,-0.00033726812816181617
2017-08-29,-0.0007463800567248935,0.003222257151839214,0.0007425129939773178,0.0015764582238571023,0.0,-0.0010819908631882758,0.0003373819163292602
2017-08-30,0.002987750224081376,-0.00031335683509603474,0.0008244023083265883,-0.0002623294858342673,-0.007432432432432523,0.005656517029726693,0.0023608768971332683
2017-08-31,0.006106642835865372,0.002977823054619577,0.0017298187808896248,0.0025365170996238806,0.02791014295439065,0.005744375299186366,0.0037012113055181484
2017-09-01,0.002368615840118382,-0.009688256895069913,-0.006578406381054114,-0.004362240446693422,0.0013245033112583293,0.0034507377439314535,0.0003352329869259485
2017-09-05,-0.007679810958499456,0.015857988165680403,0.0062080953563445895,0.006484402383456045,0.001984126984126977,-0.0027273805288746678,-0.0030160857908847483
2017-09-06,0.004613781812769835,-0.006135445790618088,-0.003537347811780278,-0.001218875152359411,0.00990099009900991,0.0026159334126041323,0.0006722689075631116
2017-09-07,0.003851851851851995,0.01023677424396352,0.003880128787253412,0.004184100418409997,-0.0006535947712419388,0.006404174573055199,0.001679543164259334
2017-09-08,-0.0010330578512397492,-0.0021658415841584455,-0.002960526315789469,0.00017361111111102723,-0.011118378024852826,0.000824888050907413,-0.0013413816230717357
2017-09-11,0.009159403161471458,-0.011937984496124043,-0.0030517980864400718,-0.00381878146155179,0.001984126984126977,0.009184033910278888,0.002686366689053088
2017-09-12,0.00409896062069981,-0.005256551074846905,-0.0010755356995119092,-0.0016553406516814917,0.0026402640264024946,-0.0117839225294597,0.0003348961821836305
2017-09-13,-0.0026242892549935837,-0.003943528669453467,-0.0009938711280436108,-0.0018326206475259843,0.004608294930875667,-0.0025974025974025983,-0.002008704385671356
2017-09-14,0.0004385323783073769,0.004117507324411962,0.0024871497264133957,0.0015737016961008266,0.000655307994757548,0.008285984848484862,0.0
2017-09-15,0.0018994739918176684,0.0003942906710827643,0.0008269930532582848,-0.0005237430167598367,0.004584151931892544,0.0018783752054472025,0.0010063737001007045
2017-09-18,0.0018958728306841532,-0.0057543749014662415,-0.0009915716410510145,-0.0004366812227073469,-0.0013037809647978849,-0.005390203890321188,0.0
2017-09-19,0.002037845705967989,-0.0024577816538492447,0.0005789909015714301,-0.0011358671909131868,-0.001958224543081033,-0.006597549481621168,0.002010723860589758
2017-09-20,0.0004357931435212681,0.0007153075822603494,-0.0012399768537654232,-0.002799160251924393,0.008502289077828795,-0.002727703984819585,-0.0010033444816052173
2017-09-21,-0.002758820967039277,-0.0005559526646016222,0.0,-0.002280701754385994,-0.0038910505836575737,-0.001902723272684037,0.0
2017-09-22,0.0001456027955735184,0.0028607755880483143,0.0013242840589307026,0.0025496746966766626,0.00390625,-0.01715715477183377,-0.0006695681285571187
2017-09-25,-0.004221866356092452,0.006259904912836678,0.0037196230781948447,0.0028062790493728063,0.016861219195849486,0.0058188871378348495,-0.0013400335008375563
2017-09-26,-0.0020467836257309635,-0.0018111662335615897,-0.00016470394465950555,-0.0007870572802797238,-0.008928571428571508,0.0016873568759792068,-0.0010063737001005935
2017-09-27,0.0014649868151186407,-0.015067844745976777,-0.003871180298163246,-0.0030631892175739805,-0.0038610038610037423,-0.00902418481530498,0.001678979180657958
2017-09-28,0.001170275014628519,-0.0029635562675209837,0.0014883413262776202,-0.0007023088403125266,0.0,0.006799417192812074,-0.00033523298692583747
2017-09-29,0.005552308591466826,0.0022493573264781297,0.0009081902245706708,-0.002196257577088634,-0.0051679586563307955,0.002050168837433697,0.002012072434607548
2017-10-02,0.0011624527753562042,-0.0038473869830074614,-0.0017322444939371628,-0.0017608733932030773,-0.008441558441558472,-0.001444217113972801,0.0010040160642570406
2017-10-03,0.0039187227866472885,0.0009655616350177088,0.002231036192364977,0.0009701887458104519,0.0006548788474132206,-0.0014463058936965423,0.0033433634236041954
2017-10-04,0.0007228567297961064,8.038585208991478e-05,-0.0005771291944925983,0.0008811349017534553,0.0013089005235602524,0.005069402534701339,-0.0003332222592469236
2017-10-05,0.0039006067610516393,-0.0037778313640381977,-0.0014024088434252402,-0.0010564310238577734,0.011111111111111072,0.003602738080941581,0.0003333333333332966
2017-10-06,-0.0012951503813496412,-0.002823947071163402,-0.0008261049153241995,-0.00079316118797923,-0.0155138978668391,-0.003230824458537729,0.0003332222592469236
2017-10-09,-0.0018731988472623362,0.003155595112873222,0.0008267879288961222,0.000352795907567538,0.0006565988181221893,0.0024009603841537164,-0.0003331112591604679
2017-10-10,0.005630142919012648,0.0016131634134537443,0.0006608839322594928,0.0017633574325515156,0.011811023622047223,0.0029940119760478723,0.0006664445184938472
2017-10-11,0.0025839793281654533,0.0019326783701079098,-0.0004953355898621448,0.0012321774335504188,0.0019455252918287869,0.0033432835820894624,0.0
2017-10-12,-0.0001431844215350475,0.004259765311043218,0.00024779053440160403,0.0018459915611814814,-0.0012944983818770073,0.00642627632988213,0.0006660006660006434
2017-10-13,0.0024344837462408897,0.007202881152460927,0.003963666391411991,0.001403878213565024,0.009721322099805585,0.0026013952938395146,0.001996672212978279
2017-10-16,0.0009999999999998899,-0.0007151370679379099,-0.0013982562921532882,-0.002278103916586227,0.0025673940949935137,-0.0049534143177261125,0.00033211557622059296
2017-10-17,-0.0009990009990008542,0.0012722646310432406,-0.0001647310765175991,-0.0018442083077193638,-0.001280409731113874,0.0011852554225435519,-0.0013280212483400833
2017-10-18,0.001571428571428557,-0.006591486658195644,-0.0014828239558448697,-0.0012317437972901857,-0.0006410256410256387,-0.0010654670297147728,0.0013297872340425343
2017-10-19,-0.0008557980316645786,0.0017587337117275226,0.0014850259879548577,0.0013213530655391548,-0.004490057729313657,-0.0029627873903769197,-0.0026560424966800555
2017-10-20,0.003854389721627438,-0.010613678078365663,-0.0027185105857154834,-0.002287322952406079,0.005154639175257714,-0.005705455842148988,0.001664447403462166
2017-10-23,-0.00483503981797484,0.001774479754799163,0.0009912440112340715,8.81756458865901e-05,0.0,-0.003825463239689242,-0.0003323363243602495
2017-10-24,0.0005715918833950617,-0.006199677938808379,-0.0024756560488530255,-0.0014106859460412124,0.01025641025641022,-0.006000240009600422,0.0003324468085106336
2017-10-25,-0.0035704084547272252,-0.004780037268087178,-0.002647253474520106,-0.0010595090941197816,0.0012690355329949554,-0.0028975009054689194,-0.0016616816218012476
2017-10-26,-0.0002866561559409231,-0.003337675024421949,-8.294625082949647e-05,-0.0004419303517765316,0.004435994930291454,-0.008233442305363936,0.0
2017-10-27,0.006308243727598528,0.0066160254839500166,0.0029863127333056294,0.003183305332036479,0.0050473186119874835,0.004517152972774996,0.001664447403462166
2017-10-30,-0.0015671748112267014,0.00957481337228172,0.003308245802663201,0.002644336712207984,0.0025109855618330457,-0.0008507535245504405,0.0016616816218013586
2017-10-31,0.003139269406392753,0.00032149172158812966,-0.0014013683950210298,0.0004395604395603936,0.00250469630557304,-0.00012163970319900574,-0.00033178500331787486
2017-11-01,0.001706970128022789,0.0023300658846217015,-0.0010731385174178598,-0.0008787346221440506,0.0006246096189879147,0.0048661800486617945,0.001327580484566937
2017-11-02,0.0014200511218402934,0.004408817635270568,-0.00016527559705814543,0.0014951627088830577,0.006242197253433224,0.008474576271186418,-0.0006629101756713274
2017-11-03,0.0009926262053319146,0.0027134876296888155,0.0011571204231755061,0.0007025555457977894,0.006203473945409321,-0.0025210084033612246,0.001326699834162559
2017-11-06,0.00283326250177085,0.003740846864056069,0.00024766779493101687,0.001667397981570895,0.01911220715166473,0.006739679865206405,-0.00033123550844660343
2017-11-07,-0.0012713660121486114,0.004202680199825615,-0.0008253549026080442,0.0014017872787803753,-0.006049606775559657,0.008129109384339417,-0.0003313452617627055
2017-11-08,0.001980198019801982,-0.002210991787744754,-0.0013216586816454656,-0.0006124234470690215,-0.0018259281801583649,0.004980434009249413,0.0009943652635067135
2017-11-09,-0.004799548277809151,-0.002849002849002802,-0.002646815550041426,-0.00017508535411026038,0.0018292682926830395,0.001061946902654931,-0.0033112582781456013
2017-11-10,-0.0017021276595745594,-0.015079365079365137,-0.0057223420136008896,-0.004377900358987885,-0.0018259281801583649,0.0010608203677511252,-0.0009966777408638716
2017-11-13,-0.0014208581983516932,0.002095084609186282,0.00016681958461917112,-8.794301292758266e-05,-0.0030487804878046587,0.005062993053102538,0.0
2017-11-14,-0.0019920318725099584,0.006754583467352804,0.0002501876407305925,0.0012313104661390017,-0.013455657492354889,-0.0021087160262417415,-0.0016627868307282911
2017-11-15,-0.00499001996007975,0.010862619808306606,0.004252126063031492,0.0028109627547434624,-0.001239925604463732,-0.010096266729279324,0.00033311125916068995
2017-11-16,0.010030090270812364,-0.008691529709228929,-0.0011623080116230922,-0.0021023125437981127,-0.0031036623215394687,0.008301707779886147,0.002667332667332545
2017-11-17,-0.0015605050361753303,0.007412721186035531,0.0012467791538524065,0.0017556179775282121,0.016189290161892966,-0.004351917195953736,-0.0009996645643820523
2017-11-20,0.001989201477692548,-0.00039560091779411444,0.0,-0.0014896600070102295,-0.007965686274509776,-0.002953337271116352,0.0010006648936169427
2017-11-21,0.007657402155416992,0.003166059838530799,0.003320604349991818,-8.77577885037839e-05,0.006794317479925871,0.007464454976303214,0.002985709114217583
2017-11-22,0.0012665353222629516,0.0032349692283415443,0.0038887969551546497,0.002984026680709073,0.005521472392638005,-0.00223450546865811,0.0026490066225166586
2017-11-24,0.0028109627547432403,-0.002752654345261618,-0.0011538778537871774,-0.0012250612530626537,0.003050640634533197,0.0012965582272512766,0.0
2017-11-27,-0.0036440084092500546,-0.0014195583596213757,-0.0005776054129877917,-0.00017522340984754692,-0.0018248175182482562,-0.004708652148322612,-0.00033025099075301156
2017-11-28,0.00787733858489248,0.0013425999052283366,0.0014035667107001881,-8.76270592359285e-05,-0.004265691651432091,-0.003784742755765791,0.0026428807400067367
2017-11-29,-0.00376831821353818,-0.009858821673633611,-0.00395745733366315,-0.002716676890719527,-0.006731946144430845,0.00035616763623402825,-0.0023064250411861664
2017-11-30,0.004763239002521846,-0.0033455472359407157,-0.0011588444665177056,-0.0010544815465728385,-0.004313000616142926,0.0015428435793971573,0.0009907529722588126
2017-12-01,-0.0025097601784717094,0.011429028132992292,0.0004143531946632084,-0.0006157635467980427,0.008663366336633782,0.002369949046095554,-0.0016496205872648106
2017-12-04,-0.002516074923120004,0.0004741209008296554,0.0015738899933730455,0.00035208168295053355,-0.012269938650306678,-0.004965125901406853,-0.0006609385327165374
2017-12-05,-0.0029428251121075277,0.004975910275649698,0.001902241336531274,0.0010558732952044014,0.0,-0.008316502316739971,-0.00036375661375653845
2017-12-06,-0.0019676739283204236,0.0034580320653883057,0.0018986296846623674,0.0010547596027072892,-0.016770186335403836,-0.0009584281777884618,-0.000959343676601887
2017-12-07,0.0026756794817630603,-0.007832080200501301,-0.0019774244047129352,-0.0013170603213628063,0.0031585596967782514,0.0025182875644560454,0.000993377483443636
2017-12-08,0.0057584269662920295,7.893905904632348e-05,-0.0012383389746553064,-0.0004395990856338461,0.005037783375314797,0.005143540669856561,0.0013231888852134333
2017-12-11,0.003770423125261768,-0.0020522535322440305,0.0007439246156388801,-0.0007916263523617406,0.0025062656641603454,-0.00011900511722007234,0.0
2017-12-12,0.0,-0.00039547575733611673,-0.0007433716032047011,0.0007922535211268844,-0.008750000000000036,0.004879790526065353,0.00033036009250086984
2017-12-13,0.002365052865887618,0.007517012185472405,0.00347164820631507,0.0017591696719148064,-0.004413619167717542,0.0016581783726161703,0.0015290620871861726
2017-12-14,-0.00513532269257444,0.004240948715934945,0.0018121911037891625,0.0,0.0031665611146296513,-0.00023649048125806704,-0.00087053151884664
2017-12-15,0.004045758928571397,0.0037538124657854333,0.0013977964150633237,0.0,0.0,0.006268480189237202,0.00033333443344685243
2017-12-18,0.009170487703209718,-0.00911569925983624,-0.0029559077099926556,-0.0017560804284836307,0.004419191919192045,0.006582040432534075,0.003959089409435901
2017-12-19,-0.012391573729863548,-0.012973738009120939,-0.005105822284443784,-0.002990588442255304,0.007542426147077341,-0.02125175151798231,-0.0026289845547157187
2017-12-20,-0.0006970584134949886,-0.011073050266868445,-0.002648787352040438,-0.0033524481693868458,0.005614472863381126,-0.01157241708422807,-0.0016474464579900872
2017-12-21,0.0033482142857141906,0.003705493797325543,0.0005809610756080108,0.0012392670620517965,0.0006203473945407545,-0.019070609535304706,0.0033003300330032292
2017-12-22,0.0011123470522802492,0.0013643659711075617,0.0007465162574651352,0.0006188665900450641,0.004339739615623062,0.006890611541774394,0.0003289473684211508
2017-12-26,-0.0011111111111110628,0.0029654564398493566,0.0013261500207211174,0.0008835483300935199,0.014814814814814836,0.005010387388488358,-0.0003288391976323801
2017-12-27,0.0011123470522802492,0.013025411539076215,0.0055458985183345355,0.004149011299435124,0.0024330900243307862,0.003283073929961189,0.00164473684210531
2017-12-28,0.0022222222222221255,-0.0008677131813520367,-0.0006585446163976938,0.0003516483516483593,0.004854368932038833,0.005332686947036702,0.0006568144499179418
2017-12-29,-0.0009700665188469015,0.00157903047528829,0.0013179571663921585,0.002548554354512733,0.003019323671497709,0.0003616636528029904,-0.0009845749917951618
2018-01-02,0.009432653627410081,-0.010799306321929714,-0.006663376110562669,-0.0024544179523141585,0.004816375677302975,-0.00373583996143656,0.0036136662286465615
2018-01-03,0.0050845128487013724,0.004781257470714895,0.0018219461697721595,0.0009666080843584446,0.005991611743559,-0.0029031087456150573,0.0022913256955809924
2018-01-04,0.006972928630024633,-0.0001586168609724048,-0.000330660494337387,0.00026336581511721135,-0.001191185229303171,-0.01722673783816575,0.002286087524493885
2018-01-05,0.006517311608961185,-0.002855556436900164,-0.00033076986686519927,-0.0001755309812181416,-0.003577817531305816,0.0004937662017034938,0.002280873248615256
2018-01-08,0.0009442870632674349,-0.0006363853313180456,-8.271982794283428e-05,-0.001053370786516905,-0.0005984440454818163,0.005181986428130836,0.0006501950585175997
2018-01-09,0.0012129380053909067,-0.013372602085489071,-0.0036399735274652567,-0.0032513181019331316,0.006586826347305452,-0.012888179698048341,-0.00032488628979865375
2018-01-10,-0.0022883295194507935,-0.0012101653892698794,0.0006642311524409639,-0.00035264039495730426,0.0035693039857229714,-0.011191245958716789,-0.0019499512512186623
2018-01-11,0.006880733944953921,0.0041195476575122125,0.0024062396282775733,-0.0010582943822207147,-0.0005927682276231083,-0.003395372233400362,0.0029306414848584428
2018-01-12,0.007637679217473048,0.0016893250744107746,0.0001655492095025135,0.0009711309261057899,0.006524317912218303,-0.008075709779179818,0.004220779220779125
2018-01-16,-0.00172872340425545,0.0041760359781561895,0.0009103699412398303,0.0016757805609455279,-0.004714201532115436,0.0019081541788577017,-0.001293242806336914
2018-01-17,0.007859331290795302,-0.0013595649392195153,-0.0027286257648420076,-0.0007044113762436632,0.001184132622853662,0.006983240223463749,0.002589834898025112
2018-01-18,-0.001321702352630072,-0.0092896612476977,-0.0038968576403283217,-0.0008811349017534553,0.0,-0.01286092548228468,-0.0022602518566354757
2018-01-19,0.004764425622022284,-0.005254223587422113,-0.003079740302979861,-0.0016756327718493447,-0.0017740981667653255,0.005364669817345513,0.0025889967637540146
2018-01-22,0.007244467860906267,0.0009751340809360798,-0.0009184269850547322,-0.0005300353356890719,0.0023696682464455776,0.009147503493838416,0.0032278889606196515
2018-01-23,0.003138485680659109,0.004302646533528076,0.0043456459969914984,0.001502563196040363,0.007092198581560183,0.013848671786478528,0.0009652509652509078
2018-01-24,0.0009125277017338895,-0.005415892005496636,-0.0006656681644201523,-0.0007060277115876756,0.010563380281690016,-0.005215447659257411,0.00032144005143042165
2018-01-25,-0.0009116957541027704,0.008208712613783975,0.005079100749375565,0.0018546321646206732,-0.00580720092915199,-0.001747597054050698,0.0
2018-01-26,0.01081997132055812,-0.003708182184602893,-0.0013254908458287806,-0.0006170662905500279,0.007593457943925186,-0.0035013129923721076,0.004177377892030876
2018-01-29,-0.008640701573381482,-0.006958491787361409,-0.0026545002073827817,-0.0023815824292141574,-0.0028985507246377384,-0.013427029740243346,-0.0038400000000000656
2018-01-30,-0.009756732145180136,-0.0058665362991933145,-0.0034101305830492867,-0.0023872679045092715,-0.006976744186046546,-0.007250063597049161,-0.0041760359781560785
2018-01-31,0.0010509721492379942,0.005901155642979994,0.002086463027875185,0.0024816095010191663,0.0011709601873537423,0.017937219730941756,0.001612903225806539
2018-02-01,-0.0006561679790025865,-0.016540373176892387,-0.0070792037977845945,-0.005304570771815009,0.00994152046783614,-0.021522970421648968,-0.0025764895330113724
2018-02-02,-0.02179908076165482,-0.009279204639602412,-0.005116591175977181,-0.0012443338369922952,-0.01621308627678064,-0.008489837921276,-0.005489183080400362
2018-02-05,-0.039736877433212414,0.009449740759324365,0.0005901694629457666,0.0037376523983270182,-0.009417304296645113,-0.029709392838609183,-0.01103896103896107
2018-02-06,0.02124982524814767,-0.00621323833982268,-0.002022244691607722,-0.004078375742530449,-0.005941770647652889,0.00013370771493503852,0.005252790544977071
2018-02-07,-0.0116358658453114,-0.009503167722574202,-0.002786220871327294,-0.0022255853289414596,-0.011356843992827326,-0.004278074866310044,-0.004572175048987659
2018-02-08,-0.032825484764542945,-0.001094091903719896,-0.004318008636017279,-0.0020521056388294046,-0.010278113663845123,-0.028732545649838848,-0.00853018372703418
2018-02-09,0.011599599026206553,-0.006318982222596636,-0.003231292517006712,-0.003129190880643673,-0.014660965180207763,0.025020735416090734,0.001323626737260275
2018-02-12,0.013873159682899372,0.004409021536374347,0.0,0.0007174887892376081,0.0061996280223186595,0.0004045853000673727,0.004957038995373475
2018-02-13,0.0018151354370286032,0.004474084079014062,-0.00034123869646807137,0.0007169743681663121,0.001848428835489857,0.007009975734699303,-0.0003288391976323801
2018-02-14,0.017003484320557538,-0.011093369190688263,-0.003669568185697303,-0.0008955758552748883,0.015375153751537418,-0.0072289156626507145,0.002960526315789469
2018-02-15,0.011237494860901753,0.003399337129259772,0.00471092077087798,0.0005378271782001676,0.001817080557237949,0.009708737864077666,0.006231551328304441
2018-02-16,0.0010841577449518525,0.005420513254848824,0.0029838022165389333,0.0016126142268408916,0.0018137847642081262,0.0054754273504273865,-0.00032594524119944346
2018-02-20,-0.008393123054013851,-0.004380422879285639,-0.004249893752656164,-0.000805008944543828,0.0030175015087507973,-0.011820958958693062,-0.0013042060645582776
2018-02-21,-0.004368600682593815,-0.012268381419747842,-0.005463081519419544,-0.0028645600214841638,-0.001203369434416346,-0.019758064516129048,-0.0019588638589617124
2018-02-22,0.002056766762648987,0.0029981154702758417,0.0013732726804565054,0.0008977466558937053,0.009036144578313143,0.01138077608665844,0.0
2018-02-23,0.01245210727969348,0.008882056537705907,0.004628439187451816,0.0036774598618711796,0.006567164179104523,0.015997830802602975,0.004906771344455274
2018-02-26,0.010677118529531127,0.0003386100059257213,0.0012797542871769707,0.0012511170688114248,0.005338078291814874,0.002802241793434801,0.0032552083333334814
2018-02-27,-0.015244717838994393,-0.0014386053990014247,-0.0043456032719836335,-0.002499107461620853,-0.010029498525073621,-0.02328675981370587,-0.0035691109669045984
2018-02-28,-0.011542639869635996,0.006355932203389925,0.0018827556696618952,0.0014316392269146938,-0.010727056019070313,-0.0006811989100818927,-0.0026050146532075047
2018-03-01,-0.012501717268855739,0.0047999999999999154,-0.0038438541043819274,0.003037884203002106,0.0018072289156625398,0.0009543285616906427,-0.0042442050277505805
2018-03-02,0.004590984974958134,-0.008129399932953363,-0.003172697650488776,-0.0008017103153393768,0.0,-0.0004086080087170041,0.0003278688524590567
2018-03-05,0.007893643539676143,-0.0027038445289395696,-0.0003440860215054853,-0.0006240527770349225,0.006013229104028905,0.011309442703365535,0.001966568338249708
2018-03-06,0.005221214619400838,0.0009319664492077884,0.0008605111436192914,-0.0002676181980374448,0.003586371787208442,0.004715710051198974,0.001635590448151758
2018-03-07,-0.0006834335702569083,-0.0011003893685457289,-0.0003439085203336134,0.0,-0.010720667063728428,0.006168700549818995,0.001306335728282093
2018-03-08,0.0036930652441526934,0.005762223540377809,0.001978154296035095,0.0009815294012671671,-0.006020469596628386,0.0018659202985471524,0.000652315720808927
2018-03-09,0.012946306895611936,-0.006571741511500528,-0.0035193133047209946,-0.0015154216437868184,0.009691096305269431,0.005454303578555253,0.004237288135593209
2018-03-12,0.0004036055428495722,0.005767110508014595,0.0012921009561546182,0.0007142219444691289,-0.001799640071985631,0.0043662344535591036,0.0006491398896462108
2018-03-13,-0.006724045185583671,0.005059448520111198,8.602890571229871e-05,0.0008029262200017762,-0.0030048076923077094,0.0009221446449743098,-0.0016217969510216035
2018-03-14,-0.002030869212022779,0.008809463881197965,0.0022365591397850437,0.001693706543055784,0.0,0.0009212950776518181,-0.00032488628979865375
2018-03-15,-0.0004070004070002575,0.0,0.001029954510342268,8.899172376963804e-05,-0.0006027727546715766,-0.0002629848783693989,0.0009749756256094422
2018-03-16,-0.0004071661237785573,-0.0035761809713904524,0.001114636028466176,-0.0016906922940024272,0.00361881785283491,0.006970932526634277,-0.0016233766233766378
2018-03-19,-0.010590631364562175,-0.0031716885068023837,-0.0033401849948612172,-0.0006239415277653482,-0.006610576923076872,-0.008620689655172376,-0.0029268292682926855
2018-03-20,0.001372306847811089,-0.0040190906807334725,-0.0035232448225488433,-0.0015162326079201094,0.006654567453115545,-0.003425559947299095,0.000652315720808927
2018-03-21,0.0009592983417843204,0.0010928961748633004,-0.000603656433252775,0.00214381420276899,0.018028846153846256,-0.007403490216816522,-0.0006518904823989979
2018-03-22,-0.023685651697699983,0.009909304669130092,0.0017257744412806364,0.002941438630893911,-0.00767414403778055,-0.00586041555673944,-0.006849315068493178
2018-03-23,-0.017108399943906893,-0.0007483785132214038,-0.003187182358515006,0.0005332385353715718,0.008923259964306984,-0.017818863879957125,-0.007881773399014746
2018-03-26,0.023398487658724543,-0.003827910460181494,0.0035430349118561466,-0.0017765144785930609,0.000589622641509413,0.0016368844632383972,0.00893743793445867
2018-03-27,-0.01435940331799801,0.010692506891654796,0.003616636528029016,0.0038263036127426098,-0.004124926340601132,0.0038131553860818457,-0.0029527559055118058
2018-03-28,0.0007072135785006761,0.0026448466815440774,0.0026598026598025903,0.0,-0.004142011834319503,0.025098358431691947,-0.001974333662388972
2018-03-29,0.01342756183745597,0.004863572665072979,0.004535341434194873,0.0021274709688856586,0.00891265597147961,-0.001191106405505571,0.004945598417408492
2018-04-02,-0.020083682008368187,-0.0001640689089418279,-0.0034074452679104805,-0.0015922158337018377,-0.013545347467608937,-0.013515304094342095,-0.005580708661417355
2018-04-03,0.010674637062339842,-0.0077125041023957674,-0.002649799128130459,-0.0006201825108532733,0.005373134328358287,0.008462055070517005,0.0026427008997060852
2018-04-04,0.0070412617941135736,-0.0020671407309409418,0.0,-0.0005319148936170359,-0.004156769596199594,0.010522109749600439,0.000987166831194486
2018-04-05,0.007131869668577595,-0.007457121551081247,0.0003428179636613127,-0.00283838921412094,0.004770423375074717,-0.0003954132068011429,0.0019723865877712132
2018-04-06,-0.0166620383226882,0.010935804324234022,0.0029986291980808044,0.004002846468599941,-0.0071216617210683175,-0.007515822784810222,-0.005577427821522374
2018-04-09,0.005224512849477669,0.0016515276630884035,0.0005125138805843754,-0.0001771950031009828,0.012552301255230214,-0.0031885213232363263,0.0029693170570768146
2018-04-10,0.015592077538980176,-0.00181368507831825,0.0002561256723299099,-0.00044306601683652413,0.017119244391971655,-0.0010662401705984204,0.003947368421052699
2018-04-11,-0.004426002766251602,0.003551370994383962,0.0006828269033800627,0.002925531914893531,0.007544979686593178,0.002134756504336144,-0.000655307994757548
2018-04-12,0.005557099194220427,-0.007324500041148929,-0.0027294438758102,-0.0015910898965790787,-0.0040322580645161255,-0.011183597390494016,0.003278688524590123
2018-04-13,-0.0022105554020447338,0.0023213397446526507,0.0003421142661648169,0.0014165559982293185,0.0005783689994216523,0.0052511108119024374,-0.0006535947712419388
2018-04-16,0.004846302963168014,0.00033085194375503946,8.549931600554395e-05,-0.0008840951286357424,-0.003468208092485714,0.006161264398607091,0.0003270111183781843
2018-04-17,0.007303293371916819,0.0027286257648420076,8.549200649743405e-05,0.0015042916556056163,0.0005800464037124531,0.011714589989350266,0.002615233736515288
2018-04-18,0.0032831737346101786,-0.0079986806299992,-0.0051290818943410255,-0.002032161159215451,0.01855072463768126,-0.002105263157894721,0.00032605151613940286
2018-04-19,-0.004226888464685108,-0.008146300914380733,-0.003780718336483968,-0.0015936254980080111,-0.003984063745019917,-0.014504219409282815,-0.0032594524119948787
2018-04-20,-0.0078050116390525615,-0.0072075092189071155,-0.0040538209418664595,-0.0034583665868581637,-0.0017142857142857792,-0.009232004281509165,-0.003597122302158251
2018-04-23,-0.0013800717637316717,0.0002532500422083306,-0.0004330129037845021,-0.00026695141484245344,-0.0005724098454492621,-0.0008102633355840938,-0.0009845749917951618
2018-04-24,-0.009535655058043102,-0.00455734661152829,-0.0029457632992548888,-0.0027592345349353176,-0.005154639175257714,0.0037842951750237663,-0.002956636005256197
2018-04-25,0.00013952839402819883,-0.006697753285290431,-0.0031282586027111536,-0.0015173152445555615,0.0017271157167528806,-0.0018850141376060003,-0.0013179571663921585
2018-04-26,0.008091517857142794,0.006998975759644921,0.002963737796373822,0.002592294627692837,0.005172413793103514,0.013085120733845823,0.0029693170570768146
2018-04-27,0.002075837254359225,0.007713171724021084,0.002259690596210673,0.003209700427960094,-0.0005717552887363198,0.017177097203728398,0.0019736842105264607
2018-04-30,-0.005800303825438502,0.001766338632349207,-0.000867152271938898,0.0007998578030572467,0.004576659038901587,-0.003927215604136669,-0.001969796454366457
2018-05-01,-0.0011112654535352373,-0.005793450881612094,-0.0055545912168026845,-0.007281768937039246,-0.005694760820045386,0.009068208700223401,-0.0003289473684210398
2018-05-02,-0.004171881518564846,-0.0010978802466007354,-0.0007854773957061134,0.0012523481527864089,0.0,-0.0036467830164105264,-0.0013162224415925738
2018-05-03,0.00013964530093568683,0.004480892796753455,0.00017468774565476686,0.0012507817385865039,0.006300114547537206,-0.0006535947712418277,-0.000988467874794119
2018-05-04,0.00837754817090186,0.0015150239878798377,0.0013972578814076542,0.0002676898367091063,0.006829823562891413,0.010987573577501575,0.0026385224274405594
2018-05-07,0.0016615895873719477,-0.001596772838053595,-0.0011336879741867811,0.0001784121320249632,-0.0005652911249294235,0.006727907879415129,0.0023026315789473895
2018-05-08,0.0004147083218137837,-0.0009259259259258856,-0.00034922297887207687,-0.0017838030681412986,0.002828054298642524,-0.005012209227605702,0.0006563833278634412
2018-05-09,0.005803509741605595,-0.005981969837391521,-0.00017467248908298316,-0.0006254467476769499,0.009024252679074918,0.006716610694910807,0.0019678583142015427
2018-05-10,0.010166231625223121,0.0080522122393627,0.005066387141858808,0.001966919982118842,0.005030743432084872,0.007826533230690158,0.0021276595744679216
2018-05-11,0.0021759825921392473,0.0025224922223157087,0.0017382235355467568,0.0,-0.006117908787541704,-0.0034373010821132643,0.0017965049812185274
2018-05-14,0.0014927398561541683,-0.005283905057452021,-0.0018219677251432032,-0.002498438475952436,0.007274762171236571,-0.00855901890648958,-0.0006521030322792498
2018-05-15,-0.008672086720867167,-0.01138279932546371,-0.007561929595827799,-0.0032203238214508767,0.0011111111111110628,-0.016235021260146976,-0.004241435562805873
2018-05-16,0.004510661563696061,-0.003837953091684443,-0.0013137151865476593,-0.0014358790271921107,0.005549389567147678,-0.003012442698100748,0.002293577981651307
2018-05-17,-0.0012246564158386875,-0.005051369863013688,-0.0019293168464439292,-0.001887301159342103,0.001103752759381793,-0.004992117708880861,0.0
2018-05-18,-0.0034059945504086864,0.008605111436193136,0.004129689833933803,0.0027012425715828847,0.0005512679162071876,0.0013203063110642788,-0.0011212814645308322
2018-05-21,0.006425153793574889,0.0005119017148706995,0.0006125306265312158,0.00035919540229900626,0.007713498622589521,0.011867088607594889,0.002104353688509919
2018-05-22,-0.0010866612333604309,-0.0015349194167305624,-0.0010494097070397057,-0.0004488330341113622,0.0010934937124111865,0.0014334115194161168,-0.0006531678641410466
2018-05-23,-0.0020397062822954393,0.0072593731317789345,0.00428959117569816,0.0028738212842389643,0.00546149645002747,0.010019518542615513,0.00032679738562091387
2018-05-24,-0.0036789753372393763,0.007970154315753764,0.002789400278940146,0.0011641443538998875,-0.006518196632265161,-0.0020613244009277665,0.0
2018-05-25,-0.0028719912472648934,0.006224764468371502,0.0029554937413072135,0.0014311270125222375,-0.014762165117550574,0.0034856700232379634,0.0006533812479581069
2018-05-29,-0.015224249074201057,0.021902691857548895,0.005286878141792295,0.005894962486602484,-0.00943396226415083,0.00476006689823727,-0.0026118184786156906
2018-05-30,0.013091922005570966,-0.006708115183245988,-0.0038796447969651204,-0.0018646776771444884,0.012885154061624382,0.013572343149808042,0.002618657937806912
2018-05-31,-0.005636513610118188,-0.0016471750947125718,-0.00043275056257585653,0.0006227203985411656,-0.0027654867256635685,-0.0034108135421929697,-0.0009794319294808007
2018-06-01,0.010369141435089269,-0.007589506682065705,-0.0050220798337518024,-0.0044452347083926425,-0.006655574043261336,0.004436557231588312,0.0019607843137254832
2018-06-04,0.005883962780514507,-0.007231920199501141,-0.002262640327212573,-0.002053938203250616,-0.011725293132328396,0.008707723372034515,0.000652315720808927
2018-06-05,-0.0010882873078492672,0.002344469563761109,0.0006977758395114719,0.0022371364653244186,0.0016949152542373724,-0.0026272988865257974,0.0009778357235985524
2018-06-06,0.009532888465204836,-0.00810291537883212,-0.0036607687614399476,-0.002142857142857113,0.0033840947546530664,0.0023833416959357923,0.0026050146532072826
2018-06-07,-0.004451639012545527,0.009685026107461692,0.003324293587612548,0.00304223335719378,0.003934794828555299,0.0,-0.0009743423189346734
2018-06-08,0.002032520325203402,-0.0030027525231461905,-0.0016566396372831305,-0.0016949152542372614,-0.0005599104143335643,0.003629082718057841,0.00032509752925879987
2018-06-11,0.0032454361054765624,-0.0018405421233163022,-0.0009606986899562964,0.0,-0.0005602240896359634,-0.0014962593516210099,0.0009749756256094422
2018-06-12,-0.0013478905512871453,0.0002514458134272868,8.742022904106861e-05,-0.0008042176749173402,-0.0005605381165920686,0.005994005994006013,0.00032467532467528315
2018-06-13,-0.0020245647185855864,-0.0005027652086475598,-0.0009615384615384581,-0.0006260060812018908,0.003925967470555181,-0.019488579940417194,-0.0016650438169424353
2018-06-14,-0.00027048958615083496,0.008299798792756441,0.0045498293813981405,0.0025950782997763433,-0.011173184357541888,0.009494872768704976,4.226446501309766e-05
2018-06-15,-0.0039231601731603005,0.0009146087968736616,-0.0013936068286733994,0.000357015351660106,-0.02429378531073445,-0.0006270378730874882,-0.0013003901170351995
2018-06-18,-0.0043460545973107445,-0.0009137730520020204,-0.00104666375926743,0.0008029978586723274,0.008685581933989717,-0.008909524407077374,-0.0003255208333332593
2018-06-19,-0.017732915018414896,0.00582023779828722,0.0005238802060596459,0.0016047071409466263,-0.010332950631458226,-0.0010129146619397567,-0.0022793878215564556
2018-06-20,0.002360783224552243,-0.008762503099942198,-0.0055851295924600475,-0.0027592345349353176,-0.001160092807424573,0.011153358681875725,0.0
2018-06-21,-0.007481296758104827,0.005253940455341555,-0.0007898200965336111,0.00178507675830053,-0.007549361207897731,0.004763098520932596,-0.0035900783289817273
2018-06-22,0.0053042992741485495,-8.296001327368074e-05,0.0012295801861936795,0.0014255167498218313,0.01989467524868349,0.007859281437125887,0.0013101867016049873
2018-06-25,-0.014162732574284909,0.0022401061976271563,-0.0009649122807017241,0.0004448398576513135,-0.011474469305794543,-0.0025993316004456757,-0.006215243702976769
2018-06-26,0.0014084507042253502,0.0014072847682118361,0.0033365528141189316,0.001422854602045387,0.009866511897852481,0.0032266070985356166,0.0019749835418039208
2018-06-27,-0.009704641350210985,0.009423824088617083,0.0034129692832765013,0.0032856762276884943,0.005172413793103514,-0.0038347352795645717,-0.00492772667542718
2018-06-28,0.005254935378497416,0.00024568012447789833,-0.0013082155939297957,-0.0013276686139139793,-0.0005717552887363198,0.00894076741586991,0.001320567844173004
2018-06-29,0.00480361684091557,-0.0034386769281152807,0.0005239717055278703,0.0003545156430027063,0.011441647597253857,0.002461538461538515,0.001978239366963397
2018-07-02,-0.002952755905511917,-0.0030397633913901156,-0.0028803351662738397,-0.0034553025604677767,-0.020927601809954788,-0.0055248618784530246,-0.0013162224415925738
2018-07-03,-0.0008461429981667656,0.0053564070869387415,0.003676470588235281,0.002133712660028486,-0.0011554015020219799,0.0075308641975309065,0.0
2018-07-05,0.007198306280875144,0.0028688524590163578,0.0031397174254317317,0.00115330021291693,0.005783689994216301,0.011885798309030804,0.0019769357495880158
2018-07-06,0.007286995515695116,0.003269309358397976,0.0013910624239263925,0.001417811253876966,0.004600345025876917,0.005328166626301645,0.003946070371588339
2018-07-09,0.009738452977184231,-0.006435845213849323,0.0006945650286507288,-0.0020352181222901278,0.005151688609044136,-0.007949891592387348,0.001965280052407481
2018-07-10,0.002066685037200422,-8.199409642495326e-05,-0.0011278847822315807,-0.0015073594608973062,-0.002277904328018221,0.002064108790675201,0.0006538084341287664
2018-07-11,-0.011824556579128287,0.0038540385403853517,0.001997741683314569,0.0010656247224936077,-0.03481735159817345,-0.0032715376226826187,-0.003920287487749086
2018-07-12,0.00946152775845266,-8.168599901980933e-05,0.002167128987517364,-0.0007983677814247248,0.0053222945002957545,0.0030391441769996863,0.002951787471302092
2018-07-13,0.0015161957270848347,0.0025324728371864946,0.0007784793702967363,0.001953125,0.0017647058823531125,-0.003029935765361813,0.0010791366906475197
2018-07-16,-0.0013762730525735956,-0.004155801825293404,-0.0016421780466724378,-0.0026581605528973595,-0.021139166177334134,-0.005348893751519701,-0.0010779734099892746
2018-07-17,0.0038588754134509795,-0.0018820063824563915,-0.0006925807289411834,-0.0013326226012794207,0.0011997600479902726,-0.0065998533365924095,0.0009810333551341088
2018-07-18,0.000549148819329881,-0.004017051975733765,-0.00017326518236171484,-0.0016012810248198228,0.008987417615338389,-0.004429133858267709,0.0
2018-07-19,-0.004665203073545454,0.006337970203309062,0.0015596568754874252,0.001425643767263729,-0.001187648456057011,0.011739990113692533,-0.0006566481541979696
2018-07-20,0.0034463744141164376,-0.012268935056437114,-0.0029414309196297284,-0.0024023489634308337,0.007134363852556502,-0.009649444240869776,0.000657079624320378
2018-07-23,0.0,-0.012338522689632425,-0.003991323210412068,-0.00472707813057438,0.0035419126328215533,-0.0020966946225949856,-0.00043776543613205376
2018-07-24,0.0050831158126114495,0.003437578603169289,0.003136161686557948,0.0005376825880456515,0.0052941176470588935,-0.005067358793721333,0.0004379571586385911
2018-07-25,0.009841443411700457,-0.0015875668449198965,0.0013026487190619385,0.00017913121361390338,0.01345816266822708,0.00795031055900619,0.003593596863769921
2018-07-26,-0.004195993502977835,-0.0019248472675537087,0.0009540329575021822,-0.0009850452225306228,0.0,0.0033275819571110254,0.0002213541666666874
2018-07-27,-0.002990349327171349,0.0016770082173400702,0.0012997140629062987,0.0015238436715669934,-0.004041570438799047,-0.010686647831961604,-0.0018485491492767903
2018-07-30,-0.0032719836400817437,-0.003432111166917773,-0.0013845621322257085,-0.0005370088606462264,0.005797101449275477,0.0006208095356343701,-0.0019563090968374164
2018-07-31,0.002598823690329599,0.005459890802183898,0.0031195840554592014,0.0015223426166384169,-0.0057636887608070175,0.01675145799727007,0.0016334531198953783
2018-08-01,-0.0021828103683492195,-0.010359231411863012,-0.00647892190739463,-0.0066165951359085096,-0.01449275362318836,0.007078350012204027,-0.001956947162426559
2018-08-02,-0.0005468963631393153,0.0014350835725138733,0.00121728545343891,0.0005400540054005809,0.00588235294117645,-0.003999030538051396,0.0
2018-08-03,0.0036935704514364787,0.004973446851555208,0.0031263569257489188,0.001979129183159456,0.0035087719298245723,0.01082856795230569,0.0019607843137254832
2018-08-06,-0.00013629548861937568,0.0005871498070793013,0.0009522985022940578,0.00017956545160724424,0.0017482517482518833,-0.0013240250361097328,-0.000652315720808816
2018-08-07,0.0046346782988004875,-0.005197418056836267,-0.0031136481577581643,-0.0013464991023339756,0.0075625363583478045,-0.0018078823671207056,0.0006527415143602333
2018-08-08,0.00013568521031204206,0.0010112075503496687,-0.001561686621551317,8.988764044959296e-05,-0.012124711316397252,-0.0057957015213715435,0.0
2018-08-09,-0.0025776692443358895,0.008418217021634922,0.0007820646506777607,0.0023368685960811764,-0.004091174751607252,0.00048579062424081165,-0.0003261578604044635
2018-08-10,-0.011833514689880142,0.0072627097420485676,0.0016497351740905053,0.0032281205164992333,0.0,-0.007647487254187846,-0.001957585644371873
2018-08-13,-0.005918788713007661,-0.002071937676114688,-0.00026005547850205257,-0.0001787629603146046,-0.005281690140845008,-0.001957186544342515,-0.003592677345537698
2018-08-14,0.004569371365272801,-0.0022423386761896147,0.0013006156247290512,-0.0012515644555695093,0.001769911504424737,0.004902561588429943,0.0006528849970963702
2018-08-15,-0.011853893866299092,0.005826535708340241,0.0020782819535849484,0.001969208736126049,-0.021790341578327488,0.007683863885839859,-0.003934426229508237
2018-08-16,0.0075324313014368816,-8.275405494873045e-05,0.0012962322848255603,-0.0006253350008932346,0.007826610475617057,0.008109416606148612,0.0023041474654377225
2018-08-17,0.004568738751211443,0.0012414135562359707,0.0008630361612151916,0.0004469473496022669,0.004181600955794451,0.009244807299795932,0.0012052545155993855
2018-08-20,0.0037210584343989606,0.006695321540750587,0.0025868759161851163,0.001965689778413049,0.0017846519928614857,0.0007137758743753775,0.0024043271328153537
2018-08-21,0.004668405876699255,-0.00336645044749162,-0.0024941945471745885,-0.0006242197253434334,0.0017814726840856832,-0.006062767475035757,0.002617801047120505
2018-08-22,0.0015033483668169811,0.003954522985664788,-8.622176237282897e-05,0.0021415186936737385,0.014226437462951935,-0.005621337160626738,-0.0003231070496083621
2018-08-23,-0.004776200873362391,0.0015591662563596564,0.0003449167888247562,0.0008013533968480591,-0.001753360607831711,-0.0025258599951887284,-0.0009826934943077958
2018-08-24,0.007678595913889863,0.0019664072101599483,0.0019825877079562293,0.0009786476868327565,0.007611241217798659,0.005908597612444222,0.002941176470588225
2018-08-27,0.009661178391618064,-0.005724098454493398,-0.0015485203028217098,-0.0015109768020620251,0.0034863451481697005,-0.0035962598897146814,0.0035842293906809264
2018-08-28,0.000539083557951292,-0.006003783205855817,-0.0037911425124935727,-0.0019583407512907547,-0.004053271569195105,0.013474494706448459,-0.0009740259740259605
2018-08-29,0.005926724137931272,0.0013238457719675356,-0.0010378827192527584,0.0,0.01104651162790704,0.0002374169040837426,0.0012999675008125156
2018-08-30,-0.008569898232458462,0.0021484052222773276,0.0009523809523810378,0.0008919015340704828,-0.0017251293847039273,-0.006408734868264987,-0.003245699448231054
2018-08-31,-0.003106428957320384,-0.002349934036939283,-0.0014704610327826995,-0.001158438780965887,0.0011520737327188613,0.003941710463449599,0.0009768804949528143
2018-09-04,-0.005554802872239528,-0.007975536179181009,-0.00485100485100487,-0.004817557320010768,-0.00575373993095496,-0.011897679952409312,-0.0019518542615484247
2018-09-05,-0.005449591280654031,-0.0026660001666251043,-0.0006093314763230273,-0.0009861048857014998,-0.00405092592592593,0.005779650812763437,-0.003585397653194211
2018-09-06,-0.0035616438356165236,0.003675549244006371,0.0027872136573467987,0.0008973438621679986,-0.005810575246949501,0.002873219202681687,-0.0009813542688911214
2018-09-07,-0.004124278251306013,-0.008489388264669273,-0.004169200034743192,-0.002868925945849088,0.0023378141437755406,-0.010863077474036031,-0.002180746561885938
2018-09-10,0.001656543346217676,0.003693444136657398,0.0033144352376799358,0.0002697356590541933,0.003498542274052552,0.004465363263335798,-0.00011157271587691753
2018-09-11,0.003031973539139976,-0.007610604666722365,-0.002260279926975639,-0.0020674157303370855,0.00987797791981393,-0.00012014898474110858,0.0013127666557271045
2018-09-12,0.0019236053860951507,0.0023596831282657327,0.002004008016032177,0.000900738605656759,0.0069044879171462625,0.0004806536890171742,0.0010750573582432033
2018-09-13,0.006856829402084541,0.0015133680847487785,0.0020869565217391806,-0.0014398848092153083,-0.010857142857142899,0.004924333413403703,0.0012179629896407196
2018-09-14,0.0008172160174340082,-0.004785090664875868,-0.001214855952794136,-0.0018024513338138481,-0.006354708261120723,-0.006334408987689777,0.0016350555918902554
2018-09-17,-0.0032661948829614262,0.0,-0.000608166811468247,0.00018057060310572304,-0.0011627906976744429,0.003247534279528397,-0.00163238654913489
2018-09-18,0.007099945385035555,-0.010459721636440267,-0.004085890637225087,-0.0020761870373714464,0.0093131548311991,-0.0047955880589856115,0.00228907782864618
2018-09-19,0.0025759219088936636,-0.005967095729264349,-0.0014839385474860745,-0.0010854816824965585,0.006343713956170616,-0.011685339115769189,-0.0006525285481239207
2018-09-20,0.009465855307640325,0.004630820684332404,0.00262260687123006,0.0013583265417005386,0.0,0.009385665529010101,0.003917727717923647
2018-09-21,0.0005358338914935867,-0.0004268032437046987,0.00017438311971407217,9.04322662327317e-05,0.002292263610315093,-0.00036227508754982374,0.00032520325203266864
2018-09-24,-0.004686035613870598,-0.002561912894961549,-0.0022665853020660265,-0.000994664978750337,0.014865637507146978,-0.031529354916646546,-0.0029258777633289768
2018-09-25,0.0020177562550443007,-0.001027397260273899,0.0,-0.00036205648081111264,0.0022535211267604716,0.0001247349382562657,0.0019563090968373054
2018-09-26,-0.0006712310377231523,0.007027768255056577,0.0035823503713412475,0.0017203911626222368,-0.0044969083754917705,-0.011973060613619468,0.00032541490400261885
2018-09-27,0.0,0.0006808510638298682,0.0013059376632422737,0.00036156557895683505,0.004517221908526103,0.004796768492804748,-0.0008262849707221243
2018-09-28,-0.002418054809242287,-0.002636502806599772,-0.0006955916876792978,-0.0004517936206740458,0.010118043844856706,0.013567839195980147,0.0001758121544801483
2018-10-01,0.002827901966065083,-0.009550609704101598,-0.0044374836857218325,-0.0038871813415296552,0.018920422927100722,-0.009295984134853774,-0.000976562499999889
2018-10-02,-0.0033570565328320257,0.006112785191562553,0.0008739730816289537,0.0016335420637081377,0.003276897870016615,-0.0022519704741650326,-0.0003258390355165286
2018-10-03,-0.0006736728644569645,-0.01737121341776482,-0.005850506461753446,-0.00480202953701192,0.00925421883505706,-0.010658307210031248,-0.0013037809647978849
2018-10-04,-0.010651206687339987,-0.0070539057737525335,-0.00412823891084757,-0.0024581209031319107,-0.010787486515641764,-0.00836501901140696,-0.00554830287206276
2018-10-05,-0.005859907331697944,-0.008594983336256745,-0.0038807549832421406,-0.002737975723281938,-0.0021810250817884125,-0.0005112474437626302,-0.0029537249753855965
2018-10-08,-0.001644962302947306,-0.0033616418966738726,-0.0010625110678236238,-0.00045758213599333963,-0.002732240437158473,0.014450127877237762,-0.0019749835418038098
2018-10-09,-0.0019222847727584647,0.0101189419492278,0.0028363765289842746,0.0028383080021974205,0.007123287671232825,0.0013866128828943225,-0.0006596306068601399
2018-10-10,-0.029027376530471827,-0.002724077328646768,-0.0027399681810147403,-0.001004291061809548,-0.019586507072905324,-0.014853977844914268,-0.009240924092409286
2018-10-11,-0.01686030036837627,0.012159661644197906,0.004165558805282243,0.001645037470297872,-0.014983351831298508,-0.028622540250447304,-0.0016655562958027836
2018-10-12,0.012105490704712452,-0.00348219726647514,0.00017652250661948088,-0.0015510948905108624,0.007887323943662095,-0.0026308866087871863,0.0016683350016684084
2018-10-15,-0.005410793108358347,-0.0004367956669869555,-0.0018531591951993498,0.0006396783331810152,0.0022358859698154987,0.0067264573991032695,0.0006662225183211579
2018-10-16,0.020186113099499137,0.0022723300122355905,0.0025638758730439637,9.132420091328974e-05,0.004461795872839014,0.020568583780951277,0.006990679094540653
2018-10-17,-0.0026662924501825724,-0.00592954307638649,-0.004938271604938316,-0.00237421240069402,-0.008883953359244856,-0.0038510911424904926,-0.0016528925619835322
2018-10-18,-0.016040523427606423,-0.00035087719298254605,0.0,-0.0007322654462242895,-0.011204481792717269,-0.0019329896907215316,-0.0066225165562913135
2018-10-19,0.002002002002001735,-0.0021937521937521742,-0.001240694789081842,-0.0009160025648072834,0.0056657223796034994,0.008650742414461066,0.0009633333333334271
2018-10-22,-0.00256885971171672,-0.001319145193914295,-0.001242236024844745,-0.0005501054368752811,0.0011267605633802358,-0.013952892985151122,0.00036964390970029015
2018-10-23,-0.007726427242810252,0.0031701303275801784,0.001421464108031234,0.00027520410971471065,-0.0219471018570625,0.004413864728028072,-0.004327563249001298
2018-10-24,-0.02768565248738264,0.0075491573033708015,0.0014194464158978626,0.0033015407190022383,-0.0069044879171460405,0.009435181594933395,-0.006352390504847927
2018-10-25,0.014236986504523097,-0.004181913225300593,-0.0012402551381998084,-0.004204753199268829,0.004055619930474874,0.012804097311139628,0.0020188425302827273
2018-10-26,-0.01345225910220793,0.0060367454068241955,0.0016852935958844295,0.005048650633376228,0.007501442585112761,-0.02402022756005051,-0.003022162525184724
2018-10-29,-0.006521416926041135,-0.0022610661796677034,-0.001151155583104635,-0.0010046579596310057,-0.010309278350515427,0.012694300518134805,-0.0010104412260020235
2018-10-30,0.014321945397583136,-0.004968186176239953,-0.002216312056737557,-0.002651307368805922,-0.00520833333333337,0.013686364799181394,0.0027006068779502623
2018-10-31,0.011031033975584581,-0.005080588647512263,-0.002843180808529522,-0.002291685764048035,-0.013379872018615457,-0.011735015772870727,0.004364477590862226
2018-11-01,0.01396566773348873,-0.0014967423842225935,-0.0002673082063618937,-0.0021131936787945893,-0.007075471698113289,0.004724208375893824,0.005025125628140614
2018-11-02,-0.0018651362984219988,-0.012432766070011425,-0.004010695187165791,-0.0030383942546726717,-0.002375296912113911,-0.008260261786758094,0.0
2018-11-05,0.003018542475204944,0.003928571428571503,0.0017897091722596237,0.0018470631695604034,-0.0005952380952382041,0.014864172219374527,0.0
2018-11-06,0.004299226139294898,-0.0006225542511560933,0.0016971862438588392,-0.00036873156342187574,-0.004169148302561099,0.005050505050504972,0.00045303131245844064
2018-11-07,0.0182648401826484,0.0013348758565452368,0.0025860531478509863,0.0007377351530799547,-0.0023923444976076125,0.011934673366834181,0.003875659261626918
2018-11-08,-0.008127802690582886,-8.887308922844728e-05,-0.0029351596548965464,-0.0013822336896424092,-0.005995203836930529,0.0007448789571695702,-0.0016583747927030323
2018-11-09,-0.008476970895733182,0.007466003021953549,0.0007136485281000748,0.002399187967149441,-0.010856453558504175,-0.00012405408758220382,-0.004318936877076518
2018-11-12,-0.018381305215161126,0.006528451698279758,-8.914244963453832e-05,0.0021172788364172135,-0.0024390243902439046,0.001985111662531125,-0.004671338004671344
2018-11-13,0.0014515894904920668,-0.0006135507055833322,-0.0013372559507890402,-0.0008267499540695056,-0.02750611246943757,-0.000990589400693409,0.002011397921555469
2018-11-14,-0.003623713581678456,0.0006139273811611723,-0.0026780931976432276,9.19371150134296e-05,0.00879949717159012,-0.0024789291026277027,0.00033456005352960894
2018-11-15,0.009601396566773612,-0.0004382505039880469,-0.001879699248120259,0.000827357970215159,-0.0018691588785046953,-0.006833996023856814,0.0006688963210703669
2018-11-16,0.002593659942363047,0.00578744300245515,0.001972917227154536,0.004133370074400622,0.006242197253433224,0.01075941448767681,0.0
2018-11-19,-0.015090543259557276,0.002789886660854446,-0.0009845162445180078,-0.00045737285034752606,0.0,0.001361554647852481,-0.004344919786096302
2018-11-20,-0.018240186779512668,0.0003477656059815981,-0.0024189213402616705,-0.0014642628351788645,-0.030397022332506185,-0.010259579728059465,-0.002349781805975115
2018-11-21,0.00921521997621877,-0.00034764470710935136,0.0021553659631792232,-0.0004582531390340261,0.008317338451695466,0.0008742350443362579,0.0025235531628533536
2018-11-23,-0.006627393225331457,0.0010432968179447943,0.0004480688233712282,-0.0015587749862461253,-0.029187817258883197,-0.001996506114299912,-0.0028528276556469834
2018-11-26,0.014677538917716726,-0.002258120548897069,0.00044786814761721416,-0.0011020295711268169,0.004575163398692794,0.0018754688672166786,0.004375631100639543
2018-11-27,0.0011689070718876593,0.00113161559888586,-0.0012534694242993805,-0.002666176335386572,-0.0039037085230968493,0.004243104954449128,-0.00033512064343166337
2018-11-28,0.02028604786923527,-0.004869141813755307,0.0026893769610039087,0.0011983775811208464,-0.003265839320705455,0.008947433826270723,0.005028494803888783
2018-11-29,-0.004148190530682161,0.003931847968545288,-0.0028609745194456693,0.005892643403001552,0.006553079947575258,0.0002463357556348189,-0.00033355570380255717
2018-11-30,0.003016374604998484,0.0037423846823323448,-0.0006276338204967979,0.00018306636155607237,-0.004557291666666741,0.0094815909370769,-0.000667334000667319
2018-12-03,0.012888443362451651,0.0047689239573398545,0.0005383097075184473,0.00045758213599333963,0.0228907782864618,0.005367162722615282,0.005676126878130239
2018-12-04,-0.027993779160186638,0.016741456679323363,0.00017934002869446353,0.0030186608122944047,0.0006393861892584063,-0.01480223246784762,-0.006972111553784854
2018-12-06,-0.004363636363636347,0.0031403836360550663,0.0030482338174644408,9.119927040579512e-05,-0.008306709265175738,0.02475369458128074,-0.0030056837178201734
2018-12-07,-0.01913805697589488,0.0018614095947202536,8.938148015724678e-05,0.0014590552617179675,0.011597938144329856,-0.013099387092897374,-0.004027484817287652
2018-12-10,-0.0029788501638368103,0.004138164006418421,0.0030386987219590544,-0.0024585685667455337,-0.015923566878980888,-0.006453969800292225,-0.0010101010101009056
2018-12-11,0.001344487600836608,-0.00016820857863764083,0.0017820547090796612,-0.0040164308534915705,0.005825242718446644,0.0004902561588429055,0.0010111223458038054
2018-12-12,0.010592272116962453,-0.004458277254374199,0.0010673307835986634,-0.0014664100449087725,-0.003217503217503137,-0.015435501653803585,0.002020202020202033
2018-12-13,-0.0008857395925596645,-0.0023658639628221234,0.0026654820079963226,0.00018357044515826537,0.01291155584247905,-0.0060968022894115625,-0.0006720430107527431
2018-12-14,-0.016105200945626508,0.003472516303887563,-0.0010633584404075025,0.0007341470129393901,-0.015296367112810683,-0.0028793189784676043,-0.0030262273032952702
2018-12-17,-0.015167442558942867,0.005823767724510542,0.0010644903752328183,0.0017423200366804004,-0.011650485436893177,-0.03766478342749524,-0.0023608768971332683
2018-12-18,-0.009606587374199393,0.003608290677183712,0.00044306601683663516,0.0009154155986819124,-0.02095612311722328,0.010306588388780069,-0.00033806626098709103
2018-12-19,-0.013856812933025542,0.013210702341137193,-0.0007971656333037869,0.001737698920797559,0.004013377926421535,-0.010976239669421406,-0.004396347649644916
2018-12-20,-0.008743169398907069,-0.003630962204984378,-0.0032798510770322142,-0.002830274810554201,-0.009327115256495655,-0.01501501501501512,-0.0027173913043478937
2018-12-21,-0.01890061426996381,-0.00016564518800721295,-0.0009782995375311465,-0.00045779161325765205,-0.008742434431741719,-0.013918345705196122,-0.003065395095367851
2018-12-24,-0.017819874779258282,0.00497017892644136,-0.002314608742099211,0.0014656041036915646,-0.023744911804613245,-0.03562306761661527,-0.0027331738981891673
2018-12-26,0.03694017652827708,-0.010715463237718437,-0.0008030695101275409,-0.00201225647123382,0.02223766504517033,0.03345413994981894,0.007194244604316502
2018-12-27,0.00472887767969743,0.00016663889351775651,0.0,0.0,-0.009517335146159156,-0.00013487995683847398,-0.0200680272108843
2018-12-28,0.0017257609036711585,0.0084138620459846,0.004732988033577357,0.002932820089817767,-0.00823610157858623,0.0032375556454877774,0.004512322110378442
2018-12-31,0.004855129209083708,0.003800082610491584,0.0027553106390540982,0.0007310609522068745,0.0027681660899654403,0.002689256420599584,-0.0020732550103663705
2019-01-02,-0.00031172069825424753,0.005267056209365517,0.003102286828576606,0.0015523696466075432,0.002760524499654915,-0.021724554110231886,0.0010387811634349209
2019-01-03,-0.01699407545993148,0.011379451494064607,0.00044181320137837155,0.005835156819839371,0.008258774948382674,0.006991089787525606,-0.0010377032168800149
2019-01-04,0.031879460745440236,-0.0115751983163348,-0.0006182653241476599,-0.002084844089920157,0.013651877133105783,0.011707051456574913,0.00865650969529086
2019-01-07,0.006148170919151319,-0.002948161493735113,8.83782589482518e-05,-0.0006358434008538749,0.007407407407407529,0.009822389666307885,0.002059732234809486
2019-01-08,0.007332722273144077,-0.0026283367556467763,0.0022092612230470987,0.000818033084893699,0.010026737967914423,0.02065289806795456,0.0017129153819799292
2019-01-09,0.009250834091598437,-0.0015646874742650807,0.0037915527731240406,0.001180637544273777,0.01985440105890146,-0.0014360313315926465,0.0034199726402188713
2019-01-10,0.004658151765589924,-0.006433520290333283,-0.002635277582571982,-0.002358490566037652,-0.002595717066839809,0.013596548568440392,0.0
2019-01-11,-0.0035895901884533954,0.0039017101112404085,0.0018495684340320562,0.002636843062374883,-0.003253090435914041,0.0028376112472590087,-0.0006816632583503957
2019-01-14,-0.005703992794956592,-0.0037211610022327424,-0.0026373626373625836,-0.0018137299356125736,-0.008485639686684143,-0.003344051446945384,-0.0023874488403820004
2019-01-15,0.009057971014492905,-0.0036520584329349237,0.0006170118995152407,-0.0009085127646042412,0.007899934167215239,0.009549619305716961,0.002085470085469998
2019-01-16,0.0028426092160382943,0.0009996667777407708,0.0019379844961240345,-9.093389106129557e-05,0.0052253429131285944,0.0070305509395371946,0.0016717273378594744
2019-01-17,0.007310159630016244,0.00024966711051921386,0.0020221557939159585,-0.000818479447071585,0.0006497725795970855,0.0048235592790046855,0.0013623978201635634
2019-01-18,0.010515402843602084,-0.005241700640652214,0.0017548477669562246,-0.001183216528624853,0.010389610389610393,0.0034108135421930807,0.0023809523809523725
2019-01-22,-0.013190678587131854,0.0067748410839745254,0.0016641849872995884,0.0006378713322399143,-0.007069408740359995,-0.003021528389777317,-0.0033932813030199682
2019-01-23,0.00252487746918173,-0.0004153858934951016,0.002535851696397362,-0.0011838630361533653,-0.0012944983818770073,0.00012627857052671665,0.0010214504596526286
2019-01-24,0.001777777777777878,0.006565824468085069,0.0026166593981682418,0.0015499635302698156,0.0025923525599482744,0.003409090909090917,0.0027210884353741083
2019-01-25,0.011091393078970668,-0.004789034761786826,0.0008699434536754147,-0.0015475648611742443,0.005171299288946329,0.01245753114382775,0.0027137042062415073
2019-01-28,-0.006874360099458854,-0.000995602754500946,-0.0001738374619729699,-0.001367614879649981,-0.013504823151125445,0.009818543375590405,-0.0027063599458727605
2019-01-29,0.0001472754050071412,0.005066024416576775,0.002173346083630401,0.0029215739979913113,0.009778357235984414,0.007876923076923115,0.0010176390773406485
2019-01-30,0.014136356943012851,-0.0007436787307881776,0.004597501734906251,0.005461993627674078,0.007101355713363455,0.008059592135791771,0.004405286343612369
2019-01-31,0.006534049658777352,0.008600016538493183,0.006994214661946385,0.005613399728383817,-0.00512820512820511,0.0104179285281647,0.0013495276653170407
2019-02-01,-0.0011540680900172795,-0.008280724768385705,-0.005402160864345862,-0.003511299180696703,0.009020618556700999,-0.006354154178156102,0.0003369272237196963
2019-02-04,0.005777007510109788,-0.004464285714285698,-0.0013794292611432057,-0.0019877123238165595,0.0006385696040869249,0.007480694980695146,0.000673627484001349
2019-02-05,0.005887421022400918,0.004567347616674988,0.004057670724337381,0.0013579576317219733,-0.004467134652201721,0.0057485029940120835,0.0026926960619320095
2019-02-06,-0.003854389721627327,0.0004959907415060805,-0.0018916595012897774,-0.0006328541723170655,0.0012820512820512775,-0.00654917837580371,-0.001007049345417843
2019-02-07,-0.0104614502722844,0.006609931421961424,-0.00017229496898685248,0.0015379048308303833,-0.00960307298335461,0.00827040632865872,-0.003024193548387122
2019-02-08,-0.0002896451846488013,0.004268242633177266,0.002498707565052438,0.0004516303856925141,0.0012928248222365823,0.0,-0.0005055611729019027
2019-02-11,-0.0013037809647979959,-0.003923171230077571,-0.0022346368715082665,-0.002076561935716925,-0.005810200129115595,0.002734189253447372,-0.0008430281571405462
2019-02-12,0.012329561937917122,-0.002584721424468639,0.001378241019898363,0.00018094634940735155,0.005844155844155763,-0.006283343212803771,0.0030374620317246137
2019-02-13,0.0005731480154749224,-0.003743161531816974,-0.002580645161290307,-0.0001809136137493894,0.005810200129115595,0.005130040563111615,-0.0003364737550470842
2019-02-14,-0.0005728197049977846,0.005697770437654848,0.001121172919361646,0.002804668415814726,0.0025673940949935137,0.003204747774480765,0.0013463480309658937
2019-02-15,0.010316664278549936,0.0015600624024960652,0.0012060647829084115,0.0,0.018565941101152506,0.00674396592522486,0.002016806722689113
2019-02-19,0.003403772514536829,0.0025414002295458538,0.0006023059714335144,0.00234572356549978,0.0025141420490257804,-0.00023504524620998613,0.0013418316001343467
2019-02-20,0.0026855123674911496,-0.0028620492272467546,-0.0008599191675983109,0.0003600360036004613,0.0031347962382446415,-0.0062301633948511626,0.0006700167504187782
2019-02-21,-0.0023963913166056283,-0.008938822371658217,-0.0028401755744900115,-0.0017095555155659525,0.0031250000000000444,0.000946297610598501,-0.0006695681285571187
2019-02-22,0.006076020912816338,0.005957798924286273,0.004488175384084192,0.002613789995493443,0.0024922118380061864,0.005908768612621129,0.003350083752093669
2019-02-25,0.0025280898876403057,-0.0029612568890351465,-0.0003437016669529669,-0.0007191657677094732,-0.014916096954630254,-0.007871240601503793,0.0
2019-02-26,0.0007004763239004674,0.00495008662651597,0.0015471892728209369,0.0014393666786614023,0.00441640378548902,-0.003078744819419832,0.0016393989983305435
2019-02-27,-0.002099958000840063,-0.011329119119940834,-0.0028321318228630155,-0.0023356090549765396,0.005025125628140614,-0.004988715999524884,-0.0013033724345062891
2019-02-28,-0.0035072951739618663,-0.0034044673254173263,-0.001377054823995194,-0.0016207455429497752,-0.0024999999999999467,0.002626238510206491,-0.0006675567423231055
2019-03-01,0.005349852175137171,-0.011331444759206777,-0.004826338016030385,-0.001984126984126977,-0.011278195488721887,-0.0030956066198355447,0.0010020040080158665
2019-03-04,-0.0029407645987955533,0.007837518961739454,0.0022516670996797217,0.0014458702331465734,0.003168567807351197,0.0045383972291890284,-0.000667334000667319
2019-03-05,0.00014044943820201716,0.0020904757922903805,0.0003456320746564323,-0.0003609456776754172,0.005053695514845247,0.0027345143264772,0.0010016694490817546
2019-03-06,-0.004915040022468675,0.003671562082776969,0.0009501597996026678,0.0011734970211230156,-0.0056568196103079504,-0.00462414038415937,-0.0013342228152101177
2019-03-07,-0.01044312729325425,0.006484868639840435,0.0032792544011046587,0.0027950590568930345,-0.0025284450063212116,-0.0021441334127457745,-0.0030060120240480437
2019-03-08,-0.0025670279520821904,0.004212787047744859,0.0012902115947015513,0.0008991188635136815,-0.0006337135614702394,0.0010743702996300897,-0.0010050251256281673
2019-03-11,0.013297111810123052,-0.0029612568890351465,0.0011167425478910697,-0.00017966223499821243,0.0012682308180087531,0.014667302647269231,0.0026827632461434714
2019-03-12,0.0038097925779596586,0.007012622720897754,0.0027458383387677365,0.0018867924528302993,0.0063331222292590805,0.004583382301093009,0.0010033444816053283
2019-03-13,0.0057632836660106435,-0.001884319187284933,-0.0016258771179188392,0.0011658147251367712,0.006293266205160464,0.004913430042115197,0.0016705646508519134
2019-03-14,-0.0009783368273933446,-0.0072231798407617065,-0.0019713722465072303,-0.0002687208885704395,-0.004377736085053208,0.0015133876600696983,-0.0006671114076050033
2019-03-15,0.008114157806379474,0.006614303431169866,0.0036070079010650513,0.00349431054564997,0.0,-0.003138440079042182,0.0020026702269693164
2019-03-18,0.005550929780738123,-0.0005749486652977254,-0.0005134348793428556,-8.928571428579168e-05,0.005025125628140614,-0.005013992537313494,0.0016655562958027836
2019-03-19,0.0008280430582390252,-0.002218934911242698,0.0001712328767122795,-0.0008929368693633144,0.0024999999999999467,-0.003046994023204075,0.0
2019-03-20,-0.002482073910645255,0.010460423358866766,0.006762540660845806,0.006613638394852073,0.007481296758104827,0.003056306571059153,0.002327901563019541
2019-03-21,0.007050041470832102,0.002200847733941913,0.0018705892356092324,-8.878629139652539e-05,-0.004950495049505066,0.017813195827961925,0.0
2019-03-22,-0.020727522306108304,0.015534770231801609,0.0061104981753372645,0.0030190019534717116,-0.008706467661691475,-0.007253886010362698,-0.0056403450564035396
2019-03-25,-0.00014017381553133035,0.0016017940092905025,0.0020244622522143096,-0.0002655807365438134,0.0037641154328733606,0.001275806077476238,0.000667334000667319
2019-03-26,0.006869479882237517,-0.0007196545658084696,0.0004209108510817572,-0.0017710085893917205,0.001875000000000071,0.0079925865863546,0.0010003334444814715
2019-03-27,-0.0045948203842940405,0.009202208530047162,0.0013463480309658937,0.0004435376563469706,-0.005614472863381237,-0.002872902780969855,0.00033311125916068995
2019-03-28,0.002937473772555821,0.0034887408816999255,0.0012605042016806678,0.0007980138322398744,-0.0031367628607276155,0.0025354385156159953,0.0
2019-03-29,0.006276150627614996,-0.0009481668773704266,-0.0007553503986571508,0.0017719500310089398,0.0006293266205159576,-0.0009196459363145504,0.001332001332001287
2019-04-01,0.012196812196812123,-0.016371401455235635,-0.006719301192675942,-0.0037145131334570536,0.009433962264151052,-0.0005753077896674119,0.0019953441968738606
2019-04-02,-0.00041079008626598856,0.0018493205757015296,0.0013529511246406223,0.0009764758100310189,0.0024922118380061864,0.007022795302786156,0.00033189512114173425
2019-04-03,0.0046575342465753344,-0.008667736757624334,-0.0021111298767100273,-0.0031039375665130597,0.0012430080795524656,-0.0011432491139818923,0.0013271400132712774
2019-04-04,0.0014998636487590922,0.002833549222797993,0.0016078530930014878,0.0007116804554754275,0.0006207324643079382,-0.001602380679867288,0.000878064943671264
2019-04-05,0.0038121170864533482,0.0012916767578912136,0.0016052720513686225,0.0011556582807361604,0.0031017369727046606,0.006993006993007089,0.0011090328240610514
2019-04-08,0.0012206700122066039,-0.0035475288236717084,-0.0014339940953184138,-0.00097673592612324,0.0037105751391464104,-0.00557832422586535,0.0009920634920634885
2019-04-09,-0.0052831211053913085,0.003155595112873222,0.0021118432167595014,0.0009776908719225652,-0.001848428835489857,-0.005266170578133833,-0.001982160555004886
2019-04-10,0.004221707748876424,0.0024197451201806164,0.004889151142206893,0.003640561179186541,0.00864197530864197,0.009207043388191893,0.0016550810989739428
2019-04-11,-0.0031190669921343783,-0.005873833279691043,-0.0010066269608253187,-0.0023002742634699036,-0.004895960832313251,-0.0006842285323298558,-0.000991407799074695
2019-04-12,0.007073867501020237,-0.007122622420072777,-0.0005877907464942878,-0.0018621973929235924,0.0030750307503073504,0.004792879150975704,0.000992391663910075
2019-04-15,-0.0004052411184655158,0.0025271052417052964,-0.0015963703579230382,0.0005330490405117683,-0.0018393623543836446,-0.005110732538330498,0.000991407799074695
2019-04-16,0.00108108108108107,-0.0062611806797854275,-0.002777076495834363,-0.0023086485526550016,-0.0036855036855037993,-0.022602739726027332,-0.0003301419610431955
2019-04-17,0.0004049676025918991,0.000409131822273201,-0.00016877637130796597,-0.00017799928800277254,-0.0036991368680640013,-0.009110021023125414,0.00033025099075301156
2019-04-18,0.0002698691134799258,0.005234745624079773,0.0008440243078999821,0.0028484956382410775,0.0030940594059405413,0.007661480433757584,-0.000660283922086502
2019-04-22,-0.00013489815189515753,-0.00480065093572013,-0.0016022938100860307,-0.0009763891354518384,0.004935225169648172,-0.01099543806293135,0.0
2019-04-23,0.00539665407447365,0.0021257460551058482,0.004138863079651944,0.0023100844069303683,0.0012277470841006721,0.01324659964518049,0.0016518004625041272
2019-04-24,-0.005501878690284401,0.008158603247124141,0.003364737550471064,0.003457140324439223,-0.0036787247087675112,0.007353799463055921,-0.0016490765171504052
2019-04-25,-0.0002698691134799258,-0.0014566642388929019,-0.0005030181086519425,0.0,-0.0018461538461539417,-0.00208574739281564,-0.0009910802775024985
2019-04-26,0.0037791874746928578,0.0034038414782397997,0.00352289884247603,0.0022084805653710404,-0.011713933415536282,0.007895959126799745,0.0006613756613758071
2019-04-29,0.0024203307785395367,-0.006380744689443607,-0.003928452022734841,-0.0028206258263553385,0.0006238303181533844,-0.009792626728110543,0.0013218770654328527
2019-04-30,0.0009389671361503815,0.005121118517314338,0.00041956868339343423,0.0016794837797224904,0.0031172069825435855,0.009540430482838813,-0.000990099009900991
2019-05-01,-0.006834628785848396,0.002021835826930829,-0.0032712632108706785,-0.0024708789269324294,-0.003107520198881386,0.0008067304367869177,-0.0016518004625041272
2019-05-02,-0.0022938874645797025,-0.004761904761904745,-0.0036186148279053754,-0.004069355980184097,-0.01122194513715713,0.0010363887609396993,-0.0003309066843149022
2019-05-03,0.01054909385988645,0.0028383748276701315,0.004476351351351271,0.0027535974418191334,0.0006305170239595537,0.008512596341884171,0.003972194637537063
2019-05-06,-0.008297644539614568,0.002749474365195015,0.0013453291852350002,0.0015058906900522473,0.003150598613736566,-0.003193794912740966,-0.002307945928123889
2019-05-07,-0.017004048582995868,0.007661290322580561,-8.397010664207283e-05,0.0005306916681409035,-0.012562814070351758,-0.018079871838883155,-0.004626569729015206
2019-05-08,-0.0005491488193301031,-0.004321728691476623,-0.003359086328518557,-0.0025636492220650897,0.0012722646310432406,-0.0010488288078313035,-0.0013280212483400833
2019-05-09,-0.005082417582417453,0.004099348926935198,0.000926862150320229,0.001683949304263077,-0.0050825921219822545,0.0025664955669622014,-0.0019946808510638014
2019-05-10,0.006212895209167346,-0.0013608709574127742,0.0005892751915144157,0.0022119978764820747,0.0019157088122605526,0.010705143123109107,0.0019986675549632515
2019-05-13,-0.02510976948408339,0.00785571142284569,0.0005889281507656108,0.002118831111503461,-0.005098789037603524,-0.0010361501266406004,-0.006981382978723305
2019-05-14,0.009289232934553082,-0.002942813966436031,0.001429412259312146,0.0007047837194960049,0.013452914798206317,0.0036879105681688618,0.004352192835620938
2019-05-15,0.00404406637846888,0.006142310146777241,0.0027707808564232383,0.0020248261290605196,0.008849557522123908,0.0067746009874842805,0.0013333333333334085
2019-05-16,0.007500000000000062,-0.00332989772456993,-0.0015908900611237842,-0.001581444385872377,0.005639097744360999,0.003991788321167755,-0.00033288948069232216
2019-05-17,-0.007582023711056096,0.002227348659613382,8.386447500852157e-05,-0.0009679690249911888,-0.009345794392523366,-0.0019311598318755285,-0.0024975024975025795
2019-05-20,-0.006111959994443694,-0.002063655845702006,-0.002348008385744227,-0.0013212366775302575,0.00440251572327055,-0.014454814477577904,-0.001168419295609957
2019-05-21,0.009084556254367548,-0.0015907102521276473,0.0008405480373203655,0.000529193861351196,0.0006261740763933155,0.0085460214805404,0.0013368983957218195
2019-05-22,-0.004016620498615064,0.0057356807137736165,0.0012597631645250296,0.00035260930888592057,-0.014392991239048802,0.0029772128707203915,-0.0010013351134846582
2019-05-23,-0.01126408010012514,0.011247524752475258,0.0021808421405804523,0.0021149101163200346,-0.020952380952380945,0.002283365681013949,-0.0014667557634481243
2019-05-24,0.005485232067510504,0.0008615963029685592,0.002092400401740857,0.0016707703130496299,0.013618677042801508,0.0030755211299691165,0.00046509915981007843
2019-05-28,-0.008532661910756745,0.00790421036155875,0.000668170049277439,0.0005267316302344227,0.008317338451695466,-0.009879627526686363,0.0
2019-05-29,-0.0057844243792324335,0.0023293733985558784,0.00041732743510558556,0.0017548477669562246,-0.0038071065989847552,-0.013304278013533621,-0.0010033444816052173
2019-05-30,0.004399035050375977,0.00859865210318378,0.00575671616886364,0.003328369974599177,-0.010191082802547768,0.004184586772056242,0.001004352192835567
2019-05-31,-0.009748516530093232,0.01251920122887884,0.002322687681459934,0.006285464862505474,-0.026383526383526257,0.005787706910522106,-0.0008361204013377366
2019-06-03,0.0018547581680694591,0.004627171357050708,0.0,-0.00286284375813306,-0.0033046926635823537,0.0024168488894003026,0.00016736401673633772
2019-06-04,0.0162346909712332,-0.011401389308365983,0.0003310436149963625,-0.0020010440229685234,0.005968169761273234,-0.004477611940298498,0.004350736278447176
2019-06-05,0.0035033632286995964,-0.005651875047735455,-0.0006618681227765766,0.0006102345044025625,-0.020435069215557045,0.020874178295467782,-0.0013328890369878055
2019-06-06,0.005306521435553657,0.003226054228435471,0.001904131136683418,-0.0006098623453564267,0.01749663526244949,0.0019204699502937128,0.0010010010010010895
2019-06-07,0.010557021808584643,0.008651711201286272,0.004462072384729954,0.003661407026414487,0.003306878306878369,0.0037208253467131414,0.0033333333333334103
2019-06-10,0.0042611683848796655,-0.009412479125550433,-0.0036196117143797446,-0.00538521671154335,-0.002636783124587927,-0.0032576949000223676,0.0013289036544850141
2019-06-11,0.0028743498494387953,0.0006130268199233679,0.0009081902245706708,-0.0013099292638197868,0.006609385327164485,0.002704834892369945,0.0013271400132712774
2019-06-12,-0.005732223283745119,0.0007658140603461483,0.0014847809948033142,0.0005246589716685346,-0.013788575180564755,0.0033719231201527755,-0.002650762094101977
2019-06-13,0.0034317089910775866,0.003443526170798794,0.002553331686022675,0.00034958923265149267,0.012649800266311573,0.004256749187857123,0.0009966777408636496
2019-06-14,-0.004377564979480053,0.002516586593456882,0.00041077883667428594,-0.0015726017822819127,0.0039447731755424265,0.000557724484104849,-0.0018088284102222296
2019-06-17,-0.011541632316570571,0.0017495816217860671,0.0004927322000491952,-0.0019250962548127415,-0.004584151931892655,0.01070234113712365,0.0001496234476565661
2019-06-18,0.012927439532944174,0.005011770066064125,0.006648608717064741,0.004120638260564524,0.011842105263158098,-0.0009927200529451508,0.00498005319148942
2019-06-19,0.0032935364347468354,0.0014355874574989436,0.006360078277886538,0.005762682266654995,-0.0019505851755526882,0.0054101799712931165,0.002818410971954899
2019-06-20,0.011352756120913687,0.002640712237814924,0.005428617728082896,0.005642850941922184,0.020195439739413734,0.005051614320228381,0.002803892462477142
2019-06-21,-0.002704895861509349,-0.010986530212957923,-0.003626400193407986,-0.0044889502762431865,0.0025542784163472554,-0.014095279720279685,-0.0016447368421051989
2019-06-24,-0.0010848928668293345,0.007456440690861932,0.0025072791976705755,0.0019077349982659086,0.00445859872611476,-0.0034356644131663394,0.0011103789126853947
2019-06-25,-0.008009774640238998,0.0030964428668529553,-0.0029850746268657025,-0.001731002250302982,0.003170577045022327,-0.014790925266903843,-0.0017673950177233833
2019-06-26,0.0006842753524018974,-0.006399638608643232,-0.002022981064897178,-0.0009537020981446043,0.005056890012642201,-0.01997968167964792,-0.00019122980547303658
2019-06-27,0.003829321663019636,0.007047056149124931,0.0058379956215033335,0.0019092250282044532,0.0,0.003225063349458601,0.0024996537418957576
2019-06-28,0.0042234332425066246,-0.0006772009029345494,0.002579604997984708,0.00034647033347767753,-0.010691823899371067,0.003444316877152742,0.0006578947368423016
2019-07-01,0.007868674535341347,-0.0042918454935622075,-0.0009648629090617256,-0.00735994458394662,-0.0006357279084551193,-0.0004576659038901809,0.0036160420775805946
2019-07-02,0.0024229371382418208,0.007713248638838266,0.0027364185110663186,0.0005233775296580312,-0.01653944020356235,0.017399267399267337,0.00011464133639038643
2019-07-03,0.006311266281724182,0.007128920906498637,0.002728950959145937,0.0026155187445509043,0.009702457956015431,0.011926192619261977,0.0015229174513238242
2019-07-05,-0.0046704029890578536,-0.01326279710900824,-0.008804930761226348,-0.003043478260869481,0.0019218449711724261,-0.0035579275072269434,-0.0029431000654022155
2019-07-08,-0.005228582919962421,0.0013592086385261215,-0.0013728498748284412,0.00017444395987786798,-0.0012787723785167016,0.0035706315554562273,-0.0019678583142013206
2019-07-09,-0.0005390835579515141,-0.00037704547168393443,-0.0021025392204431226,0.0010464812069417295,0.003201024327784907,0.0033355570380253496,-0.0006572461386789019
2019-07-10,0.005124056094929941,-0.005506940253470094,0.0022690437601295965,0.001742312048087724,0.021697511167836803,0.005762411347517871,0.0005294311081880387
2019-07-11,0.0012074054199087136,-0.013350527194113782,-0.005902328589909467,-0.003130707018001555,0.0006246096189879147,-0.013001322168356144,-0.0005291509592094679
2019-07-12,0.002947876189200116,0.0011532251864381227,0.0009760065067099255,0.0017447439588240687,0.0024968789013732895,-0.0013395847287341889,0.0006576783952647602
2019-07-15,0.0008016032064128709,0.0057594839502379536,0.00170634598196151,0.0025254724375163295,-0.010585305105852982,-0.0007824726134584292,0.0010680249753531879
2019-07-16,-0.0037378187157922627,-0.002977781171260463,-0.0021090201168073586,-0.0016504517025711651,-0.010698552548772833,-0.002349256068911454,-0.001066885514977356
2019-07-17,-0.004421814283800063,0.010797978250880691,0.0052836937083402535,0.0020882276168101566,-0.008905852417302795,-0.0033639829558198553,0.000328623069339562
2019-07-18,0.004710632570659623,7.576331540271042e-05,0.002344950270882107,0.0020838760093773168,-0.007060333761232274,0.0,0.0016425755584756896
2019-07-19,-0.005760214333556668,-0.002348484848484822,-0.0015327525008066445,-0.0015596568754873141,0.005817711700064621,-0.016314131413141197,-0.001279107904230803
2019-07-22,0.0024252223120453387,0.001898397752297054,0.0030702108750102486,0.00026034886748238506,-0.0032133676092545027,-0.0009150177284685812,0.0007684476700271503
2019-07-23,0.005510752688171916,-0.00545702592087316,0.0005638340716873635,-0.00026028110359188616,0.006447453255963964,0.0113337149398971,0.001388050297955079
2019-07-24,0.00320812725571451,0.004343850022862306,0.0028175817098694544,0.00026034886748238506,-0.004484304932735439,0.0007923930269413404,0.0004358269406588011
2019-07-25,-0.007461692205196546,-0.00478033234691555,-0.0032110459982338524,-0.001648446989415353,-0.0038610038610037423,-0.00588168759190133,-0.0016377333770062341
2019-07-26,0.004967109679151704,0.0023635254650808957,0.0013690907626640048,-0.0006952289910489018,0.0012919896640826156,0.004551143474798014,0.0
2019-07-29,-0.0006679134384183216,0.0003042519205902483,-0.0006433971368827729,-0.0008696408383337406,0.003870967741935516,0.0027183146449201168,-0.00032808398950134876
2019-07-30,-0.004812190883571654,0.00243327503611912,-0.0003219056816353705,0.0014796762120288243,0.005784061696658016,0.008019880266576296,-0.0022973416475221553
2019-07-31,-0.009267965077233042,0.008040658423727365,0.000885525680244692,0.00156440118199197,-0.006389776357827448,-0.003922008068130811,-0.0006578947368420796
2019-08-01,-0.008134490238611791,0.01783429904432232,0.00530845330974028,0.0013016313779938837,-0.027652733118971207,0.0,-0.0019749835418038098
2019-08-02,-0.008884636413340474,0.009241460890137443,0.0010400832066566057,0.0006933009792875477,0.001322751322751392,0.004837439532005661,-0.002308707124010545
2019-08-05,-0.029513170597158966,0.01728811076111647,0.0007193094629154295,0.0034641032302762387,-0.008586525759577301,-0.01970443349753681,-0.006611570247933907
2019-08-06,0.011368480886741361,0.00799308705983992,0.0062295343822378335,0.003711055493225146,-0.00532978014656893,0.011078117862037384,0.0026622296173044457
2019-08-07,0.0035127160320360673,0.0003571938848407896,-0.0001587427573617184,0.0005159071367153434,-0.01272605492297385,0.00971422116796572,0.0023232658479921398
2019-08-08,0.014701764211705326,0.002142398057559225,0.0026990553306343035,0.0025782055689240746,0.005427408412483015,0.017563485848528737,0.001986754966887494
2019-08-09,-0.006761418518007378,-0.0019952968003991156,-0.0029293009262925107,-0.001028630207440373,0.00877192982456143,-0.0012093227792435712,-0.0026437541308659274
2019-08-12,-0.011253125868296743,0.0208496965369509,0.006272828330951219,0.004032950060065099,-0.0073578595317725926,-0.002641717116125375,-0.001988071570576455
2019-08-13,0.014612898693269427,-0.0034272924389733284,-0.0007890791446383272,-0.001623792838219007,0.02358490566037741,0.0014347202295552641,0.0026560424966799445
2019-08-14,-0.02852790472233746,0.02252947782144865,0.002921898444286475,0.0018832391713747842,-0.015141540487162541,-0.015208287414591126,-0.0056291390728475665
2019-08-15,0.0018531717747682919,0.011119500308875097,0.004881889763779457,0.004442925495557137,-0.008021390374331583,0.009959713518352675,0.0017982017982016707
2019-08-16,0.013659647125782604,-0.008010318376213466,0.0018022253565270763,-0.0028921401837359584,-0.0006738544474393926,0.010304709141274238,0.0021938571998403322
2019-08-19,0.008422234699607012,-0.014302333538629974,-0.0032850997262415804,-0.0037536256611500063,0.00472016183411994,0.007238429480149078,0.0011608623548922115
2019-08-20,-0.005289532293986765,0.0103443487920023,0.005807109785764597,0.0012844665182394355,0.0026845637583892135,-0.007077526132404199,0.000165645188007435
2019-08-21,0.008256367198432812,-0.006665292379578136,0.001794491690723321,-0.0010262550243735902,0.0033467202141901353,0.0041671235881126645,0.002318648559125558
2019-08-22,-0.0015267175572518665,-0.006640841173215284,-0.0036604361370716765,-0.0008560910880918149,-0.004669779853235467,0.004586655018018915,-0.0006609385327165374
2019-08-23,-0.020850708924103456,0.016434540389972163,0.0036738841553973778,0.005740724873618319,-0.007372654155495928,-0.014023263398195374,-0.0029761904761904656
2019-08-26,0.009227711527541205,-0.0040422033433817894,7.788161993760312e-05,-0.0011075140569091202,-0.0006752194463199857,0.007717750826901959,0.0016583747927032544
2019-08-27,-0.002672668448445603,0.015408956455940093,0.005373413285569617,0.004690831556503072,0.006756756756756799,-0.002844638949671796,0.0011589403973510937
2019-08-28,0.004090267983074547,0.0012871756656052113,0.0,0.0019524617996604654,0.008724832214765055,0.003291639236339572,0.0008268562923765543
2019-08-29,0.011237533361427188,-0.0037889039242219313,-0.0021688613477923724,0.000593069558586734,0.0026613439787093185,0.007764654418197736,0.00033046926635815765
2019-08-30,0.0019447145436866098,0.0002716653083401077,-0.00015525539512484254,-0.0038103302286197627,-0.015925680159256772,0.0007596310363537917,0.0006607201850017397
2019-09-03,-0.00540690420074863,-0.000475285171102624,-0.003649068322981397,-0.0016999575010624435,-0.0053944706675657095,0.009976144003470022,0.0
2019-09-04,0.013381655979927576,0.0014944636913252207,0.0018701784461931936,0.0024691358024691024,0.023728813559322104,0.0083744900150311,0.003961703532519012
2019-09-05,0.010866574965612052,-0.01811028962897654,-0.007311192346581619,-0.00450144385935114,-0.0013245033112582183,-0.007240204429301622,0.0006576783952647602
2019-09-06,0.0013607293509321217,0.0071152252003316985,0.003604168298989352,0.0008531695247846471,0.0026525198938991412,0.0022522522522523403,0.000328623069339562
2019-09-09,0.0012229922543824934,-0.01776527882570822,-0.007338590053868388,-0.0051146534822266165,0.0092592592592593,-0.0048154093097914075,0.0
2019-09-10,0.0001357220412594451,-0.017527932960893833,-0.00841525756979955,-0.005740724873618208,0.001310615989515096,-0.010322580645161228,-0.0013140604467806183
2019-09-11,0.0077351065273443265,-0.001776956429028309,-0.0007931472081217361,-0.0011203033436746335,-0.007198952879581166,0.0010864841373314782,0.0025657894736843545
2019-09-12,0.004309183948289608,-0.006550840216462461,-0.0013494205429432915,-0.0007764644983176971,-0.0039551746868820015,0.005317994356414113,0.0010499376599515386
2019-09-13,0.0010726736390453961,-0.0213589449541286,-0.00898179794928855,-0.005871179416335637,0.0,-0.010687682176400704,0.0003277613897081366
2019-09-16,-0.004152156442539523,0.01274351838289145,0.005052935514918255,0.005992704533611226,0.04434149569821311,0.008729812309035356,-0.000982961992136322
2019-09-17,0.0016139878950909292,0.005423777842059607,0.002553666906072838,0.0012950012950012635,-0.019011406844106404,0.01081782778018181,0.0009839291571007713
2019-09-18,-0.0005371290452530486,0.0042436884125729435,0.0024675634800606083,-0.003103983445421621,-0.006459948320413411,-0.003424657534246478,0.000655307994757548
2019-09-19,0.0010748354158269802,0.0030081650193380938,0.002858504049547461,0.001989275211901065,0.005201560468140354,0.003543814432989567,-0.0006548788474132206
2019-09-20,-0.0037578848476714777,0.013210511282490733,0.0068883610451306865,0.0055243849805783896,0.001293661060802087,0.0,0.001638269986893759
2019-09-23,-0.001347164219318464,-0.0002114313905136056,-0.0007077140835103357,0.0013735084556614208,0.0025839793281652312,0.0016051364365969878,-0.0013084723585213842
2019-09-24,-0.0059355186833940365,0.012054137882419047,0.003147623544224265,0.00222888984140579,-0.011597938144329856,-0.010149572649572502,-0.0009826400262037405
2019-09-25,0.0027140724657348514,-0.014627011214041863,-0.005647944775651115,-0.005217688820460142,-0.005867014341590648,0.0019427954668105318,-0.0016393442622950616
2019-09-26,-0.001082690485857296,0.00643245917862445,0.0021300094667087155,0.000601891659501419,0.0,0.00840245610255308,0.0003284072249589709
2019-09-27,-0.005554802872239528,0.002458210422812135,0.00023616468550735625,-0.0015467904098994678,-0.003934426229508237,-0.005554962076701142,-0.0026263952724885353
2019-09-30,0.004768392370572139,0.0024521824423737737,0.003305524948843175,0.0008606592649971212,-0.00987491770901916,0.0017187667848317378,0.0013166556945358732
2019-10-01,-0.011525423728813489,0.0012580374615598355,-0.0014904298713523945,0.00025797575027941555,-0.0006648936170212671,-0.009436997319034801,-0.0016436554898093814
2019-10-02,-0.016735253772290792,0.0024431104285915772,-0.0003928038337654982,0.0,-0.008649367930804952,-0.004222150048717177,-0.0026341784655911082
2019-10-03,0.008370535714285587,0.009121927442378386,0.003929581892486711,0.0031808803301238697,-0.0013422818791946067,0.009676016525331566,0.0029712776493893145
2019-10-04,0.010514665190924255,0.007383383935964716,0.004149052763425809,0.00308509726626105,0.008064516129032251,0.006029934316786889,0.0023041474654377225
2019-10-07,-0.003970427163198287,-0.008288238920474034,-0.005067435877446069,-0.002733874412644166,-0.0013333333333332975,-0.0021406400513753754,-0.0013267651888341225
2019-10-08,-0.013195876288659703,0.002693742229589624,-0.0008619338661651765,-0.0009423455838258876,-0.0006675567423231055,-0.00525581894240057,-0.002124329159212901
2019-10-09,0.008636300320378654,-0.00564854997589026,0.0003921261077561855,-0.002057966043560344,0.002672010688042681,0.0019409100711667016,0.002142033283901945
2019-10-10,0.007871840905952388,-0.014894354000692833,-0.00587958607714012,-0.003179240419315943,0.0066622251832111345,0.0016142918639689974,0.00033541598158493
2019-10-11,0.013565360372704838,-0.012376933895921205,-0.0018137370869805158,-0.003103180760279267,0.011912640635340921,-0.00042978403352311734,0.004595630534973472
2019-10-14,-0.002703798837366489,0.00726288806607811,0.00331805972507504,0.0016428880242109756,-0.004578155657292249,0.00042996882725998553,-0.0019633507853402676
2019-10-15,0.010031177985631246,-0.012088222819171546,-0.002677165354330713,-0.003366712707182362,-0.0026281208935611255,0.001289352100569463,0.0031573770491803987
2019-10-16,0.00026842034626217703,0.0012164579606439574,0.001105321332701692,0.00155911650064966,0.0013175230566535578,0.00010730765103561524,-0.0005327441553391044
2019-10-17,0.0024151348450287546,-0.002429959977129581,0.0014195583596214867,0.001383723947072646,0.003947368421052699,0.006545064377682319,0.0019620667102682177
2019-10-18,-0.003346272252710447,0.0,0.0012600409513308097,0.001554538388461868,-0.000655307994757548,0.007675087943715964,-0.0010541775456919256
2019-10-21,0.00725221595487513,-0.0075225677031094396,-0.0022809501337108795,-0.003190480296628495,-0.0013114754098360049,0.007616629641383765,0.0010552900087232864
2019-10-22,-0.0031999999999999806,0.005847108929473821,0.0017343318880567171,0.003027681660899617,0.0013131976362441566,-0.0029396325459317696,-0.0006527415143603443
2019-10-23,0.003611556982343389,0.0010047366154728454,0.0005508774691116436,0.0006899525657610983,0.012459016393442601,0.0022112245972412126,0.0011430437622468315
2019-10-24,0.002265760362521574,-0.0020074562661313022,0.0022022966808243893,0.0006032922520038397,0.005181347150259086,-0.0025215381382643898,0.001014516392105591
2019-10-25,0.002792553191489189,-0.00488505747126422,-0.0017265735363365398,0.00017226528854452638,0.005798969072164928,-0.008531704234253201,0.0007788542695226219
2019-10-28,0.005967378331786177,-0.009096159399364812,-0.002987421383647826,-0.004822597313124399,-0.0038436899423445192,-0.006055455221502082,0.0009768804949528143
2019-10-29,-0.00118639599261805,0.0006556899315168785,-0.0026021132313515105,-0.0025095188646591104,-0.0019292604501608412,0.006092347156904543,-0.0012849707221859186
2019-10-30,0.0023756103998944234,0.01463414634146365,0.0035575934856511005,0.003730372169688634,-0.006443298969072142,0.003612025921597928,0.0006351688083254814
2019-10-31,-0.0023699802501646605,0.013490241102181333,0.0060658578856152,0.003111495246326701,-0.005836575875486361,-0.0017995130729332454,-0.0003255208333332593
2019-11-01,0.010162333377326194,-0.004814500141603006,-0.0017226528854435985,0.0012924349474408015,0.0182648401826484,-0.0002120890774124362,0.004233148811461973
2019-11-04,0.004311471126208444,-0.013161639157655003,-0.004706251470703582,-0.0006884089148954109,0.006406149903907865,-0.007000424268137406,0.0009727626459143934
2019-11-05,0.00026017952387147325,-0.011246485473289658,-0.005753014421940317,-0.0018944286575389713,0.0025461489497136114,-0.01698355052339251,-6.802721088439156e-05
2019-11-06,-0.0005202236961894258,0.006051768137075975,0.005627774254914453,0.0031921318264169773,-0.0107936507936508,0.002173204389873007,-0.00027212735560233625
2019-11-07,0.004163955757970239,-0.018118567908392502,-0.007803263182785569,-0.005589955280357772,-0.0006418485237483784,-0.009975062344139696,0.0006643011066282956
2019-11-08,0.0,-0.004207263064658906,-0.0013504925325706907,-0.0006053792268442271,0.0025690430314706525,-0.0024093746577592556,-0.0006476683937823857
2019-11-11,-0.002332512634443562,0.0006671114076051143,0.0003181926656590228,0.0005192107995846129,-0.006406149903907754,0.002195630694917128,0.0003240440699936453
2019-11-12,-0.0006494349915573405,0.004592592592592704,0.0009542743538768494,-0.0001729804532089041,0.0006447453255964408,-0.007558330594807927,-0.0016196954972464983
2019-11-13,-0.0009097998440342758,0.006488718478100619,0.002383411456264417,0.0008650519031143666,0.0019329896907216426,0.009161147902869926,-0.0009733939000649006
2019-11-14,0.0001300897619356256,0.010329670329670249,0.005231037489102031,0.0023336214347449147,-0.003215434083601365,0.007765503664005191,-0.00032478077297815044
2019-11-15,0.0066337148803330415,-0.0010876658690450736,0.00015769139793420095,-0.0012072087608864246,0.005161290322580614,0.005426524853483938,0.0019493177387914784
2019-11-18,0.0009045096265667407,0.0018147502903600454,0.0011036657469452038,0.001985668652335404,-0.010269576379974388,0.004857512953367893,0.0009727626459143934
2019-11-19,-0.0011618900077458028,0.008332729512354309,0.001968658949523583,0.001809408926417344,-0.00907911802853445,0.0017187667848317378,0.00015225137674113043
2019-11-20,-0.004265219077161708,0.01034780109226796,0.001414649481295216,0.003870301883546867,0.01308900523560208,-0.0005361930294905948,-0.002095566920488401
2019-11-21,-0.0003894080996884597,-0.006258890469416745,-0.0023544184586407058,-0.0022275531185743658,0.009043927648578753,-0.014055793991416321,0.0
2019-11-22,0.0009089728606672676,0.0012882908674491933,0.002753303964757592,0.00034346556757691715,-0.000640204865556937,-0.0037000761780390246,0.0009737098344693162
2019-11-25,0.007654385054488788,0.0029306647605431557,0.003451792578645918,0.0011158798283261717,0.0,0.0031676679410159725,0.003242542153047978
2019-11-26,0.0007724990343762617,0.005844202123868492,0.0025799390196232785,0.0021435308239732276,0.005765534913517056,0.013283972125435417,-0.0006464124111182912
2019-11-27,0.0037308632445645085,-0.002905122936299853,-7.797878976933958e-05,-0.0019678302532510905,-0.005095541401273884,0.004728132387706863,0.0009702457956015653
2019-11-29,-0.006152268649064263,-0.0021318931210916325,-0.0020276066443108975,-0.0023146163737677306,-0.01984635083226627,-0.004598930481283459,-0.0029079159935380128
2019-12-02,-0.006448284756254807,-0.015026349522859861,-0.007032898335547433,-0.0023199862519333037,-0.0013063357282822041,-0.01514988718169119,-0.0019442644199610948
2019-12-03,-0.005062305295950198,0.020967392090232018,0.007712284567561234,0.006201016277667781,0.0006540222367561466,0.006436831769583318,0.0012987012987013546
2019-12-04,0.006914546640574004,-0.009985128531973642,-0.0013276064037486268,-0.0006847556278353206,0.015686274509803866,0.004119241192411804,0.0019455252918287869
2019-12-05,0.0010365379632029104,-0.00486409155937062,-0.0010947763528307286,-0.0014561027837258766,0.0019305019305020377,0.0005397819281012239,0.0009223300970873094
2019-12-06,0.007895418068858406,-0.005534790109258281,-0.0005479881008297882,-0.0006862240521530172,0.006422607578676853,0.002050064738886359,0.0023182501576215486
2019-12-09,-0.0032104790034672703,0.0021684134441635194,-0.00015665387326702085,0.0002575107296136636,-0.0012763241863432695,0.0019381931732529445,-0.0016193443913264938
2019-12-10,-0.0006441638752899825,7.212405337164718e-05,0.0,-0.00025744443490949287,0.004472843450479269,-0.005803331542181489,0.001615508885298933
2019-12-11,0.004769885264922058,0.007860954853598834,0.0039169604386994905,0.0035193133047211056,-0.004452926208651453,-0.010161063668792658,0.000967741935483879
2019-12-12,0.00885296381832168,-0.016457960644007286,-0.004603979711275907,-0.004875545291249672,0.008945686900958316,-0.013541552910341759,0.0038672252658715767
2019-12-13,0.003179448047818889,0.01156784285194612,0.006506741925368376,0.004039883101254915,0.005066497783407176,0.00022141038414691394,0.001284109149277679
2019-12-16,-0.004690669371196665,-0.008990218642117354,-0.002258742892748633,-0.0023114459378477115,0.006931316950220534,0.007194244604316502,0.002885540237255624
2019-12-17,-0.00012737230926007648,-0.0013789099354089007,-0.0007806401249024209,0.0013729191693838683,0.004380475594493172,-0.009450549450549461,0.00031969309462920315
2019-12-18,0.0006369426751591245,-0.00821220930232558,-0.0007031250000000266,-0.001113967437874952,0.0006230529595014911,0.001442201020634526,-0.0009587727708532112
2019-12-19,0.0022915340547422502,0.0,-0.0016417793761237531,0.0006862829201339515,0.004358655043586568,0.008862301982940135,0.0015994881637875213
2019-12-20,0.001778229391591557,0.0013189712024621603,-0.0003132341425216012,-0.0005143591941706438,-0.001239925604463732,0.005490282200505181,0.0006387735547748186
2019-12-23,0.0022822365918599985,-0.0014635931211124387,0.0004699984333385032,-0.0017154129856763456,-0.015518311607697122,-0.00502347930544933,0.00031918289179699855
2019-12-24,0.00025300442757747454,0.0028581898131183614,0.0010178515502661245,0.0012028524787353057,0.004413619167717542,0.0026341784655909972,0.00031908104658584513
2019-12-26,0.005438219299355174,0.002411575562700774,0.0017989831834182013,0.000686518493091981,0.007532956685499137,0.004378762999452723,0.00191387559808609
2019-12-27,0.0006289308176099517,0.001093533571480787,0.001405371642723141,0.0003430237543950998,0.0018691588785044733,0.0031607629427794492,0.0009551098376314737
2019-12-30,-0.006033940917661851,-0.0036411302068162232,0.001793232496491548,0.00034290612944709586,-0.0018656716417908559,0.0009778357235983304,-0.020356234096692183
2019-12-31,0.0022764638927532665,-0.009793889782195642,-0.004124834617480033,-0.001028365755420424,-0.006230529595015688,0.007163790296320638,0.0
2020-01-02,0.010347003154574042,0.011330085621493957,0.0021100343857454185,0.004889765805953461,0.0012539184952979898,-0.01174695549089344,0.00551948051948048
2020-01-03,-0.008617459722742526,0.015363281392548389,0.0034313343211416214,0.004609868533378858,0.01189730745147144,0.00621592148309702,-0.003874717468517863
2020-01-06,0.0022675736961452753,-0.005678550891316747,-0.003341882334654378,-0.0025492861998641647,0.0018564356435644136,0.0011921534626639918,0.0009724473257697319
2020-01-07,-0.002513826043237799,-0.004951926552447028,-0.0025733000623830993,-0.0030669620037484524,-0.0006176652254479276,-0.011149599480407058,-0.00032383419689108184
2020-01-08,0.004914314516129004,-0.00657488466707834,-0.0014072394652488995,-0.0009400102546572864,-0.014833127317676165,0.0030651340996168397,0.000330417881438283
2020-01-09,0.005642633228840177,0.003510311540149136,0.004775698739528655,-8.553588230253428e-05,-0.004391468005018884,-0.0005456728145804002,0.0019365159552076072
2020-01-10,-0.002244389027431515,0.008890832240198154,0.0028050490883588797,0.0029940119760478723,0.0,0.007643590303559655,-0.0006043956043957355
2020-01-13,0.007498125468633043,-0.0030338052585956454,-0.00240870240870239,-0.00017057569296374808,-0.007561436672967825,0.012028608582574707,0.0022217694598869464
2020-01-14,-0.0008682709005211064,0.005144182002608133,0.0012462029753097514,0.0013648383519575535,0.004444444444444473,-0.003747724595781099,0.0009680542110359625
2020-01-15,-0.0006207324643078271,0.006631586534996181,0.002178140801244677,0.0007666751852799525,-0.005056890012642201,0.009028374892519286,-0.0012894906511927706
2020-01-16,0.007329192546583929,-0.003150733977801634,0.0013971900954745653,-0.0016172965611167545,-0.0012706480304954804,0.00798892202812107,0.0019367333763717909
2020-01-17,0.002713034899494371,-0.008548236477264548,-0.0001550267421128737,-0.001619916446415015,0.0031806615776079905,0.000951072598541769,0.0003221649484537181
2020-01-21,-0.00541138851309797,0.01050572380814363,0.0048065741530352035,0.003245089666951362,-0.005707038681039944,0.009501689189189255,-0.0032206119162641045
2020-01-22,0.0007419314949919098,0.0035133003513301286,0.000540081783812818,-0.0006809669731018264,-0.013392857142857095,-0.006693160426688993,0.0012924071082389688
2020-01-23,0.0001235635734584406,0.007002000571591838,0.001310919185687709,0.002044293015332155,-0.008403361344537896,0.008422825858075411,-0.0004743465634075017
2020-01-24,-0.008277736595008633,0.00808854831843342,0.0016942626107046,0.0022101326079564387,-0.014993481095176064,-0.003445395698475684,-0.0021081313175336236
2020-01-27,-0.018562352061791354,0.015554617117117031,0.001922041977396871,0.0022900763358777443,-0.018530774321641297,-0.004819277108433773,-0.006632157877709544
2020-01-28,0.009393247017009276,-0.007831450550973673,-0.0005371393492940024,-0.0015232292460015673,0.00472016183411994,0.004000421096957751,0.0030874450415243615
2020-01-29,-0.00012575452716290236,0.00977926795194195,0.003224568138195716,0.003644376642088387,-0.004697986577181235,-0.003669917164726977,0.0005324709900713653
2020-01-30,0.0,0.00013835085777547107,0.0006122292798653728,0.001097787535889072,-0.008766014834794333,0.0007366870132603509,-0.001155236531434678
2020-01-31,-0.01760784806942528,0.009129893484576046,0.002600382409177815,0.0043019822859553525,-0.008163265306122436,-0.01219896939741294,-0.005217572107106383
2020-02-03,0.006785302778133495,-0.002467443454420959,-0.0033564726523762634,-0.0034436418612463493,-0.01851851851851849,0.0033003300330032292,0.0029392553886349315
2020-02-04,0.01716683621566628,-0.013467088085749479,-0.0024492920015307673,-0.004298356510745949,0.0013976240391333494,0.010292869269949101,0.005535656138065725
2020-02-05,0.009501187648456089,-0.010934670566931426,-0.0006138264405740612,-0.0029625867614694323,0.01535240753663647,0.0006301859048418734,0.0019430051813471572
2020-02-06,0.001981424148606692,0.0045067248785297664,-0.00046065259117089585,0.0018677307071908178,0.004123711340206171,0.0033588747769497385,-0.0003232062055591456
2020-02-07,-0.00655048819676185,0.012478093235191112,0.0038405407481374443,0.004067451910855002,-0.005475701574264247,-0.00020922690658031762,-0.0019398642095053154
2020-02-10,0.004976362279174085,0.0027695077200027285,0.0023720254036270205,0.0015191155371760967,-0.008947006194081175,0.01119598200272054,0.0006478781988985549
2020-02-11,0.005075513741024995,-0.0050403921839399235,-0.0014503816793892677,-0.0029493553551867002,0.003472222222222099,0.007553807947019875,0.0032372936225315563
2020-02-12,0.006651065402143219,-0.005065926439972168,-0.0004586805290115459,-0.001014198782961384,0.01384083044982698,0.005956660162267591,0.0011293965795418082
2020-02-13,-0.00452710143154289,0.003836227941689252,-0.0006883365200764935,0.002115059221658111,0.0006825938566552558,0.0060234813680448696,-0.0017727639000805206
2020-02-14,0.000983284169124854,0.0043774319066149925,0.002449104546150327,0.0007598142676235042,-0.0006821282401091588,0.010351126446113135,0.0009589925734583282
2020-02-18,-0.003929273084479323,0.00684884123140761,0.0019086883493664164,0.0021933524548674033,0.007508532423208258,-0.0011048613901164517,-0.0012806575547504861
2020-02-19,0.004191321499013689,-6.870963309046907e-05,-0.0013716375828696226,-0.00042087542087543284,0.009485094850948617,-0.013474107591754714,0.0012919896640826156
2020-02-20,-0.005769702921679332,0.00783343640486489,0.0033574971384966457,0.0019368421052632367,-0.004026845637583931,0.01192538986851499,-0.001612903225806428
2020-02-21,-0.007778738115816752,0.009340696802345505,0.0019773366795954317,0.0018490502605479353,-0.0040431266846361336,0.002921031426269094,-0.0012924071082390798
2020-02-24,-0.0343454454952713,0.014928397730343157,0.00015180265654657354,0.004614093959731447,-0.018944519621109546,-0.013658732549964858,-0.010352636687156247
2020-02-25,-0.025644329896907125,0.0053244592346091135,0.0009865675039841815,-0.001670146137787043,-0.018620689655172384,-0.02708481824661435,-0.00294213795357956
2020-02-26,0.0009258034651502545,-0.005296259516716417,-0.0037149355572404508,-0.0005018820577165073,-0.00983836964160234,-0.01077969649398225,0.0
2020-02-27,-0.03501585623678649,0.010848585690515833,-0.005326839662126104,0.0029291154071471315,-0.017033356990773574,-0.053216250528988596,-0.008852459016393421
2020-02-28,-0.01054361221415856,0.022583618646299763,0.011246270369520195,0.0015854472630172367,-0.017328519855595692,-0.024136775058665738,-0.001984783327820039
2020-03-02,0.03307500691945742,-0.008821067542334693,-0.0036314117113028788,0.0023327501457968136,0.022777369581190365,0.04271155387610226,0.006297646668876222
2020-03-03,-0.02384460817146683,0.015525529427049545,0.011389521640091216,0.01014047045133415,0.0021551724137931494,-0.0023061717548870098,0.00032938076416333395
2020-03-04,0.041031974749554,-0.010618563295592853,0.0014264264264263193,-0.0014811157738831016,0.0007168458781363629,0.03775454045129334,0.0052683569311819944
2020-03-05,-0.030582652254152243,0.02489170492015269,-0.00037484069270543596,0.003131437989287278,-0.01074498567335247,-0.02142554094187521,-0.005895840157222443
2020-03-06,-0.01781343486537945,0.05204390613171839,0.006974651267436682,0.006654070483857799,-0.0325850832729907,-0.017233904183828308,-0.002635914332784206
2020-03-09,-0.07531496608057586,0.027103196018468445,-0.02427943695538859,-0.020564713562918335,-0.07784431137724546,-0.07709275394286974,-0.027089527585067774
2020-03-10,0.045964964815091935,-0.051258100297740694,-0.02251736508663449,-0.028661889685052455,0.031655844155844104,0.03417782026768634,0.01018675721561979
2020-03-11,-0.05167477812768395,-0.0367977355239677,-0.03287521474308919,-0.0226453937210499,-0.018095987411487102,-0.060087820660966074,-0.02117647058823524
2020-03-12,-0.09826415094339624,0.006196895163866234,-0.04771901493742425,-0.0023696682464454666,-0.04006410256410253,-0.10130317187115823,-0.03605769230769229
2020-03-13,0.07164378975560748,-0.022603174603174625,0.04332711548244861,0.003958828186856778,0.01085141903171949,0.0872777017783859,0.017812611328820838
2020-03-16,-0.1121524523586378,0.06476549304924006,-0.014221861032100769,-0.006922537679635576,-0.06028075970272495,-0.17727730246602924,-0.03150157507875384
2020-03-17,0.0624560168895143,-0.0666829357574279,-0.0409727947238252,-0.027971410923850692,-0.015817223198594133,0.05780700412907169,0.008673653776653412
2020-03-18,-0.060109289617486406,-0.05641260295463457,-0.050030086821971964,-0.01225490196078427,-0.03303571428571417,-0.09512794564117388,-0.029380150483697576
2020-03-19,0.00634249471458781,0.027225493591964023,-0.04940729345760575,0.019391600036761325,0.02123730378578026,0.0035149384885764245,-0.015134736064968624
2020-03-20,-0.0316876750700279,0.07519557593741566,0.016087577344121806,0.04453660295708617,-0.010849909584086936,-0.04983282916733012,0.004872563718140821
2020-03-23,-0.01771831495208831,0.04120930816032109,0.0739179314221472,0.01881581218712247,0.01188299817184646,-0.0464142091152816,-0.005221932114882422
2020-03-24,0.08135468433646231,-0.018614457831325315,0.02050074151618264,0.0005930193154861652,0.02168021680216814,0.08996661395185379,0.027746531683539466
2020-03-25,0.027404255319148918,-0.0022711926830766282,0.04787143101384839,0.009652019304038584,0.016799292661361598,0.05384491375141076,0.020430499817584824
2020-03-26,0.05268389662027828,0.004921865386981805,0.0008157937673356486,0.00511530398322857,-0.003478260869565153,0.07052164601499156,0.016803718269574608
2020-03-27,-0.029272898961284266,0.026692788049467175,-0.0020378219758722116,0.0032537960954446277,-0.003490401396160636,0.001000285795941691,-0.0052742616033756295
2020-03-30,0.02204928664072625,-0.008228980322003587,0.012170219717389408,-0.015883575883575807,-0.0026269702276706663,0.021841541755888594,0.004948745139625288
2020-03-31,-0.007455583756345141,-0.008116883116883078,-0.0033085861846352538,-0.0035490958255872673,-0.012291483757682187,-0.02416876222408504,0.00140696447414701
2020-04-01,-0.045868627137605866,0.012547735951991212,-0.017002671848433404,0.004579375848032585,-0.028444444444444494,-0.06571224051538993,-0.012996136283807469
2020-04-02,0.02010050251256268,0.006345785440613039,0.0026356972242813637,0.015279419213236611,0.01921317474839901,0.0033711308611705793,0.005338078291814874
2020-04-03,-0.014942528735632177,0.002379535990481907,-0.005175388154111671,0.008813502951692032,0.025134649910233398,-0.01450824679291396,-0.009557522123893825
2020-04-06,0.061676946157692925,-0.0026112759643917016,0.019735755573905944,-0.0006593587735926887,0.005253940455341555,0.07407407407407418,0.01572551822730528
2020-04-07,0.0010990736379337118,-0.01047245031536348,0.0015385861203336404,-0.0006597938144329296,0.006968641114982521,0.00923387678545673,0.0038705137227303954
2020-04-08,0.02415307402760347,-0.007276007215874958,0.01803040103492881,-0.006849880333415825,-0.002595155709342656,0.06819156540385984,0.005608131791097204
2020-04-09,0.014548238897396759,0.0018171906232962165,0.0470177110634582,0.009888648828319635,0.002601908065915204,0.056076017130620937,0.010456605088881021
2020-04-13,-0.008000000000000007,-0.009129935304431847,-0.00970947432299174,0.001810252612523655,0.01730103806228378,-0.04207324800405521,-0.0010348395998619475
2020-04-14,0.025715155203895224,-0.00024408103490358712,-0.00490233626962866,0.002956878850102651,-0.008503401360544172,0.028046037835692372,0.0034530386740330155
2020-04-15,-0.024922118380062197,0.0264892578125,0.00669694403818033,0.0010646138727377075,-0.020583190394511175,-0.03963453866941191,-0.005161734342739144
2020-04-16,0.004259850905218299,0.011356879533832798,-0.00497017892644136,-0.008671465968586256,-0.0026269702276706663,-0.011389521640090994,0.0
2020-04-17,0.027268595667323092,-0.013404668116879348,0.0033043879197725,-0.004786268361115842,0.004389815627743543,0.031580374085117935,0.010722933241092969
2020-04-20,-0.014599616575726393,0.008044812585662253,-0.005667892156862808,-0.0030679933665007653,-0.01660839160839156,-0.037183024569701684,-0.0037645448323065933
2020-04-21,-0.03067943729422329,0.012591629226767598,-0.003543367739947456,0.005073608916243755,-0.047111111111111104,-0.018149563318777262,-0.008244589488148324
2020-04-22,0.023467654778446922,-0.010216591744993897,0.000618429189857661,0.006041046011254547,0.01399253731343264,0.015288394718554477,0.003463803255975062
2020-04-23,-0.0010559662090814381,0.0053084817742126145,0.0042490729295427965,-0.0005757999506457168,-0.002759889604415755,-0.008350444900752874,0.003106662064204402
2020-04-24,0.010268800966475533,0.0023468669326449643,-0.0006923609508423523,0.005679012345678913,-0.01291512915129156,0.004279403644395385,0.0017205781142464183
2020-04-27,0.016292974588938636,-0.01861390774994154,-0.008083140877598205,-0.0019641541861035172,-0.01869158878504662,0.03422680412371126,0.0003435245620062588
2020-04-28,0.0001470804530079306,0.011511392103065843,0.00271633682576633,0.003444034440344357,0.0009523809523810378,0.008240297713981937,0.0030906593406594407
2020-04-29,0.026470588235294024,-0.005188985199598983,0.00657894736842124,-0.0012257906349596448,0.01807802093244515,0.015027682573161005,0.00992810681273526
2020-04-30,-0.015472779369627432,-0.011676841918084269,-0.0067666282199155825,-0.0074455899198166975,0.01869158878504673,-0.011558441558441546,-0.005084745762711784
2020-05-01,-0.026338766006984926,0.007256807004917709,-0.006425640628628826,-0.0024730030500370592,-0.012844036697247763,-0.03376691630534745,-0.005110732538330609
2020-05-04,0.003287998804364145,-0.004703780887168718,0.0015583606046438714,0.0009916535823484285,0.012081784386617223,-0.004895295077508854,-0.00068493150684934
2020-05-05,0.007001340682258217,-0.0064010528834649305,-0.001322545511124873,0.00115578304301156,0.025711662075298403,0.004919376878928627,0.0030843043180259766
2020-05-06,-0.005325443786982187,-0.016135829971702154,-0.011217574199579361,-0.004865176878040667,-0.0196956132497762,-0.017949415284199133,-0.0020498804236419588
2020-05-07,0.01323616894705526,0.01670644391408116,0.0026786417710549237,0.006297646668876222,0.006392694063926951,0.014261977291609051,0.00445053064019163
2020-05-08,0.01658593864670488,-0.013001083423618609,-0.004792959849139633,-0.00032938076416333395,0.020871143375680523,0.023754266211603925,0.004089979550102374
2020-05-11,0.0010106843777071273,-0.0078058299792658214,-0.008763619137849399,-0.0034596375617792496,-0.01333333333333342,-0.014535271369515823,-0.0027155465037339566
2020-05-12,-0.01687581133708349,0.010264290104486928,0.009637594583831177,0.0009092411968920633,-0.008108108108108136,-0.045466847090663065,-0.0003403675970047315
2020-05-13,-0.01320422535211252,0.00699641053720268,0.0022877879457241512,0.0009084152283425073,-0.009990917347865502,-0.024241565069464288,-0.0020429009193054792
2020-05-14,0.006244424620874156,0.0097873368777186,0.008264462809917328,0.0011551155115512302,0.017431192660550376,0.0034868516635186975,-0.0010235414534287557
2020-05-15,0.0008865248226948008,-0.0025726935503169734,0.003512880562061005,0.0017306741387834723,0.009918845807033394,-0.003909077747212941,0.001366120218579292
2020-05-18,0.03395335104812536,-0.021954291884110133,0.005678724231816368,-8.227067050592396e-05,0.028571428571428692,0.059156976744186185,0.009208731241473478
2020-05-19,-0.010137064534551765,0.0037411836859857495,0.0007735148514851353,-0.0011518841533652013,-0.0026041666666666297,-0.01344860710854956,-0.0005238256167624522
2020-05-20,0.016731573633347763,0.0029940119760478723,0.010975421239759031,0.0029654036243822457,0.0174064403829417,0.008902489915148193,0.005934166258093843
2020-05-21,-0.008795573840260862,0.0024977155041121524,-0.000764525993883991,-0.0010676741130092315,-0.004277159965782595,0.0008272438990761799,-0.0013445378151260012
2020-05-22,-0.001144983540861566,0.006016042780748743,0.0,0.000575515908904034,-0.0077319587628865705,0.013500482160077043,0.0
2020-05-26,0.018770597506805986,-0.013409845967985445,-0.0013771996939554443,-0.003697617091207861,0.010389610389610393,0.03737936658964247,0.0033658700774148453
2020-05-27,0.012517580872011269,-0.0018367721790241154,0.004137296965982085,0.000989690721649561,-0.01285347043701801,0.019916142557652172,0.0016772895001677668
2020-05-28,0.0008334490901513725,-0.003680304238483645,0.000839310239584723,0.0031309219741286753,0.005208333333333481,0.0047533401849948476,0.0006697923643670389
2020-05-29,0.002359472588480349,0.00714153789324623,0.006480140275977986,0.000410677618069899,0.017271157167530138,-0.00997314921365533,0.0016733601070950677
2020-06-01,0.01273885350318471,-0.008007824439146716,-0.0028783517648842682,0.0012315270935960854,0.005942275042444933,0.023117654655818054,0.005345806882726345
2020-06-02,0.010937927262783642,-0.003635691397584462,0.0031905195989061497,-0.0022140221402213722,0.01097046413502123,0.008078767987881763,0.004320372216683355
2020-06-03,0.016364619962131677,-0.013297049910322212,-0.0006057852491292426,-0.0032873109796187627,0.0,0.03205609817180077,0.005625413633355558
2020-06-04,-0.005455755156354103,-0.014479127491538235,-0.0030307622367024,-0.0037928759894459985,0.008347245409014992,-0.009949041494782929,-0.0016452780519907728
2020-06-05,0.02287931495852291,-0.007123322521147224,0.0051679586563306845,-8.276775368309952e-05,0.019867549668874274,0.037867647058823506,0.004614370468029039
2020-06-08,0.011641595814257721,0.0038434437255780995,0.0033267805836987296,0.0021521397235326756,-0.006493506493506551,0.024796315975912142,0.0016404199475066328
2020-06-09,-0.008792345487458109,0.011358560398187834,-0.0021100226073851314,0.0009911621376064161,0.0032679738562091387,-0.016591773245765773,-0.001965280052407592
2020-06-10,-0.002739368640751305,0.014827433907502074,0.006570004531037732,0.007673900486838914,0.006514657980456029,-0.025424721734036204,0.0020938628158844175
2020-06-11,-0.05624591236102028,0.018900770952499313,-0.011928876884987671,0.0003275466754011358,-0.032362459546925404,-0.06419812454917051,-0.014207206440076225
2020-06-12,0.014414414414414267,-0.00964120087869158,0.0048595292331057305,-0.0027013752455795625,0.004180602006688794,0.03584275436793405,0.003986710963455042
2020-06-15,-0.0016395682470283779,0.0005545286506467573,0.014205833459271622,0.0004104079454978482,0.00915903413821817,0.014138658067716747,0.0023163467902052037
2020-06-16,0.016559463528123874,-0.015333456493626385,-0.002756668156757569,-0.0004922874958975809,0.008250825082508406,0.01968937263054915,0.001980851766259617
2020-06-17,-0.000538502961766385,0.004127579737335907,-0.0019424729174448707,-0.0006567066163191138,-0.004909983633387904,-0.01451187335092341,0.0013179571663921585
2020-06-18,-0.0012122844827584522,0.010587942202291867,0.002245677071637031,0.004517824872679599,0.005756578947368363,-0.010952902519167695,-0.0003685422836460228
2020-06-19,-0.005664194200944106,0.0008011832860841395,0.0007468817686162588,0.0019625480415406127,0.00817661488143906,-0.01451950289159587,-0.0006188526209066625
2020-06-22,0.0100366201003661,0.0001231602931215381,-0.000970221658332715,0.0025299926548600915,0.010543390105433925,-0.0009988762642026972,0.0019762845849802257
2020-06-23,0.004699879145964703,-0.006834554522504699,-0.0018676228895860847,0.0005698469553889751,-0.0048154093097914075,-0.00412448443944502,0.0016436554898091593
2020-06-24,-0.023523122159850196,0.01072535647861117,-0.002769253798368454,-0.0013831258644536604,-0.025000000000000022,-0.02848895582329325,-0.00426649163111259
2020-06-25,0.01067615658362997,0.002882904986812207,0.0010507355148603459,0.0008962033566888294,0.009098428453267138,0.002842010076217427,0.0006591957811470373
2020-06-26,-0.019366197183098732,0.010703363914372988,0.0008996851102114345,0.0017094017094017033,-0.012295081967212962,-0.019193610717506027,-0.005105401844532342
2020-06-29,0.011462505178842619,-0.003146747352496315,0.00464419475655431,0.0011376564277587597,0.016597510373443924,0.0193065405831363,0.002151961595762364
2020-06-30,0.006553795740032786,-0.004856431736781297,0.002833283626602956,-0.0016233766233766378,0.004897959183673528,0.011854142507408794,0.0016518004625041272
2020-07-01,0.0074606619641888194,-0.0031110839992680717,0.0016356877323420171,0.0006504065040651152,0.008123476848090894,0.023048516490513205,-0.0032981530343008103
2020-07-02,0.009290426821058295,0.0010402643495288633,0.0024495249406175645,0.0027624309392264568,0.0040290088638195165,-0.0028628329599204028,0.007279947054930513
2020-07-06,0.019210245464247766,-0.004095604865823166,0.0025916327286190644,0.001944579484686404,0.008025682182985605,-0.0004993134440145486,0.007555847568988083
2020-07-07,-0.011649214659685825,0.01405597839430417,0.0013293943870016367,0.00024260067928194573,0.0007961783439489611,-0.019857624578493716,-0.003912618193674611
2020-07-08,0.01032975764799371,-0.003994915562011925,-0.0016226582091753983,-0.0017786401487589476,0.012728719172633296,-0.0014016309887869838,0.0022913256955809924
2020-07-09,-0.006160702582252098,0.01592221209358846,0.0056146572104018855,0.0025917226856726483,-0.011783189316575071,-0.006252392497129167,0.0
2020-07-10,0.008045370614613745,-0.005024825028414059,-0.0018366147516897247,-0.0010501656030375006,0.006359300476947549,0.0030816640986133237,-0.0003265839320706343
2020-07-13,-0.008766191286144198,0.0033066794925749043,-0.002649591521307282,0.0021834061135372895,-0.010268562401263837,-0.011904761904761973,0.0
2020-07-14,0.012407602956705288,0.0014381591562799834,0.005829828056970188,0.00016138142499788621,0.004788507581803714,0.00842077989376877,0.001306762495916436
2020-07-15,0.009908735332464058,-0.004667304930588756,0.0019809244314010765,-0.0005647438483259437,0.011914217633042234,0.009763617677286618,0.0029363784665579207
2020-07-16,-0.006067647818228772,0.004749308644943939,0.0027824558834297353,0.0020180820148529843,-0.007849293563579218,-0.01195928753180664,-0.0020982433311645954
2020-07-17,0.0035069489544097276,-0.0020941781846466334,0.0027017159547280123,0.001852896157254591,0.0015822784810126667,0.01300540818954432,0.0018451206989291702
2020-07-20,0.008801449650530646,0.002458328336730986,0.0027672589571803297,0.0013669990350595462,-0.0007898894154818592,-0.011948646243803207,0.003348290549620714
2020-07-21,0.003079291762894565,0.0005981218972426205,0.0013071895424836555,0.0022484541877458852,0.014229249011857625,0.0024443586774731685,0.002270147559591429
2020-07-22,0.0031977487848555697,0.0029888218064439975,0.0032637075718016106,0.0,0.00623538581449723,0.015272073921971163,0.00016178611875106164
2020-07-23,-0.010327680734412925,0.011681268251981791,0.0007229089857585524,0.00048073071068022166,-0.0023237800154918276,-0.004171406901782304,-0.003882238757683676
2020-07-24,-0.0059263076526669956,-5.8910162002878685e-05,-0.002239398974210771,-0.00024024985985426905,0.0015527950310558758,-0.007362274689007298,0.0011367327054239151
2020-07-27,0.011145671332296603,-0.003711558854718966,-0.003040834057341568,0.0,0.009302325581395321,0.009462915601022859,0.0040551500405514584
2020-07-28,-0.006793129966675249,0.006918573709419729,-0.0010167029774872383,0.0018423582185196352,-0.005376344086021501,0.01988852292880683,-0.0025848142164781596
2020-07-29,0.011872499677377801,-0.0017030772844726094,0.005452166327420738,0.002318701527144862,0.00540540540540535,0.01937647497205308,0.003563330093942385
2020-07-30,-0.006504272414232792,0.006588622860168369,-0.0010845202805292997,0.0010370134014039412,-0.011520737327188946,-0.006457901791153686,-0.0019367333763717909
2020-07-31,-0.002952503209242674,-0.0006428613172813069,0.001375217139548246,0.002948442106940785,0.00543900543900544,-0.0018395879323032105,-0.0019404915912031306
2020-08-03,0.010557486803141503,-0.0061403508771930015,-0.0007950849295264018,0.0013507071349119215,0.01004636785162294,-0.013269443420567573,0.004212572909915613
2020-08-04,0.005223595362466638,0.009532215357458185,0.0036892361111109384,0.0022216932476395446,0.005355776587605332,0.014942099364960715,0.000645369474024049
2020-08-05,0.00684410646387823,-0.008742787200559543,-0.0013693693693693776,0.00047502177183122996,0.008371385083713712,-0.005030057661636778,0.003386004514672525
2020-08-06,0.0035246727089628394,0.0055859352031517595,0.004258083140877611,0.0011078578776608783,0.007547169811320753,0.0016029593094946115,0.00034709946970923333
2020-08-07,-0.004515805318615174,-0.0066658870307567675,-0.0028027308659720473,-0.0026875345822464647,-0.013483146067415741,0.01428043826172587,-0.004041663186167166
2020-08-10,0.002520161290322509,-0.0044737461737697215,-0.0021620063418851254,-0.001188872156614118,0.005315110098709219,0.001577861390945401,0.00064516129032266
2020-08-11,-0.0035193564605329186,-0.011914616840113634,-0.0062834031489239495,-0.0022218695445167524,-0.015861027190332444,-0.014420746485700464,-0.0019342359767891004
2020-08-12,0.015766902119071613,-0.009066156009694404,-0.0024711098190275393,0.0006362334976937056,0.010744435917114492,0.010082380425427306,0.003875968992248069
2020-08-13,-0.0021110145287470683,-0.010689051271212113,-0.009034608378870712,-0.002543315848036798,0.005315110098709219,-0.012294583079732302,0.0
2020-08-14,-0.0022399203583871596,-0.0039067268953728584,-0.004411440335269412,-0.001673306772908334,0.0,0.00012324377618933013,-0.001608751608751513
2020-08-17,0.007233724120728313,0.002512562814070307,0.0020677941067868133,0.002155000399074014,0.0166163141993958,0.008133086876155327,0.0038672252658715767
2020-08-18,0.0011144130757798631,0.007152026407482026,0.002874198540791628,0.004460019114367553,0.0022288261515601704,-0.0047671433810048125,0.0016051364365972098
2020-08-19,-0.0054421768707482165,-0.006251517358582204,-0.002645502645502784,-0.003013003488741006,-0.002965159377316562,-0.01756325227216904,-0.003525641025641013
2020-08-20,0.0009949011317000878,0.009039271972149487,0.0035366931918654476,-0.0009543502465404474,-0.0014869888475835813,0.009501187648456089,0.0016082341588936622
2020-08-21,0.0016151074667660748,0.005992373343017832,0.0018355359765052093,0.0034230218118134204,-0.009679821295606739,0.0016099071207429372,-0.0019267822736031004
2020-08-24,0.010667328206400484,-0.001624548736462006,-0.0017588860388418892,0.0019833399444664224,0.005263157894736636,0.006429277942631151,0.001608751608751735
2020-08-25,0.003927344133529687,-0.007653829928283118,-0.004331546876147119,-0.0003167062549485067,0.008227374719521396,0.002579852579852604,0.0006424670735625249
2020-08-26,0.008190709046454803,-0.003826065832624792,0.0003686771862556615,0.001980041184856729,0.002225519287833766,-0.00919005023894126,0.0035313001605137284
2020-08-27,-0.0030314053595247303,-0.0170090837042004,-0.007960492371194672,-0.003952256738597781,-0.0037009622501850137,0.014716794459559646,-0.0015994881637876324
2020-08-28,0.007662369253222945,-0.0007442322004466151,0.003046288728731694,0.0031743512419648567,0.006686478454680511,0.006581352833638032,0.00064082024991996
2020-08-31,-0.0060350030175014835,0.006641012909632593,0.004444444444444473,0.00450913693536914,-0.0007380073800739018,-0.010170722847802405,0.0006404098623118415
2020-09-01,0.00862173649058895,0.010296565756211962,0.004129793510324609,0.0005512679162071876,0.001477104874446189,0.0007339449541283738,0.0019199999999999218
2020-09-02,0.011437515049361968,0.009520322226290512,0.003965922444183256,0.00039354584809125903,-0.013274336283185861,0.018579635741351908,0.0012775471095498592
2020-09-03,-0.030472562790144098,0.002841252569217634,-0.002194586686174005,-0.0034618410700235636,-0.008968609865470878,-0.012000480019200732,-0.005103668261563055
2020-09-04,-0.0049109883364027995,-0.018988486346373956,-0.010630498533724442,-0.003079109426811888,-0.009049773755656076,-0.00522288351755118,-0.00160307790958647
2020-09-08,-0.02344231955582965,0.006144770800049049,0.0009633197480549693,0.0009503444998812949,-0.0243531202435312,-0.012210012210012167,-0.008028259473346178
2020-09-09,0.019583070120025248,-0.002687187003786451,0.0006662718389101041,0.0005538412849117602,0.009360374414976613,0.009888751545117369,0.005503399158303557
2020-09-10,-0.014745972738537727,0.005082669932639172,0.0007398091292447617,0.0008698402656965865,-0.010046367851622828,-0.012239902080783405,-0.003863490019317406
2020-09-11,0.003647339957238094,0.0021324559800157683,0.0007392622163080453,-0.0005530536462036162,0.007025761124121788,-0.005576208178438735,-0.0003232062055591456
2020-09-14,0.012280701754386003,-6.079766536959408e-05,0.002511634778754601,-0.0006324110671936944,0.0007751937984497026,0.024423676012460982,0.0064662140316844585
2020-09-15,0.0066848229759841615,-0.002432054478020307,0.0011052980620440689,0.0007119126720456226,0.005422153369481153,0.012042330616713448,0.002248634757468615
2020-09-16,-0.0027053615346778193,-0.002986530139574506,0.0006624466362430415,0.0,0.018489984591679498,0.005288461538461409,-0.00032051282051270835
2020-09-17,-0.005425400739827335,0.0030566083873333483,0.0002206693637367696,0.0005533159434036872,0.01134644478063529,-0.019488283118125227,-0.00160307790958647
2020-09-18,-0.009422266303000137,-0.003108239882984032,-0.0018385056625974672,-0.0008690156422815898,0.004487658937920802,-0.022558224606755384,-0.0016056518946692133
2020-09-21,-0.013767209011264159,0.005074280124717223,-0.0009577838355558921,-0.0018186131098284486,-0.024571854058078935,-0.030064870259481014,-0.004503055644901943
2020-09-22,0.004695431472081291,-0.0007907542579075333,0.0005899705014749124,0.0003168567807352307,-0.004580152671755711,0.011961414790996772,-0.0009693053311792266
2020-09-23,-0.018567639257294433,0.0013392585377731692,-0.007222877358490698,-0.0010294583465314533,-0.011503067484662455,-0.03012201321809871,-0.00549805950840887
2020-09-24,0.0005148005148003509,0.0038300200620098312,-0.00252412769116539,0.0007134363852556724,0.00465477114041879,0.0053728213864499,0.0009756097560975618
2020-09-25,0.010933882171340503,0.0,-0.0010419767788033552,0.001346641318124231,0.0,0.01277372262773735,0.0
2020-09-28,0.01590533146710782,-0.0028464147286821895,0.0050663090448517245,0.0020567993038524968,0.008494208494208566,0.020463320463320445,0.00227420402858991
2020-09-29,-0.003507014028056088,0.001153962951715659,-0.0012601927353595999,0.0016578511091813741,-0.011485451761102605,-0.007188800605372747,0.00032414910858991064
2020-09-30,0.004524886877828038,-0.009585052171803055,-0.00014844503822442068,-0.0029949558638082685,0.01161890007745936,0.0030487804878047697,0.004212572909915613
2020-10-01,0.007507507507507505,0.0006125199068971465,0.0005938683097022057,-0.003478260869565153,-0.012251148545176171,0.020010131712259627,0.0029041626331074433
2020-10-02,-0.007575757575757569,-0.003734084231146073,0.00014837895986352656,0.00015865460891628658,-0.012403100775193798,0.0172585050906382,-0.004826254826254761
2020-10-05,0.016518583406332166,-0.01953917050691245,-0.0033380313033156694,-0.003013959390862908,0.02590266875981162,0.005736604418405955,0.004526349822179032
2020-10-06,-0.010710328696294513,0.005389484238892184,-0.0008186960404883425,0.0001591089896579856,0.0038255547054322214,-0.006553398058252502,-0.001287415513356871
2020-10-07,0.013688402190144222,-0.007292900330362229,0.0002979515828678281,-7.954183900737988e-05,0.003810975609756184,0.001465917419985363,0.0038672252658715767
2020-10-08,0.00810213601767762,0.00539997488383781,0.002457368381860281,0.003977408320738229,0.009870918754745661,0.016711393022688315,0.0
2020-10-09,0.00852411105698958,-0.00018735948038972605,0.002302778190462096,0.00031693209729821703,0.003007518796992459,-0.003959208158368255,0.0022471910112360494
2020-10-12,0.011712146824438774,0.003185708039227908,0.0057807752167791104,0.0006336633663366342,-0.010494752623688153,0.004697663213683478,0.002882767456758417
2020-10-13,-0.006683375104427736,0.007160647571606615,-0.0009579249871047857,0.0,0.002272727272727426,-0.01714422731087395,0.0
2020-10-14,-0.004805959389643233,0.002287480680061904,0.0009588434872400686,0.0,0.006802721088435382,-0.012198097096852933,-0.0025550942190992743
2020-10-15,-0.005191355788965235,-0.0017271157167529916,-0.0010316115245745383,-0.00031663104567392075,0.0030030030030030463,0.005186465794023265,-0.002561639449247588
2020-10-16,0.0006067961165048263,-0.0027805239742957344,-0.001696540532566182,0.0003959141658087528,-0.006736526946107824,-0.007125307125307234,0.002568218298555358
2020-10-19,-0.009824135839903048,-0.003779664167544383,-0.0019210876311510638,-0.0023745448788982104,0.0007535795026374359,-0.015590200445434133,-0.0022414345180915562
2020-10-20,0.004777070063694211,-0.009516108968777193,-0.0020728457210541507,-0.0008727388130752578,0.011295180722891596,0.007164404223227727,0.0016046213093710016
2020-10-21,-0.0024381323905888763,-0.0034536891679749493,-0.0016320474777448135,-0.0003176367823394255,-0.008190618019359608,-0.0029951329090227574,-0.000640820249919849
2020-10-22,0.0031773188317243406,-0.01039697542533069,-0.0022291573785110375,-0.0015092541107315505,0.0030030030030030463,-0.0001251721116536375,-0.0003206155819173162
2020-10-23,0.004263613107564845,0.006112702960840322,0.002532022639261333,0.0011933174224343368,-0.007485029940119681,0.006009013520280382,0.0012828736369467908
2020-10-26,-0.01686074721009223,0.009303208657679862,0.002079928688159205,0.0007945967421534306,-0.014328808446455454,-0.014310602289696384,-0.004163997437540035
2020-10-27,-0.0033312769895126326,0.006709305242036834,0.004077094143810189,0.001984914648670122,0.0068859984697779986,-0.016033329125110463,0.001286587327114841
2020-10-28,-0.03193859866303539,0.0009342883836809257,-0.0049464747139165155,-0.0012678288431061668,-0.02659574468085102,-0.0238645111624326,-0.007067137809187218
2020-10-29,0.007928388746802906,-0.009707529558182992,-0.002596824454666802,-0.0034116153602031796,-0.012490241998438734,0.0134069400630914,0.0012940795858944476
2020-10-30,-0.008627251966505822,-0.009865527208747005,-0.0052071710183739794,-0.0030252368442003075,0.0,-0.006614785992217764,-0.003231017770597644
2020-11-02,0.011005886869720927,0.0064098495906581565,0.0017946608838705913,0.0011179429849077493,0.0181818181818183,0.023893458676067292,0.0022690437601295965
2020-11-03,0.018354430379746933,-0.005801488207844763,0.0009703664999627382,-0.0007976389885938628,0.006211180124223503,0.01925529201734255,0.0032341526520049957
2020-11-04,0.021131137352392804,0.021692249143727027,0.014988814317673516,0.0016763790213141228,0.010802469135802406,0.0017515325910169022,0.009026434558349505
2020-11-05,0.020328667072428308,0.0017382666997765028,0.003746969363015218,0.0007969397513547527,0.004580152671755711,0.004745847383539559,0.006709265175718793
2020-11-06,0.001312335958005395,-0.01208477937530994,-0.0031474161908945364,-0.004538939321547919,-0.0037993920972645423,-0.006836544437538783,-0.000634719136782036
2020-11-09,0.014535922792803468,-0.021014992785897912,-0.007562963506865472,-0.0028797696184305055,0.012204424103737566,0.035419274092615805,0.0012702445220704739
2020-11-10,-0.0008220786846742101,-0.005767012687427964,-0.002589523527670834,0.0009626955475330323,0.019593067068575776,0.014625891454127737,-0.0028544243577545148
2020-11-11,0.008345086976963012,0.003609177623098647,0.0018544618351754583,0.001763244369640038,-0.0007390983000739038,0.0038122468429830914,0.0025445292620864812
2020-11-12,-0.010840424291875594,0.01701772412021585,0.003998223011994595,0.00280022401792146,-0.008136094674556116,-0.013054830287206332,0.0
2020-11-13,0.01343389111477733,-0.0013260087137716425,0.0011799410029498247,-7.978299026656366e-05,-0.004474272930648837,0.02669552669552666,0.0028553299492386497
2020-11-16,0.012325581395348895,-0.002402630247850257,0.003241013553329397,-0.0013564190536982101,0.008988764044943975,0.011243851018974071,0.0034799114204364656
2020-11-17,-0.002412129565816823,0.006528077069337002,0.0032305433186490262,0.001677852348993314,0.0029695619896064063,0.0009265693768820693,-0.0034678436317779893
2020-11-18,-0.008405296488197878,0.0028965430388514513,0.002122365339578547,0.00031905559543754514,0.001480384900073961,-0.019439944457301683,0.000949066751028127
2020-11-19,0.00510915002322343,0.005148489985559168,0.005550281165559001,0.0010365999521571023,0.0,0.0038942648100070976,0.0036346396965865058
2020-11-20,-0.0024260628465805345,0.008870010619026703,-0.0008715229864187934,0.002230364823960329,0.005173688100517326,-0.005407311625719946,0.000787277594079816
2020-11-23,0.003705848291835734,-0.004581759643365602,0.001235734535145916,-0.0007947862025114993,0.002941176470588225,0.00189102942914543,0.0018879798615480947
2020-11-24,0.014884042921426088,-0.009952105492318397,-0.002250617104689989,0.00031816735602929747,0.02126099706744866,0.0053084817742126145,0.002512562814070307
2020-11-25,-0.0010231923601635717,-0.003078469560846786,0.0005821145310338505,0.0016698473282441562,0.008614501076812608,0.0005867167331612411,0.0015664160401001048
2020-11-27,0.006145442130419898,0.009705066801109163,0.003563377208930296,0.0024609033896960675,-0.002135231316726105,-0.0044564325085023615,0.001563966218329771
2020-11-30,-0.012215812690872019,-0.0012482836100361494,0.003478260869565153,0.0011086474501109667,-0.005706134094151216,-0.01048415596654495,-0.004372267332917068
2020-12-01,0.014199015229588774,-0.015748031496063075,-0.005777007510109677,-0.0033222591362126463,-0.0028694404591104172,0.0128571428571429,0.004705144291091701
2020-12-02,0.0020322908434007303,-0.007936507936507908,-0.0033410807669960185,0.0007142857142856673,0.004316546762589857,-0.007874941231781896,0.0006244146113016935
2020-12-03,0.0016901408450704647,0.008063999999999849,0.003935286401399063,0.0027757950670155296,0.0014326647564468775,0.00841132567231373,0.0021840873634946245
2020-12-04,0.008773903262092153,-0.014665735508856637,-0.00551684088269444,-0.0021354001898132857,0.0042918454935620964,0.015272556390977465,0.002179327521793395
2020-12-07,-0.0023416592328279195,0.009020618556700999,0.0008759124087591719,0.0026155187445509043,0.0,-0.008678546632723938,0.0009319664492077884
2020-12-08,0.0034648485525874406,0.004725415070242711,-0.001166861143523934,0.001660079051383434,0.0014245014245015675,-0.003501809268121825,0.0006207324643079382
2020-12-09,-0.007017153040766222,-0.0033049447057328374,-0.0036507009345794206,-0.0012627259095572274,0.0007112375533429027,-0.006208269884034223,-0.002481389578163906
2020-12-10,0.0026920919798092413,0.00886366534880767,0.0049831452440274315,0.0022915843540103342,0.014925373134328401,-0.0043611504007544655,0.0034203980099505316
2020-12-11,-0.0025729947421412325,0.0035395992667972553,0.0010208546011376551,-7.883948281306452e-05,-0.0028011204481792618,-0.0009470818041907858,-0.002169197396963085
2020-12-14,-0.010655002243158407,-0.0027713044025949873,-0.0007284382284381552,0.0,0.002808988764044784,-0.004384405735276764,0.0015527950310558758
2020-12-15,0.012696973132297895,-0.0033474388934503496,0.001968216941244938,0.001813451076243755,0.007703081232493192,0.02047131635324928,0.0027906976744187517
2020-12-16,0.0024627784618829196,-0.0026615969581750276,-0.0008002910149144116,-7.870297497247769e-05,0.005559416261292638,0.0011663167716353673,0.0009276437847864916
2020-12-17,0.0071468453378000785,-0.0036853475663997104,-0.0005824959953401043,0.00039354584809125903,0.011748445058742174,0.009669151910531193,0.0030892801977140394
2020-12-18,-0.004545958531988026,-0.0029974489795918657,-0.0007285443683520132,-0.0004720692368213042,0.003415300546448119,-0.02007615091727233,0.0
2020-12-21,-0.006348852751169587,0.003965969423654903,-0.0019685039370079815,-0.0001574307304786915,-0.010211027910142945,-0.00565171317555635,-0.004003695719125178
2020-12-22,-0.0016814258491200107,0.005160879260911022,0.0027759514939003083,0.0009447331128955572,-0.011004126547455195,0.006986382474837294,0.0003092145949288305
2020-12-23,0.00471592185043801,-0.006909229208925005,0.00021854738835869192,0.00047192071731960716,0.012517385257301727,-0.006467544684854332,0.0021638330757340896
2020-12-24,0.0012293249888242208,0.003957362609306125,0.003423160961398386,0.00039308176100627534,0.0027472527472527375,-0.007219789324180326,0.00030845157310288585
2020-12-28,0.006585556423708061,0.00044503782821547766,0.000653262684183753,0.0007072691552063581,-0.006164383561643838,0.005960896518836467,0.0003083564600678823
2020-12-29,0.001996007984031767,-0.0012709710218608006,0.0004352241404321777,-0.0004711795193969026,0.002756719503790528,-0.008532827684285316,0.0003082614056721944
2020-12-30,0.0033200531208499307,0.002163400356324896,0.0013051044083527419,0.0007856693903205425,0.006185567010309256,0.005498446091322107,-0.015100154083204975
2020-12-31,0.0006618133686300265,0.001460317460317384,0.000217233888486712,0.002119642016015222,0.004098360655737654,0.009629101283880281,-0.0009386733416770765
2021-01-04,-0.005511463844797171,-0.00120459012236096,-0.005067689857380597,0.001096748922835955,-0.0054421768707483276,-0.03249735075944904,0.0012527403695583583
2021-01-05,0.010308135668366303,-0.007426685286276435,-0.0032016299206868437,-0.000313013537835527,0.028043775649794878,0.0014603870025557963,0.004066312167657182
2021-01-06,0.0055951727921008665,-0.020528234316045335,-0.00810278122490704,-0.0029745596868884228,0.0013306719893546592,0.0017013002794994403,-0.0009345794392523477
2021-01-07,0.010473488981016965,-0.008814311830765198,-0.0001471886959080182,-0.000628091387296803,0.0046511627906975495,-0.0019410408831737058,0.002494543186778886
2021-01-08,0.008853379399697658,-0.003227718859100226,-0.0007360518180481446,-0.003928038337654205,0.007936507936507908,0.009724079251245854,0.0031104199066873672
2021-01-11,-0.008775684931506822,-0.0016521279407877287,-0.004272245138479569,-0.002129505481504923,-0.0072178477690287846,-0.013241844227759647,-0.005891472868217007
2021-01-12,0.0035629453681709222,-0.0007943337525651017,0.0021452877644621005,0.0013436610812520566,0.01916721744877714,0.0023179211906794173,0.0034310667498440584
2021-01-13,0.0006455083378160698,0.011262007287181408,0.007750793533623845,0.002210119188570614,-0.0025940337224383825,0.012171372930866564,0.0003108486167235913
2021-01-14,0.0015052144930651767,-0.009367834916475637,-0.004321711104600112,0.0004725525714734946,0.00910273081924573,0.00589225589225606,0.0009322560596645157
2021-01-15,-0.010520665593129364,0.003967729136357567,0.0015449128227762454,0.0011021018657009218,-0.014175257731958713,0.011476389719067503,-0.0024837007140638967
2021-01-19,0.009330584788976859,0.0032275062574100843,0.0017628911414719894,0.0023590469450340823,0.0032679738562091387,-0.002836544143718145,0.004357298474945592
2021-01-20,0.01246909599054069,0.0009848335631279515,-0.00029329813755674117,0.0014905467953243434,0.0006514657980456473,0.019082612302951274,0.0034087387666563718
2021-01-21,0.00021233676611109864,-0.007018234290961711,-0.0039606865189966145,0.002428325238915896,-0.0006510416666666297,-0.004768550825773543,0.001235330450895633
2021-01-22,-0.004670417153168405,0.003236673492304609,-0.0007363770250370383,-0.0015628662967883677,-0.01693811074918561,0.0023372677340189885,-0.0009253547193091016
2021-01-25,0.003305961394902468,0.011785620226494542,0.004274134119381046,0.002582765907489959,0.01060304837640813,0.007578407368543871,0.00123494905835142
2021-01-26,-0.003082482993197244,-0.0018871607991148842,-7.337833871434718e-05,-0.0014832162373146218,0.0019672131147541183,0.007058551261282187,-0.0012334258402713072
2021-01-27,-0.02462949141699544,0.002542704394314921,-0.0017612093637632276,-0.00031271988116643445,-0.002617801047120394,-0.017695047684706533,-0.009416486569928995
2021-01-28,0.008417140358548236,-0.0055277362294337,-0.0016172903036094644,0.0019551106592632372,-0.0045931758530184386,0.005380746286115512,0.001714196665108192
2021-01-29,-0.019620596205962126,-0.006016217630133269,-0.0015462778882262551,-0.0010146737433657238,0.0013183915622940745,-0.011518324607329933,-0.005289359054138187
2021-02-01,0.017027863777089758,0.0,0.0,-0.0021876709117899518,0.019091507570770272,0.02283427495291912,0.008758210822646273
2021-02-02,0.012720156555773077,-0.006447368421052535,-0.0026548672566371057,0.0014877456737922845,0.007751937984496138,0.005983889528193176,0.0037209302325580396
2021-02-03,0.0017176596886741002,-0.008872996954045864,-0.002366163856847292,-0.000547302580140796,0.007051282051282026,-0.002516586593456882,-0.0015446400988569087
2021-02-04,0.006858857571535815,-0.0026723677177979965,0.0017047139045360815,-0.0007040600797935115,0.005092297899427001,0.006880733944954143,0.0012376237623761277
2021-02-05,0.005747738158594862,-0.008373526259378372,-0.002663706992230952,-0.00023485204321282982,0.005066497783407176,0.0035307517084282036,0.003708281829418958
2021-02-08,0.007514022647899354,0.004391001823954577,0.004302989836041382,0.0009396288466057001,0.015752993068683052,0.005447735784814389,0.000923645320197064
2021-02-09,0.001995798319327724,0.0007398439601828954,-0.0015513038339366458,0.0005476022842838546,0.003722084367245637,0.0034992662828761123,0.003383574284835378
2021-02-10,0.0002096655833945249,0.006653672961892676,0.0023675643681562164,0.0008600469116495368,-0.00185414091470959,0.005399325084364248,-0.001532801961986463
2021-02-11,0.004926108374384119,-0.005474696221124287,-0.0026572187776792155,-0.0011717834544175965,-0.0018575851393187737,0.002125755202506019,0.002456248081056156
2021-02-12,0.004797663746349601,-0.012419441460794767,-0.003256364712847848,-0.0016424213984044256,0.012406947890818865,0.00022328904767232594,0.0
2021-02-16,0.0018683828108780887,-0.015226701108014495,-0.007053757053757215,-0.004857030943987484,0.013480392156862697,-0.007701752427726305,-0.0018376722817762259
2021-02-17,-0.0019685039370078705,0.006350521156899269,0.005010094967471845,-0.0003936078091789641,0.0030229746070133956,-0.001237345331833506,0.00245474071801155
2021-02-18,-0.006955257967403705,-0.004046916798134292,-0.0019345238095239692,-0.004173885651283626,-0.003616636528028905,-0.004279761234373347,-0.0045913682277318735
2021-02-19,0.0017771273259461484,-0.013292011019283567,-0.007231250931862276,-0.004270462633451988,-0.000604960677555999,0.00576857821513399,0.0009225092250919609
2021-02-22,-0.010330794114577824,-0.007608012842884038,-0.006232634977847762,-7.942180922870801e-05,0.022397094430992803,0.008322087269455603,-0.004915514592933823
2021-02-23,0.00073808519611962,-0.002883668589112376,0.0007556294393229468,0.0002382843526609335,0.00473653049141487,0.006245817532902098,0.000617474529175599
2021-02-24,0.005689600674323003,-0.006559920998800872,0.0015101177891874151,-0.0007940919558485637,0.015321154979375473,0.007647971624916927,-0.0006170934896635449
2021-02-25,-0.02210581456259819,-0.016330587901164484,-0.015832328106151983,-0.012238734800921858,-0.008125362739408004,-0.019139808601913888,-0.008644643408459385
2021-02-26,-0.008892221984143966,0.033059044319330155,0.013252642868086584,0.012390377343309833,-0.0210649502633119,-0.01457889424694403,-0.002491435689816246
2021-03-01,0.023024537887795793,-0.014393515930687495,-0.0010584410675135159,-0.0033378367638877693,-0.008368200836820106,0.004438374871969852,0.008429597252575638
2021-03-02,-0.00644547759932379,7.089181908392916e-05,-0.0011352455914629411,0.004066661350769607,0.00421940928270037,-0.009630636755042055,-0.005263157894736636
2021-03-03,-0.010953950866744666,-0.010845679449918544,-0.007425367479921174,-0.0025412960609911828,0.006002400960384291,-0.005720169317011803,-0.0012449424214129312
2021-03-04,-0.014301075268817187,-0.0064497635086714356,-0.008167938931297636,-0.003821656050955302,0.0155131264916466,-0.011391094235415844,-0.0091928949828608
2021-03-05,0.014072215555797962,0.001947489901904298,-0.0013083968290619197,0.0010390025575446327,0.02056404230317277,0.010940409683426466,0.00518949520364842
2021-03-08,-0.00882099827882954,-0.0077748182276292654,-0.009324907521578107,-0.0055089820359280894,-0.013816925734024266,0.008634584388671485,-0.010325406758448064
2021-03-09,0.017039288039939038,0.01385765072915901,0.007545702061454662,0.006262042389210132,0.0,0.006620248830042197,0.007903888713246987
2021-03-10,0.0044819122825738855,0.002003721196507824,0.004709697344039476,0.0045476304451890215,0.0064214827787507645,0.009978455607211556,-0.00031367628607270603
2021-03-11,0.01296079889514501,-0.0072132552492502056,0.0006147698455392092,0.0008736399015170093,0.015081206496519783,0.011676209722690123,0.00784436774395969
2021-03-12,-0.001887781856318771,-0.021221494856485057,-0.011519852545887388,-0.007855895889541276,-0.004571428571428449,0.016757296637443186,-0.004669987546699783
2021-03-15,0.0053588315645687334,0.005879758929884016,0.0034185377981508225,0.00295928977045512,-0.003444316877152853,0.014843920541366407,0.0003127932436659542
2021-03-16,-0.00010451505016728646,-0.004018705246237153,-0.0006968641114982743,0.002073365231259894,-0.0040322580645161255,-0.004086900408690197,0.001250781738586726
2021-03-17,0.0029267272917319342,-0.007482943291027833,0.0009298000929800487,-0.000875378004138172,0.0,0.0008639308855293848,0.000936914428482094
2021-03-18,-0.01344450234497141,-0.010126395151156764,-0.005728440935129364,-0.007088809239346849,-0.047426257952573714,-0.010142425550280665,-0.007800312012480437
2021-03-19,0.0007394886963871805,0.00619772998805268,0.0014792899408284654,0.0019252366436708357,0.021857923497267784,-0.013625463265750981,0.002515723270440251
2021-03-22,0.005067032619022305,0.011205936920222648,0.003576148643395838,0.0048038430744594685,-0.0017825311942957223,0.007072604707702546,0.0034504391468004325
2021-03-23,-0.01134334628715472,0.009026860413914761,0.0029436827019908574,0.0020717131474103923,-0.0279761904761906,-0.0014265335235377208,-0.005314160675210955
2021-03-24,-0.008286412408371469,0.005382209615244493,0.0030122808372596843,0.002624045801526753,0.026331904470300316,-0.005604395604395629,-0.00439974858579506
2021-03-25,0.004499196572040676,-0.007885408377342085,-0.0011550900970276334,-0.0007137758743754885,-0.022673031026253176,0.0043098684937561416,-0.0012626262626261875
2021-03-26,0.016636450890476828,-0.0035000729181857704,-0.0006938555238609201,0.00023809523809514843,0.023809523809523947,0.021566901408450745,0.0036346396965865058
2021-03-29,-0.002307772999055935,-0.008488218937509173,-0.002391606233605903,-0.002697770372133701,0.0011926058437685683,-0.005816458423093529,-0.0017320107069752622
2021-03-30,-0.0015771212280517588,0.005239852398523981,0.00309334158224428,-0.0017503381335030044,-0.016081000595592587,0.0013001083423618276,0.0003154574132493426
2021-03-31,0.002000842459983332,-0.005579619704867644,0.002621231979030192,0.00023910098031398874,0.005447941888619745,-0.006059294524994652,0.002838221381267658
2021-04-01,0.013032054650551794,0.01520856404577331,0.00430603613994629,0.00047808764940238113,0.01685731487055997,0.01817983888526009,0.002515723270440251
2021-04-05,0.01110073659093258,-0.004363319031343127,-0.004900084220197609,-0.002867155144950617,-0.014801657785671996,0.0038490323960227446,0.0012547051442912682
2021-04-06,-0.0011286681715575453,0.006792783580454431,0.006693852427483327,0.0005591054313098809,0.0036057692307691624,0.002556182767067705,0.0015664160401001048
2021-04-07,-0.0016435541859269875,-0.006964596633778353,-0.001987159889941803,0.0006386205795481104,0.0029940119760478723,0.0007436523956232399,-0.005943071629652685
2021-04-08,0.006173474637308551,0.008255406195207371,0.003675907489661512,0.002233745512564722,0.005373134328358287,-0.0037154989384289294,0.005663939584644506
2021-04-09,0.004499437570303799,-0.003622925874936622,-0.0020601251335267134,-0.002149168192310702,-0.0035629453681709222,-0.0011720831113478658,-0.001877346683354264
2021-04-12,-0.0027486511249110723,-0.0004363319031343016,-0.00022937533450573255,0.00015954052329281154,0.0005959475566148509,0.0058672925112013274,0.0
2021-04-13,0.0046957942017151755,0.007493634048745035,0.004435607219333226,0.003668846706013751,0.010720667063728317,0.004984621911125142,0.0034482758620688614
2021-04-14,-0.0006096321885795675,-0.003177354130560306,-0.0013704888076747634,0.0,0.0229817324690631,-0.005276487969607446,-0.0009372071227740086
2021-04-15,0.009455063033753541,0.016734279918864114,0.00617566331198538,0.0054036872218690135,0.006336405529953959,0.017504774029280634,0.0031269543464664817
2021-04-16,0.003927888004834346,-0.007766298539365946,-0.0068197317572176175,-0.0003161555485298173,-0.0017172295363478973,0.0021895527056616793,-0.001221945137157121
2021-04-19,-0.004113162118780211,-0.002872325147206478,-0.0025940337224383825,-0.0017394054395951652,0.0011467889908256534,0.0019766957969205023,-0.0006491723053105858
2021-04-20,-0.010677949027903755,0.004608958663401941,0.001912338407404679,0.0006336131791540023,-0.001718213058419349,0.008202678849548173,-0.004059962523422889
2021-04-21,0.00885856837389265,0.002007168458781461,0.0034356390288594607,0.0009498179515592398,-0.004016064257028162,0.006591143151390311,0.004390090937598012
2021-04-22,-0.006055712555510628,0.004364000572327775,0.0009891196834816984,0.0011861458168591632,0.008064516129032251,-0.005422549621444617,-0.0018732438339057467
2021-04-23,0.010865150284321556,-0.002350594771707293,0.0008361204013376256,0.0004738962167285532,0.008000000000000007,0.005863594280423934,0.004691898654989091
2021-04-26,0.0021094927172276012,-0.0014279594459516431,-0.0004556846662108205,0.0005526170363936433,0.006802721088435382,0.0029658416854161374,0.001245330012453305
2021-04-27,-0.00040096230954300704,-0.008723008723008907,-0.004482942025682002,-7.890168849611356e-05,0.008445945945945832,-0.00010196798205353019,0.0
2021-04-28,0.0016044925792217946,0.000649163300634692,0.00015264845061802035,0.0031563165785528646,0.0016750418760469454,-0.0021415459922496938,0.0006218905472636926
2021-04-29,0.002402883460152383,-0.0029553809558133803,-0.0012210012210012167,-0.00047195783843312356,0.006688963210702115,0.008584568216658095,-0.0024860161591049312
2021-04-30,-0.00928885337594898,0.0023134759976863872,0.0020629584352078734,-0.0006295742504131008,-0.00830564784053145,0.00395176816293441,-0.003426791277258645
2021-05-03,0.003931847968545288,-0.0008655510675128486,0.0004574914220358828,-0.001574927159618822,0.011166945840312525,-0.0019176423092450712,0.0018755861206627422
2021-05-04,-0.009439646515364553,0.006786023678891029,0.0006097096257906554,0.002287246628282835,0.015461071231363865,-0.0064718373950855,-0.007488299531981268
2021-05-05,0.0036496350364962904,0.001649218413882103,0.0012186762129635653,0.004485363550519317,0.0038064165307232223,-0.01659033078880401,0.004243948443885648
2021-05-06,0.007171717171717162,0.0016465029708638834,0.0019018638265499987,-0.001175088131609936,0.0048754062838569645,0.005588904988615084,0.001408671153545038
2021-05-07,0.009026175910139544,-0.004931389365351646,0.0003796507213364997,0.0021176470588235574,0.009703504043126587,0.013174145738987342,0.0028133791809941133
2021-05-10,-0.009839976145512352,-0.010127127774186562,-0.005388994307400474,0.00046959380136191164,-0.0069407367859049,-0.000304754164973553,-0.006234413965087282
2021-05-11,-0.00823127885966679,-0.005659555942533756,-0.003663003663003539,-0.002659782523664278,0.010752688172043001,-0.0126003454933441,-0.0009410288582182291
2021-05-12,-0.02064777327935219,-0.010507880910682998,-0.005438112745098089,-0.0017256255392579245,-0.0010638297872340718,-0.025316455696202667,-0.007535321821036223
2021-05-13,0.008061182306738246,0.0015486725663718115,0.0037735849056603765,0.00023571933684296553,-0.027689030883919052,0.012987012987013102,0.0012654223347041693
2021-05-14,0.015788394504818504,0.009351299609748898,0.005447291698634338,0.0035349567949725103,0.008214676889375605,0.011882426516572897,0.006319115323854652
2021-05-17,-0.0015139281388776293,-0.0021155529617743474,-0.0011446012972148312,0.001956947162426559,0.012493210211841355,0.0010300782859498092,-0.0001569858712716643
2021-05-18,-0.0027292024663905234,-0.0025586665691935684,-0.0032849503437739624,-0.0014843749999999822,-0.004828326180257525,0.00020580366330524846,0.002041136756162798
2021-05-19,-0.004662477194404935,-0.0024186455584871425,-0.00176285736184556,-0.006806979109615918,-0.020485175202156314,-0.0031893004115226553,-0.002663741773738626
2021-05-20,0.011507128309572234,0.00822863860113121,0.006833538083538038,0.0011816606270680374,-0.010456796917996725,0.011249870987718014,0.003161036920659832
2021-05-21,-0.001107419712070845,0.0032062959994170193,0.0006863417982154729,0.001809741128334208,0.009454949944382562,-0.0010206164523373085,0.0007642769438944708
2021-05-24,0.00786131828260439,0.003704510786664006,0.002743484224965842,0.002434809927741144,0.01377410468319562,0.012464241928892505,0.0003129890453834605
2021-05-25,0.0,0.009263279779997191,0.0037239702082381143,0.0028206534513828263,-0.003260869565217317,-0.0003027245206861373,0.0012515644555695093
2021-05-26,0.0023999999999999577,-0.0017209235623117936,-0.0005300219580525178,-0.0022658020157824144,0.0016357688113413094,0.0044413041283941634,0.00374999999999992
2021-05-27,0.0010973663208300177,-0.004058324953311265,-0.00303030303030305,-7.83085356304003e-05,0.015786608600979912,-0.002311325494925187,0.0
2021-05-28,0.002989536621823774,-0.001550611229310217,0.0008358662613983103,0.0006265173466990515,-0.003215434083601254,0.006043513295729275,0.0018679950186799577
2021-06-01,0.003278688524590123,-0.0016613695463738587,-0.001822185103636853,-0.0024262346403693957,0.01774193548387082,0.01802162595114143,0.003418272218769447
2021-06-02,0.0010893246187364536,0.0023153172708196834,0.0015973225830989701,-0.001255295779067911,0.005282620179609232,0.0117033831628639,-0.0009290802105915708
2021-06-03,-0.005242852903353468,-0.0037536995596622047,-0.003948967193195707,-0.0033778476040847716,-0.008407777193904398,-0.0036939826966074785,-0.004649721016738995
2021-06-04,0.009248210023866221,0.013694659807260479,0.007090576395242465,0.004808071254039481,0.0111287758346581,0.00048785247341220916,0.0056057303020866645
2021-06-07,0.00029559562518466365,-0.003073624017155163,-0.0008327655386479726,-0.0021964229683087977,0.0015723270440253234,0.011800273064169975,0.0003096934035304866
2021-06-08,-0.0004925137903860621,0.007026600702660035,0.00378845279587825,0.001022012578616227,0.009942438513867113,0.008289156626505978,-0.0006687306501548251
2021-06-09,-0.002562333694688168,0.008828764684941426,0.0036231884057973396,7.853608733210393e-05,-0.004663212435233155,0.0013383041774208682,-0.0011896500446118008
2021-06-10,-0.0021736982511609826,0.005999011927447118,0.004512635379061436,0.005182974713365818,0.0036439354502864063,0.007159904534606243,0.002171215880893307
2021-06-11,0.0018813743935044425,-0.001613582152378168,0.0008235998802035294,-0.0025781249999999867,-0.003112033195020847,-0.003981042654028433,0.0
2021-06-14,0.0025696778019370647,-0.007659335254022959,-0.0036657439964089544,-0.0005482885564346285,-0.00572320499479706,0.0039017891130566085,0.0009285051067782213
2021-06-15,-0.0019716088328075587,-0.0012037954963884934,0.0007508634930168956,0.0016457680250785423,-0.004186289900575568,-0.01071191582140485,-0.0030921459492888603
2021-06-16,-0.006420387198735611,-0.0008507621410847044,-0.0028511404561823994,-0.00907597214615441,-0.00578034682080919,-0.006515906477577493,-0.003411910669975149
2021-06-17,-0.0018888557510686743,0.01497197190094357,0.005568096313017135,0.0037899723647847328,-0.025898520084566723,-0.0012538580246914677,0.0018674136321192858
2021-06-18,-0.013247011952191357,0.018805928411633088,0.005237952708770033,0.00039329819869426963,0.010309278350515427,-0.016996619990342743,-0.004659832246039053
2021-06-21,0.011809831432320506,-0.016743292390036357,-0.005806163465832959,-0.0017298317345495473,0.01235230934479059,0.020630710285882703,0.004369538077403368
2021-06-22,0.004090183559457339,0.002442598925256334,0.0016471997604072808,0.0055135475740391016,0.0015915119363394403,-0.0051978053710656225,0.0003107520198881719
2021-06-23,-0.001887729756582357,-0.0025758841548313427,-0.0015697413664225168,0.0002349992166692516,0.006355932203389925,-0.0017416545718431653,0.0006213109661385996
2021-06-24,0.007067489548078898,0.001605360508131426,0.001946544882833079,-0.0018795520400970434,0.0036842105263157343,-0.009208103130755041,0.002173238124806076
2021-06-25,0.004052584758327482,-0.010383275261324099,-0.0026152581633417382,0.0010200078462141438,-0.004195070791819688,0.006750146742320551,0.0018587360594797264
2021-06-28,-0.0002953337271116574,0.010280966129145863,0.004270302667066295,0.0014892616397554903,-0.0005265929436544248,-0.002915168593916939,0.0012368583797155441
2021-06-29,0.0003938946331856208,0.001672823586812644,0.0011935844834016773,0.0005478594349221932,0.00474183350895685,-0.002728778871455062,-0.0006176652254479276
2021-06-30,-0.003937395412934364,0.004453413123651773,0.0011176514417703398,0.0013297872340425343,0.009438909281594077,-0.00527704485488123,-0.0030902348578492056
2021-07-01,0.004150607767565928,-0.0012469691721510578,-0.002753795772551415,-0.005546441684243342,0.0036363636363636598,0.00432262501228009,0.0018598884066955979
2021-07-02,0.004625528983367877,0.006034542553929434,0.0028360325397416286,0.004241948153967057,0.009316770186335477,0.00303237797124134,-0.0006188118811881749
2021-07-06,-0.004212382445140994,0.01172090457804753,0.003646647317109508,0.0025813516896118216,-0.02717948717948726,0.007314218841427689,-0.0013219814241485217
2021-07-07,0.0021642892277422554,0.0088592067602562,0.0034109446833752166,-0.0007021924007175606,-0.012124406958355372,0.003485332558814891,-0.00022630536343715146
2021-07-08,-0.010994404633356325,0.003917860037827792,0.0005172923440732724,-0.0013272954403499293,0.008537886872998834,-0.0027978774722624555,-0.003410852713178314
2021-07-09,0.013200992555831181,-0.01406271026779704,-0.004210059827165935,0.00015635994058338376,0.011640211640211673,0.016447368421052655,0.0037336652146857663
2021-07-12,0.0029388714733542542,-0.001296662799426751,-0.0005192107995846129,0.00265770343156424,0.001569037656903749,0.008566533409480215,0.0
2021-07-13,-0.003418636452432011,-0.007653409867432015,-0.0037105751391465214,0.0,0.008355091383811963,-0.013967534918837177,-0.0018598884066954868
2021-07-14,0.0013721454474173722,0.011362071340035751,0.004618249534450669,0.002650658766664149,-0.009839461418953754,0.006986983154670723,-0.0003105590062113528
2021-07-15,-0.004208671821474108,0.01103016272894397,0.002150218729146447,0.0030324236062513332,-0.005230125523012608,0.001615815987073388,-0.001553277415346277
2021-07-16,-0.007568311381953907,-0.00188564886524345,-0.0014057413435927257,0.0,0.0,-0.0006642626684379982,-0.002177971375233345
2021-07-19,-0.015153015747251697,0.02192834491599749,0.007186782247907031,0.0003875968992248513,-0.039957939011566634,-0.018231886810369358,-0.003118178983473663
2021-07-20,0.01106194690265494,-0.00963950878119646,-0.0013976754450493178,-0.0001549786904301298,0.014786418400876133,0.023599961311538742,0.001563966218329771
2021-07-21,0.01054306743584621,-0.012666666666666715,-0.0035359116022098958,-0.002557544757033292,0.019967620075552972,-9.449116507609379e-05,0.0037476577139288203
2021-07-22,0.0016732283464566677,0.009453072248480687,0.004139868411325409,0.002797202797202969,0.00793650793650813,-0.007938007938007807,0.00155569383945231
2021-07-23,0.0062886901837477804,-0.006688963210702337,-0.0004417286313774804,0.004494033782736606,0.005249343832020914,0.00828729281767937,-0.0003106554830691888
2021-07-26,-0.000585880285128404,-0.002962962962962945,-0.0022096192089564592,0.004319654427645814,0.0073107049608356345,0.0004723665564478896,-0.002796768178993103
2021-07-27,-0.006741573033707815,0.010671349452924472,0.004281390713811284,-0.00023041474654383887,-0.005702436495593544,0.005665722379603277,-0.0031162355874105874
2021-07-28,0.004623253983867759,6.682705159066771e-05,0.0017640573318631336,0.0033801951294463173,0.004692387904066786,-0.0034741784037558565,0.005001562988433905
2021-07-29,0.005483207676490798,-0.005546274640828686,-0.002861545234426499,-0.0017609677666335921,0.017644006227296227,0.00018844812965235214,0.0018662519440124647
2021-07-30,-0.005648066997760215,0.00470366886171214,0.0008094186902132261,0.0015339776039271502,-0.0056093829678735,0.0013188883655204098,-0.0018627755355480335
2021-08-02,0.0004896680050925362,0.007691278758694242,0.0011028600838174363,-0.005590442640526994,-0.010769230769230864,-0.0021638912409446265,-0.0003110419906686701
2021-08-03,0.00714565387627264,0.0005309617043871562,0.0010282021151586385,0.0009241432422024687,-0.004665629860031051,0.0012257212898358905,0.000622277535780924
2021-08-04,-0.0020410146758673697,0.002056384742952,0.0002201027146000456,-0.0019235208124951386,-0.016145833333333304,-0.003107637253978668,0.0006218905472636926
2021-08-05,0.004285157771718007,-0.0050973123262280096,-0.0041076798943739945,-0.0035460992907802025,0.014822657490735969,0.011713583978840036,0.0015537600994406375
2021-08-06,-0.0016485647788984092,-0.016701044647015717,-0.008175591073138477,-0.002243540151632306,-0.008346374543557689,-0.0017740429505135324,-0.0031026993484329912
2021-08-09,0.00048567265662935455,-0.0035864122344024807,-0.004307143918015677,-0.0017833604714273532,-0.014203051025776126,-0.00533158731643435,-0.0024898848428261955
2021-08-10,0.0012621359223301543,-0.0046179966044143095,-0.002237470167064548,0.0009321112319404801,0.018143009605122717,-0.009497837126199005,-0.00031201248049916863
2021-08-11,0.0031028798603705,-0.0006140410725250511,0.0015697413664226278,0.0016296756169484894,0.008909853249476019,0.005886262223488092,0.0015605493133583614
2021-08-12,0.0004833252779119501,-0.0016384489350080855,0.0014180162698709253,-0.0007747733787866196,-0.0036363636363636598,0.00217083529966966,-0.0009348706762231096
2021-08-13,0.002512077294686055,0.015795951859956192,0.0067074079594575675,0.0025587345894395597,-0.0057351407716370595,0.005462422301751646,0.0
2021-08-16,-0.0013492675404780385,0.0024234264557387863,0.0005922416345867099,0.001005413766434593,-0.002621919244887305,-0.001217684526039764,-0.0021834061135372895
2021-08-17,-0.009264620729589002,-0.0004029279430528554,-0.0017756732761172733,-0.0027041644131963194,-0.01104100946372244,-0.0010316046140861346,-0.0028133791809940023
2021-08-18,-0.006818624586012123,0.003359086328518668,-0.0006670619626443219,0.00015494267121152205,-0.011695906432748426,-0.00910627112279383,-0.0006269592476488839
2021-08-19,-0.00529619458611208,0.007365249414127861,0.0022991915745751434,0.0003872966692486379,-0.013986013986014068,0.0048318332543819675,-0.0031367628607276155
2021-08-20,0.005915992900808353,0.0006646726487207211,0.0006659760248630686,-0.0030971738288811945,-0.02345881069285327,0.004997171412408186,0.0009439899307739363
2021-08-23,0.01009605959615767,-0.0006642311524411859,0.0007394808844192191,0.0023300970873787463,0.036312849162011274,-0.0018763486255746198,0.0037723986167872425
2021-08-24,0.004560892770499647,-0.007776669990029794,-0.002290696815192561,0.0,0.02102425876010794,-0.004417708431243561,0.0053241465706233004
2021-08-25,0.0012557959814529784,-0.00830653804930337,-0.002592208561694731,-0.000387446726075269,0.008975712777191003,-0.0006608761329305324,0.000249221183800552
2021-08-26,-0.006367583212735228,0.002769521750878079,-0.0002970223509318748,0.00015503875969002934,-0.007849293563579218,0.0003778932451583561,-0.0021178522486606788
2021-08-27,0.00961258374599483,0.006803637588413736,0.005570823739136976,0.007518214230351816,0.012658227848101111,0.010482576258381338,0.004993757802746579
2021-08-30,0.0026928255433738,0.0026093938177438325,0.0016989215541440839,-0.0001538579890761893,0.003645833333333348,0.010000000000000009,0.00031055900621113075
2021-08-31,0.000671398427009251,-0.006806806806806676,-0.00228596711156992,-0.0029237516349926995,-0.004670472236637302,0.004719163505135571,-0.0006209251785160852
2021-09-01,0.004121537429310873,0.0004031445273129375,-0.00044345898004438666,-0.006481981634385403,-0.004692387904066675,0.0160250506538957,0.004659832246039386
2021-09-02,0.002768232149675365,0.004365639062395177,0.0017746228926351915,0.0003883495145631244,0.011524358302776205,0.0052574329224075456,0.0003092145949288305
2021-09-03,0.002284626368395992,-0.009094556640363738,-0.003616770002952352,-0.0013975155279503104,0.0010357327809424888,0.00018034265103694658,0.0024729520865531818
2021-09-07,-0.001519612498812939,-0.008435686327439629,-0.004741091932735864,-0.0024879489970455193,-0.011381272633212536,-0.011269383339343686,-0.0027752081406103857
2021-09-08,-0.005326738323979896,0.006805962022731871,0.00320059545962037,0.004053000779423055,0.0073260073260073,0.005015045135406293,-0.0024737167594311993
2021-09-09,-0.0026776322080901416,0.01210031771783937,0.006529158628876708,0.005278683434249309,-0.0072727272727273196,-0.020322990382870554,0.0
2021-09-10,-0.005849074695560397,-0.008816457387122556,-0.00287483414418388,-0.0027799227799228943,0.013082155939298845,-0.014632339322096621,-0.0015499070055795539
2021-09-13,0.0036651234567901536,0.006064690026954311,0.0024395653138167273,0.0,0.00774793388429762,0.006766917293232977,0.0009313877677741278
2021-09-14,-0.005958101095521862,0.012123241795043649,0.0030235988200588704,0.0005420473904291789,-0.0005125576627371675,-0.0017737117251680479,-0.0018610421836229296
2021-09-15,0.005993812838360535,-0.0035073787307259296,-0.0011763840894051247,0.000541753734231154,0.016410256410256396,0.0031796502384737746,-0.0003107520198880609
2021-09-16,-0.0025946569286949828,-0.004582281843538483,-0.0013986013986013734,-0.0016243811881189174,-0.007063572149344166,0.0008390043814674453,-0.0021759403170655833
2021-09-17,-0.009923884767318647,-0.004803522583227693,-0.002211410880141429,-0.0028666615015108254,-0.008130081300813052,-0.00894187779433675,-0.00031152647975074554
2021-09-20,-0.01761385753211364,0.012401957498156646,0.00310283687943258,0.0009324009324009896,-0.011782786885245922,-0.006109022556391008,-0.006232471174820953
2021-09-21,0.0023774145616641817,-0.0008608131373329941,-7.364854912350616e-05,-0.0006986492780624021,0.0010368066355623817,0.00047281323877057524,0.002195045468798895
2021-09-22,0.00919063148532473,0.005964609980780633,0.0027988509980112486,-0.0010098656101917847,0.01139306059036782,0.009735349716446073,0.0028160200250311185
2021-09-23,0.010967489228358662,-0.022597009025627335,-0.00690414983474108,-0.0035769828926905944,0.015360983102918446,-0.0019657399606851644,0.0015600624024962872
2021-09-24,-0.002808988764044895,-0.009773523860879041,-0.0021448117742771666,-0.002497268612455028,0.004538577912254427,-0.016788595010317042,-0.002180685358255441
2021-09-27,-0.001068479844584691,-0.003675719828466373,-0.0005188259709456577,0.0004694101079643076,0.013554216867469826,-0.01345034818277202,0.0003122073056509578
2021-09-28,-0.01973940101127969,-0.015576962492313995,-0.010678531701890925,-0.0021895527056615682,-0.007924715205547272,-0.006768516727905682,-0.0065543071161049404
2021-09-29,-0.001686340640809414,0.0017350267194113922,-0.00022487069934784554,0.0005485893416927734,0.0009985022466301174,0.007496105919003071,-0.004084197298146353
2021-09-30,-0.007154213036565937,-0.00013856172925041932,-0.0026240815714499988,0.00015665387326690983,0.006483790523690747,-0.01652333558797947,0.0018927444794953896
2021-10-01,0.00840672538030418,0.00713691796008864,0.005337141998045691,0.0009397760200486882,0.013379583746283341,0.014148162703871092,0.0037783375314861534
2021-10-04,-0.012306470821754734,-0.002545579635362949,-0.0016449828024525104,-7.8241139191082e-05,0.01613691931540351,0.0001937608990505435,-0.006273525721455453
2021-10-05,0.008641479099678495,-0.009656504345426753,-0.004119233073696882,0.0010172143974962466,0.012512030798844886,-0.006877179387834165,0.0037878787878788955
2021-10-06,0.000796971508268518,0.0056414542415377245,0.0003008197337743823,-0.0005471742359103304,-0.016634980988593062,0.00955817809421644,-0.0006289308176100628
2021-10-07,0.010949631694206818,-0.01045778793545249,-0.004435756710021832,-0.0008603159705928842,0.012566457225712702,0.002705052651917672,0.0012586532410321372
2021-10-08,-0.001083103584088252,-0.006998880179171385,-0.004606554901072202,0.00023483365949128476,0.003341288782816143,-0.00944214278832256,0.0008579509742301372
2021-10-11,-0.005914243469689606,-0.002537355511699979,-0.0018966694484485735,-0.0006260760682422761,0.006660323501427312,0.0025289368738448115,-0.001799210608120716
2021-10-12,-0.0012890431333663077,0.017100056529112395,0.006384919428397806,0.0018794048551291631,0.0,0.013097894634714446,0.0012582573136206143
2021-10-13,0.007545671167593415,0.009726274836737492,0.005060422960724953,0.004533375019540431,0.005671077504725952,0.007278299176403102,0.002827521206409056
2021-10-14,0.012908947575877017,0.003715425897894642,0.004734350341925264,0.0019452225334577466,0.010338345864661536,0.012169613995056006,0.0031328320802006537
2021-10-15,0.008172001167428666,-0.0058267068823690815,-0.003590127150336464,-0.0016308146307369986,0.008372093023255811,-0.0007514559458952075,0.0015615240474702308
2021-10-18,0.000578982920003801,0.004688685099634604,-0.0008257018465694932,-0.0021001866832608407,-0.005996309963099633,0.002538071065989911,-0.00187090739008422
2021-10-19,0.008486835760439737,-0.013794523368334533,-0.005484186011569525,-0.0024164003429728576,0.002320185614849146,0.00046882325363339916,0.004998437988128934
2021-10-20,0.0029645213732427678,-0.0067501739735560395,-0.002417283577579643,0.0017971558055946968,0.011111111111111072,0.0157450796626053,0.0015542430836181786
2021-10-21,0.00019069412662098273,-0.0011910600434386076,-0.002120248371952127,0.002261914047266167,-0.015109890109890056,0.0013840191917329214,-0.0021725636250775615
2021-10-22,9.532888465191292e-05,0.011012906846240123,0.00402185460616189,0.0020233463035019827,0.004649000464900022,0.004699161522159878,0.0003110419906686701
2021-10-25,0.003431512725192931,-0.0015263997779781935,0.0004534804625500044,0.0024075799937868236,0.00509023600185099,0.0032098312545854046,0.0004664179104478805
2021-10-26,-0.0005699629524080763,0.008269057049544948,0.004306111656719791,0.003486480204540232,0.0013812154696133394,0.0027424810311729164,-0.0007770007770007137
2021-10-27,-0.004942495960460036,0.01819434872501735,0.006092974274108709,0.004709697344039476,-0.018390804597701038,-0.008478439237852076,-0.002177293934681246
2021-10-28,0.008692329735409343,-0.0033843238121022967,-0.0014953271028036452,-0.008683624068239415,0.005152224824355844,0.013975726369988895,0.0003117206982545806
2021-10-29,-0.002746212121212066,0.003056234718826323,-0.0005241482590792046,-0.0025581395348838187,-0.005125815470643058,-0.011244105912223357,0.00031162355874103653
2021-11-01,0.005032760421612492,-0.008463673911571545,-0.0037458795325142624,-0.0048962462112379646,0.007494145199063329,0.0049523110785032465,0.003426791277258534
2021-11-02,0.0005668934240363743,0.004438677956842385,0.0038351631824335985,0.003983130271790314,0.002789400278939924,0.004745391494798357,-0.003725551071095845
2021-11-03,0.006421152030217092,-0.010333809232442759,-0.0025470072664619536,-0.0014002333722287208,-0.02549837737598515,0.003360581289736597,0.0012464942349641461
2021-11-04,0.0021580033777444108,0.01051040736415465,0.00525722868944789,0.0066214847705849955,-0.00618458610846806,-0.009504842943785619,0.003112356053532439
2021-11-05,0.0019661080423181154,0.014955812372535737,0.007321628688830906,0.003482433059897705,0.013882240306366533,0.0051178943520380216,0.0024821594787467482
2021-11-08,0.001868809568305041,-0.0018754186202277756,-0.0022991915745753655,0.003316110125703764,0.006137865911236995,-0.0008183306055646877,-0.0009285051067781103
2021-11-09,-0.0025181869054280437,0.013018386793719028,0.002676181980374448,0.005841660261337589,0.00797747536367921,0.0017290017290017001,0.0015489467162328463
2021-11-10,-0.00906965871902754,-0.01828298887122426,-0.010231316725978656,-0.0030567018187376283,-0.012569832402234637,-0.004632994186046568,-0.00540983606557377
2021-11-11,0.0033025099075296716,-0.0014844804318489002,-0.002846441947565559,-0.000153303694619078,0.007072135785006983,0.0016427854339691184,0.003573305634254176
2021-11-12,0.00695946581397533,-0.004392485471009455,-0.0010516826923078204,-0.00015332720024541224,-0.001404494382022503,-0.0007289293849658263,-0.0006197706848467543
2021-11-15,-0.0005603810591200409,-0.012556845177492892,-0.007595127086779896,0.00015335071308086867,0.00046882325363339916,0.007021063189568633,0.0015503875968991832
2021-11-16,0.002055882627791883,-0.0025433049216385673,-0.0016670455406532225,-0.0014566084023305281,-0.001405810684161235,-0.006609923940601226,-0.0009287925696592758
2021-11-17,-0.0027977245173924636,0.007925022396802373,0.0040227703984820895,0.0019961612284067343,-0.008916001877052881,0.0030990793911220837,-0.0006197706848467543
2021-11-18,0.0002805573739828038,0.0037604266374948736,0.0022679165406713775,0.0006129798482876758,0.0033143939393940336,0.00018173557473866175,-0.0027906976744187517
2021-11-19,-0.0035527299925205424,0.01055786390572866,0.0037713078895760255,-0.0018378130025270556,-0.016045304388862647,-0.005905332969928123,-0.0015547263681591206
2021-11-22,-0.0060048789641583555,-0.011728228633054782,-0.00871656146678712,-0.00805523590333701,0.007194244604316502,-0.004935112410893838,-0.006540018685767701
2021-11-23,-0.00028317915801401305,-0.014459146091938324,-0.007125530624620957,-0.003866976024748614,0.018095238095237942,0.008082292432035398,-0.00031347962382444194
2021-11-24,0.0003776791615524022,0.016055363321799243,0.004809894640403378,0.0031055900621115295,-0.003741814780168329,0.01211734693877542,-0.0009407337723424947
2021-11-26,-0.024351109013685646,0.025269036915951615,0.008130081300812941,0.004953560371517174,-0.0596244131455399,-0.027815284904131765,-0.0067922159447583175
2021-11-29,0.008996807584405353,-0.008038264797714745,0.0006783237865541913,-0.002310536044362377,0.0,0.007407407407407307,0.0020983706025863302
2021-11-30,-0.013614573346116932,0.015202250200910816,0.002184228364841445,0.0009263547938860306,-0.027458811782326564,-0.018933823529411753,-0.0028382213812677692
2021-12-01,-0.011080870917573926,0.004947555907381718,-0.0016533894483691247,-0.004550362486503201,-0.008726899383983633,-0.016488664043470047,-0.0025300442757748565
2021-12-02,0.01444859445645763,0.0012472101877378794,0.0023336344474556014,0.0029441388393893764,0.008803728638011377,0.030005715374356923,-0.0019023462270132407
2021-12-03,-0.00852630559054346,0.011932078935291468,0.008336462636124642,0.002085747392815751,0.0010266940451744144,-0.0033293258115231206,0.0015883100381195447
2021-12-06,0.010065474445421607,-0.013735017816650541,-0.005064799642484519,-0.0045482577860006534,0.017435897435897463,0.017537348056045232,-0.0019029495718364542
2021-12-07,0.021671826625387025,-0.008079879130263312,0.0004491690372807611,0.0016262681019127978,0.015120967741935498,0.01440817070946565,0.006673021925643452
2021-12-08,0.0028409090909091717,-0.017284768211920598,-0.0066596827297215055,-0.0017009432503478639,0.013406156901688115,0.007191657677094732,0.0015782828282828731
2021-12-09,-0.007932011331444833,0.005593368825392631,-0.000828625235404945,-0.004104708798017387,-0.015188633023027864,-0.01445912174223496,-0.002521273242987787
2021-12-10,0.005425471159337558,-0.0024125452352230514,0.0011308805790108956,-7.776654483238055e-05,0.011442786069651545,0.0030791523274769084,0.0
2021-12-13,-0.019502035406607998,0.014778986967620478,0.004518412531063998,0.0010110437081971568,-0.00491883915395952,0.009389671361502261,-0.0012638230647709081
2021-12-14,-0.005406971130636151,-0.0023831590096651256,-0.004498088312467119,-0.00318545567554962,-0.008897676717745884,-0.012790697674418539,-0.0031635558367604233
2021-12-15,0.012425978060382592,-0.009621765096217594,0.0012802168838015326,0.0008573655494932275,0.004987531172069737,0.014043671287487625,0.0028562361155188842
2021-12-16,-0.004794323520951216,-0.0007370184254607004,-0.0019554753309267703,-0.004049528852893003,0.005955334987593153,-0.00035739814152968563,-0.0015822784810126667
2021-12-17,-0.009827536371519563,0.011331634705645799,0.002336096458176451,7.81921964188026e-05,-0.011840157868771461,-0.0012513407222023432,-0.000316957210776625
2021-12-20,-0.009438552106645903,-0.007491878273553132,-0.004360574392902716,-0.000547302580140796,-0.006989515726410378,-0.007785931626991149,-0.00221940393151554
2021-12-21,0.01630648330058926,-0.0038076152304609145,0.0019633013667597066,0.0021904091371354184,0.02111613876319751,0.011274465590330962,0.0057197330791229906
2021-12-22,0.009375604098202261,0.0046268356467511484,0.0015826362197604027,0.003200374678011153,0.011816838995568846,0.010256867641812217,0.0028436018957345155
2021-12-23,0.006415780905869806,-0.008677079161660495,-0.0015048908954101714,-0.002256458138811257,0.005352798053527952,-0.0010594155557516194,0.001260239445494804
2021-12-27,0.01094196003805914,0.00242391597091296,0.0029389600602864885,0.0033533494502067107,0.012584704743465736,0.0075121520106054,0.004405286343612369
2021-12-28,-0.0010352941176470232,-0.00396292315959168,-0.0012773311293111655,-0.0006217938753302343,-0.0019120458891014325,0.0036842105263157343,-0.003446115288220697
2021-12-29,9.421518748831126e-05,-0.010924539753186302,-0.0054920252783629,0.0008554985223205858,0.004789272030651492,0.006729592728544009,-0.0037723986167871315
2021-12-30,-0.0018841262364578393,0.008386173041522005,0.00400938043724941,0.005206309736576431,-0.004766444232602529,0.0043406545707092015,-0.000631113916061854
2021-12-31,-0.001604530438886309,0.0019607843137254832,-0.0015069318866786086,-0.0012368583797157662,-0.00478927203065127,0.0027660126199327006,0.003789074834227968
2022-01-03,0.00529400642843636,-0.02625008435117071,-0.010639903410805895,-0.005727554179566385,0.0038498556304138454,-0.007844151366261598,-0.0018873859704309215
2022-01-04,-0.0008463419221366175,-0.004158004158004269,0.0008389901609333617,-0.003814416939125098,0.011984659635666306,-0.001216333622936605,0.0009454774661203924
2022-01-05,-0.016282352941176526,-0.00542797494780789,-0.005868007925621144,-0.008126904743299135,-0.00426338228327805,-0.028618649965205245,-0.00818639798488674
2022-01-06,-0.0021048603138155153,0.0025888609012034713,-0.001303181295515432,-0.00433309698258888,0.008563273073263655,0.0008954956568461014,0.004444444444444473
2022-01-07,-0.00019175455417064224,-0.007188219694326148,-0.004298434141848384,-0.001186896660864023,0.0018867924528300772,-0.006620739017625388,-0.00284450063211128
2022-01-10,-0.0028768699654775354,0.002460283987065992,-0.0009250693802035359,0.0012675275291134103,-0.004237288135593209,-0.005764207871746363,-0.0015847860538827918
2022-01-11,0.011925370263512258,0.0066615244372763005,0.0030092592592594336,0.006962576153176636,0.019385342789598026,0.001539994564724978,0.006349206349206327
2022-01-12,0.006082493822467283,-0.0038311507383672616,-0.0006923609508423523,-0.006442995207040059,0.007884972170686622,0.001175832127351617,0.003154574132492094
2022-01-13,-0.013413942943510282,0.008880497867282067,0.0031562740569668346,0.00023724792408064133,-0.010584445467096248,-0.001987532749119114,-0.0062893081761006275
2022-01-14,0.0002872462657985686,-0.015109509287496548,-0.008825109354616001,-0.004506641366223918,0.013023255813953583,-0.00905223137503397,0.0006329113924050667
2022-01-18,-0.01732554800421171,-0.014074595355383579,-0.009523072158562962,-0.004765308553728809,0.007805325987144007,-0.010505161231387672,-0.008538899430740043
2022-01-19,-0.0060393532047534615,0.0069236259814418055,0.0015633549597435792,-0.002074854361184264,0.0054669703872438635,-0.013478581979320503,0.0015948963317382603
2022-01-20,-0.007840062720501861,0.006167151059757625,-0.0005463201436041176,0.0011995201919232645,-0.0036248300860898253,-0.012820512820512886,-0.004458598726114538
2022-01-21,-0.016989332279731317,0.011906439340566344,0.006559425269405006,0.00623003194888172,0.0009095043201456932,-0.002464688596075404,-0.003518873960332791
2022-01-24,-0.001607717041800627,-0.008215553853651802,-0.003103180760279378,0.002301952690903164,-0.002271694684234493,0.0019005986885869408,-0.003852327447833037
2022-01-25,-0.010064412238325326,-0.0016146016146015851,-0.0028015564202336085,-0.001742298249782226,0.009107468123861429,-0.003983685857915198,-0.0016113438607798791
2022-01-26,-0.004981699877999124,-0.012093938967796314,-0.00678944904011225,-0.006346687822292751,0.002256317689530718,-0.01561756023235883,-0.0054874112330536295
2022-01-27,-0.0051088178195565215,0.018362989323843504,0.0022786202561484448,0.004071856287425124,0.004952723998199016,-0.016542517171326376,-0.0035702693930541596
2022-01-28,0.01602136181575431,0.00034945485043325064,0.0010975227343994476,0.003498727735368856,0.0008960573476701761,0.032362777887074534,0.00097719869706836
2022-01-31,0.020620640857171635,-0.005170125061133346,0.0004698512137824018,0.002694136291600646,0.0035810205908684,0.012291567413053706,0.013016596160104088
2022-02-01,0.007725066851540063,-0.0047053866142284795,-0.00023481527864743779,-0.009957325746799417,0.004014272970561894,-0.003576807228915624,0.00032123353678126243
2022-02-02,0.006388206388206363,0.003386960203217493,7.829014327098704e-05,0.0011174968071518965,0.003998223011994595,0.012752692235027396,0.0012845215157353262
2022-02-03,-0.019140625000000022,-0.007805907172995674,-0.008063253483638677,-0.006298835911337952,0.0022123893805308104,-0.010633336442496089,-0.003527902501603619
2022-02-04,0.0044802867383513245,-0.014742363030689765,-0.009943966537763305,-0.00577710021664124,0.007947019867549754,-0.009899123220514783,0.0
2022-02-07,-0.0019823570224998255,0.000647435436299526,0.0018333997608608321,-0.00040351868291499393,0.002190100744634327,-0.0014282993715482029,0.0028966849050531263
2022-02-08,0.007746548813188925,-0.00668583752695906,-0.0037396562698919222,-0.001291781043113116,-0.00874125874125875,-0.004672451606751338,0.002246469833119491
2022-02-09,0.015768207351926522,0.0018817398856483258,0.0033543646673588334,0.0019401778496361821,0.010141093474426821,0.022609695343935643,0.0070445084854307005
2022-02-10,-0.014456194819054913,-0.015892508849237985,-0.013611398551301446,-0.00798773600129088,-0.005237887385421303,-0.023608768971332128,-0.00540540540540535
2022-02-11,-0.01899980311084848,0.014827864640681199,0.00742414460942542,0.008946726311508613,0.014918824045633938,-0.00911533294952982,-0.0035166240409206795
2022-02-14,-0.003712995484194681,-0.012441229656419472,-0.00889138096763853,-0.0026602176541716815,0.005188067444876765,-0.009102353055098211,-0.0035290343278794323
2022-02-15,0.017526188557614786,-0.011352816230865148,-0.0050109108542795155,-0.0041222114451988645,-0.01634408602150539,0.008990520863871865,0.006439150032195862
2022-02-16,0.0022767768758662488,0.005926803970958794,0.0014621070587279572,0.0019478938397858858,0.0013117621337996876,0.004648910411622298,-0.0009596928982725794
2022-02-17,-0.019358024691357945,0.007438503461481671,0.0007299862113714362,0.002268124746861,0.008296943231441034,-0.010604453870625696,-0.0057636887608069065
2022-02-18,-0.007452915701480656,0.01052708531325397,0.002431512400713265,0.0033136668552493642,0.0038977912516240387,-0.0060411185813114,-0.0025764895330113724
2022-02-22,-0.011567732115677298,0.0026043550604066823,-0.0012936610608021981,0.003061060093442869,0.014236410698878377,-0.0036270953828057007,-0.00355182434614143
2022-02-23,-0.014166923313828073,-0.013781658128292018,-0.009067357512953289,0.000722775457757896,0.00935772011909819,-0.016528925619834767,-0.00550874918988975
2022-02-24,0.004165364990107223,0.0006584723441616092,0.004738562091503251,0.004092769440654953,0.004214075010535057,0.016806722689075793,-0.0006516780710329462
2022-02-25,0.02219226381831363,0.0007311544929442526,0.004065701740120442,-0.0008791560102301421,-0.015107007973143127,0.024104683195592225,0.01075970003260518
2022-02-28,-0.007000101450745588,0.02191860889895514,0.010689990281826933,0.017358611311095062,0.017043033659991602,-0.014890959746373333,-0.002648387096774174
2022-03-01,-0.016959542296689833,0.010223779223564877,0.0013621794871794268,0.005346752634061813,0.04021784666945938,-0.0052662375658280025,-0.0038133249670901925
2022-03-02,0.014342132612762404,-0.03418259023354575,-0.015203648875730225,-0.0064914750508368035,0.03262182843334682,0.018725490196078498,0.0032467532467532756
2022-03-03,-0.010143442622950749,0.010185388730123979,0.0036564556756317756,-0.0011808234275368923,0.010920436817472678,0.00818015590414789,-0.005825242718446644
2022-03-04,-0.014801780354000593,0.017263890903815415,0.0009715025906735786,0.007645018915510615,0.042052469135802406,0.004581901489117968,-0.003906249999999889
2022-03-07,-0.031098970371926993,-0.007629777524244319,-0.012131996117761279,0.00539694955025416,0.021843761569789066,-0.019764348156594447,-0.01176470588235301
2022-03-08,-0.001192799826501889,-0.010059639290076694,-0.0059767479941051915,0.004823401275867445,0.017028985507246297,-0.004846839860411012,0.0006613756613758071
2022-03-09,0.03028987080664436,-0.009798940262756961,0.0017296763034346796,-0.009910188912976126,-0.07944424652654081,0.015390609779855735,0.009914077990746728
2022-03-10,-0.007903055848261342,-0.01436739481014504,-0.011429041276105889,-0.0021895527056615682,-0.011996904024767718,0.0024942440521873444,-0.00654450261780104
2022-03-11,-0.013807753584705429,0.0033467202141899133,-0.00041586958329864476,0.007053291536050166,0.017234625930278025,-0.007942583732057362,-0.006587615283267456
2022-03-14,-0.006462035541195399,-0.023348899266177447,-0.014478282576135926,-0.011050583657587598,-0.029264536003080432,-0.007813253593132119,-0.0049734748010609175
2022-03-15,0.01560975609756099,-0.0017455980570734164,0.007852077001013313,-0.007475605917532269,-0.02459341531138437,0.006708146995916708,0.0019993335554815417
2022-03-16,0.03383498772547755,0.00980764844522164,0.008544860517718078,-0.005787679378419064,-0.008540056933712958,0.011878319652341984,0.01296973727968087
2022-03-17,0.01022093743547381,-0.00745369673241969,0.009801478528116858,0.013636363636363669,0.047990155865463624,0.015460965833174356,0.0075508864084044
2022-03-18,0.011037301992846249,0.01221269817188797,0.0019741712593568383,-0.003068208638187353,0.004696673189823919,0.0,0.0035842293906809264
2022-03-21,-0.0035378550490245964,-0.023156474820143935,-0.0138740661686233,-0.008838383838383868,0.03739774055317491,-0.006109022556391008,-0.005844155844155874
2022-03-22,0.01207141407993495,-0.012811660912926626,-0.0024142524142524158,-0.004617834394904485,-0.0022530980097633657,0.002553191489361728,0.004245591116917025
2022-03-23,-0.011225819384584446,0.02191482747901774,0.0028373529166318967,0.012557990721484558,0.024840045163718516,-0.016600641388417214,-0.0019512195121951237
2022-03-24,0.011556006082108494,-0.007832699619771843,0.0004160772239327759,-0.0061616241409273576,-0.009915534337128107,0.006330328026088683,0.003910068426197455
2022-03-25,0.001903998396632911,-0.013872920978002634,-0.007902179337880622,-0.006835704633971873,0.007418397626112627,0.012485703393061431,-0.003245699448231054
2022-03-28,0.003900780156031125,0.008549665785791971,0.005533663117297083,-0.0011204481792717047,-0.04344624447717227,0.010637296432269627,0.0009768804949528143
2022-03-29,0.016040649596492873,0.007552404438964322,0.008421579254564993,-0.0036054803301017735,0.0038491147036181506,0.02934053651266777,0.007482108002602406
2022-03-30,-0.005589331241419915,0.007801743919228832,0.0023151976186539525,0.004905114184625248,0.018021472392638183,-0.007239163876572308,-0.0006457862447529772
2022-03-31,-0.016073365545804075,0.0024286581663632845,-0.0023098498597591277,-0.003200768184364322,-0.018455743879472797,-0.012214018776775082,-0.003554119547657497
2022-04-01,0.0065143315293647586,0.0022713506965474917,0.0012402844385646095,-0.011880870193465398,0.00652340752110514,0.019470333118021488,0.001345654993514911
2022-04-04,0.009658468585084234,-0.006949690285541488,0.003468494508217068,-0.0007311723129417302,0.019062142584826525,-0.004887762490948688,0.004161067305668453
2022-04-05,-0.01429980276134124,-0.022592423550889973,-0.01752942144679459,-0.007235772357723547,-0.008230452674897082,-0.004911770056394316,-0.007094485649790427
2022-04-06,-0.011505752876438291,-0.008094015098451313,-0.005863628748533967,-0.004422242240602836,-0.007921539041870984,0.01188299817184646,-0.003572588502760654
2022-04-07,0.00212550607287465,-0.007532365633581839,-0.004634310751601034,-0.0013161141729044479,0.003422053231939115,-0.009936766034327138,0.00032594524119944346
2022-04-08,-0.0009089990910009504,-0.010830895722982015,-0.007872682637771855,0.0018120418416933681,0.012504736642667602,0.001642335766423475,-0.0013033561420658923
2022-04-11,-0.014253942579862455,-0.015824808184143224,-0.00972696245733784,-0.001726547726712102,-0.008233532934131649,-0.010748770267808405,-0.005872756933115841
2022-04-12,-0.005537893549379613,-0.0013805424719831594,0.0006892986386350941,-8.235875473572296e-05,0.02981132075471704,-0.0014732965009207621,0.001640958319658603
2022-04-13,0.012065587295039704,0.0020330161828088222,0.0051661787497847556,-0.0018944073799521677,0.02198607548552589,0.007100700848395425,0.00327653997378774
2022-04-14,-0.010495210923170961,-0.02004544716766754,-0.011649820113071807,-8.252186829516006e-05,0.007529580494801014,-0.004303635198241951,-0.002289353363814528
2022-04-18,-0.0016476161054473915,-0.004968944099378869,-0.007626971745536504,-0.0003301147148634387,0.011387900355871894,-0.004046349089571466,-0.003924726431183134
2022-04-19,0.010624033006704448,-0.0074906367041198685,-0.007947598253275068,-0.004953355898621226,-0.025686136523574987,0.021791320406278958,0.000985869208018464
2022-04-20,0.0009185548071033445,0.020125786163522008,0.01038823840126768,0.007384053762548692,0.0010834236186347823,0.016627507681185705,0.0022980958634275517
2022-04-21,-0.015499133272152466,-0.007398273736128336,-0.010629955563300486,0.003953220227310261,-0.0014430014430013571,-0.006933333333333347,-0.00622338683262369
2022-04-22,-0.02247540134645265,-0.006293995859213308,-0.0011448701012769513,-0.003937653814602204,-0.019147398843930685,-0.01754385964912275,-0.009887936717205004
2022-04-25,0.0015893197711380758,0.010000833402783682,0.011109151825074992,-0.0007412287926207295,-0.007366482504604033,-0.0025510204081632404,0.0
2022-04-26,-0.027610282450015844,0.010066837197788558,-0.000523194977328223,0.002142916014176155,0.013729128014842384,-0.01644135915235656,-0.00565912117177092
2022-04-27,0.0038076588337683237,-0.01282574953026705,-0.009596928982725572,-0.0016448721111933517,0.006954612005856564,-0.006593610698365615,-0.0023434884499498043
2022-04-28,0.02091687439037604,0.001489572989076482,0.002995066948555447,0.005684158497405001,0.008360596146855581,0.018416378423857127,0.005369127516778427
2022-04-29,-0.02622080679405514,-0.012973062303751393,-0.011066221675742227,-0.00827326343381396,-0.007570295602018606,-0.04589682393978334,-0.005006675567423291
2022-05-02,0.003270467676877775,-0.01900376726663877,-0.008170515097690845,-0.02213595440654159,0.015256084271703552,-0.024148547238791562,-0.002348205300234829
2022-05-03,0.006084972291644064,0.006741764806280859,0.006446991404011504,0.003632063518878237,-0.013953488372093092,0.012422360248447006,0.0006724949562879612
2022-05-04,0.0235446592504589,0.005509875392048835,0.009786476868327343,0.007826965157381016,0.031204644412191618,0.011490894926477813,0.009744623655913998
2022-05-05,-0.034082515563996885,-0.027398415107064533,-0.015330396475770836,-0.01052192066805846,-0.005277973258268953,-0.026667950322518674,-0.012312811980033311
2022-05-06,-0.009941009394800249,-0.014735199791973685,-0.008500357909806744,-0.0026162545362476974,0.0010611956137247525,-0.01186943620178027,-0.0060646900269542
2022-05-09,-0.031667218360366234,0.008797395970792543,0.003519537947838547,-0.003892367574885869,-0.04522968197879862,-0.04404404404404405,-0.012203389830508504
2022-05-10,0.003532360984503047,0.009069503793494249,0.004226618705035934,-0.004502208630648985,-0.005921539600296066,-0.018219895287958088,-0.0006863417982154729
2022-05-11,-0.012490064721244365,0.019272318727854065,0.00465657741559955,0.012117074835736874,0.024571854058078824,-0.002133105802047841,-0.003777472527472514
2022-05-12,-0.0013797861331493744,-0.0018653552653892236,0.0004456725198322964,-0.004299806087176505,0.004723837209302362,0.0078024796921762896,-0.0009238193726301969
2022-05-13,0.02636729994242959,-0.014780835881753274,-0.005256593014967836,0.00516511430990696,0.013743218806510082,0.02640789055042947,0.006790140495183339
2022-05-16,-0.0032533094009423724,-0.0010346611484739476,0.0013434841021047195,0.00033695560609903197,0.01641098822689968,-0.0063029551560239705,0.0006854009595613775
2022-05-17,0.02025886325267323,-0.012083549110996072,-0.005724508050089505,-0.005052631578947309,-0.010881010881010789,0.013621711552459281,0.006849315068493178
2022-05-18,-0.0334252619966906,0.021317490826489705,0.003688377114069885,0.0069403300888699615,-0.021646557842441405,-0.029031596224866618,-0.007482993197278853
2022-05-19,0.0009130335539830892,0.0023952095808383866,0.002688894864210978,-0.003530301756745402,0.012694958287994274,-0.0044374009508716394,0.0030843043180259766
2022-05-20,0.002850627137970463,0.011350059737156526,0.00491642084562427,0.00042176296921137,0.0014326647564468775,0.006367398917542122,0.001708233686368299
2022-05-23,0.016145537237066465,-0.016454307653362643,-0.003558085749866602,-0.0035413153456996804,0.007510729613734002,0.011599704734788663,0.0023874488403821115
2022-05-24,-0.008280183506769734,0.019732326698695957,0.013122656668452137,0.005415467930275808,-0.0007099751508697905,0.008443656833107438,-0.0017012589316094395
2022-05-25,0.0068825454135168496,0.003954231869426117,0.010309278350515427,0.0008416091567076123,0.007104795737122638,0.00847632830266698,0.0030674846625766694
2022-05-26,0.016472433886149718,-0.0045252660688845925,0.00026164311878607016,0.004120417087117412,0.010934744268077612,0.0012300123001229846,0.004077471967380175
2022-05-27,0.020394664314849598,0.002441282936274103,0.005231493591420389,0.003182313039109097,0.011863224005582707,0.02682227682227678,0.006429780033840871
2022-05-31,-0.00453759723422642,-0.021162243869667363,-0.007372712290745098,-0.007095750897403885,-0.006896551724137945,-0.01226321036889333,-0.0016812373907194589
2022-06-01,-0.0073800738007381295,-0.002916952642415982,-0.008213911219853154,-0.015554060871027398,0.004861111111111205,-0.008276975875643466,-0.004378578646008879
2022-06-02,0.020118084408484727,0.0005162622612286949,0.0004405286343611703,0.004611837048424272,0.022805805114028965,0.013740458015267132,0.008457374830852515
2022-06-03,-0.016613076098606627,-0.002149982800137562,-0.003170409511228489,0.005780838221542073,0.009459459459459474,-0.013353413654618507,-0.005031868500503189
2022-06-06,0.0035967302452315497,-0.018443505989830244,-0.0070677621698029824,-0.0065083255853266575,0.004350736278447176,-0.003154574132492094,0.0003371544167229956
2022-06-07,0.007602085143353587,0.01079989463517439,0.005338553252068667,0.0023821677726729718,0.00666444518493825,0.013781135157207025,0.0026963262554768885
2022-06-08,-0.009377020909678846,-0.00886031966643508,-0.005752721479776901,-0.002461381768799842,0.00893743793445867,-0.02305910784412457,-0.0013445378151260012
2022-06-09,-0.03231422043303234,0.003330411919369114,-0.006587146163432478,-0.00017016931847180228,0.0016404199475066328,-0.02370645227788082,-0.009087849209020504
2022-06-10,-0.025972565774679546,-0.006201956673654863,-0.009677419354838679,-0.004425155305931461,-0.009826400262037405,-0.022170608108108003,-0.010190217391304324
2022-06-13,-0.03705413828927617,-0.03137909818053963,-0.023072747014115103,-0.0168390460723139,-0.011247105524313628,-0.04998920319585409,-0.022306108442004202
2022-06-14,-0.0029968832414288826,-0.012613430127041747,-0.005186625914605947,-0.013736741436271904,-0.011040481766477095,-0.007614501647914551,-0.0007020007020006602
2022-06-15,0.015269929060959475,0.01865637349508309,0.015641001768922802,0.013839915373765832,0.0006765899864682456,0.023705909299129635,0.008429926238145535
2022-06-16,-0.02925153955471338,0.007939372067845563,0.0011000091667430212,-0.00295626467263721,0.0043948613928330715,-0.026289294104485883,-0.008707767328457017
2022-06-17,-0.0004879834085640411,0.0032223415682062218,0.002014467539602771,0.0005232406034707537,-0.03567822282059918,0.007582720588235281,0.002459592410400502
2022-06-21,0.022336140607835953,-0.016952177016416714,-0.010052088092844857,-0.003486446439466606,-0.00244328097731239,0.013911060433295264,0.003154574132492094
2022-06-22,-0.005730659025788065,0.027500453802867808,0.007292532077910252,0.00577276305431651,-0.017844646606018144,0.012708052181736429,-0.002096436058700246
2022-06-23,0.0057636887608070175,0.008214822012189815,0.0076979472140761285,0.0029567788503348513,-0.02244389027431415,0.012548584119933537,0.0056022408963585235
2022-06-24,0.030444126074498534,-0.013842649377956873,0.0011822480902146104,0.0009537847914680153,0.009475218658892004,0.02127659574468077,0.004874651810584885
2022-06-27,-0.002896535743251105,-0.008528784648187737,-0.00917431192660556,-0.007189882189882146,-0.0021660649819493782,-0.0015034364261168331,0.0017325017325018344
2022-06-28,-0.014757146177085678,0.00465949820788536,-0.0002750275027503246,-0.0034900968501876406,0.01193921852387847,-0.012153151215315239,-0.006226219301279867
2022-06-29,-0.002712584031135834,0.015608276846236224,0.0059605685465382585,-0.0017511601435949986,-0.017161244190203817,-0.006205770277626477,0.0017403411068570573
2022-06-30,-0.007923368022705768,0.008781944322473034,0.0030082041932542047,-0.0008771160424524416,-0.030920334667151606,-0.0018624014022786683,-0.003127171646977067
2022-07-01,0.007033019430206178,0.008270218507878457,0.009906389166590923,0.011061364234922433,0.0048798798798799226,0.018000219514872073,0.003485535029627007
2022-07-05,-0.005089962121212155,0.007857019513037633,-0.0002699784017278217,-0.0027785013458366814,-0.06723944714232355,-0.0028032345013477844,-0.0045154567558179926
2022-07-06,0.0014277215942892774,-0.016790884948171048,-0.004950940678728921,-0.009055289508053899,-0.01481778133760503,-0.0018380365444913283,-0.0006978367062107083
2022-07-07,0.01592016157775933,-0.008800209113879909,-9.046499004894404e-05,-0.0015815833406555013,0.04146341463414638,0.002707972270364012,0.004368016759776605
2022-07-08,-0.0007016723190270691,-0.011075949367088667,-0.001628517144666719,-0.001056059139311727,0.017564402810304358,-0.0052932915631414,0.00017034531428716804
2022-07-11,-0.014160327677004148,0.017244444444444396,0.0028092433167195008,0.0015857633688660666,-0.001917913310318431,-0.002172024326672517,-0.0048661800486617945
2022-07-12,-0.006172839506172756,0.005941978329255582,0.0014458702331465734,-0.00035183393438287247,-0.04534973097617212,-0.003918154114061823,-0.0010478519035975742
2022-07-13,-0.0040611562350693076,0.011466296038915802,0.007489622811766905,0.005191377034755806,0.005636070853462183,-0.004807692307692291,-0.0034965034965035446
2022-07-14,-0.006836171743823338,-0.00815870834764687,-0.006359158083296124,-0.002450980392156854,-0.009207365892714203,-0.009003074220465423,0.0
2022-07-15,0.01702692911484127,0.005628192917135788,0.00802235442581578,0.005791505791505891,0.012929292929293013,0.016951030356747276,0.00210526315789461
2022-07-18,-0.0027309427689385934,-0.010418460478732516,-0.006974872574443403,-0.0013086721340080931,0.018747506980454576,-0.007081381414097421,0.0021008403361344463
2022-07-19,0.02536016192403867,-0.005394588010093182,0.002791535344439433,-0.0010483096007688486,0.003915426781519349,0.025894228659205654,0.0062893081761006275
2022-07-20,0.0031351602415234936,0.0026244423060099997,-0.0010775862068965747,-0.0008745080891997548,-0.0007800312012480326,-0.0023529411764705577,0.001388888888888884
2022-07-21,0.010186364162518835,0.01727597940842851,0.013664149586479768,0.006214442013129151,-0.01678376268540205,0.00793310463121788,0.0034674063800277377
2022-07-22,-0.008479431648905633,0.016811047259627676,0.007715501951046422,0.008437717466945216,-0.01190948789202062,0.005211657094235322,0.0006910850034553828
2022-07-25,0.0031203050964982992,-0.009784900885702164,-0.00844847311449437,-0.0018976968860520138,0.01807955002008832,0.0016929425457623548,-0.002589779005524817
2022-07-26,-0.012096774193548376,0.0007666751852799525,-0.00017750954113782136,0.0,0.0019731649565903897,0.0010563008344774971,-0.0022503029253938545
2022-07-27,0.024489795918367196,-0.005617977528090012,0.0066577896138482195,0.006395298591305831,0.022843639228042445,0.0060145615701172606,0.00832755031228305
2022-07-28,0.009561752988047845,0.007960965588084346,0.008289241622574828,0.010218978102189746,0.0007701193685021313,0.03241032095657648,0.0058499655884378665
2022-07-29,0.012741008005412002,-0.0027176220806793827,0.002361378345286047,0.005015300918055132,0.004617160446325652,0.005384537234582876,0.0
2022-08-01,-0.0032286795813849523,0.02222600698288346,-0.0004362621062734551,-0.009303899179565311,-0.020298736116430516,-0.00808407437348424,-0.00017105713308240844
2022-08-02,-0.007818608287724849,-0.021159613462179316,-0.01222067039106145,-0.011781780927174856,-0.0050820953870210905,-0.012836185819070867,-0.0029084687767322315
2022-08-03,0.012833502195204405,0.01574468085106373,0.010869565217391353,0.005269978401727826,-0.0086444007858546,0.0031991744066046657,0.0041180507892930596
2022-08-04,0.0015560742469711286,-0.00033514872224538195,0.0015735641227379027,-0.00017188037126159017,-0.010701545778834753,-0.001543051126427275,0.005126452494873535
2022-08-05,-0.003107313283764346,-0.023803537004442266,-0.013528846993104637,-0.010056730273336756,-0.0036057692307692735,0.0027817844632185285,-0.004760285617137039
2022-08-08,0.0004452855393521915,0.016141495664119487,0.00398159617766769,0.006859425197534019,0.012062726176115923,0.008938662282955034,0.0040997608472839175
2022-08-09,-0.004784688995215336,-0.0038867765103506313,-0.0044945800652155254,-0.0028458088996204944,0.008343265792610133,0.0054989816700610206,-0.003062266076896858
2022-08-10,0.02090787119856885,-0.006531512426838582,0.009472379603399528,-0.0017296549338405853,0.013790386130811738,0.015191411788535447,0.006484641638225153
2022-08-11,0.0008761362391851435,-0.023309426229508268,-0.009646584232219535,-0.0033786710560512745,0.019432568985619847,-0.002394253790901746,0.0023736859952525613
2022-08-12,0.013787066418645466,0.010140746568755965,0.01160010626051533,0.003911682892906665,-0.005337399923751485,0.017199999999999882,0.0047361299052774974
2022-08-15,-0.00021586616297908368,-0.0008654262224144782,-0.0007002801120448154,-0.0010390510000864994,-0.012265235722499046,0.004030672434132798,0.0
2022-08-16,0.0007556946993414471,0.004157644001732352,-0.003854239663629966,0.00026003293750531675,-0.011253395421032208,-0.0026436894154509005,-0.002020202020201922
2022-08-17,-0.00722761596548005,-0.010437332873285632,-0.009409074920858185,-0.003032928942807711,0.003924646781789498,-0.0059886118201453176,-0.005398110661268607
2022-08-18,-0.00032598065848099544,0.0014818688981868,0.002574345317354565,0.00512820512820511,0.015246286161063383,-0.006617283950617336,0.002035278154681075
2022-08-19,-0.0133695652173913,-0.016102358777961512,-0.011864706924030521,-0.0017295053614666545,-0.0003850596842509546,-0.010538874527739162,-0.008361543669600513
2022-08-22,-0.018838823399801585,-0.0033616418966738726,-0.006720430107526876,-0.001905751905751929,0.008859784283513195,-0.021804662379421247,-0.005223090840815181
2022-08-23,-0.00011228385358186266,-0.005503284218000948,0.0010825439783490598,0.001649019267488283,0.016418480336006125,-0.012840267077555256,0.00034317089910773646
2022-08-24,0.002582818641212903,-0.007318814709032506,-0.0029737766964044177,-0.00017329520838749168,0.010518407212622094,0.005723204994797282,0.0010291595197255976
2022-08-25,0.014784946236559016,0.013936342384463174,0.010303687635574876,0.003119854406794298,-0.014126394052044522,0.01489912053802378,0.0058259081562714865
2022-08-26,-0.02980132450331119,0.0075374656380242655,-0.005993916621935935,-0.0014686825053995545,0.004147812971342368,-0.025180956264654886,-0.008177172061328841
2022-08-29,-0.006143344709897636,-0.008273191339552843,-0.007380073800737907,-0.0038934071638692114,0.014645137063462377,-0.008993934323363262,-0.0013740982480247022
2022-08-30,-0.010302197802197877,0.002484913028043989,0.0012693807235470977,-0.0017371666811429876,-0.02775721687638788,-0.013824398480371536,-0.003095975232198178
2022-08-31,-0.006476983576220063,-0.009560906515580725,-0.010504391922484979,-0.008874967371443554,-0.020936429387133693,-0.0047084002140181935,-0.0031055900621117516
2022-09-01,-0.002444703143189897,-0.020378977475867033,-0.008785577011073409,-0.02010359055394606,-0.021384136858475733,0.0018277604558649685,0.0
2022-09-02,-0.008635780137705606,0.005656934306569328,0.0007386206259809569,0.005912918831750602,0.006754072308303494,-0.013951491736424293,-0.005192107995846351
2022-09-06,-0.005532666274278952,-0.02476864452912364,-0.0135621367284805,-0.009529747060919247,-0.005919494869771058,0.009033521985198023,-0.005219206680584509
2022-09-07,0.014914772727272707,0.01581542469066899,0.01365506921062476,0.004136318676378092,-0.023818975784041352,0.01952324452594123,0.010143406785589226
2022-09-08,0.004665267086540803,-0.01025734957413682,-0.0023066986528880173,-0.005552073072445651,0.004066693777958541,0.002750740584003486,-0.0006925207756232066
2022-09-09,0.01845832365915956,0.002220782825946177,0.002312031813557658,0.00045024763619982977,0.0283515593357635,0.010867271576281867,0.006930006930006893
2022-09-12,0.012310498119229463,-0.008217154464038368,-0.002214430706772408,-0.002970297029702973,0.013784954706577368,0.009706711199248375,0.0046455609084652405
2022-09-13,-0.03952257628645428,0.002327313349469451,-0.007212872202700171,-0.002979145978152964,-0.005050505050504972,-0.03824684721935068,-0.012502140777530424
2022-09-14,0.00398593200468933,0.0034364261168384758,0.004750372578241402,0.0025353132922854016,0.0042951971885982765,-0.011392949269131591,0.0020811654526535772
2022-09-15,-0.01039234002802425,-0.0006479081821548771,-0.004820617409845296,-0.005057803468208166,-0.029160186625194373,-0.018482278756251413,-0.005538248528902723
2022-09-16,-0.008967551622418912,-0.008335648791330974,-0.0023288309268747476,-0.004175744371822776,-0.0036043251902282414,0.00011076650420926981,-0.0013922728854854904
2022-09-19,0.006548398618883233,0.0023349210796674846,0.001680672268907557,-0.004557885141294404,0.003215434083601254,-0.0014398050725441536,-0.0006971070059254014
2022-09-20,-0.012301868937780958,-0.009970182631382718,-0.009973900074571329,-0.0015567765567765512,-0.0012019230769231282,-0.024290150842945835,-0.004534356470177969
2022-09-21,-0.01640718562874255,0.016752941176470637,0.003766123717164227,0.0019260753920937734,-0.00601684717208173,-0.015800841195862225,-0.005606166783461819
2022-09-22,-0.007427249482527709,-0.025548458761455173,-0.014069974674045582,-0.011351153423654337,0.0028248587570620654,-0.012705012705012675,-0.004580690627202233
2022-09-23,-0.02097644749754657,0.004084734492258102,-0.002854152792312825,-0.004259259259259185,-0.033802816901408406,-0.02386523163313059,-0.009911504424778839
2022-09-26,-0.01190327026688387,-0.019110690633869387,-0.017364755271443655,-0.015994048726055587,-0.023323615160349975,-0.028044103547459343,-0.005005362888809484
2022-09-27,-0.0032969819934061118,-0.0263310185185186,-0.015050004854840204,-0.005292005292005131,0.010660980810234477,-0.013316892725030782,-0.0007186489399928497
2022-09-28,0.02048346055979633,0.033481921743437226,0.02011041009463721,0.01767053011590347,0.02784810126582271,0.02074481379655091,0.010068320747932402
2022-09-29,-0.018825582845031663,-0.005175884213553084,-0.00744105141090079,-0.014002987303958214,-0.006157635467980205,-0.02938295788442713,-0.009611961552153825
2022-09-30,-0.011054637865311356,-0.012910685037094138,-0.002531399084801822,-0.006816890740390047,-0.01239157372986377,0.01122603430877911,-0.0028756290438534116
2022-10-03,0.023769754593344627,0.013469985358711467,0.01512933138116157,0.012869399428026673,0.02258469259723972,0.017837096170637334,0.010454217736121318
2022-10-04,0.034136546184738936,-0.002793027063469067,0.004615384615384688,0.0039529411764707145,0.026993865030674913,0.020220588235294157,0.011773100249732327
2022-10-05,-0.004490291262135959,-0.009561522117056298,-0.007561255742725925,-0.007874753913940213,0.017921146953405076,-0.019579579579579565,0.0017630465444287147
2022-10-06,-0.01158112885529683,-0.005558264261335877,-0.002314591571028979,-0.0033071907776622833,0.006259780907668322,-0.02781181083067885,-0.0024639211545230966
2022-10-07,-0.025407005426739016,-0.009707785840360916,-0.009956500724987882,0.00028441410693980096,0.010497667185070059,-0.024070573408947693,-0.010232886379675343
2022-10-10,-0.007972665148063718,-0.015546093672640815,-0.008982620581917566,-0.0056866647711117935,-0.011158137745286623,-0.00942665289256206,-0.005347593582887722
2022-10-11,-0.008419441255262061,0.004425668879501021,-0.002068965517241339,0.005719187875321774,-0.014396887159533134,0.010168165819319563,-0.004301075268817067
2022-10-12,-0.0027016595908916363,0.004906869617464338,-0.0011847171487807673,0.0019903326698891277,0.0,-0.01045296167247367,0.001079913606911287
2022-10-13,0.02257481940144479,-0.009566517189835477,0.0017791835524363364,-0.0011350737797957144,0.013817607579944768,0.018257694314032236,0.002517080186983156
2022-10-14,-0.021193389680837504,-0.008250326994667545,-0.009570794277257044,0.0008522727272728403,-0.01985981308411211,-0.024846311475409832,-0.0060975609756096505
2022-10-17,0.025905400180435523,-0.004869635791822979,0.004781829049611552,0.0027438735925822133,-0.0023837902264601807,0.037693722090885284,0.00469144713099956
2022-10-18,0.009422110552763874,0.0023447854011620084,0.005948839976204656,-0.0026420079260237594,-0.010752688172043001,0.010884698139475901,0.005028735632183867
2022-10-19,-0.010205351586807687,-0.018205858421480814,-0.013699980287798175,-0.005108798486281985,-0.0004025764895331241,-0.024915487667459768,-0.005003573981415266
2022-10-20,-0.004778071168112574,-0.017093131668911243,-0.008693914260017865,-0.0009509319132749994,0.000805477245267916,-0.004365690806368616,-0.001436781609195359
2022-10-21,0.02122552116234977,-0.018022765598650903,0.0028225806451613877,0.0025699600228441533,0.0012072434607643956,0.007866907402630963,0.012589928057553879
2022-10-24,0.0029691946059631213,-0.008264462809917328,-0.0005026135906714968,0.0023734928320515714,0.002813504823151236,-0.0001279590531030328,-0.008170515097690845
2022-10-25,0.01763907734056991,0.02911255411255409,0.013376244594186737,0.00407274104944122,0.005611222444889874,0.039288456616329626,0.006446991404011504
2022-10-26,0.0001212121212121886,0.014407403512461725,0.0045653036919410805,-0.0015092915762664472,0.018732562774013584,-0.0006156877231867641,0.00462633451957295
2022-10-27,-0.006059871530723515,0.010470661414057725,0.0046433511163801455,0.0077468115257439685,0.0015649452269170805,0.0014785608674223738,-0.002125398512221044
2022-10-28,0.01597366174856707,-0.006873909921001342,0.0020650998131577225,-0.0012187119152525794,-0.01171875,0.022022637795275468,0.0028399006034787178
2022-10-31,-0.006601056168986985,-0.007128099173553726,-0.005397448478901001,-0.0014079219072649085,-0.007114624505928813,-0.0010834236186347823,-0.0035398230088495852
2022-11-01,0.000966533768273603,0.006867131411923744,0.004144055254070134,-0.00018798759281879462,0.015127388535031816,-0.00036153289949392153,0.00355239786856143
2022-11-02,-0.020519010259504977,-0.00434018807481662,-0.004814778421931787,-0.0022562752655824747,0.009019607843137267,-0.027486437613019943,-0.008849557522123908
2022-11-03,-0.00874922982131865,-0.005396990140114077,-0.0035545023696682554,-0.011118439649486445,-0.0007773027594247806,-0.0013635800173545931,-0.0028571428571427804
2022-11-04,0.023495773247140805,-0.016800584368151905,0.0019817677368212383,0.003716055264411544,0.03383897316219353,0.013654419066534196,0.011103151862464244
2022-11-07,0.006316045184015406,-0.009976650392697906,-0.0036590189873417778,0.0012340991076513763,-0.008653122648607847,0.0,0.002936592277718697
2022-11-08,0.00700060350030185,0.010934819897084003,0.0041687344913150515,0.0014222053664549872,-0.012144212523719222,0.0030614744060739607,0.002193346495767079
2022-11-09,-0.018458588037876145,0.0032873806998938715,-0.0025699317979638314,-0.0020829388373414526,-0.0230503265462928,-0.010255158100354045,-0.005814977973568225
2022-11-10,0.053608499206252214,0.03847373427756051,0.03349519373699339,0.016603415559772294,0.009044435705859222,0.07314666337732834,0.019496632399858216
2022-11-11,0.015183124710245632,-0.003664122137404524,0.002684821171732521,-0.0005599626691553672,0.019095869056897863,-0.00011494252873567312,0.0073018080667592855
2022-11-14,-0.0090192944400046,-0.002451731535396795,-0.005068375251027879,-0.007376972639835722,-0.014913957934990285,-0.024370617312334697,-0.0023438039351052486
2022-11-15,0.00967741935483879,0.016180235535074194,0.0139369473279507,0.006491063029162802,0.011645962732919068,0.01084010840108407,0.00719324893346851
2022-11-16,-0.007530807850296584,0.021868386576640253,0.00853161437103056,0.0025236003364801363,-0.011128165771296938,-0.009091968760927882,-0.003435245620061811
2022-11-17,-0.0024143481260060495,-0.010552268244576002,-0.005357646395337978,-0.006805892224501231,-0.01668606907256498,-0.006822726738030749,-0.004136504653567741
2022-11-18,0.001959202489339562,-0.0068773048938503,-9.450009449996077e-05,-0.005068994649394587,-0.00710339384372527,0.012673220419282094,-0.0006922810661128542
2022-11-21,-0.005521048999309941,0.004215174628663165,-0.001512144409791083,0.005283517312954178,-0.003577106518283024,0.0052631578947368585,-0.0013855213023901136
2022-11-22,0.012491325468424908,0.014191485108934643,0.008897302413629848,0.004035664007508322,0.01037096130833648,0.005468295520651534,0.003121748178980255
2022-11-23,0.007767877541695167,0.01744186046511631,0.01003846514682416,0.005515049541970463,-0.013817607579944657,0.0008099976857207647,0.0020746887966804906
2022-11-25,0.0007934708682839631,-0.003389830508474523,0.001021735091956133,-0.0009296272194849742,-0.008807045636509137,0.006359116660885844,0.0
2022-11-28,-0.014497678106240808,0.002818270165208858,-0.007237635705669487,-0.002326230575974697,-0.006058158319870888,-0.026769301470588425,-0.0041407867494824835
2022-11-29,0.0020687277324444864,-0.011725942436282555,-0.004953733993831255,-0.004290244357396,0.013002844372206335,0.01652697438318973,0.003291753291753352
2022-11-30,0.028443628856520187,0.007354383212394566,0.012211159120796733,0.014799550393405747,0.022462896109105346,0.022877714551155393,0.010878950094975082
2022-12-01,0.0014497602319616387,0.029494792173659024,0.009279881217520325,0.009507107254938196,-0.005100039231070941,-0.0021571298819255125,0.004533652203621452
2022-12-02,-0.0008908685968819219,0.012575642965204192,0.006068407502758388,0.007406052848130118,-0.010646687697160817,-0.00295824325861882,-9.182830148257715e-05
2022-12-05,-0.01705305394560852,-0.014006910075637369,-0.00849936026320608,-0.010255944817571305,-0.025906735751295318,-0.018258587241812063,-0.007482993197278853
2022-12-06,-0.010658804853157955,0.012880007576475005,0.0030417550004608884,-0.00018340210912426436,-0.015957446808510634,-0.009415320237126656,-0.0034270047978067764
2022-12-07,-0.0018338108882520743,0.02356241234221601,0.011119279544201444,0.004310740163257831,-0.00498960498960499,0.001994836892748264,0.0030949105914719333
2022-12-08,0.0076931909518889174,-0.0027404768429706294,-0.0031809506498227114,-0.0002739726027397582,-0.0016715419974926427,0.007026583909122808,0.0
2022-12-09,-0.0047857793983592245,-0.02601447284052394,-0.007476294675419437,-0.009500319722298256,0.0012557555462537895,-0.0018606814745900646,-0.0003428179636613127
2022-12-12,0.008930615983512746,0.003197592401015692,-0.001286055484107984,9.222539887465686e-05,0.01086956521739113,0.007689619014330518,0.004801097393690057
2022-12-13,0.0014752610077166661,0.009655948251617197,0.008738042678440028,0.002950940612320263,0.016542597187758412,0.018499248468031082,0.0017064846416381396
2022-12-14,-0.0038526912181303663,0.004271123491179196,0.0009118263882557098,-0.0024825303420376033,0.007729861676159633,-0.006811215802020709,0.003066439522998232
2022-12-15,-0.024570583551359326,0.0014792899408284654,-0.0021863897239682295,-0.0030417550004608884,-0.012111425111021479,-0.013372956909361133,-0.0122282608695653
2022-12-16,-0.009679300291545179,-0.01117060561299843,-0.0042910618095498565,-0.005362426035502965,-0.012668573763792379,-0.025834105653382622,-0.004470426409903694
2022-12-19,-0.00612341026848795,-0.01680515358043133,-0.010086191087474883,-0.0034393009853133094,-0.007864238410596025,-0.012724461886074567,-0.0010362694300517505
2022-12-20,0.002251184834123121,-0.0177570980913494,-0.011763616154131129,-0.00027982464322340306,0.004589069670421386,-0.002529510961214121,0.0
2022-12-21,0.013122118453718024,0.0025135344160867046,0.006842253257099973,0.005411457361448102,0.012873754152824102,0.008573843738678866,0.007261410788381717
2022-12-22,-0.012018669778296354,-0.00019286403085816417,-0.0002792776019363563,-0.005475129918337096,-0.012710127101271063,-0.01807950191570873,-0.004462753175420442
2022-12-23,0.004606117869375259,-0.014660493827160614,-0.0030729118167427405,-0.0022394326770550643,0.0182724252491695,0.008901353493476316,0.0006896551724138167
2022-12-27,-0.00035269221725842126,-0.019772905246671857,-0.012889968242107197,-0.004582437108388793,0.00897226753670477,-0.00036258158085566983,0.001378359751895264
2022-12-28,-0.012936610608020649,-0.005891751547833057,-0.0031226343679032764,-0.0011273957158963732,-0.011317704122877803,-0.01704751541530647,-0.00619408121128695
2022-12-29,0.017395448588109153,0.01135107985936723,0.00711912672045556,0.004138449962377777,-0.0012264922322159366,0.021894218942189347,-0.011772853185595511
2022-12-30,-0.0059725963227544865,-0.011124354390147029,-0.006314797360980062,-0.002997377294867043,0.009005321326238214,-0.007221954742416825,-0.002803083391730854
2023-01-03,0.00023562676720079168,0.01908396946564883,0.006924025419709601,0.0035700864336714044,-0.023935091277890508,0.0009699321047527132,0.0
2023-01-04,0.01272084805653706,0.013699980287798175,0.007253202712886209,0.000655307994757548,-0.017871986699916853,0.02265019379844957,0.008081517919887649
2023-01-05,-0.010234938357757684,0.004180845892076013,-0.0007481529972880319,0.0002806623631770311,-0.005078290308929256,-0.026886177898851282,-0.005228302544440622
2023-01-06,0.023149236192714362,0.018396591789310746,0.016378100140383767,0.009165731387953624,0.005529561888558021,0.026898734177215333,0.010161177295024526
2023-01-09,0.0021821522912599534,0.005324206122836905,0.003959484346224729,0.0023169601482855295,0.011844331641285955,0.00035557662676310997,0.0020811654526535772
2023-01-10,0.00561540224616075,-0.016550028371477232,-0.0033935614051179286,-0.0040684234858993085,0.0,0.002251184834123121,0.0003461405330562606
2023-01-11,0.010484330484330506,0.016251562650254847,0.00855880728879077,0.004270726952000814,0.017976588628762613,0.035819836860149,0.0024221453287196493
2023-01-12,0.006992218337656508,0.019682059046177036,0.011314900994616295,0.007858001294259065,0.008213552361396204,0.012668340561515556,0.004142216085605943
2023-01-13,0.00447978497032131,-0.009372680029695712,-0.0032482179915185316,-0.007796734544120332,0.009775967413441888,-0.006198579961681494,0.0024063251976624844
2023-01-17,-0.0006689708997659194,-0.006463700234192071,-0.0036208925500136324,-0.0028658592955532747,0.0068576038725292054,0.002835110002268104,-0.000685871056241405
2023-01-18,-0.010933839116367139,0.024231567037525936,0.011719814663396111,0.0068607454107174615,-0.01081730769230771,-0.014587809566889098,0.0017158544955389043
2023-01-19,-0.003948110547095429,-0.006259780907668211,-0.0020653735632184533,0.006169429097605983,0.010125556905629773,-0.0055083773238466804,-0.0027406646111682864
2023-01-20,0.015515288788221948,-0.01621120889300598,-0.005219112750832311,-0.005674018486318211,0.00601443464314344,0.011885529656127325,0.0037787701820679587
2023-01-23,0.008810081409613035,-0.004708097928436961,-0.0028946178199908967,-0.0009203865623562679,0.0023913909924271337,0.004561523548865409,0.000684462696783017
2023-01-24,-0.0013265531726729396,0.014380321665089735,0.0052617254830809035,0.005711653615845247,-0.005566600397614141,0.0024974457940742933,0.0020519835841315004
2023-01-25,0.002324551693601906,0.0024249207237456716,0.00045122281382536933,0.0020152056425757348,-0.0027988804478208396,0.0004529498358056827,0.0017064846416381396
2023-01-26,0.008503589177250026,-0.004652028284331977,-0.000360815442901008,-9.141603437246015e-05,0.004410585404971856,0.011205432937181792,0.0017035775127767216
2023-01-27,0.0005475251861586372,-0.0025238362310713303,-0.0028875654214040036,-0.0021941854086670043,-0.011177644710578916,0.011193194537721052,-0.0006802721088434716
2023-01-30,-0.012038962460326208,-0.003654765251616565,-0.0038009049773756187,-0.004856148066703314,-0.01291885345175614,-0.012729687845915438,-0.007147719537100028
2023-01-31,0.010856319929101632,0.00799473288186614,0.007176598837209447,0.0003682902126875831,0.01717791411042957,0.020966476062338923,0.00411381556393553
2023-02-01,0.01019178082191785,0.009424279182607131,0.007035266528366613,0.006718821905200123,-0.018898271009248235,0.006149791346365063,0.006145442130419898
2023-02-02,0.008136255152961569,0.0012941393973007198,0.0014330497089116712,-0.0013713658804168638,-0.007377049180327888,0.022702466710325275,0.005429250084832082
2023-02-03,-0.011514042827935111,-0.014955686853766581,-0.01135855469099356,-0.009338093930238989,-0.02518579686209743,-0.018783351120597702,-0.011474856564292923
2023-02-06,-0.008273459612453737,-0.007403936269915756,-0.007689524154152472,-0.003973754736161128,0.0029648454044897132,-0.007287361322601771,-0.0027313076135199177
2023-02-07,0.010647639956092192,-0.008025682182985494,-0.0032819764791686135,0.00259788457969945,0.01900337837837829,-0.0021913005368686678,0.002909962341663741
2023-02-08,-0.008580427935266588,0.004759185227489082,0.0010061282356168544,0.005182306126226166,0.0020721094073767876,-0.004721642692434358,-0.0029015190305513583
2023-02-09,-0.004382120946538226,-0.009473285335354298,-0.008406432748538029,-0.005063524212852277,-0.007857733664185296,-0.010922330097087318,0.000684697021567926
2023-02-10,-0.0008802816901408717,-0.011189747513389414,-0.0070033173608550214,-0.003608772092162371,0.014172571904960352,0.0034578918014498417,-0.0013684570646596006
2023-02-13,0.010572687224669641,0.008414740303704482,0.0037119524870081744,0.0016716196136701278,-0.002055076037813297,0.008892841262783557,0.0023980815347721673
2023-02-14,0.000544899738448068,-0.0023019374640322887,-0.0024963017751479244,-0.0033376599295382725,0.0032948929159801743,-0.007933010136624064,-0.0006835269993166193
2023-02-15,0.0006535235813092122,-0.009325129782734032,-0.0038001668365927888,0.0,-0.010673234811165777,0.003998223011994595,-0.002735978112175075
2023-02-16,-0.01012299989115062,-0.014167879670063055,-0.008001488649050925,-0.0024186046511628367,-0.0029045643153526868,-0.009734513274336387,0.0065157750342936804
2023-02-17,-0.002529140092368598,0.007776355940545265,0.003939223410241999,0.001958224543080922,-0.0074906367041198685,-0.0039097408400357025,-0.007495741056218086
2023-02-21,-0.017087421452982032,-0.019437390115256803,-0.01420029895366226,-0.004467194043741296,0.0012578616352201255,-0.020074015924638422,-0.008925506350840995
2023-02-22,-0.0026917900403767847,0.009164259388385387,0.0028430629264593055,-0.0005609049266149801,-0.012981574539363439,-0.009040970473792487,0.0010391409767924742
2023-02-23,0.004835807467386433,0.009771986970684043,0.007843507843507957,0.0032737816855299418,0.007636826474331837,0.007506640489663763,0.00657439446366781
2023-02-24,-0.013318410744264098,-0.013000977517106493,-0.0075011720581341645,-0.006526198023494301,-0.003368421052631465,-0.01753782668500692,-0.003781368167755206
2023-02-27,0.005898366606170713,0.002773100921065641,0.00028341993386860054,0.0020645645645644972,0.0008449514152935045,0.001516742503792079,0.0041407867494824835
2023-02-28,-0.005187189896256328,0.004543209876543219,0.0003777861730260845,0.0037460198539052136,0.002954833262980072,-0.0013979496738117936,-0.0020618556701031965
2023-03-01,0.0021537066424845985,-0.013174712417657997,-0.009724320241691897,-0.0037320395596194267,0.017255892255892302,-0.012599160055996261,-0.006198347107438051
2023-03-02,0.005429250084832082,-0.008867191391850104,0.0008580417580321686,0.0007492039707810427,-0.0037236243276790315,0.01169659735349704,0.0017325017325018344
2023-03-03,0.015074811564855572,0.024225975070365946,0.01133549247475707,0.010761744338386725,0.015780730897010153,0.015181595235314926,0.005880318228986381
2023-03-06,-0.0006649673057741445,-0.007753459613308533,-0.00273146839973637,-0.005369873159892569,-0.004905968928863524,-0.00391119291383879,-0.0013755158184318717
2023-03-07,-0.015748031496062964,0.006132542037586619,-0.002833396297695523,-0.006329703062459391,-0.020542317173377178,-0.02332832890634029,-0.005853994490358061
2023-03-08,0.002140845070422559,0.0009830908375934033,-0.001610153438151185,-0.004777517564402811,-0.005453020134228104,0.011469788341019527,-0.0010356771735365866
2023-03-09,-0.01607825500337301,0.002455313297976769,-0.000948676596148279,0.002635542168674787,-0.012231126107127732,-0.022913256955810257,-0.0034708617515196716
2023-03-10,-0.013141355273683097,0.03448613696482816,0.014338619314405054,0.014739016147202522,0.010674637062339842,-0.033141899976070754,-0.0013917884481559062
2023-03-13,-0.002547475683186695,0.002272942513495524,0.00084253885040253,0.007586270700342235,-0.006337135614702283,0.01311718846677401,-0.001045296167247356
2023-03-14,0.013814720222892873,-0.016441462723235323,-0.002993171826770169,-0.005509135983839841,-0.012755102040816313,0.009649444240869665,0.002790373212417041
2023-03-15,-0.013855490667582626,0.01931021231626473,0.009569377990430672,0.012187240328686011,-0.023255813953488302,-0.0007258649891120905,-0.00417391304347825
2023-03-16,0.016256386437528914,-0.007822808671064996,-0.0014868506644363233,-0.011310772598741137,0.0030864197530864335,-0.002179176755447876,0.0027942717429270125
2023-03-17,-0.010854661791590559,0.015009024413413119,0.00502559329920893,0.0021219669711227684,-0.003076923076923088,-0.022688667799077966,0.002089864158829613
2023-03-20,0.009703130414693284,-0.00879737950397752,-0.002963237336790381,0.0009206407659729798,0.003968253968253954,0.01142147734326504,-0.00034758428919001716
2023-03-21,0.013270792815467392,-0.008592200925313875,0.004829571839880975,-0.0021155261221487143,0.003513394817742821,-0.004418804467902326,0.00347705146036148
2023-03-22,-0.010725979451281398,0.01333333333333342,0.005823089010074778,0.013733984699050739,0.0026258205689277947,-0.03735667611885096,0.0007588357588357297
2023-03-23,0.0026249714677013536,0.0,0.0028487410402500135,0.0018185124568104172,-0.0026189436927105403,-0.006275614754098324,0.00201164050841518
2023-03-24,0.0023904382470121277,0.004229323308270638,0.0031155502611563968,-0.0025412960609910717,0.004814004376367587,0.015465910555483964,-0.00034554250172780243
2023-03-27,0.003520327049738814,-0.02349087505849312,-0.011966748880971934,-0.007825295723384862,0.018728222996515775,-0.0011422769386978393,-0.0013826477704804718
2023-03-28,0.000905284598845757,0.0018209699060762752,-0.0016642011834319126,0.003118121790168571,0.004702864471996637,-0.0024142312579414904,0.0013845621322257085
2023-03-29,0.012210288298473593,-0.002008992633693807,0.004630487127245786,0.0019199122325836981,-0.006382978723404209,0.02216278181123421,0.0041479433114415265
2023-03-30,0.00815369150005596,0.004601226993865115,0.0013827433628317287,0.00100374121726432,0.007280513918629383,0.013084112149532645,0.001721170395869276
2023-03-31,0.009971194327498267,0.01498091603053453,0.009021448955168987,0.005013673655423823,0.009353741496598511,0.021402214022140376,0.0037800687285223233
2023-04-03,0.005813953488372103,0.002162263796183117,0.0029194416567832615,0.0006349206349205438,0.016427969671440668,-0.007947976878612817,0.001369394043135852
2023-04-04,-0.0034900207219979995,0.004971857410881908,0.0012735377058126218,0.0029006526468455807,-0.001243265644425895,-0.0013352755523184934,0.0013675213675212738
2023-04-05,-0.005143920323957496,0.01045458788387954,0.003270645952575757,0.002349963846710157,0.003734439834024883,-0.0053482435881851975,0.0013656538067599033
2023-04-06,0.003960396039603964,0.0025866050808314167,-0.0009055510278005441,0.0022542831379621653,-0.0028937577511368717,0.006843455945252375,0.0
2023-04-10,0.0006574621959236637,-0.01612457385054822,-0.0046224961479198745,-0.00710751237067031,0.0,0.00461221021968683,0.0
2023-04-11,0.001971090670170872,0.0020603109196477565,-0.00027317428519380016,0.0017216382747371473,0.005389718076285188,0.004228585236196736,0.0017047391749063223
2023-04-12,-0.0016393442622951726,-0.0010280373831775824,-0.0020949084616085356,0.00036182722749900087,0.007835051546391858,-0.004812319538017418,-0.0003403675970047315
2023-04-13,0.013355227148330595,-0.007858546168958758,0.0017342095655348277,-0.002441450402387302,0.0,-0.0030222437137330527,0.001702417432754455
2023-04-14,-0.0029167116776492863,-0.009146628948609181,-0.0032801822323462737,-0.00435097897026826,0.0012274959083469206,-0.015520795440766344,0.0
2023-04-17,0.0018418201516792188,-0.01189569851541683,-0.00630770637169753,-0.004552075746540374,-0.00408663669799747,0.020815371351151635,0.0006798096532971698
2023-04-18,0.0018384340867307891,0.003563517287874518,0.003311867525298995,0.001006036217303885,0.002051702913418163,-0.0022924710424709893,0.0
2023-04-19,-0.0020509499136441844,-0.0009596928982725794,-0.004951402897487633,-0.0010050251256281673,-0.013923013923014094,0.0059257467650262186,-0.0033967391304348116
2023-04-20,-0.00367766360194699,0.008549471661863706,0.0037781054183561036,0.003201024327784907,-0.008720930232558044,-0.009858138975715414,-0.0005112474437628522
2023-04-21,0.000651395071110672,-0.00561958281741104,0.0006426145230882252,0.0004558300665511439,-0.0020946795140344143,0.00012141816415733864,0.00017050298380216766
2023-04-24,0.00043398068785927,0.009674329501915713,0.004403669724770687,0.003827227993439042,0.007976490344248521,-0.003763506130872951,0.0003409478349813977
2023-04-25,-0.0160503199219173,0.014704487240299713,0.004384362440628342,0.005900508351488698,-0.014160766347355302,-0.009870826224713691,-0.0027266530334014716
2023-04-26,-0.0025349939380580055,-0.010658189977561738,-0.004365223717715416,-0.003519537947838658,-0.015209125475285301,-0.009600000000000053,-0.002050580997949525
2023-04-27,0.017127071823204387,-0.00992250992250987,-0.003653635367190433,-0.0033508422387249492,0.0012870012870014325,0.022617124394184174,0.003767123287671259
2023-04-28,0.005866376969038578,0.01613057172854826,0.007792445911257939,0.0011812812358020786,0.009425878320479919,0.012273666302102137,0.0017059024223815555
2023-05-01,-0.0012960362890160892,-0.031279353747886485,-0.01946693350313833,-0.013432564893810173,-0.008488964346349714,-0.0074429771908762765,-0.002043596730245234
2023-05-02,-0.011246890883529703,0.02492000387859994,0.012060487985898538,0.007635694572217133,-0.022688356164383583,-0.0169327527818095,-0.0013651877133105117
2023-05-03,-0.0036093186043969494,0.005581835383159817,0.0016500137501145318,0.004564959371861521,-0.012702584318878607,-0.003937007874015852,0.001025290498974707
2023-05-04,-0.003622392974752975,-0.009878633926051483,-0.002745492815960482,-0.00027265291284195303,0.003992901508429458,0.008275691699604737,0.00034141345169014237
2023-05-05,0.016965957915610952,-0.003325731660965392,-0.0039460401945489165,-0.0020000000000000018,0.0225364560318162,0.016660541467597767,0.004436860068259385
2023-05-08,0.0004333225002708385,-0.014014682047859606,-0.007186290768380288,-0.003734742211696118,0.004753673292999139,-0.005783829377033256,-0.0016989466530751285
2023-05-09,-0.004223064428803491,-0.003577644556178705,-0.00037119524870088405,-0.00146292401938386,0.0030107526881719693,-0.004241910071506538,-0.0010211027910141945
2023-05-10,0.002501087429317206,0.009704027171276053,0.007890828072781186,0.003296401428440676,-0.003001715265866234,0.009615384615384581,0.002265758091993142
2023-05-11,-0.0024948475973533,0.01057184046131665,0.003868471953578423,0.002190380578625639,-0.017204301075268713,-0.010970464135021007,-0.001920690768786204
2023-05-12,-0.00282731622444532,-0.00836899667142188,-0.006147352968162267,-0.003551589108460096,-0.007877461706783384,-0.000121891760117121,-0.0023841961852860694
2023-05-15,0.006870229007633455,-0.010357725136664442,-0.005354505169867019,-0.0014622555291536887,0.011468901632112782,-0.001706692673412169,0.004096961420279932
2023-05-16,-0.00801472977363793,-0.0030041670704525902,-0.005012066085019473,-0.0026542192934285724,-0.010902747492368081,-0.025033581633899127,-0.004590275416525014
2023-05-17,0.009389671361502261,-0.0029160186625194484,-9.32835820895983e-05,-0.00045884188308709106,0.011904761904761862,0.013527054108216419,0.0029035012809564
2023-05-18,0.004975662520281254,-0.007408851627997759,-0.004198152812762368,-0.0033051781123760726,-0.0091503267973857,-0.0048195748887790435,-0.001021798365122617
2023-05-19,0.0006457862447530882,-0.00707130229817321,-0.0012179126850290212,-0.0023949889462049345,-0.0013192612137201687,-0.0016143052278653203,-0.0009682918513466143
2023-05-22,0.0015058621060557442,-0.0035608308605341588,-0.00037519932464125105,-0.001846722068328699,0.0008806693086744755,0.006094527363184055,0.0009692303491959375
2023-05-23,-0.012565782407904624,0.002878697637482608,0.0020643708360703616,0.0030527289546717906,0.003959524857017227,-0.009395475336877346,-0.0034094783498124226
2023-05-24,-0.009245159886882681,-0.004949025042066735,-0.003932952523644562,-0.0031356635617448836,0.0004382120946537782,-0.021465119181330317,-0.003421142661649057
2023-05-25,0.004061916785596642,-0.0024868198547697284,-0.00329040142897441,-0.004533259320936289,-0.015768725361366642,-0.00012753475322013763,-0.001716443529007905
2023-05-26,0.013120489831620397,0.008077383326685394,0.004244482173174857,0.0012081784386617223,0.01602136181575431,0.011479591836734526,0.003438789546079901
2023-05-30,-0.004101014461472041,0.009991097042239439,0.007513853667699744,0.003991460131810953,-0.023215067893122998,0.003783102143757766,0.0006854009595613775
2023-05-31,-0.007152145643693042,0.008716944172380003,0.0032627948168173493,0.0012943786982249073,-0.011210762331838597,0.005025125628140836,-0.001027397260273899
2023-06-01,0.011896965728006803,0.0012622584716963647,-0.00018583906337121814,-0.0012927054478301114,0.01632653061224487,0.00012500000000015277,0.006513541309564497
2023-06-02,0.014885125660662357,-0.010958107059736322,-0.0026951672862453036,-0.00490014792899407,0.012940651494868227,0.02437195350581156,0.0023841961852861804
2023-06-05,-0.002657030502710156,-0.0018629277380135534,-0.0021433230826577443,0.001300752578277331,-0.002643171806167355,-0.006954612005856453,0.0016989466530750175
2023-06-06,0.004795396419437381,0.005893909626719207,0.0019611505416512465,0.0005567412081284306,0.0013250883392226243,0.009583486914854333,-0.0006784260515603213
2023-06-07,-0.01537808887474812,-0.014843750000000044,-0.008947711809115577,-0.004636928498562565,0.003970004411115946,0.018376536448825753,-0.00033944331296675845
2023-06-08,0.007216716932356704,0.01169706582077712,0.006677325308003468,0.004938041554085615,0.0017574692442881013,-0.006214149139579517,0.0027164685908320774
2023-06-09,0.0013902256443161232,-0.00137174211248281,-0.0026158445440956912,-0.00278138327461519,-0.0061403508771930015,-0.005772005772005651,-0.0006772773450728353
2023-06-12,0.0072618539085860245,0.0029434850863421236,0.0031847133757960666,0.0008367422833768234,-0.013680494263018428,0.0002418964683115199,0.0023720772619448827
2023-06-13,0.007739609838846473,-0.009880649579338763,-0.004481792717086708,-0.005109150023223541,0.01342281879194629,0.006408706166868283,0.004570655848546323
2023-06-14,0.002419779063650651,0.008003161742910825,0.003095104108047364,0.0025210084033613356,0.002207505518763808,0.0037246185269734777,0.0004980615981047265
2023-06-15,0.01133501259445846,0.009605959615761606,0.008695652173912993,0.006333240197448076,0.021145374449339283,0.005266937993775311,0.0020181634712410634
2023-06-16,-0.002905770029057675,-0.003883495145631133,-0.0017612161661104686,-0.002591392873669607,0.01251078515962023,-0.00071445582281493,-0.0013427324605571611
2023-06-20,-0.009159034138218058,0.0069200779727096595,0.0036215061751323496,0.002134174631158947,-0.008947592671495364,-0.011796949475691099,-0.0023529411764705577
2023-06-21,-0.0034663865546218364,0.0024199012680281573,-0.0011102886750555818,9.259259259253305e-05,0.014617368873602654,-0.006029181237187986,0.0
2023-06-22,0.00021081479919882185,-0.012070297412128284,-0.005187106335679759,-0.003518192759929706,-0.01864406779661021,-0.014315176513405414,-0.0006502695417790472
2023-06-23,-0.01032774791864266,0.009969699931580367,0.0027932960893854997,0.0024156833596580274,-0.010794473229706392,-0.013784615384615395,-0.004743650689295942
2023-06-26,-0.0017037589181130297,0.0010645504693700403,0.0011142061281335103,0.0004634349800722859,0.0013094718463553257,0.02308748284038442,0.002371273712737043
2023-06-27,0.010559999999999903,-0.0026102088167052617,-0.0011129660545352582,-0.0027793218454696955,-0.016129032258064613,0.012320078067821205,0.00033795201081443516
2023-06-28,-0.00010555203715423289,0.004264805660560311,0.004363974001857063,0.0020438498699368868,-0.003101462117855558,0.0014459573442584528,0.0006756756756756133
2023-06-29,0.001689010873007435,-0.0180484509217258,-0.00758066007210878,-0.006582607083255976,0.0004444444444444695,-0.00012032246420412562,0.0027008777852801646
2023-06-30,0.011065444198545604,0.011794770984863368,0.007359105728924176,0.0043863742417171725,0.008440693025322021,0.0055354993983154355,0.004377104377104368
2023-07-03,0.0023973316656242805,-0.008354381192927862,-0.006010726835583569,-0.005853930496190429,0.0,0.00981330780277645,0.000670465973851897
2023-07-05,-0.004887178953935756,-0.009502351097178674,-0.007163457065773482,-0.004766800635573332,0.006167400881057272,0.0022517184166863657,-0.0010050251256281673
2023-07-06,-0.01233019853709516,-0.014143012560577484,-0.010119940029984953,-0.005259203606311047,-0.002189141856392296,-0.007685940640889122,-0.0016767270288396974
2023-07-07,0.0020101565806178723,-0.006019261637239204,-0.0009466111321468906,-0.0006608761329305324,0.008336989907854475,-0.0022640610104861514,0.0010077258985556892
2023-07-10,0.0025340513145393206,0.0013120710536940194,0.005211294296001423,0.002361832782239004,0.0021758050478677404,0.004299534217126366,0.002013422818791799
2023-07-11,0.00789889415481837,0.005140610825521641,0.0047129795456688495,-0.0011310084825635336,0.011723838471558778,0.014270424545130167,0.008372404554588098
2023-07-12,0.012016718913270497,0.011131167268351394,0.008818838540200824,0.011039818833742165,0.007296137339055653,0.005393363817563612,0.00033211557622059296
2023-07-13,0.01135776974703151,0.010512744222949566,0.007067795033944169,0.005132991133924403,0.01406050276949311,0.00641399416909616,0.0016600265604249653
2023-07-14,-0.0027565084226646164,-0.0058887035037785695,-0.007756948933419605,-0.005292479108635173,-0.006722689075630228,-0.001969872537659345,-0.0006629101756713274
2023-07-17,0.002559377559377518,0.0004936321453252734,0.0016751977664029027,0.0018668906935499496,-0.0080372250423012,-0.006501799605247882,0.001326699834162559
2023-07-18,0.005616256509751727,0.004539175054272704,0.002508594258106678,-0.00046585297680046267,0.01321961620469092,-0.005492579174944501,0.002318648559125558
2023-07-19,0.0012185215272135785,0.011296660117878332,0.005653382761816594,0.0034489187173751823,0.005471380471380405,0.011280846063454808,0.00033046926635815765
2023-07-20,-0.006693711967545646,-0.012141816415735751,-0.006727490553866011,-0.0003715745471435383,0.0029300962745919534,-0.003253544039042544,-0.002312520647505756
2023-07-21,0.0005105166428425179,0.0002949852507374562,0.0017628502505102617,0.0,0.005425709515859634,0.004663091629750538,0.0013245033112583293
2023-07-24,0.0035717930401062414,-0.003637078541236627,-0.001204038158747811,0.0004646408326363094,0.017849730178497225,0.008238570433975356,0.0012533068783069368
2023-07-25,0.0032540166768353362,-0.0018745067087608813,-0.001576409495548936,-0.0017648151588333105,0.0036704730831973453,-0.007135458625848856,0.001060179206616052
2023-07-26,0.0013176565984189814,0.0009884353069091745,0.004643819076808775,0.00037219689215595153,-0.004876066639577403,0.00452069085429474,0.001319696469812115
2023-07-27,-0.0062759388602086075,-0.01945294756591287,-0.01220301377461408,-0.0073481536601246455,-0.002449979583503459,-0.021693976459727593,-0.003953871499176365
2023-07-28,0.010492003667108118,0.005135951661631388,0.0065512400561535955,0.00384182908545716,0.006139991813344237,-0.0008256664307620953,0.003969566655640078
2023-07-31,0.0019153225806451957,0.002404568680492991,0.002789400278939924,0.00028003360403250355,0.00406834825061031,0.006492739936253322,0.0019736408566721764
2023-08-01,-0.0069423483247811335,-0.01909045477261362,-0.013351877607788554,-0.008025382605449827,-0.005267423014586714,-0.0016420361247947435,-0.0016409129921506338
2023-08-02,-0.016514690982776137,-0.010699001426533461,-0.00610844845409253,-0.0017873941674505511,-0.015071283095723031,-0.005756578947368474,-0.006422924901185789
2023-08-03,-0.002369424126918651,-0.023071377072819144,-0.008982602118003058,-0.0062199604184336454,0.009511993382961048,-0.010870849580526976,0.001160285098624314
2023-08-04,-0.0020652622883106098,0.0177121771217712,0.010399771014216297,0.009672830725462322,0.0016386726751331793,-0.008123282761916095,0.00033112582781469335
2023-08-07,0.006725993377483475,-0.009841500051797403,-0.0024551463644948424,0.0008453085376163294,0.0004089979550103706,0.012525593159099069,0.002548824892419699
2023-08-08,-0.005755987254599693,0.011613308223477725,0.003975766755017096,-0.000187687687687621,-0.0012264922322159366,-0.006423218746282711,-0.003863043550037859
2023-08-09,-0.004238602295048133,0.005171165580721837,0.0009428625306429073,-0.0004693073024217842,0.0069586573884568015,-0.00011971746677841288,-0.00028505137553869186
2023-08-10,0.0015573089700997578,-0.01646259903282221,-0.00706480783722685,-0.0051648042069677436,-0.005284552845528534,-0.003831417624520994,-0.0006199977454627303
2023-08-11,-0.0037317300715248303,-0.0023014959723820505,-0.0034152357461341154,-0.0014158957900697322,-0.001634654679198988,0.0015624999999999112,-0.0030753714829793166
2023-08-14,0.00197690146706897,-0.002201950298836186,-0.000380771061399221,-0.0020795916438227646,-0.004911993450675389,-0.006600264010560353,0.00038269550748748493
2023-08-15,-0.012253374870197176,-0.006094997898276611,-0.0052375964193887015,-0.003125888036373925,-0.011929247223364858,-0.011234597728920104,-0.00038254910766255534
2023-08-16,-0.007674516400336451,-0.007824064284203791,-0.0044993298870380505,-0.002945648042569249,-0.004163197335553592,-0.012339645693341339,-0.004326123128119752
2023-08-17,-0.0065684924250450916,-0.004262574595055524,-0.002692566592941592,-0.00028590488897362043,0.0025083612040133207,-0.008040573973280618,0.0013368983957218195
2023-08-18,-0.00042657566385828627,0.0035316780821916804,0.0037604859704947202,0.001715919923736875,0.007089241034195171,0.0031175957101883256,-0.0008344459279039373
2023-08-21,0.005227781926810948,-0.01333048949557425,-0.005955811719500437,-0.0026646364674534073,-0.002484472049689379,-0.009199403281949237,0.0005010856856522139
2023-08-22,-0.0022288261515600594,0.007674016428880437,0.0030923850019326515,0.0017175572519083637,0.0004151100041511757,0.002885821831869473,-0.00033388981636051085
2023-08-23,0.011807254547388624,0.0247774321570311,0.014065510597302655,0.009049342731948906,0.0020746887966804906,0.015763793319154118,0.00634602538410145
2023-08-24,-0.01272077375946179,-0.006594096713418596,-0.0034201026030781234,-0.00453129425092047,0.0008281573498967187,-0.0038182042123414695,-0.005144374377696548
2023-08-25,0.006069641145777904,0.003266252238963263,0.0005719733079121436,-0.0001896633475581,0.009929664873810529,0.0007418397626113293,0.002668890742285157
2023-08-28,0.0077265029635900095,0.0010501995379121887,0.0031440548780488076,0.0005690979797019491,-0.0016386726751330682,0.009389671361502483,0.002725004159041866
2023-08-29,0.014179182858943484,0.010386067981535962,0.007977965618767069,0.00492937719215103,0.0036930652441526934,0.012117503059975387,0.006075608307423819
2023-08-30,0.0024855012427504874,-0.0010383137784238938,-0.001413360972392308,-0.0015092915762664472,0.0012264922322158256,0.0036280082234851907,0.0009894459102903763
2023-08-31,-0.0030991735537190257,0.004469389876312402,0.0016984336667293931,0.0020784128483704034,0.004083299305839283,-0.007350283166646543,-0.003953871499176365
2023-09-01,0.0027979274611398264,-0.018522350993377512,-0.010644310474755003,-0.008202130668426455,0.011793411956079636,0.0016994416120417188,0.0029771749917300028
2023-09-05,-0.00578691743308879,-0.014022140221402246,-0.0071408169094544505,-0.001996197718631243,0.004823151125401992,-0.011633543383422151,-0.00593667546174137
2023-09-06,-0.005820600769150697,0.0024593669803250062,-0.0009589566551591044,-0.001523954662348781,0.0023999999999999577,-0.0020843550760176743,0.005155938951559413
2023-09-07,-0.0037637219027705227,0.0027733333333332943,0.004415434824342368,0.003624916531527189,-0.001995211492418103,0.006266126059712551,-0.002125735260138484
2023-09-08,0.00041977122468250805,0.003829379853207193,0.000764525993883769,0.0022811519817509396,0.0019992003198718855,-0.003907203907204004,0.0009592802090570007
2023-09-11,0.008601699360117454,-0.007205679771113749,-0.0019098548510313451,-0.0009483167377905,0.005985634477254642,0.0001225790634959978,0.002974223397224085
2023-09-12,-0.004784191367654733,0.0057636887608070175,-0.0002870264064294137,0.00047460844803048907,0.0035700119000396935,-0.0004902561588431276,-0.0016474464579900872
2023-09-13,0.00031351238373922286,-0.00021224663058483362,0.0022011675758446536,0.0013282732447816858,0.003162055335968361,-0.010913549969344016,-0.0006600660066006236
2023-09-14,0.009193480986209757,-0.007217917418532949,-0.001814362108479739,-0.0016107636914913792,0.008274231678486954,0.018100669476816433,0.0047424042272126155
2023-09-15,-0.008074534161490732,-0.0060943012937025864,-0.0015306610542428212,-0.0024674954920755887,-0.0023446658851112856,-0.0037749634680954713,-0.002902352121379459
2023-09-18,-0.0010436234606553407,0.005701376936316782,0.0019162594615309558,0.0020930453810292793,-0.00039169604387001566,-0.008923114533675669,-0.0001747139471177661
2023-09-19,-0.0021938988717090657,-0.007380468499304738,-0.003347040260112788,-0.00284819139846193,0.0007836990595611049,-0.004563394178589086,-0.00032970656116049213
2023-09-20,-0.0064914668621087745,0.0031250000000000444,0.0003838034926118006,-0.0020946396267732537,-0.008222396241190366,0.0008673026886383273,-0.002308707124010545
2023-09-21,-0.016545473706396918,-0.025674078848426207,-0.010070976405141097,-0.005247590878732944,-0.0031583103039872773,-0.03404307997028966,-0.005950413223140494
2023-09-22,-0.0006429489927131105,0.008048511576626227,0.006104059684139296,0.003452906196048433,0.0007920792079207928,-0.0075611944124055475,0.0011207183239108076
2023-09-25,0.0012867252841517463,-0.024608990484523696,-0.009726502311248164,-0.007551137449818501,-0.00474871388998821,-0.0009039256198346557,0.0008736467610293008
2023-09-26,-0.014564146498179498,-0.003476115721013695,-0.0028201886608965054,-0.002504093229317217,-0.0011928429423457843,-0.01822411787514555,-0.003982741453700589
2023-09-27,0.00043468811128022367,-0.005176099921233357,-0.004681100058513743,-0.001641401950371657,0.005573248407643394,-0.00671406003159547,-0.0006664445184939582
2023-09-28,0.006191614164675174,0.00305395317271806,0.0017636684303350414,0.005125725338491316,-0.001187648456057011,-0.00013253810470514882,0.0030010003334444146
2023-09-29,-0.002806866026125343,0.00011276499774459658,-0.002151799687010958,-0.0020205907822573588,-0.010701545778834753,0.002916224814422108,-0.0016622340425530568
2023-10-02,-0.004438670564036018,-0.019844401849137383,-0.013036659478533608,-0.007713073659853409,-0.007612179487179516,-0.018371662701559655,-0.0016650016650017196
2023-10-03,-0.013375380600260889,-0.02151156102611307,-0.011520508491409287,-0.0070928876797512475,-0.004440855874041194,-0.019523360710919646,-0.005336891260840582
2023-10-04,0.004298467981924459,0.014107688690336184,0.008741083090525459,0.004403561992367244,-0.027980535279805374,0.012221917055753817,0.0003353454057679617
2023-10-05,0.002524143985952465,-0.004984929283561423,-0.0011952191235060639,-0.0014614185502728194,-0.005840634125990896,0.005562338895672481,0.0011431444854175243
2023-10-06,0.012370005473453904,-0.012116975416520903,-0.0029916234543279074,-0.0036101083032490378,0.003776751993285865,0.002698327037236714,0.0025415130541353026
2023-10-09,0.0035683391003460407,0.023469748791131062,0.012402480496099155,0.009890325107716258,0.020903010033444858,0.010898815931108752,0.00014696058784235966
2023-10-10,0.008404266781596892,-0.0013828070984098773,0.00039517881841533153,0.0003878599825464235,-0.002457002457002533,0.004791694396379498,0.0045283926209906955
2023-10-11,0.00459450796025207,0.020886222017078238,0.006122852063993545,0.004458660463313002,-0.005747126436781658,0.017353291826732065,-0.0006648936170212671
2023-10-12,-0.00765794511805995,-0.027127839945744414,-0.010404397330192383,-0.006368812120042477,-0.00041288191577204536,-0.01458333333333317,-0.001996007984031878
2023-10-13,-0.00568060021436223,0.017892413152085673,0.005554453481452226,0.0065067495387005625,0.026435357290375938,-0.0025105708245244385,0.0006666666666665932
2023-10-16,0.00916244475584782,-0.016094053190275015,-0.006904714933911871,-0.0028946352759552374,-0.0032193158953722767,0.011922108888594574,0.002688207861425651
2023-10-17,0.00042725913266394855,-0.011020881670533722,-0.00794596742153364,-0.004838397522740512,0.0028259991925716488,-0.001439979054850049,0.000641181102100763
2023-10-18,-0.014307068118727395,-0.008797653958944274,-0.00800961153384061,-0.0021392454297938235,0.008856682769726287,-0.02123754588358684,-0.006308100929614868
2023-10-19,-0.00899046793760827,-0.02047337278106509,-0.008074283407347616,-0.0008770220229975534,0.010375099760574713,-0.023707473881596552,-0.002004677581022296
2023-10-20,-0.011913870368346124,0.005678385888606918,0.003968253968253954,0.0030235053155174274,-0.00750394944707744,-0.00672245849910813,-0.005356545028456616
2023-10-23,-0.0007743362831859057,0.012013455069677992,0.0078037904124861335,0.0001944768572539335,-0.006366892160764026,-0.009806629834254288,-0.0016829350387075337
2023-10-24,0.007306542676851491,0.013176638176638278,0.005631536604987941,0.0008749756951196286,-0.010812975570684835,0.012833031106151527,0.00472016183411994
2023-10-25,-0.012748653698208545,-0.022261277094317466,-0.009099999999999997,-0.004176784847013226,0.007287449392712642,-0.021484643988431418,-0.004362416107382527
2023-10-26,-0.010241567405098517,0.015338526063511049,0.0072661217075384865,0.005364806866952732,-0.008440514469453264,0.019141449683321543,-0.0047185709470846104
2023-10-27,-0.003599145203014187,-0.004248790274991143,-0.0020038072337441593,0.001455321626079309,0.01337657073368459,-0.01601988675597288,-0.0010159160176091975
2023-10-30,0.011626594423749914,-0.0045039706056656525,-0.0030117458086537097,-0.00155008719240457,-0.015999999999999903,0.006315789473684275,0.006779661016949046
2023-10-31,0.004463289444320395,-0.004881533515894709,-0.0014097271171080727,-0.0025228022511158965,-0.003658536585365857,0.01701534170153418,-0.0013468013468013185
2023-11-01,0.009997778271495283,0.01818616893993763,0.010587879399011735,0.004280155642023331,0.00163198694410438,0.006171146461876109,0.003128792987188156
2023-11-02,0.01979762428508569,0.02279670975323156,0.011873877469567029,0.004552499031383217,0.010590631364562064,0.03284721275725766,0.007300153262886022
2023-11-03,0.011540120793787745,0.006778492647058654,0.004930480228774181,0.005110404011185121,-0.0052398226521563895,0.023884930060702025,0.004337671004337684
2023-11-06,0.0008529693997227916,-0.009699874472212655,-0.005298793052693429,-0.0025901765157329004,0.004051863857374549,-0.014434849851785114,-0.0004983388704319358
2023-11-07,-0.0005326515393631048,0.014749942383037506,0.007990529742527341,0.002693084543618385,-0.021388216303470542,-0.00823852491173005,0.0008309788931359918
2023-11-08,-0.00021317416329136307,0.01703384056325241,0.0050890585241729624,0.002206235011990465,-0.011134020618556728,0.0032964135021096297,0.0
2023-11-09,-0.005970149253731405,-0.02300133988387676,-0.010126582278481067,-0.008422664624808673,-0.002502085070892335,-0.01577079773951906,-0.0033211557622051524
2023-11-10,0.011475761475761459,0.005600000000000049,0.0050167224080268635,0.00038610038610054076,0.0050167224080266415,0.009347042328748945,0.0023325558147282432
2023-11-13,0.00021206658890893237,-0.002272985566541541,9.787608887146249e-05,-0.0006754148977229368,0.01455906821963393,-0.008334435771927606,0.0016622340425531679
2023-11-14,0.021838227499205054,0.022667729809773274,0.01565864161283992,0.00820700975185873,-0.0016400164001639794,0.0554962646744932,0.006306007301692729
2023-11-15,0.0020749040356884407,-0.014034306081532666,-0.005203314704182005,-0.004309519249185989,-0.006570841889117052,0.0029069767441858296,0.0019788918205805306
2023-11-16,-0.0007247127031784206,0.01242657026660643,0.00823324292909744,0.003654900452053411,-0.023976849937990985,-0.0021424070573407006,-0.0023041474654378336
2023-11-17,0.0044550352258601045,0.004686453916536548,0.0028821212412335484,0.001054144705318727,0.014400677678949592,-0.0007577671129073149,0.0019795447047179504
2023-11-20,0.007013924703455299,0.006108396268325267,0.004023373886387516,0.002967643116982499,0.012526096033403045,0.0073306370070778115,0.003951267698386385
2023-11-21,-0.0026631158455392434,-0.0004415498399382711,0.000286232229748995,-0.002099837739811039,0.0057731958762887725,-0.007026348808030103,-0.0003607740242702606
2023-11-22,0.0027729280065729167,0.0035339591385974423,0.0040061045402517426,0.0009564801530368428,-0.008610086100861003,0.004927975739196455,0.00036090422914125675
2023-11-24,0.002458009012699769,-0.01177506327720923,-0.005130153904617241,-0.004204491161013069,-0.006617038875103343,0.002891990443857795,0.0
2023-11-27,-0.0026563138536983555,0.016703786191536674,0.008116883116882967,0.0032626427406199365,-0.006661115736885881,0.0036359077231693515,-0.0003279763857001461
2023-11-28,0.0016390083999180405,0.001971522453450225,0.003978402955385096,0.0039215686274509665,0.01215423302598495,0.006620861961274205,0.0019685039370078705
2023-11-29,-0.00010227040294541467,0.012571053782247432,0.008113973016322218,0.004001524390243816,0.007039337474120222,0.006949615289153721,0.000720366732154698
2023-11-30,0.002557021581262253,-0.011551333261362373,-0.0052409920449226766,-0.0018029986714745982,-0.016858552631578982,0.007271382795168924,0.0022249852758327027
2023-12-01,0.0074474597021017,0.015618173875054486,0.008279236052309624,0.002661849985740039,-0.00460058552906728,0.02459317264162486,0.003917727717923647
2023-12-04,-0.006177215189873464,-0.004032691687278156,-0.004572175048987548,-0.004171802408267755,-0.006722689075630228,0.007284451874850717,-0.0039024390243902474
2023-12-05,-0.0019360097819441924,0.021540787129514793,0.007967754030746121,0.0054270208511852935,-0.008883248730964466,-0.006639004149377459,0.0016323865491347789
2023-12-06,-0.001939765186319553,0.013317831096078647,0.00371989212312851,0.0010416666666666075,-0.02432778489116516,-0.0029836496001909296,-0.0022490221642763597
2023-12-07,0.006444353518821666,-0.0057369354333994815,9.265264523294903e-05,-0.000851385866994514,0.0017497812773403787,0.002872875269331887,0.004540851327953899
2023-12-08,0.003252363045024742,-0.008182962652119041,-0.005373355567908078,-0.0012308274947927522,0.004366812227074357,-0.0016710432084029447,-0.0006504065040650042
2023-12-11,0.0035457400466012423,-0.0021155066638459674,-0.0002794336810730824,-0.002085505735140769,-0.003478260869565153,0.002749880439980812,0.0013016596160104754
2023-12-12,0.0032303654350898103,0.0029679881280475495,0.0056834063169663995,-0.0005699629524080763,-0.015270506108202464,-0.000596160724931627,-0.0003249918752030734
2023-12-13,0.01378546991346341,0.023462270133164154,0.01676857513433383,0.013591863891265099,0.011519716437749183,0.0382963493199715,0.01007802340702213
2023-12-14,0.006451612903225934,0.022717885171416707,0.007015945330296036,0.010971492873218303,0.01664476565922035,0.028840629667930662,0.0006437077566785465
2023-12-15,-0.004240631163708208,0.0011106623586429887,-0.001447701773434673,-0.0016696039328448764,0.0017233950883239757,-0.014071923162832345,-0.0022515278224509716
2023-12-18,0.004456769337426891,-0.007967725668179604,-0.004168176875679497,-0.0029731487503483756,-0.040000000000000036,-0.002265518803806099,0.003868471953578423
2023-12-19,0.007197791362650419,0.005388369255795,0.001273885350318471,0.0006523157208087049,0.007616487455196941,0.007606721162579433,0.0016056518946692133
2023-12-20,-0.023201174743024966,0.0067752047729801035,0.0026354053071608874,0.004004470106165003,-0.01156069364161838,-0.01216901408450699,-0.004809233728759299
2023-12-21,0.012527560633393442,-0.00632784250703089,-0.0003625487174838682,-0.0016696039328448764,0.001799370220422869,-0.0034219231207938128,0.006121134020618646
2023-12-22,0.001484707512620087,-0.0045992115637321085,-0.0017227309819567438,-0.0019511288674161076,-0.0017961383026492417,0.003891495936820366,0.00032660902977910133
2023-12-26,0.004842854319035306,0.0028941355674030333,0.0020890099909174342,0.0005585552038727126,0.009896536212325557,0.007410785543267684,0.0006337987592908156
2023-12-27,0.0028523654962131495,0.01771972458485216,0.009335629475210716,0.00455898771864538,-0.00445434298440972,0.0048664554096877755,0.002399232245681393
2023-12-28,0.0,-0.007262958909561301,-0.0026041666666667407,-0.0032416411966286196,-0.008501118568232768,0.00709539362540812,-0.039093665230572894
2023-12-29,-0.0018634758728912626,-0.009019843656043358,-0.0036913658053479015,-0.0012079539119124183,-0.005415162454873723,-0.011854171326325269,-0.00033211557622048193
2024-01-02,-0.008548688218531941,-0.005764563106796072,-0.006777516717874521,-0.0013954786491765514,-0.008166969147005432,0.00860117700316887,-0.0006644518272426181
2024-01-03,-0.007928642220019988,0.004170481131115844,-0.0022745882995177658,0.001583752561952645,0.012808783165599413,-0.0239003590664274,-0.00465425531914887
2024-01-04,-0.001098901098901095,-0.015194489465154004,-0.0055626481853000564,-0.004650730164635797,-0.005420054200542035,-0.0018392918726289897,0.0010020040080158665
2024-01-05,0.0009000900090010422,-0.009565932935609922,-0.003576341127922933,-0.0022427810485001753,0.004995458673932696,-0.002533686513877642,0.0
2024-01-08,0.011990407673860837,0.009866029701941947,0.007638505429780951,0.002716118759951369,-0.014460009037505661,0.014317053458030138,0.003336670003336817
2024-01-09,-0.004541864139020579,-0.0063759769642121045,0.0017353182939081613,-0.0019615169064076676,0.00733608436497013,-0.006715993170176349,-0.003159294978383742
2024-01-10,0.004661773457647511,-0.004657420823846015,-0.0012764405543399526,-0.0008423022929339163,-0.006827492034592542,0.001146000458400076,0.007506255212677226
2024-01-11,-0.0004936321453253845,0.005615056670479346,0.006025196275333267,0.005339078306481726,0.007332722273143855,-0.0092719780219781,-0.006953642384106007
2024-01-12,0.0020742789411301032,-0.0019646365422396617,0.0021778584392013745,0.0042858473865647895,0.0036396724294813776,0.006008087810514207,0.0006668889629877217
2024-01-16,-0.008772794480039425,-0.01761292996270203,-0.010141253169141606,-0.0051025141478802105,-0.00861287398005428,-0.0073504077179279426,-0.003332222592469236
2024-01-17,-0.0076571201272871425,-0.0015819447373970341,-0.0021039151115989085,-0.003077209996270036,-0.001371742112482921,-0.018280689575379094,-0.0030090270812437314
2024-01-18,0.008718308447740242,-0.009295447343403374,-0.001925016041800398,0.00028060985875977273,0.0064102564102563875,-0.005421331761932713,0.0006706908115359234
2024-01-19,0.010033777071329242,0.0031986352489603576,0.0010102865540044803,0.0007480830372170733,-0.0018198362147406888,0.011968242682782293,0.002680965147453085
2024-01-22,0.0015737188944624503,0.005951748326070705,0.002752546105147413,0.00046720239207620473,0.004102096627164986,0.005971896955503375,0.0007018716577538164
2024-01-23,0.0020622606304625535,-0.007923930269413626,-0.0036599871900449,-0.0032688895115344785,0.00544711756695393,-0.006867652194156748,-0.0007013793794461431
2024-01-24,0.0033320266562131273,-0.005857294994675355,-0.0019285517494719295,-0.002342578710644694,0.008577878103837477,-0.01429910923581812,0.0033422459893046597
2024-01-25,0.004004688415706337,0.006534547402249569,0.006624953993374927,0.0033812341504648735,0.007609668755595322,0.012841854934601882,0.0006662225183211579
2024-01-26,0.0008755715536530317,-0.0019157088122604415,-0.0028336380255942206,-0.0009360666479453217,0.004442470013327204,-0.0028175628081710258,0.001997336884154599
2024-01-29,0.006609642301710794,0.011516314779270509,0.0041250343752865515,0.004403635341515999,-0.008403361344537674,0.006592889098187005,0.0016611295681061566
2024-01-30,-0.0016415604480494173,0.009065991988193023,0.0031951798429796785,-0.0004664179104477695,0.006690454950936564,-0.009356725146198785,-0.002321724709784423
2024-01-31,-0.012960634490763123,0.009820309235269553,0.0025480025480024704,0.006532897806812876,-0.010633584404076246,-0.009563164108618682,-0.0032114361702126892
2024-02-01,0.012444879960803457,0.016345954893440817,0.0041753653444676075,0.0017617060732499912,-0.012091356918943141,0.01811896531171775,0.0018877112001973728
2024-02-02,0.004065040650406582,-0.02208876221498368,-0.009129530868661195,-0.009626064420585001,-0.011332728921124247,-0.012410724739491896,-0.0016644474034620549
2024-02-05,-0.003855793329477497,-0.020193608826897025,-0.009578544061302763,-0.005607476635513975,0.004126547455295837,-0.020983995257854104,-0.0026675558519505538
2024-02-06,0.005806077027288525,0.009773717199617504,0.005618494980197175,0.0033834586466165995,0.0036529680365298134,0.013441511261806705,0.004346372450685365
2024-02-07,0.0050990956320955405,-0.004839558127301302,-0.0029309397325517628,-0.0018733608092919019,0.0045495905368515555,-0.00143386306607729,0.0029960053262316766
2024-02-08,-0.0001914425193835223,-0.0058145681361665424,-0.005144221936432158,-0.0007507507507507061,0.005434782608695787,0.008136891228909926,0.00033189512114173425
2024-02-09,0.005361416945907083,-0.002020416843896311,-0.0012927054478301114,-0.0014087152516905066,0.002702702702702897,0.0015430267062312986,0.0022030524220304493
2024-02-12,0.0012379773354918022,0.0011720831113479768,9.245562130177909e-05,0.00037618734129596376,0.0004492362982928544,0.0002370229912302957,0.00011918004131583615
2024-02-13,-0.015883583793037892,-0.017134951042997004,-0.011001201811962624,-0.0063927799191502155,-0.005837449483610202,-0.020616113744075903,-0.004303210857332096
2024-02-14,0.011017686285879957,0.005089334055224715,0.004673770798280019,0.00425773488504122,-0.009485094850948506,0.007863537382047037,0.0019946808510638014
2024-02-15,0.008029825064525431,0.005171299288946329,0.003628582061778962,0.0012247974373469361,0.002279981760145988,0.023286520225663132,0.004644990046450026
2024-02-16,-0.002465623518255189,-0.005787781350482191,-0.0036154630573839164,-0.001035099275430551,0.0022747952684258888,-0.010322580645161228,0.0006605019815060231
2024-02-20,-0.002851982127578645,0.0008624407072013174,0.003349460364719059,0.00047098718914839743,-0.005447117566954152,-0.0017778831338154388,-0.0033003300330033403
2024-02-21,0.00028601391934413023,-0.007109004739336511,-0.0025037091988131532,-0.0011298371151491349,0.004107713372889066,0.005580622180004768,0.000993377483443636
2024-02-22,0.017203583682805945,0.004881753091776853,0.0015803662731244117,-0.0013196342727872512,0.0027272727272726893,0.001889243121974138,0.005623552762156647
2024-02-23,0.00042164441321146384,0.013386591816906046,0.0029701132355672843,0.0025483718735253014,-0.01450589301903904,-0.0004714201532114437,-0.001315789473684159
2024-02-26,-0.002716118759951258,-0.002982848620432521,-0.0031464001480658865,-0.0003765769158350363,0.009199632014719628,-0.010965688008489627,0.0
2024-02-27,0.0019722013523666426,-0.00705203547387534,-0.0013924990716673857,-0.0012243360331513076,0.007748404740200554,0.001192179303767471,0.0016469038208168918
2024-02-28,-0.0042178273502671,0.006348864736898552,-9.296272194836419e-05,0.0032060348892033463,-0.004070556309362261,0.010121457489878471,-0.0013153567905294095
2024-02-29,0.0038591867469881524,0.007057313943541699,0.0009297136481962731,0.0031017952815113325,-0.0013623978201635634,0.008487563362018058,0.0026341784655909972
2024-03-01,0.009657759024847667,0.0030792100233594244,0.0024150102173510213,0.0037481259370315545,0.005002273760800424,0.01192285213325528,0.003284072249589487
2024-03-04,-0.0014858841010402246,-0.004022440986556575,-0.0018532246108228234,-0.0008401792382375373,0.0031674208144796268,0.00935659004273992,0.0
2024-03-05,-0.008091517857142794,0.01424168349452648,0.0054771630152246065,0.00457815565729236,-0.007668019846639673,-0.012130922407873723,-0.000654664484451728
2024-03-06,0.007782466010314071,0.005868175626113192,0.0026774997691809688,0.000372023809523947,0.008181818181818068,0.004981464318813744,0.001637733377006123
2024-03-07,0.010420543356903567,-0.0009375976664234287,0.0024861878453039665,-0.0005578281889178083,0.0027051397655544207,-0.0002305475504322807,0.0029431000654023265
2024-03-08,-0.004880294659300177,-0.0017726798748696204,0.0013777900248002073,0.0008372093023256699,-0.003147482014388303,0.011530035743110734,-0.0003260515161396249
2024-03-11,-0.0020357175904506253,-0.0005223023085761946,0.00018345257750884691,-0.0017659633794961938,0.008570139828597112,-0.00478741593525589,-0.0003261578604044635
2024-03-12,0.01010662957811781,-0.008361204013378032,-0.0032098312545855157,-0.001955307262569872,-0.0026833631484793896,-0.0021761539342571856,0.001957585644372095
2024-03-13,-0.0012851110703139268,-0.004848229342327093,-0.001012052626736537,-0.0013993842709206783,0.013901345291479794,-0.005050505050504972,-0.0009768804949528143
2024-03-14,-0.003952205882352899,-0.015356915907646762,-0.007367839381101415,-0.006072496263079263,0.003095975232198178,-0.014997692662667372,-0.0013037809647978849
2024-03-15,-0.005075205315124176,-0.00032268473701191347,0.00027834477639632205,-0.0006579565748661143,0.003527336860670305,-0.0022253455141718614,-0.0013054830287205776
2024-03-18,0.004080875533296391,-0.003012696363245082,-0.0016696039328448764,-0.0009405568096312322,0.009226713532513031,0.0004695386782487265,0.0009803921568627416
2024-03-19,0.0035100683539626143,0.002805957263112502,0.002880237851899947,0.0014121634343815526,-0.0004353504571178446,-0.00035198873636044237,-0.0026118184786156906
2024-03-20,0.010125184094256223,-0.00032285837279377727,0.0018528812303131303,0.0039484817147692475,-0.002613240418118612,0.00657276995305156,0.007528641571194816
2024-03-21,0.002186987424822373,0.002153084293250007,0.001479563528758998,0.0017791928083152886,-0.0013100436681221517,0.007229477611940149,0.00227420402858991
2024-03-22,-0.0023640661938534313,0.009560640240627416,0.0034164358264081596,0.0034585903907271565,-0.006996064713598593,-0.020953924519564793,-0.004376012965964349
2024-03-25,-0.002005103900838523,-0.0050010640561821695,-0.0034048035336339266,-0.0031672100605495412,0.008366358432408516,-0.006148752512711297,0.0027673775028487224
2024-03-26,-0.00136986301369868,0.0027804512886320243,-0.00027700831024934924,0.00028034763106243865,-0.007860262008733576,-0.004045211183819175,-0.0017857142857142794
2024-03-27,0.007315957933242023,0.009917884184707404,0.006927126627874758,0.0030829596412556004,-0.0008802816901408717,0.025803368773145596,0.000813140348024044
2024-03-28,-0.0001815705855652272,-0.0008447729672650395,-0.0009172628875435684,0.0003725435410262268,0.011894273127753374,0.007103761499941852,0.0038999025024375467
2024-04-01,-0.002360846272586814,-0.021876981610653212,-0.01331252295262586,-0.007075691276417384,0.004788855028297734,-0.01676688251618874,-0.0009711880867595557
2024-04-02,-0.00591608264312371,-0.005510534846029036,-0.0014887875686238061,0.0002812939521801283,0.009098786828422911,-0.012583793955074807,-0.0019442644199610948
2024-04-03,0.0023805163889398795,-0.00021729682746640666,0.0006523157208087049,0.0,0.012022327179046943,0.0010719390185802702,0.001948051948051921
2024-04-04,-0.010047497259773497,0.007172353836122802,0.0011175265412552982,0.0037495313085862403,0.002545608824777279,-0.006424747174300971,-0.002268308489954629
2024-04-05,0.007842775419819148,-0.01391886059559777,-0.0043720930232558075,-0.004202465446395243,0.005078290308929478,0.00514908394204272,0.0
2024-04-08,0.0021056486313282274,-0.00010942116205281405,-9.343174810805266e-05,-0.0003751289505766753,-0.00042105263157898865,0.010721944245889903,0.0012991230919128238
2024-04-09,0.0014617211766856375,0.009301816590063572,0.005139226312838696,0.0026268880758044677,-0.0054759898904801485,0.013319189061763215,0.002919234511839175
2024-04-10,-0.011403028644408009,-0.021793342730131227,-0.01422329645812015,-0.009637877795452443,0.0050825921219821435,-0.04140979411422596,-0.0064683053040104355
2024-04-11,0.005905693457598948,-0.004544446907559285,-0.0020746887966806016,-0.0008503401360544505,-0.001685630004214067,0.00339764591675773,0.003548177083333437
2024-04-12,-0.015411430144023575,0.0053446164124262285,0.0022680022680023892,0.0034988179669031005,0.0012663571127056183,-0.011851493530052104,-0.006779331149242562
2024-04-15,-0.009689741917450756,-0.015505593088935732,-0.011031491608523458,-0.0032039200904636633,0.001264755480607116,-0.01701138171582428,-0.0027531025473547244
2024-04-16,-0.005268604760560791,-0.006637417032287152,-0.0033368290590141125,-0.004065040650406582,-0.0016842105263157325,-0.014068725099601553,-0.004116493153914824
2024-04-17,-0.003688640877707372,0.011098527746319364,0.00545245838913333,0.0038917892738492554,-0.015605229860818248,-0.007324157090541683,-0.0016441959881617896
2024-04-18,-0.0014239605088286478,-0.00504032258064524,-0.0019979069546188777,-0.001323751891074143,-0.00042844901456728923,0.00012721027859052825,0.0013866930171277936
2024-04-19,-0.006179294609753749,0.0036023865811101174,0.0010486177311725964,0.0015148646089755413,0.0047149592798971796,0.004833375731366107,-6.907417579715691e-05
2024-04-22,0.010139659460493444,-0.0016825574873808868,0.0024759546709836044,9.453582907936742e-05,0.0,0.008860759493670933,0.00328947368421062
2024-04-23,0.011174242424242475,0.0003370786516854185,0.0017098888572244508,0.0009452689290101457,0.00426621160409546,0.009159347553324926,0.002295081967213175
2024-04-24,-0.000561902978085782,-0.007076266427047062,-0.0038880986249406613,-0.0020776277268863552,-0.0012744265080713024,0.0018649757553150792,0.0013084723585214952
2024-04-25,-0.0030922038980509825,-0.00701357466063357,-0.002951256664127988,-0.0015141478186807555,0.005529561888558021,-0.005708612558947501,-0.0026135249918326497
2024-04-26,0.00930538584453422,0.0052403736614261565,0.003819344982335382,0.002558999147000307,0.0008460236886631556,0.0004992511233148367,0.004913200131018591
2024-04-29,0.004376978953250177,0.008386219401631978,0.004185294397412775,0.002457931556059778,-0.0008453085376162184,0.01022954091816386,-0.0006779661016949046
2024-04-30,-0.015113583681038434,-0.008541245223645855,-0.005493985033626969,-0.004809505846850248,-0.012690355329949221,-0.016917757470980566,-0.004540235883519483
2024-05-01,-0.002636038410845476,0.003854001360235726,0.00019049433279372252,-0.004927508765280031,-0.014567266495287057,0.0003768370807688548,-0.0019495412844036109
2024-05-02,0.012459882952614798,0.004290876242095676,0.006189886677459233,0.0036187029806684645,0.003478260869565153,0.014063284781516971,0.0037589665304247344
2024-05-03,0.010908073839269061,0.010119181470654492,0.007003596441415905,0.005123825789923098,0.0012998266897747968,0.006686478454680511,0.004742436631234748
2024-05-06,0.009038089089735246,0.003895814781834206,0.0028195488721804995,0.0004720098178041532,0.011250540891388994,0.0008610086100862002,0.0032552083333334814
2024-05-07,0.00027419797093508613,0.006098237055105926,0.0004686035613870043,-0.00018871485185889547,-0.0008557980316644676,0.00946294703207573,-0.0009409474367293447
2024-05-08,-0.0005482456140351033,-0.006061273969583447,-0.0025292740046838347,-0.0011325028312569874,-0.005139186295503251,-0.008400292184075897,0.0002922932025593017
2024-05-09,0.006034009873834512,0.004878589644084608,0.0015965439519158853,0.0035903250188964453,0.0038743004735255493,0.02050337630448129,-0.0006493506493506773
2024-05-10,0.0012722646310432406,-0.005627275736511006,-0.0031879981247070477,-0.0016004518922990707,-0.0017152658662091813,-0.0027670837343599652,0.0019493177387914784
2024-05-13,0.0006353240152476847,0.0025521526853082843,0.0003762581130655196,0.0003771805752004198,0.006443298969072142,0.0032573289902280145,-0.0006485084306095956
2024-05-14,0.005532879818594072,0.005644714997232958,0.0029149036201223666,0.0018851918182676286,-0.004268032437046543,0.007696007696007756,0.0024334847501621404
2024-05-15,0.011455890312105366,0.01364736957957291,0.008906806675417211,0.00508044030482635,0.0034290612944707366,0.013842482100238529,0.004045962129794356
2024-05-16,-0.0020511905823596965,-0.000977198697068249,-0.0015797788309637184,-0.001404099971917927,0.002563007261853878,-0.0007062146892653498,-0.001611863313990991
2024-05-17,0.0023235031277926144,-0.0067383980002174715,-0.0023268801191362876,-0.0009373828271467266,0.01022582019599505,-0.00011778563015318877,0.0009686793671295213
2024-05-20,0.0006241084165479194,-0.002954371375423981,-0.0004664614236402631,-0.00037530493525983477,0.008857022353437438,-0.005889975262103886,0.001290322580645098
2024-05-21,0.0001782054709078551,0.00515803336259868,0.0016800448011946578,0.0018772292096864707,-0.004180602006689016,-0.0003554923569143442,-0.0015367268041236448
2024-05-22,-0.004721603563474397,0.0012010044764712013,-0.001490868430860992,-0.0001873711823121571,-0.014273719563392073,-0.009009009009009028,-0.0029781590911290845
2024-05-23,-0.006623702112423913,-0.006434023991275906,-0.004385964912280715,-0.003841829085457271,-0.005110732538330498,-0.021531100478468845,-0.0012944983818770073
2024-05-24,0.0064876554334114545,0.0029634507737898996,0.0027181554035056177,0.0012228388674631052,0.006849315068493178,0.0007334963325182908,0.0019442644199612058
2024-05-28,0.00026857654431511335,-0.014335740862333135,-0.005982426621798487,-0.003006388575723329,0.017857142857143016,-0.006596628389934134,0.00042690815006452
2024-05-29,-0.010113666875503524,-0.012101698678805284,-0.0053601655068648,-0.0023558235959291185,-0.010442773600668365,-0.009714707329070205,-0.001073280488278039
2024-05-30,-0.0025316455696202667,0.009665093279388692,0.006145409851564754,0.00387267403419278,-0.013085690164626573,0.014652924376008958,0.0
2024-05-31,0.006889050036258171,0.0067898486197683905,0.004416463070851417,0.003951825366955264,-0.0047048759623610215,0.018724758291518873,0.0010161812297735384
2024-06-03,0.001980554555275571,0.012714206744057321,0.003087285994948008,-0.002624179943767624,-0.014181349376879981,-0.0022825564632388273,0.00027803461854292166
2024-06-04,-0.0013477088948786742,0.011681222707423666,0.003917179630665846,0.0031009208795338417,-0.01002615518744554,0.007706201083684583,-0.003232062055591567
2024-06-05,0.011515969410706317,0.0073378655444047425,0.0033444816053511683,0.0025292740046838347,0.003522677234698346,-0.0011948858883975566,0.0019455252918287869
2024-06-06,0.0009783865516321821,-0.0014997321906802252,-0.0006481481481480644,-0.0008409643057371019,0.013163668275559592,0.0019141045579613714,0.002912621359223211
2024-06-07,-0.004976008530300335,-0.018345671065336244,-0.008987306587603161,-0.008229682970167462,-0.01429190125595492,-0.009432835820895602,-0.00354953210713127
2024-06-10,0.0029469548133596035,-0.00666666666666671,-0.002056843679880349,-0.0014144271570013522,0.014499121265377779,0.0033751205400192053,0.005505181347150279
2024-06-11,-0.010328554892707675,0.010342171856089655,0.004309537193179835,0.0027384324834749396,-0.0012992637505414573,-0.003604036520903353,-0.005797101449275366
2024-06-12,0.009626630679262282,0.007513884351519007,0.0061567164179103795,0.0015067332140501488,0.003469210754553309,0.008922112370388424,0.005183025591188883
2024-06-13,-0.0031188736410621143,0.014699524427150834,0.004728351566845923,0.00394922425952049,0.0008643042350906516,0.004063097514340308,-0.0019336126329358994
2024-06-14,-0.0018771788683293877,0.008414997869620855,0.0008304881424747723,0.0012175704785990504,-0.0038860103626943143,-0.0002380385622470227,-0.0016144656118823875
2024-06-17,0.006358588572452195,-0.009929227844090005,-0.00470219435736674,-0.001403180542563165,0.00346770697876031,-0.003928571428571392,0.0016170763260023868
2024-06-18,0.00409361929340557,0.009175290728688834,0.004631773969430375,0.004028103044496634,0.008207343412527157,0.003944065973467081,0.0012915724895059544
2024-06-20,-0.0020384649472657834,-0.006660323501427312,-0.003319502074688785,0.00018660197798103795,0.002142245072836335,-0.0028571428571427804,-0.001934859722670157
2024-06-21,-0.003996447602131359,0.0,0.00027754648903699497,-0.0014925373134327957,-0.008123129542539576,0.002507163323782091,0.0
2024-06-24,0.000891662951404415,0.004044274159216821,0.0010173880873103336,0.0005605381165918466,0.008189655172413879,0.007740859830892122,-0.0009693053311792266
2024-06-25,0.0030289532293987786,0.0016959932160272029,-0.00036958329483516295,0.00121381886087768,-0.009405728943993164,-0.012290238714252055,-0.0003234152652005218
2024-06-26,-0.0011546318500755826,-0.014285714285714235,-0.005453369072927261,-0.0029842394852187537,0.0017263703064307467,-0.0031107920555157875,0.0012940795858944476
2024-06-27,0.00142272808109567,0.0039720880300588846,0.0019516728624535684,0.0018707323917313001,0.005170185264971927,0.009721555448871877,0.0006462035541194844
2024-06-28,-0.00195347185224648,-0.018605645851154762,-0.006400148409238415,-0.0030809448230790792,-0.004286326618088254,-0.0043979555449897845,0.0019373587342590426
2024-07-01,0.0016903914590746805,-0.0203748093266507,-0.009428678117998524,-0.00805394268589621,0.012914334911751979,-0.009431709646609443,0.006123106670963496
2024-07-02,0.005329070077271458,0.007785563341119017,0.006408444067477204,0.001888217522658664,0.0012749681257968604,0.004700494154513679,-0.0038436899423445192
2024-07-03,0.007244456224048124,0.013133208255159401,0.007397696413521837,0.003957783641161061,0.00551782682512747,-0.0009596928982725794,0.004180064308681564
2024-07-05,0.005701254275940704,0.008278867102396559,0.005205428518312072,0.004505350103247485,0.003799071338117299,0.0027617675312199275,-0.00032020493115603177
2024-07-08,0.0,0.002160760587726962,-9.247272054746514e-05,-0.00037376191366089717,-0.01345668629100083,0.0032331457310501577,-0.0012812299807815064
2024-07-09,-0.00026164311878595914,-0.004420008624407168,-0.001849625450846104,-0.0014956066554496772,-0.006820119352088705,-0.00023872045834327782,-0.0006414368184733954
2024-07-10,0.010206752159120702,0.0031402273957770177,0.002408968776058451,0.001872308556450042,0.0,0.007402101241642756,0.0025673940949935137
2024-07-11,-0.0038860103626943143,0.009715025906735786,0.005360939088640437,0.0029900953092880656,0.0034334763948498104,0.028679781938848015,0.004801536491677361
2024-07-12,0.00728218465539654,0.004276245456489081,0.0036774846005331874,0.001583752561952645,-0.0038494439692043914,0.007603686635944573,0.0025485823510671413
2024-07-15,-0.0010327911179964788,-0.011496700021290218,-0.005496015388843145,-0.0006511022230490937,-0.007299270072992581,0.006745941001600864,-0.0012710517953606892
2024-07-16,0.005341604204359474,0.01410725823820802,0.005802707930367523,0.0030714817572599085,-0.002595155709342656,0.01226575809199315,0.005090677696468315
2024-07-17,-0.012597480503899194,0.00021238186258898395,0.00045787545787545625,0.0003711608054191018,0.0,0.006843935824077274,-0.006331117442228584
2024-07-18,-0.008505467800729027,-0.007644123579997886,-0.0043020594965674785,-0.002226138577126502,-0.007372072853425782,-0.008803209271227908,-0.0019114367633005225
2024-07-19,-0.006565126050420145,-0.0058842409329196155,-0.0036771465342894105,-0.0024170307706609107,-0.013543031891655843,-0.001798763350196686,-0.0038301947015638715
2024-07-22,0.010309278350515427,-0.0029057253551442175,-0.000553607676693102,-0.0012114434815021502,0.0026572187776794376,0.010361527199008735,0.005767382249278974
2024-07-23,-0.003401360544217691,-0.0014031300593633222,-0.0007385524372229835,-0.0005598059339428918,-0.00927561837455837,-0.0007802920521680079,-0.0019114367633005225
2024-07-24,-0.019690207403518012,-0.01080847384349326,-0.0060975609756097615,-0.0029873039581778116,-0.00044583147570209647,-0.014725568942436484,-0.007092243855729263
2024-07-25,-0.005088377075522121,0.008194930069929995,0.003997025469418158,0.002434456928839035,0.00223015165031204,-0.0032835144927535476,-0.00020573618192221144
2024-07-26,0.01184387617765803,0.007803186301073017,0.0055550411998888105,0.0031757892770409857,-0.01023587004895421,0.01749403612404854,0.0050994488994065
2024-07-29,-0.0008867606632969594,0.005376922249704208,0.002117668722953825,0.0010242085661080758,-0.004496402877697703,0.005135648096461054,-0.001791426743442126
2024-07-30,-0.003372681281618828,0.0038506792170285298,0.0008269018743110035,0.0007441168263417897,-0.003161698283649539,0.007775186049094884,-0.0006088962953467725
2024-07-31,0.01638614302253094,0.010229088971763556,0.005783530707794027,0.005483781020541034,0.0231082917988219,-0.0035269480877329062,0.006253006253006177
2024-08-01,-0.017786734425654926,0.0052737053053475424,-0.00027382256297925345,-0.0002773155851358844,-0.011957484499557136,0.01006525826789062,-0.007648183556405286
2024-08-02,-0.01757359500446032,0.031161473087818692,0.009769013055783704,0.004808136846971678,-0.018377409233527597,-0.0005475251861585262,-0.010918432883750828
2024-08-05,-0.02624171433760103,0.005291005291005346,-0.0025316455696202667,0.002852673230882452,-0.0018264840182647957,-0.028596472006135687,-0.009740259740259716
2024-08-06,0.006807161506900528,-0.022368421052631482,-0.006526468455402501,-0.00578087722517906,-0.008234217749313766,0.019738326189939093,0.00459016393442635
2024-08-07,-0.0018523663980735128,-0.0070400662594471974,-0.0045620437956204185,-0.003045685279187804,0.009225092250922495,-0.006857648490211199,-0.0003263707571802277
2024-08-08,0.021063375707525367,-0.0061516004587635065,0.00045829514207151867,-0.0009257544899091696,0.009140767824497242,0.009800645951664855,0.007508978126020249
2024-08-09,0.004452926208651453,0.009861519093579574,0.005130554283096611,0.0025945144551520194,0.005887681159420399,0.004632182640344151,0.002268308489954629
2024-08-12,0.0007237853976296282,0.0036359858715977467,0.002096436058700135,0.002680221811460104,0.013957676722197165,-0.007355362827972334,-0.0003233107015842007
2024-08-13,0.015369315613416479,0.006935099886140161,0.007003820265599314,0.002120011060927407,-0.009325044404973393,0.008737005087369853,0.0038809831824060392
2024-08-14,0.002671177989493234,0.0062705592105263275,0.00442597777978504,-0.0005518763796910076,-0.006275212909009231,0.0026312904286811545,0.0003221649484537181
2024-08-15,0.01589556877719578,-0.008070282970681464,-0.003057553956834602,-0.002116694275722364,0.008119079837618282,-0.0007654455986878528,0.004508856682769791
2024-08-16,0.0034965034965033226,0.0035015447991761928,0.002976727403932955,-0.0003689015954994046,-0.00626398210290835,-0.0005471656817683801,0.003206155819172718
2024-08-19,0.010017421602787513,0.00461822660098532,0.0023383397787570814,0.0006458160346893838,-0.0054029716343989564,0.008321471586554274,0.003195909236177741
2024-08-20,-0.0025010780508840647,0.007968127490039834,0.0026020637056975993,0.003964595242485824,-0.004074241738343143,-0.0011944836572918005,-0.002867155144950617
2024-08-21,0.005187618882932732,0.0006080875646092831,0.0022373366744228296,0.0022040591422536338,-0.0050000000000000044,0.0053272450532724225,0.0033546325878595074
2024-08-22,-0.007913297780836048,-0.00992606097437465,-0.004107509599071246,-0.0031155502611562857,-0.000913659205116435,0.0029198659024547435,-0.0014328928514568684
2024-08-23,0.013525229755505519,0.006547314578005059,0.005738366358827296,0.005331372368783782,0.017832647462277196,0.0219969808065561,0.006696428571428603
2024-08-26,-0.0036783575705732208,-0.002540908628925753,-0.0012481055540697339,9.143275121137329e-05,0.010332434860736539,-0.000422029964127546,-0.00146024707000314
2024-08-27,0.001974757448270026,-0.0017322192785815815,-0.0008033562438632957,0.0,-0.004891062694530879,0.0014777285201603707,0.0008279432430631228
2024-08-28,-0.005484147386460969,-0.0012248647545167746,-0.002054672145792469,-9.14243920276947e-05,-0.012064343163538882,-0.0038996627318717003,-0.0025356576862124447
2024-08-29,0.0008616232982938676,-0.0032703117015839833,-0.0017008325127562118,-0.0013714912681722646,0.011307100859339725,-0.0030684583641943375,0.0028598665395613843
2024-08-30,0.007059228650137861,-0.010663385624935962,-0.0027797704447632965,-0.0032045412928034533,-0.011180679785330994,0.009658246656760738,0.0019011406844107182
2024-09-03,-0.019148572405539466,0.013058348015338339,-0.0006294397985792122,0.0017452006980802626,-0.01990049751243772,-0.0005255965520866157,-0.009487666034155628
2024-09-04,-0.0030503747603276565,0.012890025575447606,0.006208385819686857,0.002659086741243266,-0.007383479464697751,0.0028397139251157277,-0.0006385696040868138
2024-09-05,-0.0012238832065739613,0.005655994344005544,0.0049181793794150774,0.0006401463191587631,0.0023245002324499,-0.003251179863660081,0.000958466453674145
2024-09-06,-0.016980306345733,-0.0001004318569849394,-0.0004449190247374224,0.0006397367940047527,-0.013450834879406237,-0.0009469696969697239,-0.007022023619533968
2024-09-09,0.010328554892707675,0.004319003615909978,0.0022255853289414596,0.0022833135446158614,0.0028208744710860323,0.011163770405476559,0.004178720668595259
2024-09-10,0.0014100643341852237,0.007000700070006971,0.0027535974418191334,0.002186987424822373,-0.014533520862634708,0.01447765857723149,0.001280409731114096
2024-09-11,0.008800492827598427,-0.0007945178269936903,0.0004429090264859159,0.000636479359883646,0.009039010466222797,-0.0019507186858317427,0.0035166240409207905
2024-09-12,0.008723719794120122,-0.004671503826657375,-0.0007083407118824159,0.00018173557473866175,0.019330504479019295,0.004217673078901418,0.002867155144950617
2024-09-13,0.005015999308138008,0.00269622528460145,0.0031011873117134936,0.0033614972290361145,0.0018501387604070718,0.010448678549477508,0.003811944091486774
2024-09-16,0.0034420445744773875,0.009162434020515864,0.004416570974295597,0.0034407823252444736,0.007386888273314796,0.0033454987834549144,0.0015822784810126667
2024-09-17,-0.0010290712631849663,-0.004835685384387611,8.794301292769369e-05,-0.0003609456776754172,0.006874427131072336,-0.006971809639284565,0.0015797788309637184
2024-09-18,-0.0028328611898016387,-0.012395874652915473,-0.004132958142806897,-0.003701029066618511,-0.006372325898953091,-0.0012210012210012167,-0.0006309148264984632
2024-09-19,0.01782024793388426,-0.003313585701375632,0.0008830022075054789,0.00298994291927146,0.017865322950068707,0.0002037489812551918,0.007260101010100994
2024-09-20,-0.003975302376723278,-0.0038283296393311073,0.0008822232024703336,-0.0013550135501355642,0.0,-0.0039722957832551975,-0.0025070510811658897
2024-09-23,0.0038213315217390242,-0.002123786407766892,-0.0014103129131776138,9.04568068746947e-05,0.0004500450045004101,0.009919214643623997,0.002827521206409056
2024-09-24,0.0068522121647915935,-0.00020269585486976105,0.0016771118368787974,0.002442112879884162,0.016644174538911427,0.0014175779667882082,0.002192982456140191
2024-09-25,-0.004200974626113241,-0.008312214901165849,-0.005904124074726846,-0.0037895876567716202,-0.008407079646017723,-0.006673407482305493,-0.0018755861206626312
2024-09-26,0.011137360782990324,0.002351017070428396,0.0,-0.0012680010868580949,-0.008924587237840176,-0.009059446254071624,0.006263701847792236
2024-09-27,-0.002336448598130869,0.00520089740974905,0.003989008066660693,0.002448535413076991,0.004952723998199016,-0.007087827426810467,-0.0012449424214129312
2024-09-30,-8.364001338245775e-05,-0.004768185046160056,-0.0024721878862793423,-0.0006332549303420532,-0.0022401433691756623,0.00786261121456655,-0.00031162355874114755
2024-10-01,-0.006357172731074834,0.003975535168195821,0.0011506461320587302,0.0021725355300081794,0.017512348450830828,-0.0064668445904331184,-0.0024937655860348684
2024-10-02,0.0023571007660576626,-0.008427251497613919,-0.002210237821589578,-0.0009032607713846952,0.00838481906443067,-0.0035127595826015545,0.001875000000000071
2024-10-03,-0.004955068447131894,-0.009420438255171026,-0.006468190678717067,-0.004249163728415106,0.01444201312910276,-0.009123898392949803,-0.0021834061135372895
2024-10-04,0.008440243079000709,-0.012301013024601959,-0.005440114153214992,-0.006809515162520374,0.0025884383088869978,-0.004813225907711605,0.0028133791809941133
2024-10-07,-0.006277201205222682,-0.007535321821036112,-0.005111190817790434,-0.0010969924124691888,0.013769363166953541,-0.008831878877089694,-0.0006234413965086061
2024-10-08,0.0026109660574413773,0.001687229779605559,0.0019828751689949797,0.0016472956895763335,-0.023344651952461715,0.0020154874297231284,-0.002807236431690674
2024-10-09,0.004116263440860246,-0.005684808927255425,-0.0019789511558874207,-0.001827318410232981,-0.008691873098652936,0.001058649163667269,0.0028151391929935876
2024-10-10,-0.0010039320672634577,-0.003917416622551628,-0.001081568273997302,0.002013729977116796,0.019728189390618267,-0.008883248730964466,0.0003119151590766922
2024-10-11,0.006280880998241312,-0.004039115646258473,-0.00018045655508436287,9.134922809916901e-05,0.0008598452278589797,0.011310285958173294,0.004677268475210328
2024-10-14,0.005159786950732492,0.000693703308431104,9.024456276507387e-05,-0.0010047497259773053,-0.015463917525773141,0.006013926988816198,0.0012414649286156543
2024-10-15,-0.010432190760059634,0.012211379512611309,0.004872766648619464,0.0010971930145378117,-0.01919720767888311,0.012060828526481382,-0.004339739615623062
2024-10-16,0.004016064257028162,0.004214519018017171,0.003142959770114917,0.00018266508356945543,-0.002669039145907437,0.010984455958549244,0.004047322540473353
2024-10-17,-0.0004166666666666208,-0.015843038505928053,-0.00742995255572465,-0.0030134234316500086,0.001338090990187224,-0.007892578925789207,-0.0006201550387597843
2024-10-18,0.005835764902042628,0.0007462686567165644,-0.0011724386724386582,0.0016486535995603457,-0.005345211581291753,0.0074387849984502985,0.0006081290722930177
2024-10-21,-0.004807293825114023,-0.017470970491104687,-0.010203160270880307,-0.007223847841989817,0.0031347962382444194,-0.019587734591324124,-0.0025271631276045925
2024-10-22,-0.0021654035146163597,0.0009758213162744944,-9.12242291553067e-05,0.0013815971262780558,0.01741071428571428,0.0014644351464434546,-0.0013833580472579765
2024-10-23,-0.008847341624238392,-0.002707972270363901,-0.003375604415655542,-0.002483443708609201,-0.005704256252742401,0.007311468560685208,-0.003536340883338318
2024-10-24,0.0023578947368421144,0.006408167698490397,0.003020871475649889,0.001014292300599351,-0.00044130626654903526,0.002177519701368702,0.0
2024-10-25,-0.0017642611106444273,-0.005611914526224893,-0.002372912293510887,-0.0026713338246131535,0.007064017660044053,-0.009415416451112324,0.0006248047485162278
2024-10-28,0.005217976771587418,-0.002713262426741969,-0.0008233464458878847,-0.00193959545580491,-0.0267426567295046,0.003133486526007978,0.002809865750858398
2024-10-29,-0.0005860683188211313,0.0015235607791925787,0.0011902581944698287,0.001480658893207476,-0.0018018018018017834,-0.007184506455643613,-0.0006226650062265415
2024-10-30,-0.00443997654352013,0.002933825926328293,-0.0012802926383173041,0.0019404915912031306,0.012635379061371799,0.0044048243314105395,-0.0009345794392523477
2024-10-31,-0.015062268596432227,0.0016251354279523955,-0.002014467539602549,-0.0011067047864982138,0.006684491978609541,-0.0169155267829173,-0.005612722170252549
2024-11-01,0.003844510892780928,-0.01741481882098428,-0.008991650610147617,-0.00507801680361919,-0.010624169986719667,-0.011046202867764254,0.002195045468798895
2024-11-04,-0.00017021276595741153,0.015521796565389767,0.007406721599851895,0.0016703786191536452,0.017002237136465315,0.010954784663301353,-0.00042553191489358433
2024-11-05,0.011661559414368305,0.005311653116531145,0.004778972520907976,0.0009264406151565652,0.006159260888693341,0.013279507064697826,0.003555956226679813
2024-11-06,0.011947833403449737,-0.027388397670907838,-0.010427147169120965,-0.00157349129951867,-0.010931351114997767,-0.021283287901027514,0.006862133499688117
2024-11-07,0.01122474432526821,0.012527716186252702,0.011831037988723647,0.0037081672383423303,0.010167992926613634,0.011997857525442024,0.0034076827757125727
2024-11-08,-0.002631146193060374,0.012701193474214278,0.0034712706677628713,0.002770850651149903,-0.015317286652078876,0.014925373134328401,-0.001234949058351309
2024-11-11,0.0012366034624897715,-0.0048653908530650325,-0.001911697769685916,-0.003315833103067156,-0.016000000000000014,-0.005006257822277704,0.001545595054095683
2024-11-12,-0.007410456978180324,-0.014993481095176064,-0.00902955125866467,-0.00526753534793456,-0.005420054200542035,-0.013836477987421492,-0.004012345679012208
2024-11-13,-0.0019908751555370863,-0.009485991617030676,-0.0037735849056604875,-0.00185804533630618,-0.0031789282470481295,0.005527210884353595,-0.0009296560272699095
2024-11-14,-0.004654642174382828,0.00579064587973277,-0.00027716186252768615,-0.00018615040953084971,-0.0009111617312073106,-0.008985200845665897,-0.001240694789081842
2024-11-15,-0.009269311064718178,-0.0026572187776793266,0.0004620645042048288,0.0002792776019362453,-0.005015959872320952,0.0005333333333332746,-0.001242236024844967
2024-11-18,0.004973027646662187,0.001776198934280604,0.0018474043968224052,0.002419730107026341,0.0229147571035746,0.0072494669509595155,0.0024875621890549926
2024-11-19,0.002767759791998614,0.0050975177304966035,0.0021205974552831464,0.0015783121344350448,0.0031362007168458383,0.00486875529212516,0.0005459057071959261
2024-11-20,0.0,-0.003197353914002221,-0.002392124390468209,-0.00046347793845014085,-0.00044662795891026175,-0.001263956182852355,0.0008556123208176558
2024-11-21,0.003763800602208045,-0.0007742506359915691,-0.0011989301853730927,-0.001298339979597496,0.0071492403932083,0.007382408774520233,0.0035558088535923016
2024-11-22,0.003583034747104419,0.0005534646889528982,0.0009233610341643494,0.0007428730615655077,0.0008873114463177068,0.007537688442211143,0.004320987654321096
2024-11-25,0.003487213550315449,0.02588781944905416,0.012453874538745247,0.005474621879929531,-0.014184397163120588,0.013923524522028385,0.0007314074984634544
2024-11-26,0.0014893264934636719,-0.003882238757683565,-0.0025512528473804474,-0.0023071244001476865,0.0,0.003996720639475315,-0.0004237834650747674
2024-11-27,-0.0007435558493060768,0.006928656490202467,0.0036539691239609873,0.00314494496346307,-0.0053956834532372655,0.006430539961212567,0.0006144393241167556
2024-11-29,0.006779661016949046,0.010321470809590227,0.006189132611267745,0.002858460119870898,0.0009041591320071429,-0.0044624746450303565,0.001535155050659931
2024-12-02,0.0021351728668801417,-0.0010641694157709214,-0.001899592944369033,-0.0022986392055902582,-0.0072267389340560095,-0.014568052159739109,0.0006131207847948072
2024-12-03,0.0018028353683521292,-0.00862895493767979,-0.0035345296356715794,0.00046078702423746343,0.011373976342129222,-0.005065646645301403,0.00030637254901955124
2024-12-04,0.005316973415133042,0.010745755426606385,0.0048203728967712856,0.002855563743551892,-0.005398110661268607,-0.0027015793848710334,0.0015313935681471325
2024-12-05,0.0005695687550852924,0.0020199872421857723,-0.00027154236060822345,-0.0011940846881602907,-0.0013568521031208647,-0.0023963325692852866,-0.0006116207951071262
2024-12-06,0.0012198097096853822,0.0014854111405835368,0.002263467632412919,0.0008276623137759564,-0.007699275362318736,-0.001462140992167127,0.001223990208078396
2024-12-09,-0.00235542560103974,-0.009217078080305141,-0.002529358626919609,-0.0018377285674906485,0.009584664536741228,0.002823972387825391,-0.00030562347188256567
2024-12-10,-0.0059431734918179435,-0.0047048759623610215,-0.0015395761637384542,-0.000368222406333385,0.0022603978300181904,-0.01449728827701291,-0.00305716906144915
2024-12-11,0.007125307125307234,-0.009454232917920025,-0.0027210884353741083,-0.0014734321760750957,0.012629679747406364,-0.002328288707799775,0.002759889604415866
2024-12-12,-0.006261689843051088,-0.012147505422993587,-0.005638926784902298,-0.0032278889606198735,-0.004008908685968815,-0.0015911742866234757,-0.003975535168195821
2024-12-13,-0.0011456628477904962,-0.010210803689064463,-0.005579438397512071,-0.0027757216876387325,-0.0004472271914131021,-0.002868678283043047,-0.001228124040528078
2024-12-16,0.0020481730296575407,0.002995008319467418,0.001287711552612203,-0.0011133791055855102,-0.005369127516778538,-0.0035162493340437084,0.00030740854595756595
2024-12-17,-0.012509197939661543,0.0024330900243307862,9.18611060076735e-05,-0.0005573100501579109,-0.006747638326585759,-0.0048118049615055725,-0.0027658266748615823
2024-12-18,-0.029723464149693735,-0.01632833186231253,-0.015890511619362613,-0.007806691449814052,-0.009057971014492683,-0.041259267218222706,-0.008628659476117129
2024-12-19,8.533151292766661e-05,-0.015141318977119678,-0.0054134776927384776,-0.004027725739977561,0.0,-0.015465650565953282,-0.004351880634131167
2024-12-20,0.007849829351535886,0.005694112287894404,0.003941441441441373,0.0019749835418039208,0.006398537477148025,0.016846898121798626,0.0031220730565095778
2024-12-23,0.006180155773789275,-0.009172234175065186,-0.0028977378949336385,-0.0013140604467805073,-0.04995458673932773,-0.005709168252546748,0.0012449424214129312
2024-12-24,0.008413967185527893,0.00422857142857147,0.003093653323333667,0.0022556390977443996,0.005736137667303964,0.006642648052240574,0.0034193347839601707
2024-12-26,0.0008343763037130802,-0.0005690224194834226,0.0009345794392523477,0.0,-0.002851711026615855,0.002684263505200901,0.0
2024-12-27,-0.007586494372655239,-0.008198588020951969,-0.004201680672268782,-0.0025318829707426938,0.004766444232602307,-0.010039040713887393,-0.003717472118959231
2024-12-30,-0.01024865591397861,0.008036739380022917,0.004313173933427006,0.0029143555513773123,0.009013282732447836,-0.0049577464788732595,-0.024253731343283458
2024-12-31,-0.002716007469020454,-0.005353075170842825,-0.002520773037064661,-0.0012185976752906447,0.005171603196991059,0.008719284339259392,0.0009560229445506607
2025-01-02,-0.001957446808510621,0.0027481964960494043,9.359790340690566e-05,0.0015016424213982749,0.009822263797941932,-0.008868432869330811,0.0022285896211398093
2025-01-03,0.01040334271339649,-0.0031974420463627418,-0.0023397285914833477,-0.0020616624496297975,-0.005094951366373279,0.013138520783780638,0.005400254129606097
2025-01-06,0.006920415224913601,-0.004467865734906651,-0.0025328330206378924,0.0,0.0018621973929235924,-0.01285634432643945,0.0006319115323856206
2025-01-07,-0.009638756181376329,-0.011277330264672036,-0.004608294930875556,-0.00159639402760825,0.004646840148698983,-0.009513023782559471,-0.002210293653299611
2025-01-08,8.463100880162777e-05,0.0012802607076349837,0.0016061980347694682,0.0026335590669677167,-0.0018501387604071828,0.00262977361079364,-0.0028481012658228
2025-01-10,-0.015232292460015229,-0.006625595722422495,-0.005754174134515622,-0.003564727954971869,0.026876737720111343,-0.02440415098642945,-0.00349095525230092
2025-01-13,-0.0001718656011000519,-0.00035104142288777673,-0.002846299810246755,0.0,0.0072202166064982976,0.012273524254821755,-0.00031847133757956225
2025-01-14,0.0028362698753761073,-0.0016387685824651443,0.0011417697431017615,0.0003765769158350363,-0.00044802867383519906,0.009122401847575068,0.0022300095571838874
2025-01-15,0.016283853273911575,0.017235314808301094,0.011974909712982429,0.006964050442311187,0.01613626176602434,0.00572147843002635,0.004767959313413783
2025-01-16,8.433125316242851e-05,0.0032272936837252075,0.0019722013523666426,0.0013084112149532867,-0.004411116012351224,0.020707702810331075,0.0006327111673520847
2025-01-17,0.008516738342187358,0.001723345588235281,0.0008435654700533757,0.0003733432891543931,-0.00443066016836513,-0.0006688217590010703,0.0053746443250080045
2025-01-21,0.011371237458194017,0.008945980043582935,0.005806330773553192,0.0007464079119239297,-0.004895416110369366,0.018739542665922926,0.002515723270440251
2025-01-22,0.0036375661375662727,-0.005229055359781687,-0.0031657355679702848,-0.0011187768040276103,-0.0008944543828264262,-0.017409394503449027,-0.0006273525721455231
2025-01-23,0.005518945634266803,-0.0077705405096560876,-0.0014010835045769054,0.0009333582228858717,-0.003581020590868289,0.007354579897481672,0.004080351537978588
2025-01-24,-8.192020971564684e-05,0.0044915351836922746,0.001964269011317965,0.0017717269675494585,0.0004492362982928544,0.0034292035398229004,-0.0015629884338854705
2025-01-27,-0.01196133049320014,0.011809218069250171,0.006908140403286023,0.00418877408545093,-0.01526717557251911,0.01333921287619888,-0.004383218534752653
2025-01-28,0.0066334991708127955,-0.000679886685552411,-0.0013906916373076506,0.0006488691138302194,0.0009119927040583953,-0.01207571801566576,0.0015723270440251014
2025-01-29,-0.0029654036243822457,-0.0020410477378386416,-0.0012997864636523637,-0.001204261232051973,0.0018223234624146212,-0.013214403700033017,0.0018838304552590834
2025-01-30,0.00768341044282872,0.0037495739120554372,0.0022311053267640713,0.0010202188833241532,0.0009095043201456932,0.012721794442584589,0.003133813851457168
2025-01-31,-0.006395015167664164,-0.006565542223228471,-0.0032464520916427597,0.0007412211618642583,-0.0018173557473877278,-0.0022038567493113392,-0.002811621368322248
2025-02-03,-0.008086475781830194,0.004557885141294404,-0.0020472734040573037,0.0023146004999536895,0.007737824305871666,-0.0020982882385421897,-0.0012531328320802837
2025-02-04,0.009067465269112507,0.003062613430127259,0.001958224543080922,0.001662663957140209,0.0027100271002709064,0.0007746790615317245,0.0015683814303639743
2025-02-05,0.004863973619126272,0.016510234083455755,0.00697999069334565,0.004426410918480395,-0.006306306306306353,0.01404401194293925,0.002818665831506584
2025-02-06,0.003445729756337723,-0.000444988319056705,-0.001848428835489857,-0.0017443995593096062,0.0004533091568450498,0.002508178844056852,0.00031230480949395734
2025-02-07,-0.008012427438476077,-0.006455203116304986,-0.004351851851851829,-0.0026671571783316583,0.000453103760761131,-0.0032633525508540817,-0.0012488292226039421
2025-02-10,0.008077144976510464,-0.0030245323176878447,0.00027899190923474926,0.00046108447067494396,0.01449275362318847,-0.0004365382516642313,0.0025007814942170636
2025-02-11,0.00016351892731569784,-0.0064044943820223965,-0.002231312755671344,-0.00027652318186011104,0.007589285714285854,0.004367289005349884,-0.001559089491736776
2025-02-12,-0.000899207062862728,-0.0135700554110596,-0.005404398061870985,-0.005992992808408593,-0.01107665042091277,-0.00924013479726049,-0.0006246096189882477
2025-02-13,0.01161839306169199,0.016622721540754393,0.007775904065954631,0.005565346442816033,0.0049283154121864126,0.009984639016896946,0.004687499999999956
2025-02-14,-0.00016175994823675044,0.0052999548940009245,0.003904434321837069,0.0018448482612305472,0.0004458314757023185,-0.004562737642585524,0.0
2025-02-18,0.004125546028150628,-0.011777902411665875,-0.004074451338086815,-0.003222539361016463,0.014705882352941124,0.004474517079559259,0.0037325038880249295
2025-02-19,-0.0012084105373397769,0.0012485811577751527,0.0005578800557879404,0.0020321448365046013,0.007905138339920903,0.0007605388961320347,-0.003408738766656594
2025-02-20,-0.001371188901435727,0.003741072440766491,0.002416132329709164,0.00202802359882015,0.0013071895424836555,0.004776897188144558,-0.0018656716417908559
2025-02-21,-0.013569178580082442,0.0120849333634514,0.0035227588764252804,0.002023919043238287,-0.013925152306353383,-0.009832522960561807,-0.006542056074766434
2025-02-24,-0.005322197658232941,0.002901461890414181,0.0025866050808314167,0.0022034520749172337,-0.003530450132391949,0.003928415539065977,-0.001285669488867991
2025-02-25,-0.0015640434639446754,0.017247134750194792,0.007647655026260081,0.004213997801392422,-0.01107174490699736,0.01228260869565223,-0.0024804546453578435
2025-02-26,0.0018962816390468706,0.005906803762852686,0.002103145574250176,0.0008210180623973162,-0.00850873264666363,-0.004187694620423121,0.0015738117721120215
2025-02-27,-0.015223831468071047,-0.007068290561113466,-0.004197463272196389,-0.0011849421201348687,0.0013550135501354532,0.003989648479620467,-0.00439974858579506
2025-02-28,0.00969332330575745,0.012265907348592675,0.004398423898103188,0.0069355721847053076,-0.007668019846639673,0.008484588121576708,0.0015782828282828731
2025-03-03,-0.010593395679880824,0.0015146597425077513,-0.0006386278624213038,0.002718868950516651,-0.006363636363636349,0.0046858359957400175,-0.005357705641348964
2025-03-04,-0.0072772898368882455,-0.012315004861185974,-0.0032864706956362566,-0.0035249457700651243,0.003202195791399909,-0.01155395378418489,-0.002249683143219161
2025-03-05,0.015840916750926803,-0.007984250246089952,-0.003205715332478598,-0.005079365079365128,-0.002735978112175075,0.011152815013404815,0.0054304677824001946
2025-03-06,-0.015428002654280015,-0.003307607497243681,-0.003124138564734036,-0.0004558300665511439,-0.005029721079103822,-0.025665500053027923,-0.005685407454200875
2025-03-07,0.006739679865206405,-0.0032079646017699748,-0.001566964697207185,-0.0016417365924845662,0.008731617647058654,0.005986720365734222,0.0008418043202031988
2025-03-10,-0.02585774058577406,0.010431694595494312,0.0034158050221566594,0.004476521103599529,-0.006378132118451063,-0.009629950227223572,-0.01099773062701348
2025-03-11,-0.005240099647796592,-0.007138934651290452,-0.006532339681663335,-0.0027285129604365244,0.005502063273727709,-0.011690156232929128,0.0003209242618742447
2025-03-12,0.005958549222797815,-0.005973451327433654,-0.0029635117614373874,-0.0011855905152760027,0.0,-0.003095290736236822,0.002887391722810495
2025-03-13,-0.011417289037685574,0.008791453371912006,0.003158090284228088,0.0014609203798394699,-0.003647970816233359,-0.019738301175426964,-0.002399232245681504
2025-03-14,0.019885376866967786,-0.005295091009376751,-0.0004629629629628873,-0.0023705324580598486,0.005491990846681727,0.02002262443438907,0.007054673721340388
2025-03-17,0.009961685823754785,0.004990573361428385,0.002037980546549356,0.000274172911716386,0.006827492034592764,0.017078851059110445,0.0065276229899697835
2025-03-18,-0.007165739335693866,0.0009931582432132213,0.0024036239253029112,0.0010963910461396775,-0.0022603978300180794,-0.005233889434085648,-0.004745333755140746
2025-03-19,0.008151481701621943,0.005181347150259308,0.0059024255279902516,0.005110888016792936,0.006343452650656944,0.0012057437246519864,0.006675143038779474
2025-03-20,-0.004211235576518146,0.0006580390436496941,-0.0014669478316676754,0.0009080177971489967,0.0018009905447995411,-0.0006568863586600138,-0.003157562361856714
2025-03-21,-0.0021145225408102375,-0.005918456817185391,-0.0013772839959599326,-0.0011793522634492293,-0.00584269662921344,-0.011064855390008788,0.0025340513145390986
2025-03-24,0.014663502288523311,-0.010253583241455422,-0.004321441706509721,-0.002543142597638548,0.0036166365280287938,0.015398249695358412,0.0037914691943128354
2025-03-25,0.0005012112605462526,-0.0001113957892390216,0.0010157909317574099,0.0016390457111636891,0.0013513513513514486,-0.02127427449269037,0.0003147623544224043
2025-03-26,-0.011021123820656231,-0.006573083778966149,-0.00405904059040596,-0.0012727272727273142,-0.0013495276653171517,0.0039014602608404836,-0.0066079295154185536
2025-03-27,-0.0014352047277332858,-0.0029157788493888726,-0.0012041496850685451,0.002093573639177171,0.002702702702702897,-0.002553852986897698,0.0015837820715869366
2025-03-28,-0.01724721001014551,0.013834214374086162,0.006028007048131334,0.005086747206830777,-0.0031446540880503138,-0.0013358566180563525,-0.008589500316255494
2025-03-31,0.0012904335856849247,0.009873530064344438,0.0019358407079645978,0.003976502485314004,0.013970256872465114,0.009252034332850378,-0.0012249428997972434
2025-04-01,0.0035226394020104745,0.005053279138745426,-0.00027601435274637875,-0.00576109460797547,0.0004444444444444695,0.0004417936823502,0.003168316831683171
2025-04-02,0.005136986301369939,-0.0006558093780739682,0.002300754647524439,-0.0015391579900407848,0.006219458018658308,0.006071980569662072,0.0019357385734115606
2025-04-03,-0.03824531516183993,0.004593678223777653,-9.181893306386968e-05,0.006256800870511503,-0.040176600441501065,-0.034127071216942806,-0.0162059103908484
2025-04-04,-0.06119918519174561,0.01088731627653794,-0.0011019283746557251,-0.0033342344777868016,-0.03633854645814161,-0.043399227448307154,-0.027131782945736482
2025-04-07,-0.00971698113207553,-0.03015616585891223,-0.01948887663173382,-0.012025316455696156,-0.01575178997613358,-0.026247030878859934,-0.006308100929614868
2025-04-08,-0.01314661331809086,-0.01887840088839532,-0.012657041065066488,-0.0024709435343643893,-0.022308438409311404,-0.02683254055372597,-0.005679919812896728
2025-04-09,0.08794285162660498,0.005885681946802501,0.01671256290950529,0.00211009174311938,0.03621031746031744,0.059656598571249386,0.03158602150537626
2025-04-10,-0.030612244897959218,-0.027568358276133687,-0.01699822545997942,-0.011901492264030034,-0.012446146481570164,-0.022826729745712537,-0.014657980456026065
2025-04-11,0.016933638443935806,0.005438555889840213,-0.0001900237529690596,0.00037061058093201815,0.014541929229277883,0.012224642943597042,0.004628099173553668
2025-04-14,0.013951395139514045,0.007135458625848745,0.00617694573790728,0.004816152634991244,0.0004777830864788335,0.020686356570608577,0.0042777229351760315
2025-04-15,0.0006213936972925271,0.0035424522911666756,0.0053834529656215935,-9.217439395325933e-05,-0.0023877745940783512,0.003045923149016083,0.00327653997378774
2025-04-16,-0.015880056777856533,0.005579594625370277,0.004227336777830049,0.0027654867256636795,0.012446146481569942,-0.0007007708479327412,-0.0026126714565644082
2025-04-17,0.00423690615703598,-0.008832521798210813,-0.001403180542563165,0.002298216583930923,0.010401891252955098,0.014960261804581654,0.003929273084479323
2025-04-21,-0.016157989228007263,-0.017479721238432555,-0.010772833723653452,-0.005136201045583766,-0.008423022929340163,-0.020842929525564324,-0.005544683626875435
2025-04-22,0.02253649635036492,0.005581395348837281,0.0024621212121211933,0.0036876555729694616,0.004719207173194739,0.019404915912031084,0.009019350606756404
2025-04-23,0.012224502543053406,0.00971322849213685,0.004439826185528073,0.0029392853862404422,-0.007515265382808889,0.001845869866174299,0.004388103364212581
2025-04-24,0.01824753173483784,0.010535959688502183,0.010251105050315124,0.005311841743749435,0.008991954566966553,0.0036849378166743385,0.006796116504854455
2025-04-25,0.0058003636048826746,0.0073662737987307825,0.005306274436790215,0.0004554978591599923,0.0014071294559099279,-0.0017209729233592652,0.0012857602057216866
2025-04-28,0.001893613358581403,0.0062999212509844416,0.002315029169367433,0.0034602076124568004,-0.005620608899297497,0.006206183197333459,0.0009630818619583703
2025-04-29,0.005068728522336752,0.008384572386808342,0.002309682187730866,0.0017241379310344307,-0.012717852096090443,0.00536836093660753,0.0022450288646569394
2025-04-30,0.0,-0.00809312638580939,-0.004700894091621222,0.0011776429024368262,-0.018606870229007644,0.0035219268348103405,-0.0006399999999999739
2025-05-01,0.003675527822890823,-0.008718006035542625,-0.007501389146138182,-0.008233803836409703,0.004861448711716232,0.0032831427601043295,0.0006404098623118415
2025-05-02,0.0169477090785215,-0.010824219190438522,-0.002426052066809792,-0.005200255451144886,0.004354136429608024,0.012299706612502792,0.007039999999999935
2025-05-05,-0.002009881919437184,-0.0055853185911319825,-0.0014030492937984196,-0.0010088041085839494,-0.005780346820809301,-0.002229405863337308,-0.0003177629488401168
2025-05-06,-0.005790047830829925,0.003324163227877097,0.0019670288497564137,0.003029468465987284,0.015019379844961156,-0.0077086359066027565,-0.0012714558169103496
2025-05-07,0.0008440243078999821,0.0042271221295555605,0.0020566513975881495,0.0010067728354383743,-0.012410501193317325,0.0011258725512273138,0.00030553787396558896
2025-05-08,0.00328891887333449,-0.0111490329920364,-0.005037783375314797,-0.003565877297247888,0.013049782503624874,-0.003936122357175109,0.0009672410721104363
2025-05-09,0.0013448768597124072,0.001495628163828755,-0.00037505860290676374,0.0009175995595520625,0.007633587786259444,0.006661397764480048,0.0009535918626826234
2025-05-12,0.024343154537060485,-0.0093049971280873,-0.00018759966232062553,-0.007792445911257717,0.006628787878787845,0.004934948407357531,0.0015878056525882034
2025-05-13,0.005326559042858392,-0.0040584415584414835,0.0008443568815086344,0.002402291416427893,0.015522107243649996,-0.012723214285714324,0.010779961953075512
2025-05-14,0.0008966416693838575,-0.00663639538945171,-0.005061867266591746,-0.0010139183334869628,-0.005094951366373279,-0.009834953651367773,-0.0015683814303638632
2025-05-15,0.005375030539946257,0.008790436005625901,0.007160354249104994,0.0028603063295811193,-0.009776536312849249,0.018266925448110483,0.002827521206409056
2025-05-16,0.0047792628594574005,0.002672243522714224,0.0018709073900839979,0.0017480909007268064,-0.003761165961447932,0.012445341405987298,0.0025062656641603454
2025-05-19,0.0031441470493389634,-0.0028968713789108147,9.337068160597539e-05,9.184423218222548e-05,-0.0014157621519584884,0.00022148394241416902,0.0
2025-05-20,-0.0011251305955155555,-0.0072051133062172035,-0.0024274110727290354,-0.0014693727615023855,0.012759924385633337,-0.005868024800708471,-0.0009375000000000355
2025-05-21,-0.012390377343310055,-0.017090015217136934,-0.011137108095460868,-0.005426285293847144,-0.0013999066728884735,-0.0266176634369083,-0.005317485142320888
2025-05-22,-0.0005702647657840343,0.005239966654757566,0.005110732538330609,0.002959127057517996,-0.005140186915887801,-0.004576659038901698,-0.0003144654088050869
2025-05-23,-0.0030974894033257705,0.0016585712593295554,0.0007532956685498693,0.000921998893601339,0.005636449037106583,0.001034482758620836,-0.0009436929852153497
2025-05-27,0.01676206050695006,0.013956238911886576,0.00903274369589746,0.002855563743551892,-0.00887435777673995,0.0174532093236881,0.006612090680100602
2025-05-28,-0.007157217531162052,-0.004315875422839177,-0.0024244684819096918,-0.0022963167080003455,-0.0032987747408105283,-0.0010156867170748596,-0.004951517047231846
2025-05-29,0.0036449052324640796,0.009254920337394612,0.0044868199663488095,0.002853986374516726,-0.005200945626477549,0.00903750564844108,0.0008896097976531792
2025-05-30,-0.0020982971511580573,0.00150899593731868,0.0028847943420808875,0.003304874690168047,-0.0076045627376425395,0.0,-0.0002261306532663765
2025-06-02,0.0074403558431055394,-0.012980992118683421,-0.006495314094831617,-0.0058559795040717955,0.021072796934865856,0.0013434841021049415,-0.0002450302832298634
2025-06-03,0.00224773219876373,-0.001761390324095724,0.0004669842159334969,-0.0009203865623562679,0.0065666041275798115,-0.0020125223613595145,0.0018853102906519759
2025-06-04,0.002563075690829031,0.01623338430772847,0.00728155339805836,0.0038691847075080776,-0.0037278657968313755,0.0028008066323101932,0.0025090167790495777
2025-06-05,-0.002955979867380387,0.0006945248292626882,-0.003058387395736939,-0.0029365880517573384,0.00467726847521055,-0.0007820355267568191,0.0007821054278116524
2025-06-06,0.007692307692307665,-0.012724117987276018,-0.006042576926652332,-0.005338242061665999,0.007914338919925434,0.004807692307692291,0.0025007814942170636
2025-06-09,0.0012722646310432406,0.0010544815465729496,0.002992891881780757,0.0013879892662163051,0.0009237875288685693,0.0013352620451763109,0.001247271593389332
2025-06-10,0.00476493011435819,0.005149812734082326,0.0024244684819096918,0.00046202180742938026,-0.00230733733271804,0.008556506278475595,0.0
2025-06-11,-0.0013436610812519456,0.0030274802049372607,0.0031627906976745557,0.0016625103906899863,0.01618871415356149,-0.005398854120758134,-0.00031142946122697523
2025-06-12,0.003957261574990101,0.011957278848386377,0.005563798219584415,0.002858460119870898,0.0,0.004874266090616919,-0.0006230529595016021
2025-06-13,-0.011509657075285729,-0.009636342778478912,-0.005994098118775271,-0.0014711290915778719,0.030951297223486662,-0.00970124572814457,-0.004675810473815378
2025-06-16,0.0010367652922880222,-0.010077609174099389,-0.0017626867056314,-0.0013812154696132284,-0.002207505518763697,0.0007792496938663351,0.005010961478233655
2025-06-17,-0.010117909496494604,0.01216943599344722,0.0034386617100372607,0.005255878284923909,0.02123893805309729,-0.003559510567297086,-0.0037394827048926604
2025-06-18,0.0003219315895373054,0.001734104046242857,0.0007409465592294051,0.0007338103100349436,0.0025996533795495935,0.0034605938825631455,0.0003127932436659542
2025-06-20,-0.0044251347654679085,-0.0018465089440278248,0.0008329477093937943,0.0017415215398717265,0.005185825410544576,-0.0006674824785849465,-0.0018761726078798668
2025-06-23,0.008970421852270816,0.003237368481905367,0.0024967634547807815,0.0008234971177600858,-0.03697334479793646,0.015028386953133799,0.003759398496240518
2025-06-24,0.013215859030837107,0.007260573931082259,0.004704363066137862,0.001279941488389058,-0.02410714285714277,0.0026321561745996647,0.0037453183520599342
2025-06-25,-0.0007114624505929479,0.0012585812356979975,-0.0011935365405801868,0.0005478451424396624,-0.0013723696248857387,-0.024064756070881654,-0.0009328358208953169
2025-06-26,0.008385412546475735,0.005027996800365697,0.0036768085301956965,0.0029202409198758605,0.003664681630783484,-0.01064783680789061,0.004357298474945592
2025-06-27,0.00447164038597303,-0.00636725412166006,-0.0016485026101290545,-0.001273885350318471,-0.005020538566864463,0.0024923530078169165,0.0006197706848465323
2025-06-30,0.0043736332396127064,0.009840942899645322,0.005504082194293991,0.0025510204081633514,0.0004587155963302614,0.006441405808566003,0.0009290802105914597
2025-07-01,-0.0005443234836702837,-0.0012464589235127166,-0.002463278897910759,-0.003998545983278867,0.005502063273727709,0.007298450482820407,-0.0004641089108911034
2025-07-02,0.004045748074379629,-0.006353528477422321,-0.00018291567587347402,-0.00045620437956206406,0.01641586867305067,0.002340876156504468,0.0029407212505803138
2025-07-03,0.005734211545912249,-0.006965060516099575,-0.002378338821807491,-0.0017343678685531883,-0.00044863167339603827,0.0011120996441280617,0.0022654320987653964
2025-07-07,-0.008706371831419979,-0.009543520754283108,-0.005960022006235133,-0.001280175566934938,-0.0008976660682226134,-0.008553654743390315,-0.0025682558648000287
2025-07-08,0.0017099331571583942,-0.0012769909449732442,-0.002859514804907315,-0.0008240249038637959,0.0031446540880502027,-0.0014565826330531495,0.0007656684161778671
2025-07-09,0.005431409062694126,0.010461466930140606,0.005735430157261856,0.003756987079629903,-0.0017913121361397,0.0007854578096946341,0.003245431099374363
2025-07-10,0.002083654885012942,0.0006902105142065906,0.00018395879323018782,-0.0002738725579697343,-0.003140421713773045,0.006278730799416987,0.0009963099630994066
2025-07-11,-0.005005775895263853,-0.0137946890447177,-0.006069523634357199,-0.001643685508172843,0.013051305130513224,0.00011142061281343985,-0.002531303375480798
2025-07-14,0.0013931888544891358,-0.002098146637137255,-0.00027757216876389545,0.0006402634226654325,-0.008440693025322132,0.0064616755793225344,0.001231906375115388
2025-07-15,-0.004173751739063203,-0.007008527041233448,-0.003609440074039849,-0.0026508226691042136,-0.0017921146953404632,-0.014722160726145628,-0.0018732697631497208
2025-07-16,0.0038807823657249774,0.0014115986354545917,0.001579045142114044,0.003391073228851571,0.0013464991023337536,0.009437141894168999,0.002184960445744233
2025-07-17,0.0040204113190043245,-0.00023493480559144686,0.002411202819252667,0.0009134088417974695,0.00806813088301217,-0.0011129660545352582,0.002158671586715899
2025-07-18,-0.000770060064685274,0.0015274350840088768,0.0018503099269127077,0.0010950903449535865,0.0017785682525568447,0.002116991643454025,-0.0008683592000049423
2025-07-21,0.002851418002466133,0.008916001877053104,0.003878474466709747,0.0025524156791247865,-0.002219263204616073,0.004113853680231205,0.0013881253858036846
2025-07-22,0.0016906170752324368,0.006046511627906925,0.0023916842976727803,0.0009092562284052086,-0.001779359430604921,0.017163104861034117,0.0006685660484986311
2025-07-23,0.011891062523974094,-0.005547850208044269,-0.0015600624024960652,-0.003906249999999889,-0.002673796791443972,0.0019595035924233617,0.003236394729825287
2025-07-24,-0.00204700530705082,-0.0017433751743375359,-0.0014705882352941124,0.000729594163246583,0.0008936550491509543,-0.0034767492394611743,-0.002581374390933089
2025-07-25,0.0018992630859226978,0.006287111421585889,0.003221649484536071,0.0009113278046113393,-0.01026785714285705,0.00010902747492380627,0.0009433384379784471
2025-07-28,-0.004473764027904226,-0.006479231748235614,-0.0020185338104413697,-0.001274697259400881,0.010374379792512212,-0.016025291616701187,-0.00033046926635815765
2025-07-29,-0.001828014319445348,0.016885990450681065,0.006619472280959826,0.00537879478530412,0.012946428571428692,0.016064701972080542,-0.0006121824303643164
2025-07-30,-0.0033574971384967567,-0.005153458543288969,-0.0037446342131701726,-0.003899165759884027,-0.002203613926840098,-0.014175117217315458,-0.001225114854517595
2025-07-31,-0.004976648036138176,0.0005755726948313278,0.0002750275027503246,-0.0016385980883021345,-0.008392226148409954,-0.014047118681561721,-0.0021404477154247648
2025-08-01,-0.012619267466912998,0.010354348826506987,0.004765832645953649,0.004559131941278327,-0.01603563474387526,-0.0024680278214045392,-0.00031345842988050876
2025-08-04,0.014417082294264194,0.0027328626736506934,0.0017331022530329143,0.0029046019787599686,-0.003621548211860448,0.01023391812865504,0.0012296341838302638
2025-08-05,-0.0027656141968194214,0.003066091301385354,0.0007284647605172445,-0.0009050592813828473,-0.008632439800090874,0.004564176778359075,-0.00061406202026415
2025-08-06,0.007472459748863791,-0.005773802785010829,-0.0002729754322111644,-0.0008152912401485635,-0.0022914757103574823,-0.00775709219858145,0.0012288786482337333
2025-08-07,0.0023703930264566964,-0.0017080391710315723,-0.001001183216528645,0.0010879419764280307,0.003215434083601254,0.0029037301764573975,0.00245474071801155
2025-08-08,0.005873827141658516,-0.004334435953005533,-0.0031887755102041337,-0.0006339431262453177,0.0,-0.008240534521158027,-3.9791857973647815e-05
2025-08-11,-0.0026543303503717697,0.0011456065986938935,0.001553788501965192,0.0,0.0013736263736263687,-0.006624747361329453,0.00033059166725335487
2025-08-12,0.010949737662535153,-0.005034901018423188,0.000912575287461248,-0.0017217942908925865,-0.004115226337448541,0.005651633322030003,0.005523340320384484
2025-08-13,0.0045881910492666655,0.008280621046578451,0.005288110867979645,0.0038126361655772545,-0.0013774104683196287,0.009328987299089597,0.0025867315885574893
2025-08-14,-0.0015723270440252124,-0.007414166761720131,-0.003446399419553825,-0.0029842647856754834,0.004137931034482678,-0.007126948775055708,-0.0016694490818029983
2025-08-15,0.00022497187851522327,-0.007124798896805173,-0.001274117218784121,-0.0019047619047618536,-0.0032051282051281937,0.005720053835800876,-0.001000304043782263
2025-08-18,0.00022492127755291413,-0.0028935185185184897,-0.0018224895206851999,-0.0010905125408942062,0.0009186954524575963,-0.008475521356083426,0.0017621762115340722
2025-08-19,-0.005321939884566418,0.005803830528148479,0.0015519444951614947,0.0010007278020378596,-0.007801743919228943,0.017208413001912115,-0.0019747835333433494
2025-08-20,-0.0011303692539561538,0.0021927293710328755,0.0004557469692827443,0.0010906116513678121,0.011100832562442209,0.002874834144183991,0.00052359208523578
2025-08-21,-0.003847604677480354,-0.004951635191156267,-0.003826530612244916,0.00018157058556500516,0.005946935041170942,-0.0029768467475193017,-0.0009553597507544476
2025-08-22,0.016510148439866867,0.007406550167804671,0.007865374062557162,0.006807660887719003,0.004092769440654731,0.019351984960743085,0.008959732974375578
2025-08-25,-0.006481895395619164,-0.0028719126938541173,-0.0026315789473684292,-0.0018932564010097908,0.004981884057971175,-0.005749620308092895,-0.00271657108361012
2025-08-26,0.0020997375328084544,-0.0005760368663594306,0.0007278682558455873,0.0023484780056002297,-0.0076611086074809265,-0.002618657937807023,0.0005115012106537975
2025-08-27,0.0003741674773629633,-0.0011527377521612925,0.00036366942449328477,0.00225286113363965,0.0009082652134422275,0.006235641614703136,0.0013038125172053494
2025-08-28,0.004039497307001705,0.006578188113098626,0.0015450331727711042,0.0006293832044597103,0.006352087114337657,-0.002609262883235597,0.0003021148036252974
2025-08-29,-0.0058113544926240435,-0.007108461362072993,-0.003629764065335772,-0.0010782639949681316,0.0013525698827774324,0.005450185306300481,-0.0024161884627000862
2025-09-02,-0.007044364508393297,-0.011200923787528905,-0.006830601092896127,-0.005577044166591771,0.01620891490319676,-0.016587163920208203,-0.0003027550711474092
2025-09-03,0.004226415094339631,0.010977461170150526,0.0059605685465382585,0.002261420171868034,-0.00886132033673015,0.0005512071436446497,-0.000163537250151502
2025-09-04,0.006688711859311525,0.007623888182973548,0.006836827711941718,0.0015342960288808882,-0.007152436298614173,0.007492287351255955,0.001980941765158395
2025-09-05,0.0008958566629340137,0.015247048033933286,0.006518786781348984,0.004415607821933731,-0.00810445745159838,0.011264216972878494,0.0019558645707375977
2025-09-08,0.004848213619750963,0.01332429990966566,0.0035081406854367003,0.0020635205454873073,0.0068088969586925785,-0.005839731804909598,0.0031860297423118578
2025-09-09,0.0014845605700710696,-0.005683084466235666,-0.0017927572606669662,-0.0019697376667562327,0.0027051397655544207,-0.002284346785597857,0.00029172669118771033
2025-09-10,0.0022235398754819613,0.005715566513504244,0.002963362068965525,0.0015250740109447047,0.006744604316546887,-0.0016354121238553176,0.0027660853878532787
2025-09-11,0.009835823103091279,0.006685981724983359,0.004655743575969096,0.001612325331422415,-0.007592675301473895,0.018237414000218388,0.0045514511873352426
2025-09-12,-0.0014646649578909932,-0.004317024573832207,-0.0017823723375812728,-0.0013414416025755438,0.005850585058505997,-0.004611754611754559,-0.0004208477844304115
2025-09-15,0.006527319398606624,0.0023346303501945442,0.0031247210070528553,0.0009850452225306228,0.008948545861297452,-0.0016162051503071373,0.0023887941665645673
2025-09-16,-0.0010201107548820643,0.002107364685004498,-0.0008899964400141958,0.0008946144211843254,0.010199556541020005,-0.00528815022663498,-0.0005868387265897113
2025-09-17,-0.000948212983223895,-0.002545655783065759,-0.0017815784785319977,-0.0006256703611011716,-0.010535557506584858,-0.0013019420635782541,-0.00013114754098353387
2025-09-18,0.004161495217930966,-0.010319573901464762,-0.002052471890058971,-0.002772560593864659,-0.004436557231588201,0.0021727322107549796,0.002814079938948888
2025-09-19,0.0015995346808201916,-0.001906043278394498,-0.0008047929893588712,-0.0005381165919282616,-0.008021390374331583,-0.006504065040650375,0.0002972651605230858
2025-09-22,0.004718350754936207,-0.003594697820714421,-0.0022373366744227186,-0.002422828427853463,0.0,0.00021822149481720565,0.0010371471025261148
2025-09-23,-0.003756953977313904,0.006989853438556848,0.00197327114539414,0.0026985697580281798,0.010332434860736539,0.005454347114650426,-0.001344816223292855
2025-09-24,-0.004278772934947939,-0.003806538289296779,-0.004028287530212005,-0.001794204718758463,0.0066696309470877235,-0.019203645437777972,-0.0022146517794504605
2025-09-25,-0.004952658412236022,0.0,-0.0017975912277548023,-0.0016176867080074375,0.007067137809187329,-0.002986725663716938,-0.0013436575490612945
2025-09-26,0.005270092226614009,-0.0008990784445942479,0.0013506212857914424,0.00018003420649925772,0.000438596491227905,0.009874625540885473,0.001124701670644157
2025-09-29,0.0024756079801950825,0.008211473565804095,0.0033270389353476926,0.0012600126001260925,-0.008329679964927617,0.0003295978905735186,0.001197936688152268
2025-09-30,0.004067402672864651,-0.002900814459444234,-0.0009858397562286791,-0.0002696629213483348,-0.003978779840848823,0.00406370126304223,0.0009554168564107623
2025-10-01,0.005063657407407218,-0.0008951549737048481,0.00035884094375182585,0.0,-0.001775410563693014,0.0015313935681469104,0.0010318168302112518
2025-10-02,0.0023031524399019787,0.0029118602307087738,0.0016142050040355294,-0.00044955943175684077,-0.0066696309470875015,-0.005242463958060384,0.001642670215388664
2025-10-03,0.0017233950883239757,-0.0018983807928532048,-0.0012534694242993805,-0.0010794279032113607,0.003133393017009878,0.003732981993851636,0.0
2025-10-06,0.003942652329749219,-0.007943611546207152,-0.003227252353204868,-0.0017109410175596418,0.010263275323516341,-0.009407131918617417,0.0030397390272833835
2025-10-07,-0.005997857907890092,0.005751663471298185,0.0018886590520730273,0.0027963196824825065,0.003975265017667873,-0.0036439929328622167,-0.0024244216128317397
2025-10-08,0.005890381438115044,0.0007849293563577664,-0.0012567324955117254,0.0007196186021407591,0.0013198416190056683,-0.0052089105618973175,0.0020598390658113086
2025-10-09,-0.004856102263800621,-0.0007843137254901489,-0.0019773503505302603,-0.0011685393258427101,-0.009226713532513253,-0.005459001782531336,-0.0020526471458148787
2025-10-10,-0.026121277359167472,0.01614711818793446,0.0027917867435156563,0.0035097192224622376,-0.021286031042128672,-0.012770247563571147,-0.01169214536789509
2025-10-13,0.015547859406086495,-0.0005517545795631351,0.0034126627750337146,0.0025109855618330457,0.012686905301314111,0.006354249404289192,0.009878216643025794
2025-10-14,-0.0010158177332751928,0.0032019432483163524,0.0033115546406514706,-0.001073441273817033,-0.01118568232662187,0.010260457774269982,0.0007215928494010981
2025-10-15,0.006391632771644451,-0.0022011886418666915,0.0,-0.000268648697053786,0.0036199095022624306,0.014508928571428603,0.0031513540139702645
2025-10-16,-0.0034642032332562467,0.007500551511140596,0.0028545941123996332,0.0023289143676101798,-0.0018034265103696878,-0.003520352035203622,-0.0014228243507069527
2025-10-17,0.00398319814600212,-0.0015327348368732174,-0.001956947162426559,-0.001966041108132255,-0.0009033423667569318,0.006513579156546712,-0.0004917367490275826
2025-10-20,0.010026689749693452,0.003837719298245501,0.003030303030303161,0.0008954154727793817,0.00994575045207946,0.010091038718876844,0.004703434663157591
2025-10-21,-0.0029281531209827127,0.004915346805024701,0.0001777145903678612,0.0021470746108427363,-0.010295434198746678,-0.002823325008144306,-0.001769911504424626
2025-10-22,-0.003939545877802542,0.0006521739130433968,0.0009772565742713901,0.0016068559185860032,0.01582994120307557,0.00424697811172825,-0.0025118203309693055
2025-10-23,0.006400115058248224,-0.006843363024114701,-0.0012425667879648605,-0.0019607843137254832,0.016918967052537814,-0.0006506180871828082,0.0025181454599318975
2025-10-24,0.006502322257949444,0.0004374931641693003,0.0016884386385851435,-8.930166101095427e-05,0.0004378283712784814,0.002929687500000222,0.0038416075650116177
2025-10-27,0.010506886270055249,0.0033890893189023608,0.001685592618878573,-0.0002679289095293136,-0.002188183807439903,0.002812939521800173,0.001748601707388886
2025-10-28,0.0014753407334551216,0.0026149487905862134,8.856611460461572e-05,0.0008040021440056666,-0.009210526315789558,-0.019635343618513268,-0.0020394129781895476
2025-10-29,7.01508242721971e-05,-0.010106498587263535,-0.005667729365922747,-0.005266446487548038,0.005312084993359889,-0.025751072961373467,-0.00029446407538269437
2025-10-30,-0.009750280583614046,-0.005818421341530322,-0.0053437833986461625,-0.002153625269203152,0.0004403346543371267,0.004744154523890209,-0.0022974963181149333
2025-10-31,0.0017000779202380745,-0.0029814487632507936,-0.004029369627507218,0.0016187050359710575,0.007042253521126751,0.0025857223159078124,-0.000265706188001924
2025-11-03,0.002192207057492457,-0.006091482999224795,-0.006293266205160464,-0.003950439935356376,0.007430069930070005,-0.0014577259475220261,0.0005020228568055618
2025-11-04,-0.012771662432966457,0.002228660574994379,0.0013570976205554697,0.0004506940688659977,-0.00694143167028205,0.0016844469399215356,-0.00640495867768609
2025-11-05,0.0046458437567007405,-0.010896152990882868,-0.002981568485724728,-0.003694026488872848,-0.003058103975535187,0.0008968609865471766,0.004960936339601485
2025-11-06,-0.008679567444507708,0.00899280575539585,0.005256003624830141,0.0027129679869777323,0.0013146362839615566,-0.004816308243727696,-0.005616316878510164
2025-11-07,0.00143533802210416,-0.0021167557932265657,-0.001983232669251045,0.00018037518037528066,0.002188183807439792,0.015531795160382833,0.0011890606420927874
2025-11-10,0.014619463952988632,-0.0002232890476722149,0.0005419564628308393,0.00018034265103694658,0.01091703056768556,-0.0005541394214784168,0.006828978622327675
2025-11-11,0.0033196779206101645,0.0045784477945280955,0.003972194637537285,0.004056978002163758,0.006479481641468832,0.011199822577067975,0.00029489826010031805
2025-11-12,0.0019711369236183884,0.0017785682525568447,-0.0009891196834816984,-0.00215497889916505,-0.011158798283261828,-0.0074569579997806335,-0.0013266509433962348
2025-11-13,-0.015316517951240116,-0.008211273857079537,-0.004950495049504955,-0.0022496175650139616,-0.005208333333333259,-0.01226383824991717,-0.00870848708487093
2025-11-14,-0.0004994648590794792,-0.00570597449093746,-0.0027137042062415073,-0.0011724386724386582,0.0021815008726002727,0.002125279642058109,-0.0008933889219774338
2025-11-17,-0.01070816676185038,0.0024755260492854703,0.0006349206349205438,0.00018058690744915395,-0.0013060513713538668,-0.008259850429735538,-0.004172876304023854
2025-11-18,-0.008587097705296753,-0.000336738129980918,0.0004532269760697538,0.00072221720682486,0.008282476024411345,0.004051772650534691,-0.0010595630050881377
2025-11-19,0.0013829245214356245,-0.002021109364473417,9.060433088703412e-05,-0.0012629679747406808,-0.0099437959360138,-0.007846653962560124,0.0001617996919813791
2025-11-20,-0.015118476522750446,0.003937893789379032,0.0013589418372894624,0.0004516303856925141,-0.009606986899563297,-0.004180318608066891,-0.008088675853804794
2025-11-21,0.009889298892989062,0.003025888154208234,0.0035284538134443544,0.0023474178403755097,-0.006613756613756516,0.016224188790560312,0.0037481123527633997
2025-11-24,0.011107863197895362,0.00569832402234649,0.0039668229354490325,0.0004503693028283795,0.004882379050155317,0.002679468572066579,0.0058945480696033226
2025-11-25,0.009106678230702547,0.002555271636484724,0.002783764367816133,0.0018006662465113177,-0.005300353356890497,0.00924173254648708,0.0038887227041579653
2025-11-26,0.008236642314854548,0.004432624113475336,0.003402883496014919,0.0021569156106768794,0.010657193605683846,0.0044130626654899086,0.004767580452920139
2025-11-28,0.004972650422675251,-0.004744042365401713,-0.0016956715751895723,-0.0022419513944937908,0.013181019332161537,0.003295254833040495,0.0032621589561090403
2025-12-01,-0.004453240969816918,-0.01596275357499166,-0.00902914357232254,-0.006830846665468293,0.002601908065915204,-0.01149551127654913,-0.0032515518770321883
2025-12-02,0.00220107923885271,0.00045060268108598756,0.0006314839873704514,0.0002714932126697267,-0.004325259515570945,-0.0035441355631853355,0.0013345195729537185
2025-12-03,0.0037548707049237517,0.0028149983110010712,0.002253876667868804,0.0022618293675924495,0.0047784535186794486,0.002556407691452822,0.002221235006663713
2025-12-04,0.0020468661773009877,-0.0053896249719290745,-0.0017990465053522309,-0.0013540350243727017,0.0025940337224383825,-0.0024390243902439046,0.00029550827423152626
2025-12-05,0.0009156864126222963,-0.00462858433054858,-0.0009912588988014726,-0.0016270451053058688,0.006037084950409444,-0.0011113580795732991,0.0011816838995568624
2025-12-08,-0.0023926812104152484,-0.0032891006011115387,-0.0020746887966804906,-0.0019918515165232575,-0.01243034719245606,-0.007676902536715602,-0.00029507229271164004
2025-12-09,-0.0007759593679457222,0.0010241238051889034,-0.0012654795263491447,-0.0012700716683298197,-0.0021701388888889506,-0.003812086556788885,0.001180637544273777
2025-12-10,0.008118602188492696,0.0038649539615778217,0.0046158023350530986,0.003270051775819738,0.006089604175728569,0.003601575689364145,0.0038325471698112956
2025-12-11,0.0026610644257702987,-0.0013588495074171592,-0.0014414414414414267,-0.00045269352648258376,-0.0008646779074794608,0.004373668274083142,0.0020558002936856834
2025-12-12,-0.009847744098337774,-0.009638280984238468,-0.006044749188018783,-0.0015398550724637916,-0.008221549112938042,-0.001228226887003081,-0.005246189917936572
2025-12-15,0.0002116103547999959,0.0006869704602703308,0.0011799945538712997,-0.0007257552390456112,-0.004799301919720889,0.003130240357741787,-0.0017972363807784442
2025-12-16,-0.012764456981664285,0.005491990846681727,0.002266545784224805,0.00018157058556500516,-0.010083296799649255,-0.007355399531929208,-0.0006788665879575717
2025-12-17,-0.010215015358239876,-0.000910332271279013,-0.0010854816824965585,0.0010892257420351825,0.011957484499557358,0.0037049511620075304,-0.0031603508875565067
2025-12-18,0.008299653579676658,0.004783599088838297,0.00380331431676173,0.0019040710853204246,-0.0070021881838074895,-0.005257270693512339,0.003851851851851995
2025-12-19,0.008589220528236963,-0.00759464973928814,-0.006495263870094692,-0.005067873303167492,0.007051564565887958,-0.0038232317553131834,0.0047225501770955525
2025-12-22,0.005890284578809357,-0.0021701884637349567,-0.00018160355942975492,-0.0014553392759686368,-0.020131291028446463,-0.003950784512924854,0.001175088131609936
2025-12-23,0.005079723437279471,0.0016025641025640969,0.0009990009990010762,0.00045545636728006045,0.011165698972755767,-0.0006799637352673527,0.0011737089201877549
2025-12-24,0.001754878562403528,0.006057142857142761,0.0039012883324260894,0.00209414549758713,-0.0004416961130743191,0.006577455205261984,0.0014654161781946229
2025-12-26,0.0013313713124518678,-0.0032943314779053656,-9.037505648445965e-05,-9.085953116483303e-05,0.0030932390631903672,0.0011266336187472081,0.00038045068773762125
2025-12-29,-0.0034289713086075313,0.0037611123774790034,0.0013557483731019282,0.0009086778736937529,-0.009251101321585908,0.002025658338960179,-0.0021355644618670233
2025-12-30,0.0,-0.0023844669013284303,-0.001173391100279919,-0.0001815705855652272,0.0066696309470877235,0.0020215633423179558,-0.01457050718264441
2025-12-31,-0.006460220490134061,-0.007967220578192657,-0.004247243809868073,-0.001997639153727415,-0.012367491166077826,-0.00818202196816864,-0.003064290601850539
2026-01-02,0.007067637288854289,-0.001491509866911378,-0.00027225701061805996,-0.00045491765990357536,0.0013416815742397503,0.00033902135834562586,0.006863622799164526
2026-01-05,0.008351463260579672,0.0049408250028724066,0.0028140885984022646,0.002730748225013624,0.01875837427422944,0.002259376412110381,0.005127445168938705
2026-01-06,0.004663140311803815,-0.002058083695403501,0.0,-0.000726216412490932,-0.0004384042086803541,0.007326420198376926,0.006693598325126171
2026-01-07,-0.0037409075164530625,0.0058432630614115855,0.0007241785100027265,0.0015443313953489302,-0.009210526315789558,-0.009734810339040001,-0.005041007615700033
2026-01-08,-0.0002781447743549492,-0.005011960359949996,-0.002804161013116313,-0.001995464852607709,0.012837538733952991,0.008926553672316428,0.0005034164608350711
2026-01-09,0.006816442929679312,0.006639954207212417,0.0036284470246734646,0.0013632645642098762,0.0008741258741258306,0.0020159032366444674,0.004560835662792417
2026-01-12,0.004352331606217508,-0.002956897532127911,-0.0011749819233549674,0.0,0.012663755458515391,0.001341231697775891,0.002196836555360404
2026-01-13,-0.003370477369652014,0.0017109615603967399,0.0021717491629715813,0.0009076057360681844,0.0077619663648123005,0.005580980020091442,-0.00043840420868046515
2026-01-14,-0.001242321761335985,0.005807333181507612,0.0025282167042890435,0.0010881392818280489,0.0008557980316645786,0.008658008658008587,0.0008771929824560321
2026-01-15,0.002004008016031955,-0.0002264236386277929,-0.0012609204719444822,-0.0015398550724637916,-0.008123129542539576,0.006932981181908104,0.0025416301489922244
2026-01-16,0.0,-0.005775110406522566,-0.0028857426278294795,-0.0019051075024948405,-0.0017241379310344307,0.012240437158469897,8.742022904106861e-05
2026-01-20,-0.018206896551724028,-0.013097949886104687,-0.006059509812788133,-0.0029994546446100445,0.013816925734024155,-0.018570503131073224,-0.006993006993007089
2026-01-21,0.011590334363585031,0.007616849394114222,0.006005459508644284,0.003920138572340193,0.011499148211243648,0.003960396039603964,0.005575117370892224
2026-01-22,0.005555169779876579,0.004352307868514371,0.0018994211287988172,-0.0009989102796948979,-0.00042105263157898865,-0.009861932938856066,0.0035016049022467133
2026-01-23,0.00241696015468551,0.002736914129319201,0.0006319400559720023,0.0019998181983456043,0.018534119629317614,0.0019920318725099584,0.0
2026-01-26,0.0038578120694405804,0.004776526782667823,0.0008119812342115562,0.001360791073210521,0.004549214226633458,-0.001325381047051044,1.1631288165059317e-05
2026-01-27,0.009195717814987736,-0.006225240520656428,-0.0010817632741368932,9.059612248596416e-05,0.013585837793330668,-0.00033178500331787486,0.004931608821066469
2026-01-28,-0.0014959880320957186,-0.002277904328018221,-0.001443913004241515,0.0004529395778603007,0.012997562956945652,-0.010288748755393318,0.0020254629629630205
2026-01-29,-0.0009534186870063799,0.00022831050228311334,0.0002711251694531569,0.0007243752263672576,0.014434643143544479,0.013972725240330774,-0.0002021368755416031
2026-01-30,-0.008179959100204415,-0.005592330518146671,-0.0009938561619082797,-0.00036192544335855725,-0.03438735177865615,0.0009921728585602363,-0.009589001530774355
2026-02-02,0.0055670103092784196,-0.006656719843911363,-0.004612462693316388,-0.0026249094858799005,-0.03643061809250925,-0.010352422907488945,0.002887054912367848
2026-02-03,-0.005262798168272909,0.002426343154246169,0.00045429765582416515,0.0016335420637081377,0.025913338997451074,-0.0022256843979524543,0.0017446932247746627
2026-02-04,-0.0037790298199806838,-0.0025357307514983773,-0.0012714558169103496,-0.0010872519706441874,0.0016563146997929934,0.014387686816863754,-0.0034833091436866637
2026-02-05,-0.012276708738533704,0.010862029119482308,0.004819496226243558,0.0028117913832199637,-0.01777594047126907,-0.001429356789444891,-0.006117098747451255
2026-02-06,0.0214370504853012,0.000685871056241405,0.0005429864253394534,0.0009949348769897615,0.010521885521885599,0.015745430521911574,0.011869871043376445
2026-02-09,0.007724911129340928,-0.00022846698652057018,0.0,0.0008132285172133269,0.00999583506872126,0.004227642276422694,0.004199855177407841
2026-02-10,-0.000678380028491965,0.011540219378427752,0.002351664254703234,0.002076561935716814,-0.004536082474226766,0.013385146804835824,0.0011537352177675153
2026-02-11,0.002715362161428425,-0.005308934824353351,-0.0010828370330264736,-0.0016217677268222097,0.00952775476387746,-0.0055389859394971985,0.0016421780466724378
2026-02-12,-0.013946246022611852,0.013286395639336757,0.004697380307136401,0.003970760761664138,-0.023389413212966725,-0.0011782347900599621,-0.006529179969511412
2026-02-13,0.001991074493649103,0.005491426650229725,0.003326739795000977,0.001258426966292081,0.003361344537815114,0.014369973190348606,0.0023161551823971394
2026-02-17,0.0004111278607648039,0.0016718680338831948,0.0009857514114168797,-0.0014363946494299062,-0.012144053601339966,0.009514747859181716,-0.0008665511265163461
2026-02-18,0.004315068493150553,-0.003783242461333103,-0.000984780662488749,-0.0006293266205160686,0.026282323018228082,-0.011728976856215212,0.004625614339404338
2026-02-19,-0.001977767169064948,0.0010052496369932218,0.0008065238820682552,0.0008096437567470804,0.009087154068566639,-0.002119317579739377,-0.0002877697841725535
2026-02-20,0.0088150881508815,-0.002343226958268385,-0.0008058739255014657,-0.0005393258426966696,0.0069586573884568015,0.007539556121907154,0.003454231433505983
2026-02-23,-0.009279956648377774,0.0036908623196509893,0.001075365176090859,0.0008993614533681082,0.0060975609756097615,0.00010539629005057449,-0.0048766494549628
2026-02-24,0.0073157390947629075,0.0017829284599957251,-0.00026855250201407443,0.0001797106658278924,-0.00121212121212122,0.0025292443882389826,0.004900547708273306
2026-02-25,0.008959478721237923,0.0001112347052278917,-0.0002686246418338589,0.0008983918785374634,0.0012135922330096527,-0.002733102070850313,0.004016064257028162
2026-02-26,-0.004709048099562851,0.004004004004003914,0.0006269592476488839,0.002692756485055181,0.00040404040404040664,0.0068514809739643745,-0.0005714285714286671
2026-02-27,-0.0038526529232848494,0.006092832613271204,-0.0003580379520228272,0.0015217975114134585,0.013731825525040486,0.001779731993299949,-0.002287021154945612
2026-03-02,-0.005631700366399706,-0.013323056595463512,-0.006805157593123279,-0.0027708258848766487,0.028286852589641365,0.0025080990699133388,-0.002865329512893977
2026-03-03,-0.019583759808939005,-0.002008704385671134,-0.00045077533357373856,-0.0006274088016491319,0.0038744672607518016,-0.005316376524549193,-0.010057471264367623
2026-03-04,0.00918708240534527,-0.0031309404003131425,0.0009019572472264148,-0.0022421524663677195,0.008876881512929424,0.0012575979878433063,0.004644412191581848
2026-03-05,-0.011586206896551765,-0.004038137969713973,-0.00396503559520589,-0.0002696629213483348,0.014537107880642663,-0.01004814737282822,-0.005489742848887591
2026-03-06,-0.01144292492324861,-0.003716634756166348,-0.003347507464037003,0.0018881496133789089,0.03733031674208154,-0.010890251638824289,-0.004938988959907076
2026-03-09,0.009669678147939065,0.008704499208681993,0.005991285403050162,0.0016153639055909164,-0.013449654671028766,0.0022447888829504326,0.003976642335766556
2026-03-10,0.0,-0.010646643505547448,-0.006857967875834592,-0.003315115133052604,0.016949152542372836,-0.0014931740614334554,0.0017681511769256364
2026-03-11,-0.0007689619014331628,-0.012913457181694565,-0.008177357804833751,-0.001528227256382575,0.019202898550724656,-0.010361033967101085,0.0006676923970156956
2026-03-12,-0.017419896460053264,-0.0019508836355290882,-0.005404910223525183,-0.0012604663725577225,0.025950942054745907,-0.006907717215326459,-0.007832898172323688
2026-03-13,-0.006479174083303674,-0.004944233643785156,-0.0036842590034078526,-0.001983232669251045,-0.00519750519750517,0.0016302575806976805,-0.0017543859649123972
2026-03-16,0.013902823563135991,0.0077420845851627895,0.0048072478506056004,0.0031614126998464886,-0.013932427725531271,0.008355034722222321,0.005565319273579394
2026-03-17,0.0028272547356518185,0.002751977984176257,0.005612291839175665,0.0035116153430578834,0.015895443306252366,0.004411922952760161,0.0034954849985435743
2026-03-18,-0.015294615167747327,-0.005660377358490565,-0.005397987191216869,-0.0018842530282638936,0.01773296244784417,-0.014784658238697346,-0.006095791001451412
2026-03-19,-0.00236203564526527,0.0061526076706341915,0.00441541716493421,-0.0011686443725278384,-0.014690809702767371,-0.004023488473249182,-0.0005841121495328006
2026-03-20,-0.02037595063854214,-0.01897359698251222,-0.012272186097628035,-0.008010080100801065,0.0034674063800277377,-0.03100775193798455,-0.010812390414961959
2026-03-23,0.016625164786875812,0.006466270534778218,0.006583217431618049,-0.00027218290691344293,-0.04111955770559783,0.00777464788732396,0.0062038404726736385
2026-03-24,-0.005547150781644028,-0.004341031429067499,-0.002026529108327235,-0.0032670841274162754,0.0176576576576577,-0.017106440071556372,-0.0017615971814445297
2026-03-25,0.00941756012749928,0.00965004069294273,0.0035997784751706785,0.003004643540016394,-0.002478753541076406,-0.0007962689113866217,0.004411764705882337
2026-03-26,-0.0212430027271423,-0.008406264394288376,-0.00781752966062732,-0.0036310820624545492,0.009584664536741228,-0.001366120218579292,-0.009663250366032217
2026-03-27,-0.013418389793224739,-0.00545813494367664,-0.002410085279940577,-0.0008199708454811327,0.02320675105485237,-0.008207934336525335,-0.003252513305736282
2026-03-30,-0.0026755852842810235,0.013311536665109758,0.006411447686303751,0.006200419440138605,0.005498281786941561,0.0037931034482758808,-0.00029664787896765965
2026-03-31,0.03114986213577775,-0.001037105323807408,0.006278275320838356,9.062075215227061e-05,-0.010594668489405379,0.01568762166494908,0.012462908011869223
2026-04-01,0.009395100093950948,-0.004960203022263188,-0.003027800715661999,0.0,-0.00932642487046631,0.00360766629086795,0.0038100820633060195
2026-04-02,-0.0016467387413187096,0.006144215163459421,0.00423338855144495,0.004077564334904027,0.022663877266387633,0.013592451134576633,0.0029197080291971655
2026-04-06,0.005091795754446515,-0.001613089065560569,-0.0015579178885630762,-0.00045122281382548035,0.005114217524718745,0.0014407624958439058,0.0012576419213974344
2026-04-07,0.0003567606136281043,-0.00011540680900179456,0.0011014226709498143,0.0011737089201877549,-0.003731343283582045,0.0014386896857014886,0.0013607340986008243
2026-04-08,0.031526390870185494,0.003231763619575334,0.003850738058127856,0.00018035891423928696,-0.027579162410623193,0.01801304011492988,0.011904761904762085
2026-04-09,0.0031116028211863878,-0.0025310630464795425,0.0,0.0004508159769180953,0.005252100840336116,0.00716456795484155,0.0
2026-04-10,-0.00020679671882539719,-0.0024221453287197603,-0.0026486437117544392,0.000540735400144321,-0.007314524555903867,0.002155636990730736,0.0011477761836442557
