Date,ACWI,TLT,LQD,TIP,DBC,VNQ,QAI
2016-04-12,56.23,130.93,118.73,114.09,13.65,83.59,28.86
2016-04-13,56.91,131.39,119.14,114.19,13.72,83.22,28.96
2016-04-14,56.99,130.76,119.06,113.92,13.61,82.76,28.95
2016-04-15,56.9,131.88,119.56,114.33,13.56,83.38,28.95
2016-04-18,57.31,131.31,119.69,114.31,13.62,83.78,29.02
2016-04-19,57.85,130.9,119.91,114.51,13.91,83.82,29.12
2016-04-20,57.8,129.46,119.58,114.03,14.18,82.4,29.07
2016-04-21,57.52,128.69,119.53,113.89,14.12,80.93,29.08
2016-04-22,57.51,128.36,119.66,113.82,14.06,81.77,29.12
2016-04-25,57.3,127.83,119.38,113.69,14.05,82.49,29.02
2016-04-26,57.5,127.25,119.33,113.64,14.23,82.81,29.03
2016-04-27,57.59,128.52,120.09,114.33,14.36,82.76,29.11
2016-04-28,57.06,129.05,120.2,114.93,14.44,82.59,29.0625
2016-04-29,56.81,129.38,120.33,114.88,14.58,81.83,29.06
2016-05-02,57.16,127.82,119.85,114.5,14.38,83.1,29.11
2016-05-03,56.34,129.43,120.06,114.55,14.16,83.23,29.0301
2016-05-04,55.81,130.14,119.86,114.68,14.17,84.42,28.96
2016-05-05,55.82,131.01,120.1,115.05,14.03,84.66,28.93
2016-05-06,55.98,130.45,119.84,114.65,14.12,85.59,28.91
2016-05-09,55.85,130.86,119.72,114.72,13.81,86.53,28.91
2016-05-10,56.65,130.87,119.92,115.07,14.15,86.52,29.03
2016-05-11,56.24,131.61,120.05,115.05,14.48,84.67,28.96
2016-05-12,56.23,131.01,119.8,114.97,14.5,85.16,28.93
2016-05-13,55.6,132.28,120.02,115.25,14.48,84.4,28.91
2016-05-16,56.27,131.14,119.62,115.12,14.64,85.2,28.92
2016-05-17,55.84,131.36,119.58,115.2,14.75,83.62,28.894
2016-05-18,55.77,129.49,118.56,114.2,14.64,82.31,28.81
2016-05-19,55.51,130.05,118.84,114.15,14.6,81.39,28.8
2016-05-20,55.89,130.15,118.92,114.09,14.66,82.04,28.87
2016-05-23,55.76,130.44,118.92,114.15,14.58,82.05,28.83
2016-05-24,56.5,129.86,118.72,114.04,14.58,83.07,28.9
2016-05-25,56.97,129.37,118.93,114.13,14.75,83.07,28.97
2016-05-26,57.08,130.04,119.27,114.46,14.74,83.23,28.99
2016-05-27,57.14,129.85,119.18,114.31,14.8,83.68,28.97
2016-05-31,57.0,130.16,119.39,114.14,14.71,83.67,28.96
2016-06-01,57.08,130.42,119.14,113.93,14.86,83.74,28.98
2016-06-02,57.18,131.36,119.38,114.32,14.89,84.17,29.01
2016-06-03,57.34,133.23,120.34,115.06,14.99,84.51,29.09
2016-06-06,57.69,132.24,120.05,115.19,15.17,83.86,29.0759
2016-06-07,57.92,132.56,120.23,115.5,15.32,84.37,29.11
2016-06-08,58.14,133.27,120.63,115.77,15.58,84.91,29.13
2016-06-09,57.72,134.13,120.8,115.81,15.55,85.1,29.16
2016-06-10,56.71,134.78,120.94,115.81,15.36,84.7,29.0798
2016-06-13,56.11,135.38,120.76,115.66,15.36,84.72,29.08
2016-06-14,55.73,135.28,120.49,115.37,15.26,84.5,28.97
2016-06-15,55.9,135.8,120.94,115.91,15.18,85.3,29.04
2016-06-16,55.94,136.46,121.12,115.68,14.92,85.78,29.11
2016-06-17,56.09,135.61,120.76,115.39,15.27,85.64,29.0
2016-06-20,56.88,134.16,120.61,115.06,15.41,85.76,29.04
2016-06-21,57.15,133.54,120.5,114.71,15.29,85.32,29.04
2016-06-22,56.35,133.76,120.72,115.02,15.2,85.19,29.05
2016-06-23,57.39,132.23,120.6,115.06,15.32,85.62,29.13
2016-06-24,54.3,135.78,121.17,115.78,15.01,84.87,28.89
2016-06-27,53.29,139.17,121.68,116.12,14.98,84.92,28.87
2016-06-28,54.45,139.46,122.35,116.52,15.22,86.71,28.95
2016-06-29,55.48,138.39,122.31,116.45,15.44,87.76,29.04
2016-06-30,56.23,138.9,122.735,116.67,15.35,88.67,29.16
2016-07-01,56.35,140.57,123.05,117.06,15.54,88.7,29.21
2016-07-05,55.65,142.33,123.47,117.25,15.1,89.68,29.19
2016-07-06,55.74,142.56,123.69,117.53,15.16,89.29,29.21
2016-07-07,55.61,142.55,123.71,117.29,14.73,88.37,29.2
2016-07-08,56.46,143.6,124.4,117.55,14.88,89.8,29.26
2016-07-11,56.95,142.34,124.08,116.98,14.82,90.4,29.32
2016-07-12,57.5,140.0,123.38,116.59,15.1,90.39,29.29
2016-07-13,57.48,141.65,123.86,116.84,14.91,90.89,29.307
2016-07-14,57.83,139.59,123.56,116.54,14.97,90.08,29.3
2016-07-15,57.71,138.39,123.09,116.41,14.93,90.11,29.0
2016-07-18,57.89,138.26,123.09,116.33,14.86,90.35,29.21
2016-07-19,57.62,139.04,123.31,116.34,14.77,90.79,29.23
2016-07-20,57.95,138.28,123.27,116.13,14.67,90.8,29.27
2016-07-21,57.78,138.56,123.41,116.18,14.59,90.98,29.24
2016-07-22,57.96,138.8,123.34,116.08,14.56,91.78,29.27
2016-07-25,57.81,138.7,123.27,115.83,14.4,91.61,29.23
2016-07-26,57.91,138.92,123.15,116.03,14.34,91.16,29.25
2016-07-27,57.99,140.65,123.66,116.48,14.2,90.45,29.33
2016-07-28,58.02,140.39,123.54,116.64,14.16,91.29,29.32
2016-07-29,58.35,141.56,123.99,116.9,14.28,92.45,29.39
2016-08-01,58.16,139.77,122.97,115.75,14.03,92.65,29.32
2016-08-02,57.8,138.33,122.28,115.18,14.01,91.17,29.24
2016-08-03,57.86,138.41,122.44,115.51,14.24,90.64,29.18
2016-08-04,58.07,139.45,122.96,115.99,14.3,90.27,29.25
2016-08-05,58.44,138.0,122.46,115.71,14.36,90.33,29.18
2016-08-08,58.53,138.26,122.54,115.79,14.44,90.49,29.2
2016-08-09,58.86,139.62,123.26,116.07,14.4,90.98,29.279
2016-08-10,58.83,140.16,123.61,116.1,14.23,90.88,29.33
2016-08-11,59.22,138.91,123.2,115.79,14.45,89.85,29.3
2016-08-12,59.12,140.08,123.76,116.09,14.56,90.23,29.36
2016-08-15,59.37,138.76,123.38,115.79,14.8,90.14,29.36
2016-08-16,59.12,138.39,123.16,115.63,14.92,89.06,29.29
2016-08-17,59.18,139.22,123.5,115.98,14.98,89.42,29.34
2016-08-18,59.39,139.44,123.8,116.18,15.17,89.09,29.35
2016-08-19,59.17,138.71,123.43,115.99,15.12,88.52,29.29
2016-08-22,59.1,139.88,123.85,116.23,14.98,89.0,29.34
2016-08-23,59.22,140.03,123.99,116.39,15.04,89.05,29.39
2016-08-24,59.0,139.7,123.91,116.21,14.86,88.66,29.378
2016-08-25,58.87,139.17,123.79,116.15,14.92,89.06,29.32
2016-08-26,58.63,138.36,123.4,115.7,14.87,88.18,29.28
2016-08-29,58.89,140.21,124.1,116.12,14.81,89.05,29.34
2016-08-30,58.78,139.67,123.94,116.02,14.67,88.88,29.31
2016-08-31,58.55,139.87,123.89,116.04,14.39,88.97,29.31
2016-09-01,58.76,139.77,123.57,115.72,14.23,88.75,29.36
2016-09-02,59.22,138.63,123.35,115.59,14.39,89.52,29.35
2016-09-06,59.63,139.64,123.78,116.14,14.49,90.21,29.42
2016-09-07,59.62,139.54,123.61,116.29,14.62,90.75,29.41
2016-09-08,59.46,137.79,122.74,115.88,14.88,89.64,29.33
2016-09-09,58.08,135.52,121.82,115.08,14.65,86.09,29.14
2016-09-12,58.73,135.59,121.83,115.12,14.65,87.11,29.24
2016-09-13,57.69,134.05,121.43,114.61,14.46,84.34,29.13
2016-09-14,57.64,134.25,121.51,114.79,14.35,84.61,29.15
2016-09-15,58.25,133.67,121.59,114.76,14.42,84.93,29.18
2016-09-16,57.83,134.75,121.73,114.95,14.44,84.97,29.14
2016-09-19,57.98,134.31,121.69,114.81,14.43,85.74,29.16
2016-09-20,58.19,134.78,121.85,114.79,14.48,85.61,29.16
2016-09-21,59.11,135.87,122.47,115.33,14.66,86.71,29.22
2016-09-22,59.54,136.95,122.97,115.9,14.74,88.26,29.36
2016-09-23,59.13,136.82,122.88,116.22,14.57,88.53,29.32
2016-09-26,58.6,137.69,123.07,116.27,14.67,88.74,29.3
2016-09-27,58.93,138.7,123.37,116.37,14.53,87.8,29.35
2016-09-28,59.31,138.4,123.45,116.51,14.87,88.52,29.34
2016-09-29,58.69,138.75,123.4,116.49,14.96,87.34,29.28
2016-09-30,59.1,137.51,123.18,116.49,15.01,86.74,29.3
2016-10-03,58.98,136.81,122.51,116.38,15.14,85.12,29.28
2016-10-04,58.74,135.21,121.94,115.81,15.1,83.96,29.23
2016-10-05,59.09,134.58,121.81,115.62,15.19,82.26,29.21
2016-10-06,59.0,133.83,121.82,115.68,15.22,82.29,29.17
2016-10-07,58.76,133.92,122.11,115.65,15.18,82.15,29.1199
2016-10-10,59.04,133.13,122.11,115.49,15.35,82.66,29.17
2016-10-11,58.22,132.83,121.73,115.4,15.26,81.86,28.982
2016-10-12,58.22,132.96,121.89,115.36,15.15,82.8,28.99
2016-10-13,57.97,133.46,122.19,115.54,15.25,83.45,28.95
2016-10-14,58.01,131.59,121.62,115.43,15.26,83.08,28.93
2016-10-17,57.84,132.43,122.02,115.95,15.28,83.26,28.91
2016-10-18,58.35,132.86,122.32,116.02,15.31,83.79,29.0
2016-10-19,58.55,132.97,122.48,116.18,15.41,83.97,29.01
2016-10-20,58.46,133.11,122.44,116.0,15.27,83.78,29.02
2016-10-21,58.44,133.31,122.51,116.13,15.33,83.47,29.0
2016-10-24,58.62,132.73,122.16,115.95,15.34,83.66,29.05
2016-10-25,58.53,133.08,122.07,116.13,15.27,83.51,29.03
2016-10-26,58.26,132.18,121.56,116.01,15.17,82.42,28.95
2016-10-27,58.14,130.74,121.01,115.51,15.26,80.26,28.91
2016-10-28,57.95,130.45,120.87,115.64,15.16,80.45,28.88
2016-10-31,57.97,131.25,120.98,115.86,14.96,81.76,28.9
2016-11-01,57.61,131.01,120.51,115.87,15.03,79.98,28.8101
2016-11-02,57.19,131.58,120.69,115.92,14.85,78.81,28.76
2016-11-03,57.03,130.57,120.45,115.59,14.8,78.2,28.69
2016-11-04,56.74,131.74,120.81,115.89,14.7,78.82,28.65
2016-11-07,57.9,130.62,120.73,115.83,14.76,80.2,28.74
2016-11-08,58.22,130.09,120.46,115.63,14.74,80.62,28.73
2016-11-09,58.4,124.57,118.69,114.77,14.81,79.4,28.65
2016-11-10,58.24,122.73,118.59,114.57,14.69,78.07,28.61
2016-11-11,57.92,122.04,118.08,114.25,14.41,78.54,28.58
2016-11-14,57.76,121.31,117.47,113.37,14.38,80.4,28.5
2016-11-15,58.26,121.91,117.83,113.44,14.7,79.73,28.56
2016-11-16,58.02,123.01,118.0,113.68,14.52,79.5,28.53
2016-11-17,58.3,121.2,117.25,113.49,14.55,78.69,28.56
2016-11-18,58.02,120.85,116.59,113.32,14.67,78.92,28.48
2016-11-21,58.47,121.15,116.71,113.59,15.08,78.68,28.49
2016-11-22,58.71,121.11,117.01,113.69,15.06,80.06,28.52
2016-11-23,58.57,120.64,116.58,113.31,15.12,79.72,28.51
2016-11-25,58.79,120.82,116.59,113.12,15.01,80.18,28.515
2016-11-28,58.57,121.71,117.12,113.29,15.06,80.55,28.49
2016-11-29,58.72,122.22,117.28,113.4,14.76,81.32,28.55
2016-11-30,58.57,120.24,116.84,113.46,15.21,80.39,28.51
2016-12-01,58.29,118.73,115.87,112.89,15.49,79.21,28.416
2016-12-02,58.39,119.6,116.4,112.95,15.6,80.0,28.45
2016-12-05,58.79,119.47,116.65,113.11,15.68,80.59,28.51
2016-12-06,59.11,119.38,116.64,113.33,15.61,81.11,28.53
2016-12-07,59.92,120.4,117.13,113.43,15.49,82.73,28.63
2016-12-08,60.03,118.98,116.65,113.32,15.52,83.3,28.66
2016-12-09,60.31,117.5,116.2,112.8,15.6,83.21,28.66
2016-12-12,60.12,117.72,116.09,112.78,15.7,83.76,28.56
2016-12-13,60.6,118.14,116.35,112.74,15.74,83.72,28.66
2016-12-14,59.87,116.82,115.61,111.85,15.59,81.89,28.54
2016-12-15,59.96,117.41,115.69,111.15,15.57,81.41,28.54
2016-12-16,59.84,117.14,115.6,111.09,15.64,82.63,28.55
2016-12-19,59.91,118.4,116.16,111.55,15.55,83.52,28.62
2016-12-20,60.12,117.81,116.09,111.66,15.62,83.71,28.66
2016-12-21,59.42,118.33,116.46,111.94,15.53,82.44,28.69
2016-12-22,59.32,117.81,116.15,112.29,15.51,80.61,28.67
2016-12-23,59.36,118.05,116.33,112.42,15.54,80.82,28.71
2016-12-27,59.44,117.67,116.12,112.37,15.78,80.99,28.71
2016-12-28,59.15,118.53,116.55,112.66,15.79,80.5,28.64
2016-12-29,59.26,118.95,117.0,112.8,15.81,81.5,28.67
2016-12-30,59.17,119.13,117.18,113.17,15.84,82.53,28.67
2017-01-03,59.63,119.64,117.28,113.28,15.65,82.8,28.68
2017-01-04,60.14,120.1,117.68,113.53,15.77,84.01,28.77
2017-01-05,60.37,121.98,118.31,113.92,15.85,84.28,28.81
2017-01-06,60.38,120.86,117.69,113.45,15.83,84.29,28.77
2017-01-09,60.24,121.83,117.92,113.63,15.59,83.53,28.81
2017-01-10,60.24,121.75,117.85,113.72,15.52,82.82,28.8
2017-01-11,60.57,122.16,118.03,114.08,15.69,82.31,28.83
2017-01-12,60.54,121.89,118.02,114.18,15.92,82.73,28.79
2017-01-13,60.7,121.31,117.78,113.98,15.89,82.61,28.82
2017-01-17,60.51,122.58,118.29,114.34,15.88,83.25,28.78
2017-01-18,60.41,121.01,117.51,113.78,15.74,83.39,28.74
2017-01-19,60.24,120.18,117.11,113.69,15.69,82.54,28.6774
2017-01-20,60.49,119.94,117.32,113.71,15.87,83.14,28.73
2017-01-23,60.5,121.14,117.86,114.17,15.87,83.84,28.74
2017-01-24,60.83,120.31,117.51,113.98,15.91,83.86,28.74
2017-01-25,61.43,118.8,117.06,113.61,15.81,83.31,28.8
2017-01-26,61.31,119.2,117.2,113.78,15.88,83.15,28.78
2017-01-27,61.19,119.63,117.34,113.97,15.75,82.34,28.8
2017-01-30,60.8,119.27,117.14,113.94,15.66,81.78,28.73
2017-01-31,60.89,120.1,117.35,114.18,15.75,82.37,28.73
2017-02-01,60.92,119.1,116.89,113.94,15.92,81.38,28.76
2017-02-02,61.0,119.05,116.92,113.95,15.92,82.35,28.76
2017-02-03,61.35,119.0,117.05,113.83,15.91,82.8,28.81
2017-02-06,61.12,119.72,117.42,114.11,15.81,82.66,28.81
2017-02-07,61.07,120.6,117.62,114.06,15.74,82.37,28.88
2017-02-08,61.23,122.24,118.03,114.33,15.8,83.02,28.89
2017-02-09,61.48,120.83,117.56,114.11,15.88,83.22,28.93
2017-02-10,61.73,120.76,117.53,114.2,16.05,83.81,28.89
2017-02-13,62.02,120.38,117.48,114.02,15.87,83.84,28.91
2017-02-14,62.15,119.51,117.2,113.75,15.89,83.4,28.94
2017-02-15,62.45,118.96,117.11,113.9,15.91,83.12,28.93
2017-02-16,62.46,119.61,117.44,113.9,15.81,83.61,28.97
2017-02-17,62.42,120.32,117.74,114.16,15.78,83.77,29.0
2017-02-21,62.69,120.11,117.79,114.15,15.76,84.84,29.07
2017-02-22,62.71,120.31,117.88,114.36,15.68,84.56,29.1
2017-02-23,62.74,120.67,118.18,114.63,15.73,85.0,29.08
2017-02-24,62.58,122.01,118.78,114.96,15.7,85.4,29.12
2017-02-27,62.63,121.29,118.5,114.65,15.66,85.85,29.11
2017-02-28,62.42,121.74,118.58,114.65,15.72,85.26,29.0913
2017-03-01,63.19,119.47,117.56,113.96,15.79,85.0,29.14
2017-03-02,62.79,119.04,117.38,113.6,15.54,84.54,29.05
2017-03-03,62.94,119.35,117.5,113.86,15.62,84.21,29.07
2017-03-06,62.76,118.78,117.29,113.74,15.6,83.83,29.01
2017-03-07,62.61,118.42,116.71,113.54,15.53,83.43,28.95
2017-03-08,62.4,117.78,116.35,113.05,15.18,81.89,28.93
2017-03-09,62.44,116.84,115.72,112.75,15.05,80.66,28.9
2017-03-10,62.78,117.25,116.01,112.96,14.91,80.41,28.98
2017-03-13,63.02,116.51,115.62,112.7,14.89,80.61,28.96
2017-03-14,62.66,117.07,115.72,112.62,14.83,80.59,28.9
2017-03-15,63.41,118.5,116.72,113.64,14.96,82.22,29.01
2017-03-16,63.54,117.9,116.55,113.56,14.94,82.06,29.01
2017-03-17,63.51,118.64,116.82,113.81,14.99,82.44,29.03
2017-03-20,63.52,119.15,117.1044,113.9642,14.9817,82.2991,29.0399
2017-03-21,62.91,120.14,117.38,114.06,14.9,82.01,28.92
2017-03-22,63.03,120.62,117.68,114.25,14.89,81.37,28.98
2017-03-23,63.06,120.45,117.6,114.12,14.86,81.97,28.98
2017-03-24,63.08,120.88,117.72,114.45,14.91,81.88,29.0
2017-03-27,63.13,121.43,117.97,114.67,14.89,81.14,29.03
2017-03-28,63.41,120.62,117.72,114.29,14.98,81.49,29.04
2017-03-29,63.44,121.34,118.1,114.59,15.12,81.95,29.11
2017-03-30,63.41,120.36,117.79,114.31,15.18,82.1,29.08
2017-03-31,63.26,120.71,117.91,114.65,15.21,82.59,29.09
2017-04-03,63.25,121.67,118.12,114.77,15.15,82.83,29.12
2017-04-04,63.27,121.01,117.81,114.64,15.3,82.83,29.0965
2017-04-05,63.1,121.38,117.96,114.86,15.33,82.95,29.06
2017-04-06,63.16,121.2,118.07,114.8,15.37,83.39,29.02
2017-04-07,63.1,120.71,117.78,114.35,15.41,83.51,28.99
2017-04-10,63.08,121.27,118.0,114.41,15.53,84.03,29.04
2017-04-11,63.16,122.42,118.55,114.63,15.56,84.61,28.995
2017-04-12,63.01,123.09,118.94,115.06,15.56,84.46,29.0
2017-04-13,62.59,123.47,119.14,115.23,15.61,84.27,28.94
2017-04-17,63.08,123.09,118.91,114.96,15.52,85.29,28.97
2017-04-18,62.77,124.7,119.61,115.21,15.46,85.52,28.94
2017-04-19,62.61,124.02,119.25,115.0,15.19,85.4,28.91
2017-04-20,63.11,123.54,119.08,114.88,15.13,85.41,28.99
2017-04-21,63.02,123.54,119.08,114.72,14.98,85.1,28.97
2017-04-24,63.98,122.93,118.92,114.69,14.93,84.16,29.12
2017-04-25,64.41,121.45,118.45,114.5,15.0,84.51,29.15
2017-04-26,64.28,122.12,118.74,114.74,14.92,83.88,29.16
2017-04-27,64.3,122.08,118.85,114.84,14.84,83.66,29.18
2017-04-28,64.28,122.35,118.99,115.01,14.8,82.79,29.16
2017-05-01,64.45,121.08,118.3,114.34,14.83,83.28,29.18
2017-05-02,64.64,121.7,118.65,114.34,14.67,83.14,29.21
2017-05-03,64.45,121.78,118.59,114.09,14.61,82.03,29.15
2017-05-04,64.59,121.18,118.36,113.66,14.26,81.63,29.1
2017-05-05,65.02,121.29,118.4,113.75,14.46,82.4,29.19
2017-05-08,64.89,120.63,118.19,113.31,14.4,81.82,29.14
2017-05-09,64.87,120.62,118.21,113.21,14.33,81.38,29.13
2017-05-10,65.02,120.48,118.37,113.25,14.56,82.02,29.18
2017-05-11,64.93,120.48,118.43,113.59,14.62,81.61,29.19
2017-05-12,65.01,121.39,119.03,113.77,14.62,81.28,29.23
2017-05-15,65.37,121.06,119.02,113.47,14.7,81.52,29.3
2017-05-16,65.49,121.51,119.19,113.55,14.72,80.97,29.28
2017-05-17,64.5,123.28,119.92,114.21,14.82,81.3,29.09
2017-05-18,64.58,123.42,119.9,114.39,14.78,81.75,29.11
2017-05-19,65.25,123.71,119.97,114.59,15.07,82.19,29.18
2017-05-22,65.51,123.37,119.87,114.41,15.17,82.51,29.2
2017-05-23,65.54,122.54,119.5,114.24,15.12,82.58,29.22
2017-05-24,65.67,123.23,119.69,114.31,15.09,83.25,29.26
2017-05-25,65.87,123.27,119.74,114.13,14.76,83.26,29.32
2017-05-26,65.83,123.48,119.83,114.4,14.87,82.66,29.3
2017-05-30,65.8,124.09,120.11,114.65,14.75,82.14,29.31
2017-05-31,65.7,124.4,120.25,114.68,14.59,82.19,29.29
2017-06-01,66.24,124.15,119.96,114.37,14.49,82.62,29.42
2017-06-02,66.61,125.62,120.52,114.83,14.42,83.47,29.51
2017-06-05,66.54,124.84,120.18,114.53,14.34,83.11,29.45
2017-06-06,66.37,125.52,120.53,114.66,14.44,82.71,29.46
2017-06-07,66.41,124.92,120.38,114.39,14.24,83.29,29.46
2017-06-08,66.46,124.59,120.17,114.27,14.24,83.09,29.53
2017-06-09,66.23,124.4,120.05,114.17,14.32,83.67,29.48
2017-06-12,66.11,124.36,120.08,113.93,14.19,84.42,29.44
2017-06-13,66.48,124.38,120.21,114.12,14.25,84.61,29.47
2017-06-14,66.39,126.3,121.03,114.14,14.0,84.73,29.48
2017-06-15,66.03,126.1,120.74,113.58,14.06,85.16,29.42
2017-06-16,66.27,126.35,120.84,113.68,14.12,84.94,29.425
2017-06-19,66.66,126.17,120.69,113.55,14.03,84.95,29.55
2017-06-20,65.41,127.3,120.96,113.67,13.89,84.75,29.5
2017-06-21,65.44,127.56,121.02,113.85,13.74,84.58,29.47
2017-06-22,65.43,127.84,121.12,114.22,13.76,84.66,29.53
2017-06-23,65.54,127.78,121.18,114.31,13.82,84.15,29.53
2017-06-26,65.7,128.26,121.4,114.49,13.85,84.75,29.6
2017-06-27,65.42,126.89,120.85,113.95,14.01,83.99,29.46
2017-06-28,65.93,126.47,120.98,114.04,14.1,84.19,29.52
2017-06-29,65.33,125.41,120.61,113.59,14.16,83.23,29.35
2017-06-30,65.49,125.12,120.51,113.43,14.45,83.23,29.41
2017-07-03,65.57,124.46,119.93,112.93,14.6,84.29,29.43
2017-07-05,65.58,124.49,120.13,113.1,14.38,83.1,29.48
2017-07-06,65.09,123.46,119.82,112.81,14.39,81.54,29.32
2017-07-07,65.34,122.72,119.72,112.46,14.25,82.0,29.37
2017-07-10,65.5,122.9,119.92,112.41,14.31,81.25,29.45
2017-07-11,65.6,123.11,119.97,112.77,14.45,81.16,29.45
2017-07-12,66.18,123.96,120.5,113.1,14.38,82.16,29.61
2017-07-13,66.33,123.18,120.29,113.06,14.37,82.29,29.58
2017-07-14,66.72,123.33,120.57,113.05,14.53,83.08,29.65
2017-07-17,66.64,123.67,120.68,113.28,14.48,83.75,29.61
2017-07-18,66.76,124.75,121.2,113.6,14.54,83.57,29.63
2017-07-19,67.13,124.8,121.16,113.69,14.67,84.2,29.71
2017-07-20,67.2,125.16,121.27,113.41,14.65,83.81,29.69
2017-07-21,67.11,125.69,121.55,113.58,14.45,83.75,29.7
2017-07-24,67.06,125.2,121.41,113.58,14.48,83.59,29.64
2017-07-25,67.2,123.57,120.69,113.14,14.64,83.7,29.67
2017-07-26,67.4,123.77,121.09,113.47,14.78,84.28,29.74
2017-07-27,67.27,123.16,120.79,113.39,14.87,84.38,29.69
2017-07-28,67.2,123.89,121.11,113.66,14.95,84.15,29.7
2017-07-31,67.28,124.04,121.11,113.66,15.04,84.26,29.68
2017-08-01,67.5,124.64,121.23,113.54,14.87,84.64,29.72
2017-08-02,67.54,124.71,121.04,113.48,14.9,83.87,29.68
2017-08-03,67.4,126.0,121.21,113.79,14.79,83.7,29.68
2017-08-04,67.53,124.93,120.74,113.63,14.82,83.98,29.7
2017-08-07,67.59,125.07,120.77,113.76,14.85,83.89,29.75
2017-08-08,67.4,124.62,120.19,113.84,14.86,83.49,29.66
2017-08-09,67.32,125.3,120.31,114.05,14.96,83.21,29.68
2017-08-10,66.34,126.37,120.27,114.34,14.73,82.61,29.46
2017-08-11,66.35,126.43,120.49,114.27,14.78,82.1,29.49
2017-08-14,66.94,125.78,120.41,113.82,14.65,83.47,29.58
2017-08-15,66.85,125.25,120.27,113.48,14.58,83.22,29.57
2017-08-16,67.16,125.71,120.61,113.68,14.54,83.55,29.66
2017-08-17,66.28,126.65,120.73,113.96,14.58,83.03,29.58
2017-08-18,66.34,126.62,120.65,113.98,14.84,82.19,29.56
2017-08-21,66.4,126.93,120.82,114.02,14.66,83.07,29.58
2017-08-22,66.94,126.44,120.7,113.88,14.7,82.83,29.66
2017-08-23,66.83,127.3,121.16,114.19,14.83,83.68,29.64
2017-08-24,66.79,126.83,120.93,113.9,14.82,83.42,29.64
2017-08-25,67.05,127.32,121.21,114.09,14.79,83.82,29.65
2017-08-28,66.99,127.24,121.21,114.18,14.8,83.18,29.64
2017-08-29,66.94,127.65,121.3,114.36,14.8,83.09,29.65
2017-08-30,67.14,127.61,121.4,114.33,14.69,83.56,29.72
2017-08-31,67.55,127.99,121.61,114.62,15.1,84.04,29.83
2017-09-01,67.71,126.75,120.81,114.12,15.12,84.33,29.84
2017-09-05,67.19,128.76,121.56,114.86,15.15,84.1,29.75
2017-09-06,67.5,127.97,121.13,114.72,15.3,84.32,29.77
2017-09-07,67.76,129.28,121.6,115.2,15.29,84.86,29.82
2017-09-08,67.69,129.0,121.24,115.22,15.12,84.93,29.78
2017-09-11,68.31,127.46,120.87,114.78,15.15,85.71,29.86
2017-09-12,68.59,126.79,120.74,114.59,15.19,84.7,29.87
2017-09-13,68.41,126.29,120.62,114.38,15.26,84.48,29.81
2017-09-14,68.44,126.81,120.92,114.56,15.27,85.18,29.81
2017-09-15,68.57,126.86,121.02,114.5,15.34,85.34,29.84
2017-09-18,68.7,126.13,120.9,114.45,15.32,84.88,29.84
2017-09-19,68.84,125.82,120.97,114.32,15.29,84.32,29.9
2017-09-20,68.87,125.91,120.82,114.0,15.42,84.09,29.87
2017-09-21,68.68,125.84,120.82,113.74,15.36,83.93,29.87
2017-09-22,68.69,126.2,120.98,114.03,15.42,82.49,29.85
2017-09-25,68.4,126.99,121.43,114.35,15.68,82.97,29.81
2017-09-26,68.26,126.76,121.41,114.26,15.54,83.11,29.78
2017-09-27,68.36,124.85,120.94,113.91,15.48,82.36,29.83
2017-09-28,68.44,124.48,121.12,113.83,15.48,82.92,29.82
2017-09-29,68.82,124.76,121.23,113.58,15.4,83.09,29.88
2017-10-02,68.9,124.28,121.02,113.38,15.27,82.97,29.91
2017-10-03,69.17,124.4,121.29,113.49,15.28,82.85,30.01
2017-10-04,69.22,124.41,121.22,113.59,15.3,83.27,30.0
2017-10-05,69.49,123.94,121.05,113.47,15.47,83.57,30.01
2017-10-06,69.4,123.59,120.95,113.38,15.23,83.3,30.02
2017-10-09,69.27,123.98,121.05,113.42,15.24,83.5,30.01
2017-10-10,69.66,124.18,121.13,113.62,15.42,83.75,30.03
2017-10-11,69.84,124.42,121.07,113.76,15.45,84.03,30.03
2017-10-12,69.83,124.95,121.1,113.97,15.43,84.57,30.05
2017-10-13,70.0,125.85,121.58,114.13,15.58,84.79,30.11
2017-10-16,70.07,125.76,121.41,113.87,15.62,84.37,30.12
2017-10-17,70.0,125.92,121.39,113.66,15.6,84.47,30.08
2017-10-18,70.11,125.09,121.21,113.52,15.59,84.38,30.12
2017-10-19,70.05,125.31,121.39,113.67,15.52,84.13,30.04
2017-10-20,70.32,123.98,121.06,113.41,15.6,83.65,30.09
2017-10-23,69.98,124.2,121.18,113.42,15.6,83.33,30.08
2017-10-24,70.02,123.43,120.88,113.26,15.76,82.83,30.09
2017-10-25,69.77,122.84,120.56,113.14,15.78,82.59,30.04
2017-10-26,69.75,122.43,120.55,113.09,15.85,81.91,30.04
2017-10-27,70.19,123.24,120.91,113.45,15.93,82.28,30.09
2017-10-30,70.08,124.42,121.31,113.75,15.97,82.21,30.14
2017-10-31,70.3,124.46,121.14,113.8,16.01,82.2,30.13
2017-11-01,70.42,124.75,121.01,113.7,16.02,82.6,30.17
2017-11-02,70.52,125.3,120.99,113.87,16.12,83.3,30.15
2017-11-03,70.59,125.64,121.13,113.95,16.22,83.09,30.19
2017-11-06,70.79,126.11,121.16,114.14,16.53,83.65,30.18
2017-11-07,70.7,126.64,121.06,114.3,16.43,84.33,30.17
2017-11-08,70.84,126.36,120.9,114.23,16.4,84.75,30.2
2017-11-09,70.5,126.0,120.58,114.21,16.43,84.84,30.1
2017-11-10,70.38,124.1,119.89,113.71,16.4,84.93,30.07
2017-11-13,70.28,124.36,119.91,113.7,16.35,85.36,30.07
2017-11-14,70.14,125.2,119.94,113.84,16.13,85.18,30.02
2017-11-15,69.79,126.56,120.45,114.16,16.11,84.32,30.03
2017-11-16,70.49,125.46,120.31,113.92,16.06,85.02,30.1101
2017-11-17,70.38,126.39,120.46,114.12,16.32,84.65,30.08
2017-11-20,70.52,126.34,120.46,113.95,16.19,84.4,30.1101
2017-11-21,71.06,126.74,120.86,113.94,16.3,85.03,30.2
2017-11-22,71.15,127.15,121.33,114.28,16.39,84.84,30.28
2017-11-24,71.35,126.8,121.19,114.14,16.44,84.95,30.28
2017-11-27,71.09,126.62,121.12,114.12,16.41,84.55,30.27
2017-11-28,71.65,126.79,121.29,114.11,16.34,84.23,30.35
2017-11-29,71.38,125.54,120.81,113.8,16.23,84.26,30.28
2017-11-30,71.72,125.12,120.67,113.68,16.16,84.39,30.31
2017-12-01,71.54,126.55,120.72,113.61,16.3,84.59,30.26
2017-12-04,71.36,126.61,120.91,113.65,16.1,84.17,30.24
2017-12-05,71.15,127.24,121.14,113.77,16.1,83.47,30.229
2017-12-06,71.01,127.68,121.37,113.89,15.83,83.39,30.2
2017-12-07,71.2,126.68,121.13,113.74,15.88,83.6,30.23
2017-12-08,71.61,126.69,120.98,113.69,15.96,84.03,30.27
2017-12-11,71.88,126.43,121.07,113.6,16.0,84.02,30.27
2017-12-12,71.88,126.38,120.98,113.69,15.86,84.43,30.28
2017-12-13,72.05,127.33,121.4,113.89,15.79,84.57,30.3263
2017-12-14,71.68,127.87,121.62,113.89,15.84,84.55,30.2999
2017-12-15,71.97,128.35,121.79,113.89,15.84,85.08,30.31
2017-12-18,72.63,127.18,121.43,113.69,15.91,85.64,30.43
2017-12-19,71.73,125.53,120.81,113.35,16.03,83.82,30.35
2017-12-20,71.68,124.14,120.49,112.97,16.12,82.85,30.3
2017-12-21,71.92,124.6,120.56,113.11,16.13,81.27,30.4
2017-12-22,72.0,124.77,120.65,113.18,16.2,81.83,30.41
2017-12-26,71.92,125.14,120.81,113.28,16.44,82.24,30.4
2017-12-27,72.0,126.77,121.48,113.75,16.48,82.51,30.45
2017-12-28,72.16,126.66,121.4,113.79,16.56,82.95,30.47
2017-12-29,72.09,126.86,121.56,114.08,16.61,82.98,30.44
2018-01-02,72.77,125.49,120.75,113.8,16.69,82.67,30.55
2018-01-03,73.14,126.09,120.97,113.91,16.79,82.43,30.62
2018-01-04,73.65,126.07,120.93,113.94,16.77,81.01,30.69
2018-01-05,74.13,125.71,120.89,113.92,16.71,81.05,30.76
2018-01-08,74.2,125.63,120.88,113.8,16.7,81.47,30.78
2018-01-09,74.29,123.95,120.44,113.43,16.81,80.42,30.77
2018-01-10,74.12,123.8,120.52,113.39,16.87,79.52,30.71
2018-01-11,74.63,124.31,120.81,113.27,16.86,79.25,30.8
2018-01-12,75.2,124.52,120.83,113.38,16.97,78.61,30.93
2018-01-16,75.07,125.04,120.94,113.57,16.89,78.76,30.89
2018-01-17,75.66,124.87,120.61,113.49,16.91,79.31,30.97
2018-01-18,75.56,123.71,120.14,113.39,16.91,78.29,30.9
2018-01-19,75.92,123.06,119.77,113.2,16.88,78.71,30.98
2018-01-22,76.47,123.18,119.66,113.14,16.92,79.43,31.08
2018-01-23,76.71,123.71,120.18,113.31,17.04,80.53,31.11
2018-01-24,76.78,123.04,120.1,113.23,17.22,80.11,31.12
2018-01-25,76.71,124.05,120.71,113.44,17.12,79.97,31.12
2018-01-26,77.54,123.59,120.55,113.37,17.25,79.69,31.25
2018-01-29,76.87,122.73,120.23,113.1,17.2,78.62,31.13
2018-01-30,76.12,122.01,119.82,112.83,17.08,78.05,31.0
2018-01-31,76.2,122.73,120.07,113.11,17.1,79.45,31.05
2018-02-01,76.15,120.7,119.22,112.51,17.27,77.74,30.97
2018-02-02,74.49,119.58,118.61,112.37,16.99,77.08,30.8
2018-02-05,71.53,120.71,118.68,112.79,16.83,74.79,30.46
2018-02-06,73.05,119.96,118.44,112.33,16.73,74.8,30.62
2018-02-07,72.2,118.82,118.11,112.08,16.54,74.48,30.48
2018-02-08,69.83,118.69,117.6,111.85,16.37,72.34,30.22
2018-02-09,70.64,117.94,117.22,111.5,16.13,74.15,30.26
2018-02-12,71.62,118.46,117.22,111.58,16.23,74.18,30.41
2018-02-13,71.75,118.99,117.18,111.66,16.26,74.7,30.4
2018-02-14,72.97,117.67,116.75,111.56,16.51,74.16,30.49
2018-02-15,73.79,118.07,117.3,111.62,16.54,74.88,30.68
2018-02-16,73.87,118.71,117.65,111.8,16.57,75.29,30.67
2018-02-20,73.25,118.19,117.15,111.71,16.62,74.4,30.63
2018-02-21,72.93,116.74,116.51,111.39,16.6,72.93,30.57
2018-02-22,73.08,117.09,116.67,111.49,16.75,73.76,30.57
2018-02-23,73.99,118.13,117.21,111.9,16.86,74.94,30.72
2018-02-26,74.78,118.17,117.36,112.04,16.95,75.15,30.82
2018-02-27,73.64,118.0,116.85,111.76,16.78,73.4,30.71
2018-02-28,72.79,118.75,117.07,111.92,16.6,73.35,30.63
2018-03-01,71.88,119.32,116.62,112.26,16.63,73.42,30.5
2018-03-02,72.21,118.35,116.25,112.17,16.63,73.39,30.51
2018-03-05,72.78,118.03,116.21,112.1,16.73,74.22,30.57
2018-03-06,73.16,118.14,116.31,112.07,16.79,74.57,30.62
2018-03-07,73.11,118.01,116.27,112.07,16.61,75.03,30.66
2018-03-08,73.38,118.69,116.5,112.18,16.51,75.17,30.68
2018-03-09,74.33,117.91,116.09,112.01,16.67,75.58,30.81
2018-03-12,74.36,118.59,116.24,112.09,16.64,75.91,30.83
2018-03-13,73.86,119.19,116.25,112.18,16.59,75.98,30.78
2018-03-14,73.71,120.24,116.51,112.37,16.59,76.05,30.77
2018-03-15,73.68,120.24,116.63,112.38,16.58,76.03,30.8
2018-03-16,73.65,119.81,116.76,112.19,16.64,76.56,30.75
2018-03-19,72.87,119.43,116.37,112.12,16.53,75.9,30.66
2018-03-20,72.97,118.95,115.96,111.95,16.64,75.64,30.68
2018-03-21,73.04,119.08,115.89,112.19,16.94,75.08,30.66
2018-03-22,71.31,120.26,116.09,112.52,16.81,74.64,30.45
2018-03-23,70.09,120.17,115.72,112.58,16.96,73.31,30.21
2018-03-26,71.73,119.71,116.13,112.38,16.97,73.43,30.48
2018-03-27,70.7,120.99,116.55,112.81,16.9,73.71,30.39
2018-03-28,70.75,121.31,116.86,112.81,16.83,75.56,30.33
2018-03-29,71.7,121.9,117.39,113.05,16.98,75.47,30.48
2018-04-02,70.26,121.88,116.99,112.87,16.75,74.45,30.3099
2018-04-03,71.01,120.94,116.68,112.8,16.84,75.08,30.39
2018-04-04,71.51,120.69,116.68,112.74,16.77,75.87,30.42
2018-04-05,72.02,119.79,116.72,112.42,16.85,75.84,30.48
2018-04-06,70.82,121.1,117.07,112.87,16.73,75.27,30.31
2018-04-09,71.19,121.3,117.13,112.85,16.94,75.03,30.4
2018-04-10,72.3,121.08,117.16,112.8,17.23,74.95,30.52
2018-04-11,71.98,121.51,117.24,113.13,17.36,75.11,30.5
2018-04-12,72.38,120.62,116.92,112.95,17.29,74.27,30.6
2018-04-13,72.22,120.9,116.96,113.11,17.3,74.66,30.58
2018-04-16,72.57,120.94,116.97,113.01,17.24,75.12,30.59
2018-04-17,73.1,121.27,116.98,113.18,17.25,76.0,30.67
2018-04-18,73.34,120.3,116.38,112.95,17.57,75.84,30.68
2018-04-19,73.03,119.32,115.94,112.77,17.5,74.74,30.58
2018-04-20,72.46,118.46,115.47,112.38,17.47,74.05,30.47
2018-04-23,72.36,118.49,115.42,112.35,17.46,73.99,30.44
2018-04-24,71.67,117.95,115.08,112.04,17.37,74.27,30.35
2018-04-25,71.68,117.16,114.72,111.87,17.4,74.13,30.31
2018-04-26,72.26,117.98,115.06,112.16,17.49,75.1,30.4
2018-04-27,72.41,118.89,115.32,112.52,17.48,76.39,30.46
2018-04-30,71.99,119.1,115.22,112.61,17.56,76.09,30.4
2018-05-01,71.91,118.41,114.58,111.79,17.46,76.78,30.39
2018-05-02,71.61,118.28,114.49,111.93,17.46,76.5,30.35
2018-05-03,71.62,118.81,114.51,112.07,17.57,76.45,30.32
2018-05-04,72.22,118.99,114.67,112.1,17.69,77.29,30.4
2018-05-07,72.34,118.8,114.54,112.12,17.68,77.81,30.47
2018-05-08,72.37,118.69,114.5,111.92,17.73,77.42,30.49
2018-05-09,72.79,117.98,114.48,111.85,17.89,77.94,30.55
2018-05-10,73.53,118.93,115.06,112.07,17.98,78.55,30.615
2018-05-11,73.69,119.23,115.26,112.07,17.87,78.28,30.67
2018-05-14,73.8,118.6,115.05,111.79,18.0,77.61,30.65
2018-05-15,73.16,117.25,114.18,111.43,18.02,76.35,30.52
2018-05-16,73.49,116.8,114.03,111.27,18.12,76.12,30.59
2018-05-17,73.4,116.21,113.81,111.06,18.14,75.74,30.59
2018-05-18,73.15,117.21,114.28,111.36,18.15,75.84,30.5557
2018-05-21,73.62,117.27,114.35,111.4,18.29,76.74,30.62
2018-05-22,73.54,117.09,114.23,111.35,18.31,76.85,30.6
2018-05-23,73.39,117.94,114.72,111.67,18.41,77.62,30.61
2018-05-24,73.12,118.88,115.04,111.8,18.29,77.46,30.61
2018-05-25,72.91,119.62,115.38,111.96,18.02,77.73,30.63
2018-05-29,71.8,122.24,115.99,112.62,17.85,78.1,30.55
2018-05-30,72.74,121.42,115.54,112.41,18.08,79.16,30.63
2018-05-31,72.33,121.22,115.49,112.48,18.03,78.89,30.6
2018-06-01,73.08,120.3,114.91,111.98,17.91,79.24,30.66
2018-06-04,73.51,119.43,114.65,111.75,17.7,79.93,30.68
2018-06-05,73.43,119.71,114.73,112.0,17.73,79.72,30.71
2018-06-06,74.13,118.74,114.31,111.76,17.79,79.91,30.79
2018-06-07,73.8,119.89,114.69,112.1,17.86,79.91,30.76
2018-06-08,73.95,119.53,114.5,111.91,17.85,80.2,30.77
2018-06-11,74.19,119.31,114.39,111.91,17.84,80.08,30.8
2018-06-12,74.09,119.34,114.4,111.82,17.83,80.56,30.81
2018-06-13,73.94,119.28,114.29,111.75,17.9,78.99,30.7587
2018-06-14,73.92,120.27,114.81,112.04,17.7,79.74,30.76
2018-06-15,73.63,120.38,114.65,112.08,17.27,79.69,30.72
2018-06-18,73.31,120.27,114.53,112.17,17.42,78.98,30.71
2018-06-19,72.01,120.97,114.59,112.35,17.24,78.9,30.64
2018-06-20,72.18,119.91,113.95,112.04,17.22,79.78,30.64
2018-06-21,71.64,120.54,113.86,112.24,17.09,80.16,30.53
2018-06-22,72.02,120.53,114.0,112.4,17.43,80.79,30.57
2018-06-25,71.0,120.8,113.89,112.45,17.23,80.58,30.38
2018-06-26,71.1,120.97,114.27,112.61,17.4,80.84,30.44
2018-06-27,70.41,122.11,114.66,112.98,17.49,80.53,30.29
2018-06-28,70.78,122.14,114.51,112.83,17.48,81.25,30.33
2018-06-29,71.12,121.72,114.57,112.87,17.68,81.45,30.39
2018-07-02,70.91,121.35,114.24,112.48,17.31,81.0,30.35
2018-07-03,70.85,122.0,114.66,112.72,17.29,81.61,30.35
2018-07-05,71.36,122.35,115.02,112.85,17.39,82.58,30.41
2018-07-06,71.88,122.75,115.18,113.01,17.47,83.02,30.53
2018-07-09,72.58,121.96,115.26,112.78,17.56,82.36,30.59
2018-07-10,72.73,121.95,115.13,112.61,17.52,82.53,30.61
2018-07-11,71.87,122.42,115.36,112.73,16.91,82.26,30.49
2018-07-12,72.55,122.41,115.61,112.64,17.0,82.51,30.58
2018-07-13,72.66,122.72,115.7,112.86,17.03,82.26,30.613
2018-07-16,72.56,122.21,115.51,112.56,16.67,81.82,30.58
2018-07-17,72.84,121.98,115.43,112.41,16.69,81.28,30.61
2018-07-18,72.88,121.49,115.41,112.23,16.84,80.92,30.61
2018-07-19,72.54,122.26,115.59,112.39,16.82,81.87,30.5899
2018-07-20,72.79,120.76,115.25,112.12,16.94,81.08,30.61
2018-07-23,72.79,119.27,114.79,111.59,17.0,80.91,30.5966
2018-07-24,73.16,119.68,115.15,111.65,17.09,80.5,30.61
2018-07-25,73.88,119.49,115.3,111.67,17.32,81.14,30.72
2018-07-26,73.57,119.26,115.41,111.56,17.32,81.41,30.7268
2018-07-27,73.35,119.46,115.56,111.73,17.25,80.54,30.67
2018-07-30,73.11,119.05,115.4,111.67,17.35,80.59,30.61
2018-07-31,73.3,119.7,115.76,111.84,17.25,81.94,30.66
2018-08-01,73.14,118.46,115.01,111.1,17.0,82.52,30.6
2018-08-02,73.1,118.63,115.15,111.16,17.1,82.19,30.6
2018-08-03,73.37,119.22,115.51,111.38,17.16,83.08,30.66
2018-08-06,73.36,119.29,115.62,111.4,17.19,82.97,30.64
2018-08-07,73.7,118.67,115.26,111.25,17.32,82.82,30.66
2018-08-08,73.71,118.79,115.08,111.26,17.11,82.34,30.66
2018-08-09,73.52,119.79,115.17,111.52,17.04,82.38,30.65
2018-08-10,72.65,120.66,115.36,111.88,17.04,81.75,30.59
2018-08-13,72.22,120.41,115.33,111.86,16.95,81.59,30.4801
2018-08-14,72.55,120.14,115.48,111.72,16.98,81.99,30.5
2018-08-15,71.69,120.84,115.72,111.94,16.61,82.62,30.38
2018-08-16,72.23,120.83,115.87,111.87,16.74,83.29,30.45
2018-08-17,72.56,120.98,115.97,111.92,16.81,84.06,30.4867
2018-08-20,72.83,121.79,116.27,112.14,16.84,84.12,30.56
2018-08-21,73.17,121.38,115.98,112.07,16.87,83.61,30.64
2018-08-22,73.28,121.86,115.97,112.31,17.11,83.14,30.6301
2018-08-23,72.93,122.05,116.01,112.4,17.08,82.93,30.6
2018-08-24,73.49,122.29,116.24,112.51,17.21,83.42,30.69
2018-08-27,74.2,121.59,116.06,112.34,17.27,83.12,30.8
2018-08-28,74.24,120.86,115.62,112.12,17.2,84.24,30.77
2018-08-29,74.68,121.02,115.5,112.12,17.39,84.26,30.81
2018-08-30,74.04,121.28,115.61,112.22,17.36,83.72,30.71
2018-08-31,73.81,120.995,115.44,112.09,17.38,84.05,30.74
2018-09-04,73.4,120.03,114.88,111.55,17.28,83.05,30.68
2018-09-05,73.0,119.71,114.81,111.44,17.21,83.53,30.57
2018-09-06,72.74,120.15,115.13,111.54,17.11,83.77,30.54
2018-09-07,72.44,119.13,114.65,111.22,17.15,82.86,30.4734
2018-09-10,72.56,119.57,115.03,111.25,17.21,83.23,30.47
2018-09-11,72.78,118.66,114.77,111.02,17.38,83.22,30.51
2018-09-12,72.92,118.94,115.0,111.12,17.5,83.26,30.5428
2018-09-13,73.42,119.12,115.24,110.96,17.31,83.67,30.58
2018-09-14,73.48,118.55,115.1,110.76,17.2,83.14,30.63
2018-09-17,73.24,118.55,115.03,110.78,17.18,83.41,30.58
2018-09-18,73.76,117.31,114.56,110.55,17.34,83.01,30.65
2018-09-19,73.95,116.61,114.39,110.43,17.45,82.04,30.63
2018-09-20,74.65,117.15,114.69,110.58,17.45,82.81,30.75
2018-09-21,74.69,117.1,114.71,110.59,17.49,82.78,30.76
2018-09-24,74.34,116.8,114.45,110.48,17.75,80.17,30.67
2018-09-25,74.49,116.68,114.45,110.44,17.79,80.18,30.73
2018-09-26,74.44,117.5,114.86,110.63,17.71,79.22,30.74
2018-09-27,74.44,117.58,115.01,110.67,17.79,79.6,30.7146
2018-09-28,74.26,117.27,114.93,110.62,17.97,80.68,30.72
2018-10-01,74.47,116.15,114.42,110.19,18.31,79.93,30.69
2018-10-02,74.22,116.86,114.52,110.37,18.37,79.75,30.68
2018-10-03,74.17,114.83,113.85,109.84,18.54,78.9,30.64
2018-10-04,73.38,114.02,113.38,109.57,18.34,78.24,30.47
2018-10-05,72.95,113.04,112.94,109.27,18.3,78.2,30.38
2018-10-08,72.83,112.66,112.82,109.22,18.25,79.33,30.32
2018-10-09,72.69,113.8,113.14,109.53,18.38,79.44,30.3
2018-10-10,70.58,113.49,112.83,109.42,18.02,78.26,30.02
2018-10-11,69.39,114.87,113.3,109.6,17.75,76.02,29.97
2018-10-12,70.23,114.47,113.32,109.43,17.89,75.82,30.02
2018-10-15,69.85,114.42,113.11,109.5,17.93,76.33,30.04
2018-10-16,71.26,114.68,113.4,109.51,18.01,77.9,30.25
2018-10-17,71.07,114.0,112.84,109.25,17.85,77.6,30.2
2018-10-18,69.93,113.96,112.84,109.17,17.65,77.45,30.0
2018-10-19,70.07,113.71,112.7,109.07,17.75,78.12,30.0289
2018-10-22,69.89,113.56,112.56,109.01,17.77,77.03,30.04
2018-10-23,69.35,113.92,112.72,109.04,17.38,77.37,29.91
2018-10-24,67.43,114.78,112.88,109.4,17.26,78.1,29.72
2018-10-25,68.39,114.3,112.74,108.94,17.33,79.1,29.78
2018-10-26,67.47,114.99,112.93,109.49,17.46,77.2,29.69
2018-10-29,67.03,114.73,112.8,109.38,17.28,78.18,29.66
2018-10-30,67.99,114.16,112.55,109.09,17.19,79.25,29.7401
2018-10-31,68.74,113.58,112.23,108.84,16.96,78.32,29.8699
2018-11-01,69.7,113.41,112.2,108.61,16.84,78.69,30.02
2018-11-02,69.57,112.0,111.75,108.28,16.8,78.04,30.02
2018-11-05,69.78,112.44,111.95,108.48,16.79,79.2,30.02
2018-11-06,70.08,112.37,112.14,108.44,16.72,79.6,30.0336
2018-11-07,71.36,112.52,112.43,108.52,16.68,80.55,30.15
2018-11-08,70.78,112.51,112.1,108.37,16.58,80.61,30.1
2018-11-09,70.18,113.35,112.18,108.63,16.4,80.6,29.97
2018-11-12,68.89,114.09,112.17,108.86,16.36,80.76,29.83
2018-11-13,68.99,114.02,112.02,108.77,15.91,80.68,29.89
2018-11-14,68.74,114.09,111.72,108.78,16.05,80.48,29.9
2018-11-15,69.4,114.04,111.51,108.87,16.02,79.93,29.92
2018-11-16,69.58,114.7,111.73,109.32,16.12,80.79,29.92
2018-11-19,68.53,115.02,111.62,109.27,16.12,80.9,29.79
2018-11-20,67.28,115.06,111.35,109.11,15.63,80.07,29.72
2018-11-21,67.9,115.02,111.59,109.06,15.76,80.14,29.795
2018-11-23,67.45,115.14,111.64,108.89,15.3,79.98,29.71
2018-11-26,68.44,114.88,111.69,108.77,15.37,80.13,29.84
2018-11-27,68.52,115.01,111.55,108.48,15.31,80.47,29.83
2018-11-28,69.91,114.45,111.85,108.61,15.26,81.19,29.98
2018-11-29,69.62,114.9,111.53,109.25,15.36,81.21,29.97
2018-11-30,69.83,115.33,111.46,109.27,15.29,81.98,29.95
2018-12-03,70.73,115.88,111.52,109.32,15.64,82.42,30.12
2018-12-04,68.75,117.82,111.54,109.65,15.65,81.2,29.91
2018-12-06,68.45,118.19,111.88,109.66,15.52,83.21,29.8201
2018-12-07,67.14,118.41,111.89,109.82,15.7,82.12,29.7
2018-12-10,66.94,118.9,112.23,109.55,15.45,81.59,29.67
2018-12-11,67.03,118.88,112.43,109.11,15.54,81.63,29.7
2018-12-12,67.74,118.35,112.55,108.95,15.49,80.37,29.76
2018-12-13,67.68,118.07,112.85,108.97,15.69,79.88,29.74
2018-12-14,66.59,118.48,112.73,109.05,15.45,79.65,29.65
2018-12-17,65.58,119.17,112.85,109.24,15.27,76.65,29.58
2018-12-18,64.95,119.6,112.9,109.34,14.95,77.44,29.57
2018-12-19,64.05,121.18,112.81,109.53,15.01,76.59,29.44
2018-12-20,63.49,120.74,112.44,109.22,14.87,75.44,29.36
2018-12-21,62.29,120.72,112.33,109.17,14.74,74.39,29.27
2018-12-24,61.18,121.32,112.07,109.33,14.39,71.74,29.19
2018-12-26,63.44,120.02,111.98,109.11,14.71,74.14,29.4
2018-12-27,63.74,120.04,111.98,109.11,14.57,74.13,28.81
2018-12-28,63.85,121.05,112.51,109.43,14.45,74.37,28.94
2018-12-31,64.16,121.51,112.82,109.51,14.49,74.57,28.88
2019-01-02,64.14,122.15,113.17,109.68,14.53,72.95,28.91
2019-01-03,63.05,123.54,113.22,110.32,14.65,73.46,28.88
2019-01-04,65.06,122.11,113.15,110.09,14.85,74.32,29.13
2019-01-07,65.46,121.75,113.16,110.02,14.96,75.05,29.19
2019-01-08,65.94,121.43,113.41,110.11,15.11,76.6,29.24
2019-01-09,66.55,121.24,113.84,110.24,15.41,76.49,29.34
2019-01-10,66.86,120.46,113.54,109.98,15.37,77.53,29.34
2019-01-11,66.62,120.93,113.75,110.27,15.32,77.75,29.32
2019-01-14,66.24,120.48,113.45,110.07,15.19,77.49,29.25
2019-01-15,66.84,120.04,113.52,109.97,15.31,78.23,29.311
2019-01-16,67.03,120.16,113.74,109.96,15.39,78.78,29.36
2019-01-17,67.52,120.19,113.97,109.87,15.4,79.16,29.4
2019-01-18,68.23,119.56,114.17,109.74,15.56,79.43,29.47
2019-01-22,67.33,120.37,114.36,109.81,15.45,79.19,29.37
2019-01-23,67.5,120.32,114.65,109.68,15.43,79.2,29.4
2019-01-24,67.62,121.11,114.95,109.85,15.47,79.47,29.48
2019-01-25,68.37,120.53,115.05,109.68,15.55,80.46,29.56
2019-01-28,67.9,120.41,115.03,109.53,15.34,81.25,29.48
2019-01-29,67.91,121.02,115.28,109.85,15.49,81.89,29.51
2019-01-30,68.87,120.93,115.81,110.45,15.6,82.55,29.64
2019-01-31,69.32,121.97,116.62,111.07,15.52,83.41,29.68
2019-02-01,69.24,120.96,115.99,110.68,15.66,82.88,29.69
2019-02-04,69.64,120.42,115.83,110.46,15.67,83.5,29.71
2019-02-05,70.05,120.97,116.3,110.61,15.6,83.98,29.79
2019-02-06,69.78,121.03,116.08,110.54,15.62,83.43,29.76
2019-02-07,69.05,121.83,116.06,110.71,15.47,84.12,29.67
2019-02-08,69.03,122.35,116.35,110.76,15.49,84.12,29.655
2019-02-11,68.94,121.87,116.09,110.53,15.4,84.35,29.63
2019-02-12,69.79,121.555,116.25,110.55,15.49,83.82,29.72
2019-02-13,69.83,121.1,115.95,110.53,15.58,84.25,29.71
2019-02-14,69.79,121.79,116.08,110.84,15.62,84.52,29.75
2019-02-15,70.51,121.98,116.22,110.84,15.91,85.09,29.81
2019-02-19,70.75,122.29,116.29,111.1,15.95,85.07,29.85
2019-02-20,70.94,121.94,116.19,111.14,16.0,84.54,29.87
2019-02-21,70.77,120.85,115.86,110.95,16.05,84.62,29.85
2019-02-22,71.2,121.57,116.38,111.24,16.09,85.12,29.95
2019-02-25,71.38,121.21,116.34,111.16,15.85,84.45,29.95
2019-02-26,71.43,121.81,116.52,111.32,15.92,84.19,29.9991
2019-02-27,71.28,120.43,116.19,111.06,16.0,83.77,29.96
2019-02-28,71.03,120.02,116.03,110.88,15.96,83.99,29.94
2019-03-01,71.41,118.66,115.47,110.66,15.78,83.73,29.97
2019-03-04,71.2,119.59,115.73,110.82,15.83,84.11,29.95
2019-03-05,71.21,119.84,115.77,110.78,15.91,84.34,29.98
2019-03-06,70.86,120.28,115.88,110.91,15.82,83.95,29.94
2019-03-07,70.12,121.06,116.26,111.22,15.78,83.77,29.85
2019-03-08,69.94,121.57,116.41,111.32,15.77,83.86,29.82
2019-03-11,70.87,121.21,116.54,111.3,15.79,85.09,29.9
2019-03-12,71.14,122.06,116.86,111.51,15.89,85.48,29.93
2019-03-13,71.55,121.83,116.67,111.64,15.99,85.9,29.98
2019-03-14,71.48,120.95,116.44,111.61,15.92,86.03,29.96
2019-03-15,72.06,121.75,116.86,112.0,15.92,85.76,30.02
2019-03-18,72.46,121.68,116.8,111.99,16.0,85.33,30.07
2019-03-19,72.52,121.41,116.82,111.89,16.04,85.07,30.07
2019-03-20,72.34,122.68,117.61,112.63,16.16,85.33,30.14
2019-03-21,72.85,122.95,117.83,112.62,16.08,86.85,30.14
2019-03-22,71.34,124.86,118.55,112.96,15.94,86.22,29.97
2019-03-25,71.33,125.06,118.79,112.93,16.0,86.33,29.99
2019-03-26,71.82,124.97,118.84,112.73,16.03,87.02,30.02
2019-03-27,71.49,126.12,119.0,112.78,15.94,86.77,30.03
2019-03-28,71.7,126.56,119.15,112.87,15.89,86.99,30.03
2019-03-29,72.15,126.44,119.06,113.07,15.9,86.91,30.07
2019-04-01,73.03,124.37,118.26,112.65,16.05,86.86,30.13
2019-04-02,73.0,124.6,118.42,112.76,16.09,87.47,30.14
2019-04-03,73.34,123.52,118.17,112.41,16.11,87.37,30.18
2019-04-04,73.45,123.87,118.36,112.49,16.12,87.23,30.2065
2019-04-05,73.73,124.03,118.55,112.62,16.17,87.84,30.24
2019-04-08,73.82,123.59,118.38,112.51,16.23,87.35,30.27
2019-04-09,73.43,123.98,118.63,112.62,16.2,86.89,30.21
2019-04-10,73.74,124.28,119.21,113.03,16.34,87.69,30.26
2019-04-11,73.51,123.55,119.09,112.77,16.26,87.63,30.23
2019-04-12,74.03,122.67,119.02,112.56,16.31,88.05,30.26
2019-04-15,74.0,122.98,118.83,112.62,16.28,87.6,30.29
2019-04-16,74.08,122.21,118.5,112.36,16.22,85.62,30.28
2019-04-17,74.11,122.26,118.48,112.34,16.16,84.84,30.29
2019-04-18,74.13,122.9,118.58,112.66,16.21,85.49,30.27
2019-04-22,74.12,122.31,118.39,112.55,16.29,84.55,30.27
2019-04-23,74.52,122.57,118.88,112.81,16.31,85.67,30.32
2019-04-24,74.11,123.57,119.28,113.2,16.25,86.3,30.27
2019-04-25,74.09,123.39,119.22,113.2,16.22,86.12,30.24
2019-04-26,74.37,123.81,119.64,113.45,16.03,86.8,30.26
2019-04-29,74.55,123.02,119.17,113.13,16.04,85.95,30.3
2019-04-30,74.62,123.65,119.22,113.32,16.09,86.77,30.27
2019-05-01,74.11,123.9,118.83,113.04,16.04,86.84,30.22
2019-05-02,73.94,123.31,118.4,112.58,15.86,86.93,30.21
2019-05-03,74.72,123.66,118.93,112.89,15.87,87.67,30.33
2019-05-06,74.1,124.0,119.09,113.06,15.92,87.39,30.26
2019-05-07,72.84,124.95,119.08,113.12,15.72,85.81,30.12
2019-05-08,72.8,124.41,118.68,112.83,15.74,85.72,30.08
2019-05-09,72.43,124.92,118.79,113.02,15.66,85.94,30.02
2019-05-10,72.88,124.75,118.86,113.27,15.69,86.86,30.08
2019-05-13,71.05,125.73,118.93,113.51,15.61,86.77,29.87
2019-05-14,71.71,125.36,119.1,113.59,15.82,87.09,30.0
2019-05-15,72.0,126.13,119.43,113.82,15.96,87.68,30.04
2019-05-16,72.54,125.71,119.24,113.64,16.05,88.03,30.03
2019-05-17,71.99,125.99,119.25,113.53,15.9,87.86,29.955
2019-05-20,71.55,125.73,118.97,113.38,15.97,86.59,29.92
2019-05-21,72.2,125.53,119.07,113.44,15.98,87.33,29.96
2019-05-22,71.91,126.25,119.22,113.48,15.75,87.59,29.93
2019-05-23,71.1,127.67,119.48,113.72,15.42,87.79,29.8861
2019-05-24,71.49,127.78,119.73,113.91,15.63,88.06,29.9
2019-05-28,70.88,128.79,119.81,113.97,15.76,87.19,29.9
2019-05-29,70.47,129.09,119.86,114.17,15.7,86.03,29.87
2019-05-30,70.78,130.2,120.55,114.55,15.54,86.39,29.9
2019-05-31,70.09,131.83,120.83,115.27,15.13,86.89,29.875
2019-06-03,70.22,132.44,120.83,114.94,15.08,87.1,29.88
2019-06-04,71.36,130.93,120.87,114.71,15.17,86.71,30.01
2019-06-05,71.61,130.19,120.79,114.78,14.86,88.52,29.97
2019-06-06,71.99,130.61,121.02,114.71,15.12,88.69,30.0
2019-06-07,72.75,131.74,121.56,115.13,15.17,89.02,30.1
2019-06-10,73.06,130.5,121.12,114.51,15.13,88.73,30.14
2019-06-11,73.27,130.58,121.23,114.36,15.23,88.97,30.18
2019-06-12,72.85,130.68,121.41,114.42,15.02,89.27,30.1
2019-06-13,73.1,131.13,121.72,114.46,15.21,89.65,30.13
2019-06-14,72.78,131.46,121.77,114.28,15.27,89.7,30.0755
2019-06-17,71.94,131.69,121.83,114.06,15.2,90.66,30.08
2019-06-18,72.87,132.35,122.64,114.53,15.38,90.57,30.2298
2019-06-19,73.11,132.54,123.42,115.19,15.35,91.06,30.315
2019-06-20,73.94,132.89,124.09,115.84,15.66,91.52,30.4
2019-06-21,73.74,131.43,123.64,115.32,15.7,90.23,30.35
2019-06-24,73.66,132.41,123.95,115.54,15.77,89.92,30.3837
2019-06-25,73.07,132.82,123.58,115.34,15.82,88.59,30.33
2019-06-26,73.12,131.97,123.33,115.23,15.9,86.82,30.3242
2019-06-27,73.4,132.9,124.05,115.45,15.9,87.1,30.4
2019-06-28,73.71,132.81,124.37,115.49,15.73,87.4,30.42
2019-07-01,74.29,132.24,124.25,114.64,15.72,87.36,30.53
2019-07-02,74.47,133.26,124.59,114.7,15.46,88.88,30.5335
2019-07-03,74.94,134.21,124.93,115.0,15.61,89.94,30.58
2019-07-05,74.59,132.43,123.83,114.65,15.64,89.62,30.49
2019-07-08,74.2,132.61,123.66,114.67,15.62,89.94,30.43
2019-07-09,74.16,132.56,123.4,114.79,15.67,90.24,30.41
2019-07-10,74.54,131.83,123.68,114.99,16.01,90.76,30.4261
2019-07-11,74.63,130.07,122.95,114.63,16.02,89.58,30.41
2019-07-12,74.85,130.22,123.07,114.83,16.06,89.46,30.43
2019-07-15,74.91,130.97,123.28,115.12,15.89,89.39,30.4625
2019-07-16,74.63,130.58,123.02,114.93,15.72,89.18,30.43
2019-07-17,74.3,131.99,123.67,115.17,15.58,88.88,30.44
2019-07-18,74.65,132.0,123.96,115.41,15.47,88.88,30.49
2019-07-19,74.22,131.69,123.77,115.23,15.56,87.43,30.451
2019-07-22,74.4,131.94,124.15,115.26,15.51,87.35,30.4744
2019-07-23,74.81,131.22,124.22,115.23,15.61,88.34,30.5167
2019-07-24,75.05,131.79,124.57,115.26,15.54,88.41,30.53
2019-07-25,74.49,131.16,124.17,115.07,15.48,87.89,30.48
2019-07-26,74.86,131.47,124.34,114.99,15.5,88.29,30.48
2019-07-29,74.81,131.51,124.26,114.89,15.56,88.53,30.47
2019-07-30,74.45,131.83,124.22,115.06,15.65,89.24,30.4
2019-07-31,73.76,132.89,124.33,115.24,15.55,88.89,30.38
2019-08-01,73.16,135.26,124.99,115.39,15.12,88.89,30.32
2019-08-02,72.51,136.51,125.12,115.47,15.14,89.32,30.25
2019-08-05,70.37,138.87,125.21,115.87,15.01,87.56,30.05
2019-08-06,71.17,139.98,125.99,116.3,14.93,88.53,30.13
2019-08-07,71.42,140.03,125.97,116.36,14.74,89.39,30.2
2019-08-08,72.47,140.33,126.31,116.66,14.82,90.96,30.26
2019-08-09,71.98,140.05,125.94,116.54,14.95,90.85,30.18
2019-08-12,71.17,142.97,126.73,117.01,14.84,90.61,30.12
2019-08-13,72.21,142.48,126.63,116.82,15.19,90.74,30.2
2019-08-14,70.15,145.69,127.0,117.04,14.96,89.36,30.03
2019-08-15,70.28,147.31,127.62,117.56,14.84,90.25,30.084
2019-08-16,71.24,146.13,127.85,117.22,14.83,91.18,30.15
2019-08-19,71.84,144.04,127.43,116.78,14.9,91.84,30.185
2019-08-20,71.46,145.53,128.17,116.93,14.94,91.19,30.19
2019-08-21,72.05,144.56,128.4,116.81,14.99,91.57,30.26
2019-08-22,71.94,143.6,127.93,116.71,14.92,91.99,30.24
2019-08-23,70.44,145.96,128.4,117.38,14.81,90.7,30.15
2019-08-26,71.09,145.37,128.41,117.25,14.8,91.4,30.2
2019-08-27,70.9,147.61,129.1,117.8,14.9,91.14,30.235
2019-08-28,71.19,147.8,129.1,118.03,15.03,91.44,30.26
2019-08-29,71.99,147.24,128.82,118.1,15.07,92.15,30.27
2019-08-30,72.13,147.28,128.8,117.65,14.83,92.22,30.29
2019-09-03,71.74,147.21,128.33,117.45,14.75,93.14,30.29
2019-09-04,72.7,147.43,128.57,117.74,15.1,93.92,30.41
2019-09-05,73.49,144.76,127.63,117.21,15.08,93.24,30.43
2019-09-06,73.59,145.79,128.09,117.31,15.12,93.45,30.44
2019-09-09,73.68,143.2,127.15,116.71,15.26,93.0,30.44
2019-09-10,73.69,140.69,126.08,116.04,15.28,92.04,30.4
2019-09-11,74.26,140.44,125.98,115.91,15.17,92.14,30.478
2019-09-12,74.58,139.52,125.81,115.82,15.11,92.63,30.51
2019-09-13,74.66,136.54,124.68,115.14,15.11,91.64,30.52
2019-09-16,74.35,138.28,125.31,115.83,15.78,92.44,30.49
2019-09-17,74.47,139.03,125.63,115.98,15.48,93.44,30.52
2019-09-18,74.43,139.62,125.94,115.62,15.38,93.12,30.54
2019-09-19,74.51,140.04,126.3,115.85,15.46,93.45,30.52
2019-09-20,74.23,141.89,127.17,116.49,15.48,93.45,30.57
2019-09-23,74.13,141.86,127.08,116.65,15.52,93.6,30.53
2019-09-24,73.69,143.57,127.48,116.91,15.34,92.65,30.5
2019-09-25,73.89,141.47,126.76,116.3,15.25,92.83,30.45
2019-09-26,73.81,142.38,127.03,116.37,15.25,93.61,30.46
2019-09-27,73.4,142.73,127.06,116.19,15.19,93.09,30.38
2019-09-30,73.75,143.08,127.48,116.29,15.04,93.25,30.42
2019-10-01,72.9,143.26,127.29,116.32,15.03,92.37,30.37
2019-10-02,71.68,143.61,127.24,116.32,14.9,91.98,30.29
2019-10-03,72.28,144.92,127.74,116.69,14.88,92.87,30.38
2019-10-04,73.04,145.99,128.27,117.05,15.0,93.43,30.45
2019-10-07,72.75,144.78,127.62,116.73,14.98,93.23,30.4096
2019-10-08,71.79,145.17,127.51,116.62,14.97,92.74,30.345
2019-10-09,72.41,144.35,127.56,116.38,15.01,92.92,30.41
2019-10-10,72.98,142.2,126.81,116.01,15.11,93.07,30.4202
2019-10-11,73.97,140.44,126.58,115.65,15.29,93.03,30.56
2019-10-14,73.77,141.46,127.0,115.84,15.22,93.07,30.5
2019-10-15,74.51,139.75,126.66,115.45,15.18,93.19,30.5963
2019-10-16,74.53,139.92,126.8,115.63,15.2,93.2,30.58
2019-10-17,74.71,139.58,126.98,115.79,15.26,93.81,30.64
2019-10-18,74.46,139.58,127.14,115.97,15.25,94.53,30.6077
2019-10-21,75.0,138.53,126.85,115.6,15.23,95.25,30.64
2019-10-22,74.76,139.34,127.07,115.95,15.25,94.97,30.62
2019-10-23,75.03,139.48,127.14,116.03,15.44,95.18,30.655
2019-10-24,75.2,139.2,127.42,116.1,15.52,94.94,30.6861
2019-10-25,75.41,138.52,127.2,116.12,15.61,94.13,30.71
2019-10-28,75.86,137.26,126.82,115.56,15.55,93.56,30.74
2019-10-29,75.77,137.35,126.49,115.27,15.52,94.13,30.7005
2019-10-30,75.95,139.36,126.94,115.7,15.42,94.47,30.72
2019-10-31,75.77,141.24,127.71,116.06,15.33,94.3,30.71
2019-11-01,76.54,140.56,127.49,116.21,15.61,94.28,30.84
2019-11-04,76.87,138.71,126.89,116.13,15.71,93.62,30.87
2019-11-05,76.89,137.15,126.16,115.91,15.75,92.03,30.8679
2019-11-06,76.85,137.98,126.87,116.28,15.58,92.23,30.8595
2019-11-07,77.17,135.48,125.88,115.63,15.57,91.31,30.88
2019-11-08,77.17,134.91,125.71,115.56,15.61,91.09,30.86
2019-11-11,76.99,135.0,125.75,115.62,15.51,91.29,30.87
2019-11-12,76.94,135.62,125.87,115.6,15.52,90.6,30.82
2019-11-13,76.87,136.5,126.17,115.7,15.55,91.43,30.79
2019-11-14,76.88,137.91,126.83,115.97,15.5,92.14,30.78
2019-11-15,77.39,137.76,126.85,115.83,15.58,92.64,30.84
2019-11-18,77.46,138.01,126.99,116.06,15.42,93.09,30.87
2019-11-19,77.37,139.16,127.24,116.27,15.28,93.25,30.8747
2019-11-20,77.04,140.6,127.42,116.72,15.48,93.2,30.81
2019-11-21,77.01,139.72,127.12,116.46,15.62,91.89,30.81
2019-11-22,77.08,139.9,127.47,116.5,15.61,91.55,30.84
2019-11-25,77.67,140.31,127.91,116.63,15.61,91.84,30.94
2019-11-26,77.73,141.13,128.24,116.88,15.7,93.06,30.92
2019-11-27,78.02,140.72,128.23,116.65,15.62,93.5,30.95
2019-11-29,77.54,140.42,127.97,116.38,15.31,93.07,30.86
2019-12-02,77.04,138.31,127.07,116.11,15.29,91.66,30.8
2019-12-03,76.65,141.21,128.05,116.83,15.3,92.25,30.84
2019-12-04,77.18,139.8,127.88,116.75,15.54,92.63,30.9
2019-12-05,77.26,139.12,127.74,116.58,15.57,92.68,30.9285
2019-12-06,77.87,138.35,127.67,116.5,15.67,92.87,31.0002
2019-12-09,77.62,138.65,127.65,116.53,15.65,93.05,30.95
2019-12-10,77.57,138.66,127.65,116.5,15.72,92.51,31.0
2019-12-11,77.94,139.75,128.15,116.91,15.65,91.57,31.03
2019-12-12,78.63,137.45,127.56,116.34,15.79,90.33,31.15
2019-12-13,78.88,139.04,128.39,116.81,15.87,90.35,31.19
2019-12-16,78.51,137.79,128.1,116.54,15.98,91.0,31.28
2019-12-17,78.5,137.6,128.0,116.7,16.05,90.14,31.29
2019-12-18,78.55,136.47,127.91,116.57,16.06,90.27,31.26
2019-12-19,78.73,136.47,127.7,116.65,16.13,91.07,31.31
2019-12-20,78.87,136.65,127.66,116.59,16.11,91.57,31.33
2019-12-23,79.05,136.45,127.72,116.39,15.86,91.11,31.34
2019-12-24,79.07,136.84,127.85,116.53,15.93,91.35,31.35
2019-12-26,79.5,137.17,128.08,116.61,16.05,91.75,31.41
2019-12-27,79.55,137.32,128.26,116.65,16.08,92.04,31.44
2019-12-30,79.07,136.82,128.49,116.69,16.05,92.13,30.8
2019-12-31,79.25,135.48,127.96,116.57,15.95,92.79,30.8
2020-01-02,80.07,137.015,128.23,117.14,15.97,91.7,30.97
2020-01-03,79.38,139.12,128.67,117.68,16.16,92.27,30.85
2020-01-06,79.56,138.33,128.24,117.38,16.19,92.38,30.88
2020-01-07,79.36,137.645,127.91,117.02,16.18,91.35,30.87
2020-01-08,79.75,136.74,127.73,116.91,15.94,91.63,30.8802
2020-01-09,80.2,137.22,128.34,116.9,15.87,91.58,30.94
2020-01-10,80.02,138.44,128.7,117.25,15.87,92.28,30.9213
2020-01-13,80.62,138.02,128.39,117.23,15.75,93.39,30.99
2020-01-14,80.55,138.73,128.55,117.39,15.82,93.04,31.02
2020-01-15,80.5,139.65,128.83,117.48,15.74,93.88,30.98
2020-01-16,81.09,139.21,129.01,117.29,15.72,94.63,31.04
2020-01-17,81.31,138.02,128.99,117.1,15.77,94.72,31.05
2020-01-21,80.87,139.47,129.61,117.48,15.68,95.62,30.95
2020-01-22,80.93,139.96,129.68,117.4,15.47,94.98,30.99
2020-01-23,80.94,140.94,129.85,117.64,15.34,95.78,30.9753
2020-01-24,80.27,142.08,130.07,117.9,15.11,95.45,30.91
2020-01-27,78.78,144.29,130.32,118.17,14.83,94.99,30.705
2020-01-28,79.52,143.16,130.25,117.99,14.9,95.37,30.7998
2020-01-29,79.51,144.56,130.67,118.42,14.83,95.02,30.8162
2020-01-30,79.51,144.58,130.75,118.55,14.7,95.09,30.7806
2020-01-31,78.11,145.9,131.09,119.06,14.58,93.93,30.62
2020-02-03,78.64,145.54,130.65,118.65,14.31,94.24,30.71
2020-02-04,79.99,143.58,130.33,118.14,14.33,95.21,30.88
2020-02-05,80.75,142.01,130.25,117.79,14.55,95.27,30.94
2020-02-06,80.91,142.65,130.19,118.01,14.61,95.59,30.93
2020-02-07,80.38,144.43,130.69,118.49,14.53,95.57,30.87
2020-02-10,80.78,144.83,131.0,118.67,14.4,96.64,30.89
2020-02-11,81.19,144.1,130.81,118.32,14.45,97.37,30.99
2020-02-12,81.73,143.37,130.75,118.2,14.65,97.95,31.025
2020-02-13,81.36,143.92,130.66,118.45,14.66,98.54,30.97
2020-02-14,81.44,144.55,130.98,118.54,14.65,99.56,30.9997
2020-02-18,81.12,145.54,131.23,118.8,14.76,99.45,30.96
2020-02-19,81.46,145.53,131.05,118.75,14.9,98.11,31.0
2020-02-20,80.99,146.67,131.49,118.98,14.84,99.28,30.95
2020-02-21,80.36,148.04,131.75,119.2,14.78,99.57,30.91
2020-02-24,77.6,150.25,131.77,119.75,14.5,98.21,30.59
2020-02-25,75.61,151.05,131.9,119.55,14.23,95.55,30.5
2020-02-26,75.68,150.25,131.41,119.49,14.09,94.52,30.5
2020-02-27,73.03,151.88,130.71,119.84,13.85,89.49,30.23
2020-02-28,72.26,155.31,132.18,120.03,13.61,87.33,30.17
2020-03-02,74.65,153.94,131.7,120.31,13.92,91.06,30.36
2020-03-03,72.87,156.33,133.2,121.53,13.95,90.85,30.37
2020-03-04,75.86,154.67,133.39,121.35,13.96,94.28,30.53
2020-03-05,73.54,158.52,133.34,121.73,13.81,92.26,30.35
2020-03-06,72.23,166.77,134.27,122.54,13.36,90.67,30.27
2020-03-09,66.79,171.29,131.01,120.02,12.32,83.68,29.45
2020-03-10,69.86,162.51,128.06,116.58,12.71,86.54,29.75
2020-03-11,66.25,156.53,123.85,113.94,12.48,81.34,29.12
2020-03-12,59.74,157.5,117.94,113.67,11.98,73.1,28.07
2020-03-13,64.02,153.94,123.05,114.12,12.11,79.48,28.57
2020-03-16,56.84,163.91,121.3,113.33,11.38,65.39,27.67
2020-03-17,60.39,152.98,116.33,110.16,11.2,69.17,27.91
2020-03-18,56.76,144.35,110.51,108.81,10.83,62.59,27.09
2020-03-19,57.12,148.28,105.05,110.92,11.06,62.81,26.68
2020-03-20,55.31,159.43,106.74,115.86,10.94,59.68,26.81
2020-03-23,54.33,166.0,114.63,118.04,11.07,56.91,26.67
2020-03-24,58.75,162.91,116.98,118.11,11.31,62.03,27.41
2020-03-25,60.36,162.54,122.58,119.25,11.5,65.37,27.97
2020-03-26,63.54,163.34,122.68,119.86,11.46,69.98,28.44
2020-03-27,61.68,167.7,122.43,120.25,11.42,70.05,28.29
2020-03-30,63.04,166.32,123.92,118.34,11.39,71.58,28.43
2020-03-31,62.57,164.97,123.51,117.92,11.25,69.85,28.47
2020-04-01,59.7,167.04,121.41,118.46,10.93,65.26,28.1
2020-04-02,60.9,168.1,121.73,120.27,11.14,65.48,28.25
2020-04-03,59.99,168.5,121.1,121.33,11.42,64.53,27.98
2020-04-06,63.69,168.06,123.49,121.25,11.48,69.31,28.42
2020-04-07,63.76,166.3,123.68,121.17,11.56,69.95,28.53
2020-04-08,65.3,165.09,125.91,120.34,11.53,74.72,28.69
2020-04-09,66.25,165.39,131.83,121.53,11.56,78.91,28.99
2020-04-13,65.72,163.88,130.55,121.75,11.76,75.59,28.96
2020-04-14,67.41,163.84,129.91,122.11,11.66,77.71,29.06
2020-04-15,65.73,168.18,130.78,122.24,11.42,74.63,28.91
2020-04-16,66.01,170.09,130.13,121.18,11.39,73.78,28.91
2020-04-17,67.81,167.81,130.56,120.6,11.44,76.11,29.22
2020-04-20,66.82,169.16,129.82,120.23,11.25,73.28,29.11
2020-04-21,64.77,171.29,129.36,120.84,10.72,71.95,28.87
2020-04-22,66.29,169.54,129.44,121.57,10.87,73.05,28.97
2020-04-23,66.22,170.44,129.99,121.5,10.84,72.44,29.06
2020-04-24,66.9,170.84,129.9,122.19,10.7,72.75,29.11
2020-04-27,67.99,167.66,128.85,121.95,10.5,75.24,29.12
2020-04-28,68.0,169.59,129.2,122.37,10.51,75.86,29.21
2020-04-29,69.8,168.71,130.05,122.22,10.7,77.0,29.5
2020-04-30,68.72,166.74,129.17,121.31,10.9,76.11,29.35
2020-05-01,66.91,167.95,128.34,121.01,10.76,73.54,29.2
2020-05-04,67.13,167.16,128.54,121.13,10.89,73.18,29.18
2020-05-05,67.6,166.09,128.37,121.27,11.17,73.54,29.27
2020-05-06,67.24,163.41,126.93,120.68,10.95,72.22,29.21
2020-05-07,68.13,166.14,127.27,121.44,11.02,73.25,29.34
2020-05-08,69.26,163.98,126.66,121.4,11.25,74.99,29.46
2020-05-11,69.33,162.7,125.55,120.98,11.1,73.9,29.38
2020-05-12,68.16,164.37,126.76,121.09,11.01,70.54,29.37
2020-05-13,67.26,165.52,127.05,121.2,10.9,68.83,29.31
2020-05-14,67.68,167.14,128.1,121.34,11.09,69.07,29.28
2020-05-15,67.74,166.71,128.55,121.55,11.2,68.8,29.32
2020-05-18,70.04,163.05,129.28,121.54,11.52,72.87,29.59
2020-05-19,69.33,163.66,129.38,121.4,11.49,71.89,29.5745
2020-05-20,70.49,164.15,130.8,121.76,11.69,72.53,29.75
2020-05-21,69.87,164.56,130.7,121.63,11.64,72.59,29.71
2020-05-22,69.79,165.55,130.7,121.7,11.55,73.57,29.71
2020-05-26,71.1,163.33,130.52,121.25,11.67,76.32,29.81
2020-05-27,71.99,163.03,131.06,121.37,11.52,77.84,29.86
2020-05-28,72.05,162.43,131.17,121.75,11.58,78.21,29.88
2020-05-29,72.22,163.59,132.02,121.8,11.78,77.43,29.93
2020-06-01,73.14,162.28,131.64,121.95,11.85,79.22,30.09
2020-06-02,73.94,161.69,132.06,121.68,11.98,79.86,30.22
2020-06-03,75.15,159.54,131.98,121.28,11.98,82.42,30.39
2020-06-04,74.74,157.23,131.58,120.82,12.08,81.6,30.34
2020-06-05,76.45,156.11,132.26,120.81,12.32,84.69,30.48
2020-06-08,77.34,156.71,132.7,121.07,12.24,86.79,30.53
2020-06-09,76.66,158.49,132.42,121.19,12.28,85.35,30.47
2020-06-10,76.45,160.84,133.29,122.12,12.36,83.18,30.5338
2020-06-11,72.15,163.88,131.7,122.16,11.96,77.84,30.1
2020-06-12,73.19,162.3,132.34,121.83,12.01,80.63,30.22
2020-06-15,73.07,162.39,134.22,121.88,12.12,81.77,30.29
2020-06-16,74.28,159.9,133.85,121.82,12.22,83.38,30.35
2020-06-17,74.24,160.56,133.59,121.74,12.16,82.17,30.39
2020-06-18,74.15,162.26,133.89,122.29,12.23,81.27,30.3788
2020-06-19,73.73,162.39,133.99,122.53,12.33,80.09,30.36
2020-06-22,74.47,162.41,133.86,122.84,12.46,80.01,30.42
2020-06-23,74.82,161.3,133.61,122.91,12.4,79.68,30.47
2020-06-24,73.06,163.03,133.24,122.74,12.09,77.41,30.34
2020-06-25,73.84,163.5,133.38,122.85,12.2,77.63,30.36
2020-06-26,72.41,165.25,133.5,123.06,12.05,76.14,30.205
2020-06-29,73.24,164.73,134.12,123.2,12.25,77.61,30.27
2020-06-30,73.72,163.93,134.5,123.0,12.31,78.53,30.32
2020-07-01,74.27,163.42,134.72,123.08,12.41,80.34,30.22
2020-07-02,74.96,163.59,135.05,123.42,12.46,80.11,30.44
2020-07-06,76.4,162.92,135.4,123.66,12.56,80.07,30.67
2020-07-07,75.51,165.21,135.58,123.69,12.57,78.48,30.55
2020-07-08,76.29,164.55,135.36,123.47,12.73,78.37,30.62
2020-07-09,75.82,167.17,136.12,123.79,12.58,77.88,30.62
2020-07-10,76.43,166.33,135.87,123.66,12.66,78.12,30.61
2020-07-13,75.76,166.88,135.51,123.93,12.53,77.19,30.61
2020-07-14,76.7,167.12,136.3,123.95,12.59,77.84,30.65
2020-07-15,77.46,166.34,136.57,123.88,12.74,78.6,30.74
2020-07-16,76.99,167.13,136.95,124.13,12.64,77.66,30.6755
2020-07-17,77.26,166.78,137.32,124.36,12.66,78.67,30.7321
2020-07-20,77.94,167.19,137.7,124.53,12.65,77.73,30.835
2020-07-21,78.18,167.29,137.88,124.81,12.83,77.92,30.905
2020-07-22,78.43,167.79,138.33,124.81,12.91,79.11,30.91
2020-07-23,77.62,169.75,138.43,124.87,12.88,78.78,30.79
2020-07-24,77.16,169.74,138.12,124.84,12.9,78.2,30.825
2020-07-27,78.02,169.11,137.7,124.84,13.02,78.94,30.95
2020-07-28,77.49,170.28,137.56,125.07,12.95,80.51,30.87
2020-07-29,78.41,169.99,138.31,125.36,13.02,82.07,30.98
2020-07-30,77.9,171.11,138.16,125.49,12.87,81.54,30.92
2020-07-31,77.67,171.0,138.35,125.86,12.94,81.39,30.86
2020-08-03,78.49,169.95,138.24,126.03,13.07,80.31,30.99
2020-08-04,78.9,171.57,138.75,126.31,13.14,81.51,31.01
2020-08-05,79.44,170.07,138.56,126.37,13.25,81.1,31.115
2020-08-06,79.72,171.02,139.15,126.51,13.35,81.23,31.1258
2020-08-07,79.36,169.88,138.76,126.17,13.17,82.39,31.0
2020-08-10,79.56,169.12,138.46,126.02,13.24,82.52,31.02
2020-08-11,79.28,167.105,137.59,125.74,13.03,81.33,30.96
2020-08-12,80.53,165.59,137.25,125.82,13.17,82.15,31.08
2020-08-13,80.36,163.82,136.01,125.5,13.24,81.14,31.08
2020-08-14,80.18,163.18,135.41,125.29,13.24,81.15,31.03
2020-08-17,80.76,163.59,135.69,125.56,13.46,81.81,31.15
2020-08-18,80.85,164.76,136.08,126.12,13.49,81.42,31.2
2020-08-19,80.41,163.73,135.72,125.74,13.45,79.99,31.09
2020-08-20,80.49,165.21,136.2,125.62,13.43,80.75,31.14
2020-08-21,80.62,166.2,136.45,126.05,13.3,80.88,31.08
2020-08-24,81.48,165.93,136.21,126.3,13.37,81.4,31.13
2020-08-25,81.8,164.66,135.62,126.26,13.48,81.61,31.15
2020-08-26,82.47,164.03,135.67,126.51,13.51,80.86,31.26
2020-08-27,82.22,161.24,134.59,126.01,13.46,82.05,31.21
2020-08-28,82.85,161.12,135.0,126.41,13.55,82.59,31.23
2020-08-31,82.35,162.19,135.6,126.98,13.54,81.75,31.25
2020-09-01,83.06,163.86,136.16,127.05,13.56,81.81,31.31
2020-09-02,84.01,165.42,136.7,127.1,13.38,83.33,31.35
2020-09-03,81.45,165.89,136.4,126.66,13.26,82.33,31.19
2020-09-04,81.05,162.74,134.95,126.27,13.14,81.9,31.14
2020-09-08,79.15,163.74,135.08,126.39,12.82,80.9,30.89
2020-09-09,80.7,163.3,135.17,126.46,12.94,81.7,31.06
2020-09-10,79.51,164.13,135.27,126.57,12.81,80.7,30.94
2020-09-11,79.8,164.48,135.37,126.5,12.9,80.25,30.93
2020-09-14,80.78,164.47,135.71,126.42,12.91,82.21,31.13
2020-09-15,81.32,164.07,135.86,126.51,12.98,83.2,31.2
2020-09-16,81.1,163.58,135.95,126.51,13.22,83.64,31.19
2020-09-17,80.66,164.08,135.98,126.58,13.37,82.01,31.14
2020-09-18,79.9,163.57,135.73,126.47,13.43,80.16,31.09
2020-09-21,78.8,164.4,135.6,126.24,13.1,77.75,30.95
2020-09-22,79.17,164.27,135.68,126.28,13.04,78.68,30.92
2020-09-23,77.7,164.49,134.7,126.15,12.89,76.31,30.75
2020-09-24,77.74,165.12,134.36,126.24,12.95,76.72,30.78
2020-09-25,78.59,165.12,134.22,126.41,12.95,77.7,30.78
2020-09-28,79.84,164.65,134.9,126.67,13.06,79.29,30.85
2020-09-29,79.56,164.84,134.73,126.88,12.91,78.72,30.86
2020-09-30,79.92,163.26,134.71,126.5,13.06,78.96,30.99
2020-10-01,80.52,163.36,134.79,126.06,12.9,80.54,31.08
2020-10-02,79.91,162.75,134.81,126.08,12.74,81.93,30.93
2020-10-05,81.23,159.57,134.36,125.7,13.07,82.4,31.07
2020-10-06,80.36,160.43,134.25,125.72,13.12,81.86,31.03
2020-10-07,81.46,159.26,134.29,125.71,13.17,81.98,31.15
2020-10-08,82.12,160.12,134.62,126.21,13.3,83.35,31.15
2020-10-09,82.82,160.09,134.93,126.25,13.34,83.02,31.22
2020-10-12,83.79,160.6,135.71,126.33,13.2,83.41,31.31
2020-10-13,83.23,161.75,135.58,126.33,13.23,81.98,31.31
2020-10-14,82.83,162.12,135.71,126.33,13.32,80.98,31.23
2020-10-15,82.4,161.84,135.57,126.29,13.36,81.4,31.15
2020-10-16,82.45,161.39,135.34,126.34,13.27,80.82,31.23
2020-10-19,81.64,160.78,135.08,126.04,13.28,79.56,31.16
2020-10-20,82.03,159.25,134.8,125.93,13.43,80.13,31.21
2020-10-21,81.83,158.7,134.58,125.89,13.32,79.89,31.19
2020-10-22,82.09,157.05,134.28,125.7,13.36,79.88,31.18
2020-10-23,82.44,158.01,134.62,125.85,13.26,80.36,31.22
2020-10-26,81.05,159.48,134.9,125.95,13.07,79.21,31.09
2020-10-27,80.78,160.55,135.45,126.2,13.16,77.94,31.13
2020-10-28,78.2,160.7,134.78,126.04,12.81,76.08,30.91
2020-10-29,78.82,159.14,134.43,125.61,12.65,77.1,30.95
2020-10-30,78.14,157.57,133.73,125.23,12.65,76.59,30.85
2020-11-02,79.0,158.58,133.97,125.37,12.88,78.42,30.92
2020-11-03,80.45,157.66,134.1,125.27,12.96,79.93,31.02
2020-11-04,82.15,161.08,136.11,125.48,13.1,80.07,31.3
2020-11-05,83.82,161.36,136.62,125.58,13.16,80.45,31.51
2020-11-06,83.93,159.41,136.19,125.01,13.11,79.9,31.49
2020-11-09,85.15,156.06,135.16,124.65,13.27,82.73,31.53
2020-11-10,85.08,155.16,134.81,124.77,13.53,83.94,31.44
2020-11-11,85.79,155.72,135.06,124.99,13.52,84.26,31.52
2020-11-12,84.86,158.37,135.6,125.34,13.41,83.16,31.52
2020-11-13,86.0,158.16,135.76,125.33,13.35,85.38,31.61
2020-11-16,87.06,157.78,136.2,125.16,13.47,86.34,31.72
2020-11-17,86.85,158.81,136.64,125.37,13.51,86.42,31.61
2020-11-18,86.12,159.27,136.93,125.41,13.53,84.74,31.64
2020-11-19,86.56,160.09,137.69,125.54,13.53,85.07,31.755
2020-11-20,86.35,161.51,137.57,125.82,13.6,84.61,31.78
2020-11-23,86.67,160.77,137.74,125.72,13.64,84.77,31.84
2020-11-24,87.96,159.17,137.43,125.76,13.93,85.22,31.92
2020-11-25,87.87,158.68,137.51,125.97,14.05,85.27,31.97
2020-11-27,88.41,160.22,138.0,126.28,14.02,84.89,32.02
2020-11-30,87.33,160.02,138.48,126.42,13.94,84.0,31.88
2020-12-01,88.57,157.5,137.68,126.0,13.9,85.08,32.03
2020-12-02,88.75,156.25,137.22,126.09,13.96,84.41,32.05
2020-12-03,88.9,157.51,137.76,126.44,13.98,85.12,32.12
2020-12-04,89.68,155.2,137.0,126.17,14.04,86.42,32.19
2020-12-07,89.47,156.6,137.12,126.5,14.04,85.67,32.22
2020-12-08,89.78,157.34,136.96,126.71,14.06,85.37,32.24
2020-12-09,89.15,156.82,136.46,126.55,14.07,84.84,32.16
2020-12-10,89.39,158.21,137.14,126.84,14.28,84.47,32.27
2020-12-11,89.16,158.77,137.28,126.83,14.24,84.39,32.2
2020-12-14,88.21,158.33,137.18,126.83,14.28,84.02,32.25
2020-12-15,89.33,157.8,137.45,127.06,14.39,85.74,32.34
2020-12-16,89.55,157.38,137.34,127.05,14.47,85.84,32.37
2020-12-17,90.19,156.8,137.26,127.1,14.64,86.67,32.47
2020-12-18,89.78,156.33,137.16,127.04,14.69,84.93,32.47
2020-12-21,89.21,156.95,136.89,127.02,14.54,84.45,32.34
2020-12-22,89.06,157.76,137.27,127.14,14.38,85.04,32.35
2020-12-23,89.48,156.67,137.3,127.2,14.56,84.49,32.42
2020-12-24,89.59,157.29,137.77,127.25,14.6,83.88,32.43
2020-12-28,90.18,157.36,137.86,127.34,14.51,84.38,32.44
2020-12-29,90.36,157.16,137.92,127.28,14.55,83.66,32.45
2020-12-30,90.66,157.5,138.1,127.38,14.64,84.12,31.96
2020-12-31,90.72,157.73,138.13,127.65,14.7,84.93,31.93
2021-01-04,90.22,157.54,137.43,127.79,14.62,82.17,31.97
2021-01-05,91.15,156.37,136.99,127.75,15.03,82.29,32.1
2021-01-06,91.66,153.16,135.88,127.37,15.05,82.43,32.07
2021-01-07,92.62,151.81,135.86,127.29,15.12,82.27,32.15
2021-01-08,93.44,151.32,135.76,126.79,15.24,83.07,32.25
2021-01-11,92.62,151.07,135.18,126.52,15.13,81.97,32.06
2021-01-12,92.95,150.95,135.47,126.69,15.42,82.16,32.17
2021-01-13,93.01,152.65,136.52,126.97,15.38,83.16,32.18
2021-01-14,93.15,151.22,135.93,127.03,15.52,83.65,32.21
2021-01-15,92.17,151.82,136.14,127.17,15.3,84.61,32.13
2021-01-19,93.03,152.31,136.38,127.47,15.35,84.37,32.27
2021-01-20,94.19,152.46,136.34,127.66,15.36,85.98,32.38
2021-01-21,94.21,151.39,135.8,127.97,15.35,85.57,32.42
2021-01-22,93.77,151.88,135.7,127.77,15.09,85.77,32.39
2021-01-25,94.08,153.67,136.28,128.1,15.25,86.42,32.43
2021-01-26,93.79,153.38,136.27,127.91,15.28,87.03,32.39
2021-01-27,91.48,153.77,136.03,127.87,15.24,85.49,32.085
2021-01-28,92.25,152.92,135.81,128.12,15.17,85.95,32.14
2021-01-29,90.44,152.0,135.6,127.99,15.19,84.96,31.97
2021-02-01,91.98,152.0,135.6,127.71,15.48,86.9,32.25
2021-02-02,93.15,151.02,135.24,127.9,15.6,87.42,32.37
2021-02-03,93.31,149.68,134.92,127.83,15.71,87.2,32.32
2021-02-04,93.95,149.28,135.15,127.74,15.79,87.8,32.36
2021-02-05,94.49,148.03,134.79,127.71,15.87,88.11,32.48
2021-02-08,95.2,148.68,135.37,127.83,16.12,88.59,32.51
2021-02-09,95.39,148.79,135.16,127.9,16.18,88.9,32.62
2021-02-10,95.41,149.78,135.48,128.01,16.15,89.38,32.57
2021-02-11,95.88,148.96,135.12,127.86,16.12,89.57,32.65
2021-02-12,96.34,147.11,134.68,127.65,16.32,89.59,32.65
2021-02-16,96.52,144.87,133.73,127.03,16.54,88.9,32.59
2021-02-17,96.33,145.79,134.4,126.98,16.59,88.79,32.67
2021-02-18,95.66,145.2,134.14,126.45,16.53,88.41,32.52
2021-02-19,95.83,143.27,133.17,125.91,16.52,88.92,32.55
2021-02-22,94.84,142.18,132.34,125.9,16.89,89.66,32.39
2021-02-23,94.91,141.77,132.44,125.93,16.97,90.22,32.41
2021-02-24,95.45,140.84,132.64,125.83,17.23,90.91,32.39
2021-02-25,93.34,138.54,130.54,124.29,17.09,89.17,32.11
2021-02-26,92.51,143.12,132.27,125.83,16.73,87.87,32.03
2021-03-01,94.64,141.06,132.13,125.41,16.59,88.26,32.3
2021-03-02,94.03,141.07,131.98,125.92,16.66,87.41,32.13
2021-03-03,93.0,139.54,131.0,125.6,16.76,86.91,32.09
2021-03-04,91.67,138.64,129.93,125.12,17.02,85.92,31.795
2021-03-05,92.96,138.91,129.76,125.25,17.37,86.86,31.96
2021-03-08,92.14,137.83,128.55,124.56,17.13,87.61,31.63
2021-03-09,93.71,139.74,129.52,125.34,17.13,88.19,31.88
2021-03-10,94.13,140.02,130.13,125.91,17.24,89.07,31.87
2021-03-11,95.35,139.01,130.21,126.02,17.5,90.11,32.12
2021-03-12,95.17,136.06,128.71,125.03,17.42,91.62,31.97
2021-03-15,95.68,136.86,129.15,125.4,17.36,92.98,31.98
2021-03-16,95.67,136.31,129.06,125.66,17.29,92.6,32.02
2021-03-17,95.95,135.29,129.18,125.55,17.29,92.68,32.05
2021-03-18,94.66,133.92,128.44,124.66,16.47,91.74,31.8
2021-03-19,94.73,134.75,128.63,124.9,16.83,90.49,31.88
2021-03-22,95.21,136.26,129.09,125.5,16.8,91.13,31.99
2021-03-23,94.13,137.49,129.47,125.76,16.33,91.0,31.82
2021-03-24,93.35,138.23,129.86,126.09,16.76,90.49,31.68
2021-03-25,93.77,137.14,129.71,126.0,16.38,90.88,31.64
2021-03-26,95.33,136.66,129.62,126.03,16.77,92.84,31.755
2021-03-29,95.11,135.5,129.31,125.69,16.79,92.3,31.7
2021-03-30,94.96,136.21,129.71,125.47,16.52,92.42,31.71
2021-03-31,95.15,135.45,130.05,125.5,16.61,91.86,31.8
2021-04-01,96.39,137.51,130.61,125.56,16.89,93.53,31.88
2021-04-05,97.46,136.91,129.97,125.2,16.64,93.89,31.92
2021-04-06,97.35,137.84,130.84,125.27,16.7,94.13,31.97
2021-04-07,97.19,136.88,130.58,125.35,16.75,94.2,31.78
2021-04-08,97.79,138.01,131.06,125.63,16.84,93.85,31.96
2021-04-09,98.23,137.51,130.79,125.36,16.78,93.74,31.9
2021-04-12,97.96,137.45,130.76,125.38,16.79,94.29,31.9
2021-04-13,98.42,138.48,131.34,125.84,16.97,94.76,32.01
2021-04-14,98.36,138.04,131.16,125.84,17.36,94.26,31.98
2021-04-15,99.29,140.35,131.97,126.52,17.47,95.91,32.08
2021-04-16,99.68,139.26,131.07,126.48,17.44,96.12,32.0408
2021-04-19,99.27,138.86,130.73,126.26,17.46,96.31,32.02
2021-04-20,98.21,139.5,130.98,126.34,17.43,97.1,31.89
2021-04-21,99.08,139.78,131.43,126.46,17.36,97.74,32.03
2021-04-22,98.48,140.39,131.56,126.61,17.5,97.21,31.97
2021-04-23,99.55,140.06,131.67,126.67,17.64,97.78,32.12
2021-04-26,99.76,139.86,131.61,126.74,17.76,98.07,32.16
2021-04-27,99.72,138.64,131.02,126.73,17.91,98.06,32.16
2021-04-28,99.88,138.73,131.04,127.13,17.94,97.85,32.18
2021-04-29,100.12,138.32,130.88,127.07,18.06,98.69,32.1
2021-04-30,99.19,138.64,131.15,126.99,17.91,99.08,31.99
2021-05-03,99.58,138.52,131.21,126.79,18.11,98.89,32.05
2021-05-04,98.64,139.46,131.29,127.08,18.39,98.25,31.81
2021-05-05,99.0,139.69,131.45,127.65,18.46,96.62,31.945
2021-05-06,99.71,139.92,131.7,127.5,18.55,97.16,31.99
2021-05-07,100.61,139.23,131.75,127.77,18.73,98.44,32.08
2021-05-10,99.62,137.82,131.04,127.83,18.6,98.41,31.88
2021-05-11,98.8,137.04,130.56,127.49,18.8,97.17,31.85
2021-05-12,96.76,135.6,129.85,127.27,18.78,94.71,31.61
2021-05-13,97.54,135.81,130.34,127.3,18.26,95.94,31.65
2021-05-14,99.08,137.08,131.05,127.75,18.41,97.08,31.85
2021-05-17,98.93,136.79,130.9,128.0,18.64,97.18,31.845
2021-05-18,98.66,136.44,130.47,127.81,18.55,97.2,31.91
2021-05-19,98.2,136.11,130.24,126.94,18.17,96.89,31.825
2021-05-20,99.33,137.23,131.13,127.09,17.98,97.98,31.9256
2021-05-21,99.22,137.67,131.22,127.32,18.15,97.88,31.95
2021-05-24,100.0,138.18,131.58,127.63,18.4,99.1,31.96
2021-05-25,100.0,139.46,132.07,127.99,18.34,99.07,32.0
2021-05-26,100.24,139.22,132.0,127.7,18.37,99.51,32.12
2021-05-27,100.35,138.655,131.6,127.69,18.66,99.28,32.12
2021-05-28,100.65,138.44,131.71,127.77,18.6,99.88,32.18
2021-06-01,100.98,138.21,131.47,127.46,18.93,101.68,32.29
2021-06-02,101.09,138.53,131.68,127.3,19.03,102.87,32.26
2021-06-03,100.56,138.01,131.16,126.87,18.87,102.49,32.11
2021-06-04,101.49,139.9,132.09,127.48,19.08,102.54,32.29
2021-06-07,101.52,139.47,131.98,127.2,19.11,103.75,32.3
2021-06-08,101.47,140.45,132.48,127.33,19.3,104.61,32.2784
2021-06-09,101.21,141.69,132.96,127.34,19.21,104.75,32.24
2021-06-10,100.99,142.54,133.56,128.0,19.28,105.5,32.31
2021-06-11,101.18,142.31,133.67,127.67,19.22,105.08,32.31
2021-06-14,101.44,141.22,133.18,127.6,19.11,105.49,32.34
2021-06-15,101.24,141.05,133.28,127.81,19.03,104.36,32.24
2021-06-16,100.59,140.93,132.9,126.65,18.92,103.68,32.13
2021-06-17,100.4,143.04,133.64,127.13,18.43,103.55,32.19
2021-06-18,99.07,145.73,134.34,127.18,18.62,101.79,32.04
2021-06-21,100.24,143.29,133.56,126.96,18.85,103.89,32.18
2021-06-22,100.65,143.64,133.78,127.66,18.88,103.35,32.19
2021-06-23,100.46,143.27,133.57,127.69,19.0,103.17,32.21
2021-06-24,101.17,143.5,133.83,127.45,19.07,102.22,32.28
2021-06-25,101.58,142.01,133.48,127.58,18.99,102.91,32.34
2021-06-28,101.55,143.47,134.05,127.77,18.98,102.61,32.38
2021-06-29,101.59,143.71,134.21,127.84,19.07,102.33,32.36
2021-06-30,101.19,144.35,134.36,128.01,19.25,101.79,32.26
2021-07-01,101.61,144.17,133.99,127.3,19.32,102.23,32.32
2021-07-02,102.08,145.04,134.37,127.84,19.5,102.54,32.3
2021-07-06,101.65,146.74,134.86,128.17,18.97,103.29,32.2573
2021-07-07,101.87,148.04,135.32,128.08,18.74,103.65,32.25
2021-07-08,100.75,148.62,135.39,127.91,18.9,103.36,32.14
2021-07-09,102.08,146.53,134.82,127.93,19.12,105.06,32.26
2021-07-12,102.38,146.34,134.75,128.27,19.15,105.96,32.26
2021-07-13,102.03,145.22,134.25,128.27,19.31,104.48,32.2
2021-07-14,102.17,146.87,134.87,128.61,19.12,105.21,32.19
2021-07-15,101.74,148.49,135.16,129.0,19.02,105.38,32.14
2021-07-16,100.97,148.21,134.97,129.0,19.02,105.31,32.07
2021-07-19,99.44,151.46,135.94,129.05,18.26,103.39,31.97
2021-07-20,100.54,150.0,135.75,129.03,18.53,105.83,32.02
2021-07-21,101.6,148.1,135.27,128.7,18.9,105.82,32.14
2021-07-22,101.77,149.5,135.83,129.06,19.05,104.98,32.19
2021-07-23,102.41,148.5,135.77,129.64,19.15,105.85,32.18
2021-07-26,102.35,148.06,135.47,130.2,19.29,105.9,32.09
2021-07-27,101.66,149.64,136.05,130.17,19.18,106.5,31.99
2021-07-28,102.13,149.65,136.29,130.61,19.27,106.13,32.15
2021-07-29,102.69,148.82,135.9,130.38,19.61,106.15,32.21
2021-07-30,102.11,149.52,136.01,130.58,19.5,106.29,32.15
2021-08-02,102.16,150.67,136.16,129.85,19.29,106.06,32.14
2021-08-03,102.89,150.75,136.3,129.97,19.2,106.19,32.16
2021-08-04,102.68,151.06,136.33,129.72,18.89,105.86,32.18
2021-08-05,103.12,150.29,135.77,129.26,19.17,107.1,32.23
2021-08-06,102.95,147.78,134.66,128.97,19.01,106.91,32.13
2021-08-09,103.0,147.25,134.08,128.74,18.74,106.34,32.05
2021-08-10,103.13,146.57,133.78,128.86,19.08,105.33,32.04
2021-08-11,103.45,146.48,133.99,129.07,19.25,105.95,32.09
2021-08-12,103.5,146.24,134.18,128.97,19.18,106.18,32.06
2021-08-13,103.76,148.55,135.08,129.3,19.07,106.76,32.06
2021-08-16,103.62,148.91,135.16,129.43,19.02,106.63,31.99
2021-08-17,102.66,148.85,134.92,129.08,18.81,106.52,31.9
2021-08-18,101.96,149.35,134.83,129.1,18.59,105.55,31.88
2021-08-19,101.42,150.45,135.14,129.15,18.33,106.06,31.78
2021-08-20,102.02,150.55,135.23,128.75,17.9,106.59,31.81
2021-08-23,103.05,150.45,135.33,129.05,18.55,106.39,31.93
2021-08-24,103.52,149.28,135.02,129.05,18.94,105.92,32.1
2021-08-25,103.65,148.04,134.67,129.0,19.11,105.85,32.108
2021-08-26,102.99,148.45,134.63,129.02,18.96,105.89,32.04
2021-08-27,103.98,149.46,135.38,129.99,19.2,107.0,32.2
2021-08-30,104.26,149.85,135.61,129.97,19.27,108.07,32.21
2021-08-31,104.33,148.83,135.3,129.59,19.18,108.58,32.19
2021-09-01,104.76,148.89,135.24,128.75,19.09,110.32,32.34
2021-09-02,105.05,149.54,135.48,128.8,19.31,110.9,32.35
2021-09-03,105.29,148.18,134.99,128.62,19.33,110.92,32.43
2021-09-07,105.13,146.93,134.35,128.3,19.11,109.67,32.34
2021-09-08,104.57,147.93,134.78,128.82,19.25,110.22,32.26
2021-09-09,104.29,149.72,135.66,129.5,19.11,107.98,32.26
2021-09-10,103.68,148.4,135.27,129.14,19.36,106.4,32.21
2021-09-13,104.06,149.3,135.6,129.14,19.51,107.12,32.24
2021-09-14,103.44,151.11,136.01,129.21,19.5,106.93,32.18
2021-09-15,104.06,150.58,135.85,129.28,19.82,107.27,32.17
2021-09-16,103.79,149.89,135.66,129.07,19.68,107.36,32.1
2021-09-17,102.76,149.17,135.36,128.7,19.52,106.4,32.09
2021-09-20,100.95,151.02,135.78,128.82,19.29,105.75,31.89
2021-09-21,101.19,150.89,135.77,128.73,19.31,105.8,31.96
2021-09-22,102.12,151.79,136.15,128.6,19.53,106.83,32.05
2021-09-23,103.24,148.36,135.21,128.14,19.83,106.62,32.1
2021-09-24,102.95,146.91,134.92,127.82,19.92,104.83,32.03
2021-09-27,102.84,146.37,134.85,127.88,20.19,103.42,32.04
2021-09-28,100.81,144.09,133.41,127.6,20.03,102.72,31.83
2021-09-29,100.64,144.34,133.38,127.67,20.05,103.49,31.7
2021-09-30,99.92,144.32,133.03,127.69,20.18,101.78,31.76
2021-10-01,100.76,145.35,133.74,127.81,20.45,103.22,31.88
2021-10-04,99.52,144.98,133.52,127.8,20.78,103.24,31.68
2021-10-05,100.38,143.58,132.97,127.93,21.04,102.53,31.8
2021-10-06,100.46,144.39,133.01,127.86,20.69,103.51,31.78
2021-10-07,101.56,142.88,132.42,127.75,20.95,103.79,31.82
2021-10-08,101.45,141.88,131.81,127.78,21.02,102.81,31.8473
2021-10-11,100.85,141.52,131.56,127.7,21.16,103.07,31.79
2021-10-12,100.72,143.94,132.4,127.94,21.16,104.42,31.83
2021-10-13,101.48,145.34,133.07,128.52,21.28,105.18,31.92
2021-10-14,102.79,145.88,133.7,128.77,21.5,106.46,32.02
2021-10-15,103.63,145.03,133.22,128.56,21.68,106.38,32.07
2021-10-18,103.69,145.71,133.11,128.29,21.55,106.65,32.01
2021-10-19,104.57,143.7,132.38,127.98,21.6,106.7,32.17
2021-10-20,104.88,142.73,132.06,128.21,21.84,108.38,32.22
2021-10-21,104.9,142.56,131.78,128.5,21.51,108.53,32.15
2021-10-22,104.91,144.13,132.31,128.76,21.61,109.04,32.16
2021-10-25,105.27,143.91,132.37,129.07,21.72,109.39,32.175
2021-10-26,105.21,145.1,132.94,129.52,21.75,109.69,32.15
2021-10-27,104.69,147.74,133.75,130.13,21.35,108.76,32.08
2021-10-28,105.6,147.24,133.55,129.0,21.46,110.28,32.09
2021-10-29,105.31,147.69,133.48,128.67,21.35,109.04,32.1
2021-11-01,105.84,146.44,132.98,128.04,21.51,109.58,32.21
2021-11-02,105.9,147.09,133.49,128.55,21.57,110.1,32.09
2021-11-03,106.58,145.57,133.15,128.37,21.02,110.47,32.13
2021-11-04,106.81,147.1,133.85,129.22,20.89,109.42,32.23
2021-11-05,107.02,149.3,134.83,129.67,21.18,109.98,32.31
2021-11-08,107.22,149.02,134.52,130.1,21.31,109.89,32.28
2021-11-09,106.95,150.96,134.88,130.86,21.48,110.08,32.33
2021-11-10,105.98,148.2,133.5,130.46,21.21,109.57,32.1551
2021-11-11,106.33,147.98,133.12,130.44,21.36,109.75,32.27
2021-11-12,107.07,147.33,132.98,130.42,21.33,109.67,32.25
2021-11-15,107.01,145.48,131.97,130.44,21.34,110.44,32.3
2021-11-16,107.23,145.11,131.75,130.25,21.31,109.71,32.27
2021-11-17,106.93,146.26,132.28,130.51,21.12,110.05,32.25
2021-11-18,106.96,146.81,132.58,130.59,21.19,110.07,32.16
2021-11-19,106.58,148.36,133.08,130.35,20.85,109.42,32.11
2021-11-22,105.94,146.62,131.92,129.3,21.0,108.88,31.9
2021-11-23,105.91,144.5,130.98,128.8,21.38,109.76,31.89
2021-11-24,105.95,146.82,131.61,129.2,21.3,111.09,31.86
2021-11-26,103.37,150.53,132.68,129.84,20.03,108.0,31.6436
2021-11-29,104.3,149.32,132.77,129.54,20.03,108.8,31.71
2021-11-30,102.88,151.59,133.06,129.66,19.48,106.74,31.62
2021-12-01,101.74,152.34,132.84,129.07,19.31,104.98,31.54
2021-12-02,103.21,152.53,133.15,129.45,19.48,108.13,31.48
2021-12-03,102.33,154.35,134.26,129.72,19.5,107.77,31.53
2021-12-06,103.36,152.23,133.58,129.13,19.84,109.66,31.47
2021-12-07,105.6,151.0,133.64,129.34,20.14,111.24,31.68
2021-12-08,105.9,148.39,132.75,129.12,20.41,112.04,31.73
2021-12-09,105.06,149.22,132.64,128.59,20.1,110.42,31.65
2021-12-10,105.63,148.86,132.79,128.58,20.33,110.76,31.65
2021-12-13,103.57,151.06,133.39,128.71,20.23,111.8,31.61
2021-12-14,103.01,150.7,132.79,128.3,20.05,110.37,31.51
2021-12-15,104.29,149.25,132.96,128.41,20.15,111.92,31.6
2021-12-16,103.79,149.14,132.7,127.89,20.27,111.88,31.55
2021-12-17,102.77,150.83,133.01,127.9,20.03,111.74,31.54
2021-12-20,101.8,149.7,132.43,127.83,19.89,110.87,31.47
2021-12-21,103.46,149.13,132.69,128.11,20.31,112.12,31.65
2021-12-22,104.43,149.82,132.9,128.52,20.55,113.27,31.74
2021-12-23,105.1,148.52,132.7,128.23,20.66,113.15,31.78
2021-12-27,106.25,148.88,133.09,128.66,20.92,114.0,31.92
2021-12-28,106.14,148.29,132.92,128.58,20.88,114.42,31.81
2021-12-29,106.15,146.67,132.19,128.69,20.98,115.19,31.69
2021-12-30,105.95,147.9,132.72,129.36,20.88,115.69,31.67
2021-12-31,105.78,148.19,132.52,129.2,20.78,116.01,31.79
2022-01-03,106.34,144.3,131.11,128.46,20.86,115.1,31.73
2022-01-04,106.25,143.7,131.22,127.97,21.11,114.96,31.76
2022-01-05,104.52,142.92,130.45,126.93,21.02,111.67,31.5
2022-01-06,104.3,143.29,130.28,126.38,21.2,111.77,31.64
2022-01-07,104.28,142.26,129.72,126.23,21.24,111.03,31.55
2022-01-10,103.98,142.61,129.6,126.39,21.15,110.39,31.5
2022-01-11,105.22,143.56,129.99,127.27,21.56,110.56,31.7
2022-01-12,105.86,143.01,129.9,126.45,21.73,110.69,31.8
2022-01-13,104.44,144.28,130.31,126.48,21.5,110.47,31.6
2022-01-14,104.47,142.1,129.16,125.91,21.78,109.47,31.62
2022-01-18,102.66,140.1,127.93,125.31,21.95,108.32,31.35
2022-01-19,102.04,141.07,128.13,125.05,22.07,106.86,31.4
2022-01-20,101.24,141.94,128.06,125.2,21.99,105.49,31.26
2022-01-21,99.52,143.63,128.9,125.98,22.01,105.23,31.15
2022-01-24,99.36,142.45,128.5,126.27,21.96,105.43,31.03
2022-01-25,98.36,142.22,128.14,126.05,22.16,105.01,30.98
2022-01-26,97.87,140.5,127.27,125.25,22.21,103.37,30.81
2022-01-27,97.37,143.08,127.56,125.76,22.32,101.66,30.7
2022-01-28,98.93,143.13,127.7,126.2,22.34,104.95,30.73
2022-01-31,100.97,142.39,127.76,126.54,22.42,106.24,31.13
2022-02-01,101.75,141.72,127.73,125.28,22.51,105.86,31.14
2022-02-02,102.4,142.2,127.74,125.42,22.6,107.21,31.18
2022-02-03,100.44,141.09,126.71,124.63,22.65,106.07,31.07
2022-02-04,100.89,139.01,125.45,123.91,22.83,105.02,31.07
2022-02-07,100.69,139.1,125.68,123.86,22.88,104.87,31.16
2022-02-08,101.47,138.17,125.21,123.7,22.68,104.38,31.23
2022-02-09,103.07,138.43,125.63,123.94,22.91,106.74,31.45
2022-02-10,101.58,136.23,123.92,122.95,22.79,104.22,31.28
2022-02-11,99.65,138.25,124.84,124.05,23.13,103.27,31.17
2022-02-14,99.28,136.53,123.73,123.72,23.25,102.33,31.06
2022-02-15,101.02,134.98,123.11,123.21,22.87,103.25,31.26
2022-02-16,101.25,135.78,123.29,123.45,22.9,103.73,31.23
2022-02-17,99.29,136.79,123.38,123.73,23.09,102.63,31.05
2022-02-18,98.55,138.23,123.68,124.14,23.18,102.01,30.97
2022-02-22,97.41,138.59,123.52,124.52,23.51,101.64,30.86
2022-02-23,96.03,136.68,122.4,124.61,23.73,99.96,30.69
2022-02-24,96.43,136.77,122.98,125.12,23.83,101.64,30.67
2022-02-25,98.57,136.87,123.48,125.01,23.47,104.09,31.0
2022-02-28,97.88,139.87,124.8,127.18,23.87,102.54,30.9179
2022-03-01,96.22,141.3,124.97,127.86,24.83,102.0,30.8
2022-03-02,97.6,136.47,123.07,127.03,25.64,103.91,30.9
2022-03-03,96.61,137.86,123.52,126.88,25.92,104.76,30.72
2022-03-04,95.18,140.24,123.64,127.85,27.01,105.24,30.6
2022-03-07,92.22,139.17,122.14,128.54,27.6,103.16,30.24
2022-03-08,92.11,137.77,121.41,129.16,28.07,102.66,30.26
2022-03-09,94.9,136.42,121.62,127.88,25.84,104.24,30.56
2022-03-10,94.15,134.46,120.23,127.6,25.53,104.5,30.36
2022-03-11,92.85,134.91,120.18,128.5,25.97,103.67,30.16
2022-03-14,92.25,131.76,118.44,127.08,25.21,102.86,30.01
2022-03-15,93.69,131.53,119.37,126.13,24.59,103.55,30.07
2022-03-16,96.86,132.82,120.39,125.4,24.38,104.78,30.46
2022-03-17,97.85,131.83,121.57,127.11,25.55,106.4,30.69
2022-03-18,98.93,133.44,121.81,126.72,25.67,106.4,30.8
2022-03-21,98.58,130.35,120.12,125.6,26.63,105.75,30.62
2022-03-22,99.77,128.68,119.83,125.02,26.57,106.02,30.75
2022-03-23,98.65,131.5,120.17,126.59,27.23,104.26,30.69
2022-03-24,99.79,130.47,120.22,125.81,26.96,104.92,30.81
2022-03-25,99.98,128.66,119.27,124.95,27.16,106.23,30.71
2022-03-28,100.37,129.76,119.93,124.81,25.98,107.36,30.74
2022-03-29,101.98,130.74,120.94,124.36,26.08,110.51,30.97
2022-03-30,101.41,131.76,121.22,124.97,26.55,109.71,30.95
2022-03-31,99.78,132.08,120.94,124.57,26.06,108.37,30.84
2022-04-01,100.43,132.38,121.09,123.09,26.23,110.48,30.8815
2022-04-04,101.4,131.46,121.51,123.0,26.73,109.94,31.01
2022-04-05,99.95,128.49,119.38,122.11,26.51,109.4,30.79
2022-04-06,98.8,127.45,118.68,121.57,26.3,110.7,30.68
2022-04-07,99.01,126.49,118.13,121.41,26.39,109.6,30.69
2022-04-08,98.92,125.12,117.2,121.63,26.72,109.78,30.65
2022-04-11,97.51,123.14,116.06,121.42,26.5,108.6,30.47
2022-04-12,96.97,122.97,116.14,121.41,27.29,108.44,30.52
2022-04-13,98.14,123.22,116.74,121.18,27.89,109.21,30.62
2022-04-14,97.11,120.75,115.38,121.17,28.1,108.74,30.5499
2022-04-18,96.95,120.15,114.5,121.13,28.42,108.3,30.43
2022-04-19,97.98,119.25,113.59,120.53,27.69,110.66,30.46
2022-04-20,98.07,121.65,114.77,121.42,27.72,112.5,30.53
2022-04-21,96.55,120.75,113.55,121.9,27.68,111.72,30.34
2022-04-22,94.38,119.99,113.42,121.42,27.15,109.76,30.04
2022-04-25,94.53,121.19,114.68,121.33,26.95,109.48,30.04
2022-04-26,91.92,122.41,114.62,121.59,27.32,107.68,29.87
2022-04-27,92.27,120.84,113.52,121.39,27.51,106.97,29.8
2022-04-28,94.2,121.02,113.86,122.08,27.74,108.94,29.96
2022-04-29,91.73,119.45,112.6,121.07,27.53,103.94,29.81
2022-05-02,92.03,117.18,111.68,118.39,27.95,101.43,29.74
2022-05-03,92.59,117.97,112.4,118.82,27.56,102.69,29.76
2022-05-04,94.77,118.62,113.5,119.75,28.42,103.87,30.05
2022-05-05,91.54,115.37,111.76,118.49,28.27,101.1,29.68
2022-05-06,90.63,113.67,110.81,118.18,28.3,99.9,29.5
2022-05-09,87.76,114.67,111.2,117.72,27.02,95.5,29.14
2022-05-10,88.07,115.71,111.67,117.19,26.86,93.76,29.12
2022-05-11,86.97,117.94,112.19,118.61,27.52,93.56,29.01
2022-05-12,86.85,117.72,112.24,118.1,27.65,94.29,28.9832
2022-05-13,89.14,115.98,111.65,118.71,28.03,96.78,29.18
2022-05-16,88.85,115.86,111.8,118.75,28.49,96.17,29.2
2022-05-17,90.65,114.46,111.16,118.15,28.18,97.48,29.4
2022-05-18,87.62,116.9,111.57,118.97,27.57,94.65,29.18
2022-05-19,87.7,117.18,111.87,118.55,27.92,94.23,29.27
2022-05-20,87.95,118.51,112.42,118.6,27.96,94.83,29.32
2022-05-23,89.37,116.56,112.02,118.18,28.17,95.93,29.39
2022-05-24,88.63,118.86,113.49,118.82,28.15,96.74,29.34
2022-05-25,89.24,119.33,114.66,118.92,28.35,97.56,29.43
2022-05-26,90.71,118.79,114.69,119.41,28.66,97.68,29.55
2022-05-27,92.56,119.08,115.29,119.79,29.0,100.3,29.74
2022-05-31,92.14,116.56,114.44,118.94,28.8,99.07,29.69
2022-06-01,91.46,116.22,113.5,117.09,28.94,98.25,29.56
2022-06-02,93.3,116.28,113.55,117.63,29.6,99.6,29.81
2022-06-03,91.75,116.03,113.19,118.31,29.88,98.27,29.66
2022-06-06,92.08,113.89,112.39,117.54,30.01,97.96,29.67
2022-06-07,92.78,115.12,112.99,117.82,30.21,99.31,29.75
2022-06-08,91.91,114.1,112.34,117.53,30.48,97.02,29.71
2022-06-09,88.94,114.48,111.6,117.51,30.53,94.72,29.44
2022-06-10,86.63,113.77,110.52,116.99,30.23,92.62,29.14
2022-06-13,83.42,110.2,107.97,115.02,29.89,87.99,28.49
2022-06-14,83.17,108.81,107.41,113.44,29.56,87.32,28.47
2022-06-15,84.44,110.84,109.09,115.01,29.58,89.39,28.71
2022-06-16,81.97,111.72,109.21,114.67,29.71,87.04,28.46
2022-06-17,81.93,112.08,109.43,114.73,28.65,87.7,28.53
2022-06-21,83.76,110.18,108.33,114.33,28.58,88.92,28.62
2022-06-22,83.28,113.21,109.12,114.99,28.07,90.05,28.56
2022-06-23,83.76,114.14,109.96,115.33,27.44,91.18,28.72
2022-06-24,86.31,112.56,110.09,115.44,27.7,93.12,28.86
2022-06-27,86.06,111.6,109.08,114.61,27.64,92.98,28.91
2022-06-28,84.79,112.12,109.05,114.21,27.97,91.85,28.73
2022-06-29,84.56,113.87,109.7,114.01,27.49,91.28,28.78
2022-06-30,83.89,114.87,110.03,113.91,26.64,91.11,28.69
2022-07-01,84.48,115.82,111.12,115.17,26.77,92.75,28.79
2022-07-05,84.05,116.73,111.09,114.85,24.97,92.49,28.66
2022-07-06,84.17,114.77,110.54,113.81,24.6,92.32,28.64
2022-07-07,85.51,113.76,110.53,113.63,25.62,92.57,28.7651
2022-07-08,85.45,112.5,110.35,113.51,26.07,92.08,28.77
2022-07-11,84.24,114.44,110.66,113.69,26.02,91.88,28.63
2022-07-12,83.72,115.12,110.82,113.65,24.84,91.52,28.6
2022-07-13,83.38,116.44,111.65,114.24,24.98,91.08,28.5
2022-07-14,82.81,115.49,110.94,113.96,24.75,90.26,28.5
2022-07-15,84.22,116.14,111.83,114.62,25.07,91.79,28.56
2022-07-18,83.99,114.93,111.05,114.47,25.54,91.14,28.62
2022-07-19,86.12,114.31,111.36,114.35,25.64,93.5,28.8
2022-07-20,86.39,114.61,111.24,114.25,25.62,93.28,28.84
2022-07-21,87.27,116.59,112.76,114.96,25.19,94.02,28.94
2022-07-22,86.53,118.55,113.63,115.93,24.89,94.51,28.96
2022-07-25,86.8,117.39,112.67,115.71,25.34,94.67,28.885
2022-07-26,85.75,117.48,112.65,115.71,25.39,94.77,28.82
2022-07-27,87.85,116.82,113.4,116.45,25.97,95.34,29.06
2022-07-28,88.69,117.75,114.34,117.64,25.99,98.43,29.23
2022-07-29,89.82,117.43,114.61,118.23,26.11,98.96,29.23
2022-08-01,89.53,120.04,114.56,117.13,25.58,98.16,29.225
2022-08-02,88.83,117.5,113.16,115.75,25.45,96.9,29.14
2022-08-03,89.97,119.35,114.39,116.36,25.23,97.21,29.26
2022-08-04,90.11,119.31,114.57,116.34,24.96,97.06,29.41
2022-08-05,89.83,116.47,113.02,115.17,24.87,97.33,29.27
2022-08-08,89.87,118.35,113.47,115.96,25.17,98.2,29.39
2022-08-09,89.44,117.89,112.96,115.63,25.38,98.74,29.3
2022-08-10,91.31,117.12,114.03,115.43,25.73,100.24,29.49
2022-08-11,91.39,114.39,112.93,115.04,26.23,100.0,29.56
2022-08-12,92.65,115.55,114.24,115.49,26.09,101.72,29.7
2022-08-15,92.63,115.45,114.16,115.37,25.77,102.13,29.7
2022-08-16,92.7,115.93,113.72,115.4,25.48,101.86,29.64
2022-08-17,92.03,114.72,112.65,115.05,25.58,101.25,29.48
2022-08-18,92.0,114.89,112.94,115.64,25.97,100.58,29.54
2022-08-19,90.77,113.04,111.6,115.44,25.96,99.52,29.293
2022-08-22,89.06,112.66,110.85,115.22,26.19,97.35,29.14
2022-08-23,89.05,112.04,110.97,115.41,26.62,96.1,29.15
2022-08-24,89.28,111.22,110.64,115.39,26.9,96.65,29.18
2022-08-25,90.6,112.77,111.78,115.75,26.52,98.09,29.35
2022-08-26,87.9,113.62,111.11,115.58,26.63,95.62,29.11
2022-08-29,87.36,112.68,110.29,115.13,27.02,94.76,29.07
2022-08-30,86.46,112.96,110.43,114.93,26.27,93.45,28.98
2022-08-31,85.9,111.88,109.27,113.91,25.72,93.01,28.89
2022-09-01,85.69,109.6,108.31,111.62,25.17,93.18,28.89
2022-09-02,84.95,110.22,108.39,112.28,25.34,91.88,28.74
2022-09-06,84.48,107.49,106.92,111.21,25.19,92.71,28.59
2022-09-07,85.74,109.19,108.38,111.67,24.59,94.52,28.88
2022-09-08,86.14,108.07,108.13,111.05,24.69,94.78,28.86
2022-09-09,87.73,108.31,108.38,111.1,25.39,95.81,29.06
2022-09-12,88.81,107.42,108.14,110.77,25.74,96.74,29.195
2022-09-13,85.3,107.67,107.36,110.44,25.61,93.04,28.83
2022-09-14,85.64,108.04,107.87,110.72,25.72,91.98,28.89
2022-09-15,84.75,107.97,107.35,110.16,24.97,90.28,28.73
2022-09-16,83.99,107.07,107.1,109.7,24.88,90.29,28.69
2022-09-19,84.54,107.32,107.28,109.2,24.96,90.16,28.67
2022-09-20,83.5,106.25,106.21,109.03,24.93,87.97,28.54
2022-09-21,82.13,108.03,106.61,109.24,24.78,86.58,28.38
2022-09-22,81.52,105.27,105.11,108.0,24.85,85.48,28.25
2022-09-23,79.81,105.7,104.81,107.54,24.01,83.44,27.97
2022-09-26,78.86,103.68,102.99,105.82,23.45,81.1,27.83
2022-09-27,78.6,100.95,101.44,105.26,23.7,80.02,27.81
2022-09-28,80.21,104.33,103.48,107.12,24.36,81.68,28.09
2022-09-29,78.7,103.79,102.71,105.62,24.21,79.28,27.82
2022-09-30,77.83,102.45,102.45,104.9,23.91,80.17,27.74
2022-10-03,79.68,103.83,104.0,106.25,24.45,81.6,28.03
2022-10-04,82.4,103.54,104.48,106.67,25.11,83.25,28.36
2022-10-05,82.03,102.55,103.69,105.83,25.56,81.62,28.41
2022-10-06,81.08,101.98,103.45,105.48,25.72,79.35,28.34
2022-10-07,79.02,100.99,102.42,105.51,25.99,77.44,28.05
2022-10-10,78.39,99.42,101.5,104.91,25.7,76.71,27.9
2022-10-11,77.73,99.86,101.29,105.51,25.33,77.49,27.78
2022-10-12,77.52,100.35,101.17,105.72,25.33,76.68,27.81
2022-10-13,79.27,99.39,101.35,105.6,25.68,78.08,27.88
2022-10-14,77.59,98.57,100.38,105.69,25.17,76.14,27.71
2022-10-17,79.6,98.09,100.86,105.98,25.11,79.01,27.84
2022-10-18,80.35,98.32,101.46,105.7,24.84,79.87,27.98
2022-10-19,79.53,96.53,100.07,105.16,24.83,77.88,27.84
2022-10-20,79.15,94.88,99.2,105.06,24.85,77.54,27.8
2022-10-21,80.83,93.17,99.48,105.33,24.88,78.15,28.15
2022-10-24,81.07,92.4,99.43,105.58,24.95,78.14,27.92
2022-10-25,82.5,95.09,100.76,106.01,25.09,81.21,28.1
2022-10-26,82.51,96.46,101.22,105.85,25.56,81.16,28.23
2022-10-27,82.01,97.47,101.69,106.67,25.6,81.28,28.17
2022-10-28,83.32,96.8,101.9,106.54,25.3,83.07,28.25
2022-10-31,82.77,96.11,101.35,106.39,25.12,82.98,28.15
2022-11-01,82.85,96.77,101.77,106.37,25.5,82.95,28.25
2022-11-02,81.15,96.35,101.28,106.13,25.73,80.67,28.0
2022-11-03,80.44,95.83,100.92,104.95,25.71,80.56,27.92
2022-11-04,82.33,94.22,101.12,105.34,26.58,81.66,28.23
2022-11-07,82.85,93.28,100.75,105.47,26.35,81.66,28.3129
2022-11-08,83.43,94.3,101.17,105.62,26.03,81.91,28.375
2022-11-09,81.89,94.61,100.91,105.4,25.43,81.07,28.21
2022-11-10,86.28,98.25,104.29,107.15,25.66,87.0,28.76
2022-11-11,87.59,97.89,104.57,107.09,26.15,86.99,28.97
2022-11-14,86.8,97.65,104.04,106.3,25.76,84.87,28.9021
2022-11-15,87.64,99.23,105.49,106.99,26.06,85.79,29.11
2022-11-16,86.98,101.4,106.39,107.26,25.77,85.01,29.01
2022-11-17,86.77,100.33,105.82,106.53,25.34,84.43,28.89
2022-11-18,86.94,99.64,105.81,105.99,25.16,85.5,28.87
2022-11-21,86.46,100.06,105.65,106.55,25.07,85.95,28.83
2022-11-22,87.54,101.48,106.59,106.98,25.33,86.42,28.92
2022-11-23,88.22,103.25,107.66,107.57,24.98,86.49,28.98
2022-11-25,88.29,102.9,107.77,107.47,24.76,87.04,28.98
2022-11-28,87.01,103.19,106.99,107.22,24.61,84.71,28.86
2022-11-29,87.19,101.98,106.46,106.76,24.93,86.11,28.955
2022-11-30,89.67,102.73,107.76,108.34,25.49,88.08,29.27
2022-12-01,89.8,105.76,108.76,109.37,25.36,87.89,29.4027
2022-12-02,89.72,107.09,109.42,110.18,25.09,87.63,29.4
2022-12-05,88.19,105.59,108.49,109.05,24.44,86.03,29.18
2022-12-06,87.25,106.95,108.82,109.03,24.05,85.22,29.08
2022-12-07,87.09,109.47,110.03,109.5,23.93,85.39,29.17
2022-12-08,87.76,109.17,109.68,109.47,23.89,85.99,29.17
2022-12-09,87.34,106.33,108.86,108.43,23.92,85.83,29.16
2022-12-12,88.12,106.67,108.72,108.44,24.18,86.49,29.3
2022-12-13,88.25,107.7,109.67,108.76,24.58,88.09,29.35
2022-12-14,87.91,108.16,109.77,108.49,24.77,87.49,29.44
2022-12-15,85.75,108.32,109.53,108.16,24.47,86.32,29.08
2022-12-16,84.92,107.11,109.06,107.58,24.16,84.09,28.95
2022-12-19,84.4,105.31,107.96,107.21,23.97,83.02,28.92
2022-12-20,84.59,103.44,106.69,107.18,24.08,82.81,28.92
2022-12-21,85.7,103.7,107.42,107.76,24.39,83.52,29.13
2022-12-22,84.67,103.68,107.39,107.17,24.08,82.01,29.0
2022-12-23,85.06,102.16,107.06,106.93,24.52,82.74,29.02
2022-12-27,85.03,100.14,105.68,106.44,24.74,82.71,29.06
2022-12-28,83.93,99.55,105.35,106.32,24.46,81.3,28.88
2022-12-29,85.39,100.68,106.1,106.76,24.43,83.08,28.54
2022-12-30,84.88,99.56,105.43,106.44,24.65,82.48,28.46
2023-01-03,84.9,101.46,106.16,106.82,24.06,82.56,28.46
2023-01-04,85.98,102.85,106.93,106.89,23.63,84.43,28.69
2023-01-05,85.1,103.28,106.85,106.92,23.51,82.16,28.54
2023-01-06,87.07,105.18,108.6,107.9,23.64,84.37,28.83
2023-01-09,87.26,105.74,109.03,108.15,23.92,84.4,28.89
2023-01-10,87.75,103.99,108.66,107.71,23.92,84.59,28.9
2023-01-11,88.67,105.68,109.59,108.17,24.35,87.62,28.97
2023-01-12,89.29,107.76,110.83,109.02,24.55,88.73,29.09
2023-01-13,89.69,106.75,110.47,108.17,24.79,88.18,29.16
2023-01-17,89.63,106.06,110.07,107.86,24.96,88.43,29.14
2023-01-18,88.65,108.63,111.36,108.6,24.69,87.14,29.19
2023-01-19,88.3,107.95,111.13,109.27,24.94,86.66,29.11
2023-01-20,89.67,106.2,110.55,108.65,25.09,87.69,29.22
2023-01-23,90.46,105.7,110.23,108.55,25.15,88.09,29.24
2023-01-24,90.34,107.22,110.81,109.17,25.01,88.31,29.3
2023-01-25,90.55,107.48,110.86,109.39,24.94,88.35,29.35
2023-01-26,91.32,106.98,110.82,109.38,25.05,89.34,29.4
2023-01-27,91.37,106.71,110.5,109.14,24.77,90.34,29.38
2023-01-30,90.27,106.32,110.08,108.61,24.45,89.19,29.17
2023-01-31,91.25,107.17,110.87,108.65,24.87,91.06,29.29
2023-02-01,92.18,108.18,111.65,109.38,24.4,91.62,29.47
2023-02-02,92.93,108.32,111.81,109.23,24.22,93.7,29.63
2023-02-03,91.86,106.7,110.54,108.21,23.61,91.94,29.29
2023-02-06,91.1,105.91,109.69,107.78,23.68,91.27,29.21
2023-02-07,92.07,105.06,109.33,108.06,24.13,91.07,29.295
2023-02-08,91.28,105.56,109.44,108.62,24.18,90.64,29.21
2023-02-09,90.88,104.56,108.52,108.07,23.99,89.65,29.23
2023-02-10,90.8,103.39,107.76,107.68,24.33,89.96,29.19
2023-02-13,91.76,104.26,108.16,107.86,24.28,90.76,29.26
2023-02-14,91.81,104.02,107.89,107.5,24.36,90.04,29.24
2023-02-15,91.87,103.05,107.48,107.5,24.1,90.4,29.16
2023-02-16,90.94,101.59,106.62,107.24,24.03,89.52,29.35
2023-02-17,90.71,102.38,107.04,107.45,23.85,89.17,29.13
2023-02-21,89.16,100.39,105.52,106.97,23.88,87.38,28.87
2023-02-22,88.92,101.31,105.82,106.91,23.57,86.59,28.9
2023-02-23,89.35,102.3,106.65,107.26,23.75,87.24,29.09
2023-02-24,88.16,100.97,105.85,106.56,23.67,85.71,28.98
2023-02-27,88.68,101.25,105.88,106.78,23.69,85.84,29.1
2023-02-28,88.22,101.71,105.92,107.18,23.76,85.72,29.04
2023-03-01,88.41,100.37,104.89,106.78,24.17,84.64,28.86
2023-03-02,88.89,99.48,104.98,106.86,24.08,85.63,28.91
2023-03-03,90.23,101.89,106.17,108.01,24.46,86.93,29.08
2023-03-06,90.17,101.1,105.88,107.43,24.34,86.59,29.04
2023-03-07,88.75,101.72,105.58,106.75,23.84,84.57,28.87
2023-03-08,88.94,101.82,105.41,106.24,23.71,85.54,28.8401
2023-03-09,87.51,102.07,105.31,106.52,23.42,83.58,28.74
2023-03-10,86.36,105.59,106.82,108.09,23.67,80.81,28.7
2023-03-13,86.14,105.83,106.91,108.91,23.52,81.87,28.67
2023-03-14,87.33,104.09,106.59,108.31,23.22,82.66,28.75
2023-03-15,86.12,106.1,107.61,109.63,22.68,82.6,28.63
2023-03-16,87.52,105.27,107.45,108.39,22.75,82.42,28.71
2023-03-17,86.57,106.85,107.99,108.62,22.68,80.55,28.77
2023-03-20,87.41,105.91,107.67,108.72,22.77,81.47,28.76
2023-03-21,88.57,105.0,108.19,108.49,22.85,81.11,28.86
2023-03-22,87.62,106.4,108.82,109.98,22.91,78.08,28.8819
2023-03-23,87.85,106.4,109.13,110.18,22.85,77.59,28.94
2023-03-24,88.06,106.85,109.47,109.9,22.96,78.79,28.93
2023-03-27,88.37,104.34,108.16,109.04,23.39,78.7,28.89
2023-03-28,88.45,104.53,107.98,109.38,23.5,78.51,28.93
2023-03-29,89.53,104.32,108.48,109.59,23.35,80.25,29.05
2023-03-30,90.26,104.8,108.63,109.7,23.52,81.3,29.1
2023-03-31,91.16,106.37,109.61,110.25,23.74,83.04,29.21
2023-04-03,91.69,106.6,109.93,110.32,24.13,82.38,29.25
2023-04-04,91.37,107.13,110.07,110.64,24.1,82.27,29.29
2023-04-05,90.9,108.25,110.43,110.9,24.19,81.83,29.33
2023-04-06,91.26,108.53,110.33,111.15,24.12,82.39,29.33
2023-04-10,91.32,106.78,109.82,110.36,24.12,82.77,29.33
2023-04-11,91.5,107.0,109.79,110.55,24.25,83.12,29.38
2023-04-12,91.35,106.89,109.56,110.59,24.44,82.72,29.37
2023-04-13,92.57,106.05,109.75,110.32,24.44,82.47,29.42
2023-04-14,92.3,105.08,109.39,109.84,24.47,81.19,29.42
2023-04-17,92.47,103.83,108.7,109.34,24.37,82.88,29.44
2023-04-18,92.64,104.2,109.06,109.45,24.42,82.69,29.44
2023-04-19,92.45,104.1,108.52,109.34,24.08,83.18,29.34
2023-04-20,92.11,104.99,108.93,109.69,23.87,82.36,29.325
2023-04-21,92.17,104.4,109.0,109.74,23.82,82.37,29.33
2023-04-24,92.21,105.41,109.48,110.16,24.01,82.06,29.34
2023-04-25,90.73,106.96,109.96,110.81,23.67,81.25,29.26
2023-04-26,90.5,105.82,109.48,110.42,23.31,80.47,29.2
2023-04-27,92.05,104.77,109.08,110.05,23.34,82.29,29.31
2023-04-28,92.59,106.46,109.93,110.18,23.56,83.3,29.36
2023-05-01,92.47,103.13,107.79,108.7,23.36,82.68,29.3
2023-05-02,91.43,105.7,109.09,109.53,22.83,81.28,29.26
2023-05-03,91.1,106.29,109.27,110.03,22.54,80.96,29.29
2023-05-04,90.77,105.24,108.97,110.0,22.63,81.63,29.3
2023-05-05,92.31,104.89,108.54,109.78,23.14,82.99,29.43
2023-05-08,92.35,103.42,107.76,109.37,23.25,82.51,29.38
2023-05-09,91.96,103.05,107.72,109.21,23.32,82.16,29.35
2023-05-10,92.19,104.05,108.57,109.57,23.25,82.95,29.4165
2023-05-11,91.96,105.15,108.99,109.81,22.85,82.04,29.36
2023-05-12,91.7,104.27,108.32,109.42,22.67,82.03,29.29
2023-05-15,92.33,103.19,107.74,109.26,22.93,81.89,29.41
2023-05-16,91.59,102.88,107.2,108.97,22.68,79.84,29.275
2023-05-17,92.45,102.58,107.19,108.92,22.95,80.92,29.36
2023-05-18,92.91,101.82,106.74,108.56,22.74,80.53,29.33
2023-05-19,92.97,101.1,106.61,108.3,22.71,80.4,29.3016
2023-05-22,93.11,100.74,106.57,108.1,22.73,80.89,29.33
2023-05-23,91.94,101.03,106.79,108.43,22.82,80.13,29.23
2023-05-24,91.09,100.53,106.37,108.09,22.83,78.41,29.13
2023-05-25,91.46,100.28,106.02,107.6,22.47,78.4,29.08
2023-05-26,92.66,101.09,106.47,107.73,22.83,79.3,29.18
2023-05-30,92.28,102.1,107.27,108.16,22.3,79.6,29.2
2023-05-31,91.62,102.99,107.62,108.3,22.05,80.0,29.17
2023-06-01,92.71,103.12,107.6,108.16,22.41,80.01,29.36
2023-06-02,94.09,101.99,107.31,107.63,22.7,81.96,29.43
2023-06-05,93.84,101.8,107.08,107.77,22.64,81.39,29.48
2023-06-06,94.29,102.4,107.29,107.83,22.67,82.17,29.46
2023-06-07,92.84,100.88,106.33,107.33,22.76,83.68,29.45
2023-06-08,93.51,102.06,107.04,107.86,22.8,83.16,29.53
2023-06-09,93.64,101.92,106.76,107.56,22.66,82.68,29.51
2023-06-12,94.32,102.22,107.1,107.65,22.35,82.7,29.58
2023-06-13,95.05,101.21,106.62,107.1,22.65,83.23,29.7152
2023-06-14,95.28,102.02,106.95,107.37,22.7,83.54,29.73
2023-06-15,96.36,103.0,107.88,108.05,23.18,83.98,29.79
2023-06-16,96.08,102.6,107.69,107.77,23.47,83.92,29.75
2023-06-20,95.2,103.31,108.08,108.0,23.26,82.93,29.68
2023-06-21,94.87,103.56,107.96,108.01,23.6,82.43,29.68
2023-06-22,94.89,102.31,107.4,107.63,23.16,81.25,29.6607
2023-06-23,93.91,103.33,107.7,107.89,22.91,80.13,29.52
2023-06-26,93.75,103.44,107.82,107.94,22.94,81.98,29.59
2023-06-27,94.74,103.17,107.7,107.64,22.57,82.99,29.6
2023-06-28,94.73,103.61,108.17,107.86,22.5,83.11,29.62
2023-06-29,94.89,101.74,107.35,107.15,22.51,83.1,29.7
2023-06-30,95.94,102.94,108.14,107.62,22.7,83.56,29.83
2023-07-03,96.17,102.08,107.49,106.99,22.7,84.38,29.85
2023-07-05,95.7,101.11,106.72,106.48,22.84,84.57,29.82
2023-07-06,94.52,99.68,105.64,105.92,22.79,83.92,29.77
2023-07-07,94.71,99.08,105.54,105.85,22.98,83.73,29.8
2023-07-10,94.95,99.21,106.09,106.1,23.03,84.09,29.86
2023-07-11,95.7,99.72,106.59,105.98,23.3,85.29,30.11
2023-07-12,96.85,100.83,107.53,107.15,23.47,85.75,30.12
2023-07-13,97.95,101.89,108.29,107.7,23.8,86.3,30.17
2023-07-14,97.68,101.29,107.45,107.13,23.64,86.13,30.15
2023-07-17,97.93,101.34,107.63,107.33,23.45,85.57,30.19
2023-07-18,98.48,101.8,107.9,107.28,23.76,85.1,30.26
2023-07-19,98.6,102.95,108.51,107.65,23.89,86.06,30.27
2023-07-20,97.94,101.7,107.78,107.61,23.96,85.78,30.2
2023-07-21,97.99,101.73,107.97,107.61,24.09,86.18,30.24
2023-07-24,98.34,101.36,107.84,107.66,24.52,86.89,30.2779
2023-07-25,98.66,101.17,107.67,107.47,24.61,86.27,30.31
2023-07-26,98.79,101.27,108.17,107.51,24.49,86.66,30.35
2023-07-27,98.17,99.3,106.85,106.72,24.43,84.78,30.23
2023-07-28,99.2,99.81,107.55,107.13,24.58,84.71,30.35
2023-07-31,99.39,100.05,107.85,107.16,24.68,85.26,30.4099
2023-08-01,98.7,98.14,106.41,106.3,24.55,85.12,30.36
2023-08-02,97.07,97.09,105.76,106.11,24.18,84.63,30.165
2023-08-03,96.84,94.85,104.81,105.45,24.41,83.71,30.2
2023-08-04,96.64,96.53,105.9,106.47,24.45,83.03,30.21
2023-08-07,97.29,95.58,105.64,106.56,24.46,84.07,30.287
2023-08-08,96.73,96.69,106.06,106.54,24.43,83.53,30.17
2023-08-09,96.32,97.19,106.16,106.49,24.6,83.52,30.1614
2023-08-10,96.47,95.59,105.41,105.94,24.47,83.2,30.1427
2023-08-11,96.11,95.37,105.05,105.79,24.43,83.33,30.05
2023-08-14,96.3,95.16,105.01,105.57,24.31,82.78,30.0615
2023-08-15,95.12,94.58,104.46,105.24,24.02,81.85,30.05
2023-08-16,94.39,93.84,103.99,104.93,23.92,80.84,29.92
2023-08-17,93.77,93.44,103.71,104.9,23.98,80.19,29.96
2023-08-18,93.73,93.77,104.1,105.08,24.15,80.44,29.935
2023-08-21,94.22,92.52,103.48,104.8,24.09,79.7,29.95
2023-08-22,94.01,93.23,103.8,104.98,24.1,79.93,29.94
2023-08-23,95.12,95.54,105.26,105.93,24.15,81.19,30.13
2023-08-24,93.91,94.91,104.9,105.45,24.17,80.88,29.975
2023-08-25,94.48,95.22,104.96,105.43,24.41,80.94,30.055
2023-08-28,95.21,95.32,105.29,105.49,24.37,81.7,30.1369
2023-08-29,96.56,96.31,106.13,106.01,24.46,82.69,30.32
2023-08-30,96.8,96.21,105.98,105.85,24.49,82.99,30.35
2023-08-31,96.5,96.64,106.16,106.07,24.59,82.38,30.23
2023-09-01,96.77,94.85,105.03,105.2,24.88,82.52,30.32
2023-09-05,96.21,93.52,104.28,104.99,25.0,81.56,30.14
2023-09-06,95.65,93.75,104.18,104.83,25.06,81.39,30.2954
2023-09-07,95.29,94.01,104.64,105.21,25.01,81.9,30.231
2023-09-08,95.33,94.37,104.72,105.45,25.06,81.58,30.26
2023-09-11,96.15,93.69,104.52,105.35,25.21,81.59,30.35
2023-09-12,95.69,94.23,104.49,105.4,25.3,81.55,30.3
2023-09-13,95.72,94.21,104.72,105.54,25.38,80.66,30.28
2023-09-14,96.6,93.53,104.53,105.37,25.59,82.12,30.4236
2023-09-15,95.82,92.96,104.37,105.11,25.53,81.81,30.3353
2023-09-18,95.72,93.49,104.57,105.33,25.52,81.08,30.33
2023-09-19,95.51,92.8,104.22,105.03,25.54,80.71,30.32
2023-09-20,94.89,93.09,104.26,104.81,25.33,80.78,30.25
2023-09-21,93.32,90.7,103.21,104.26,25.25,78.03,30.07
2023-09-22,93.26,91.43,103.84,104.62,25.27,77.44,30.1037
2023-09-25,93.38,89.18,102.83,103.83,25.15,77.37,30.13
2023-09-26,92.02,88.87,102.54,103.57,25.12,75.96,30.01
2023-09-27,92.06,88.41,102.06,103.4,25.26,75.45,29.99
2023-09-28,92.63,88.68,102.24,103.93,25.23,75.44,30.08
2023-09-29,92.37,88.69,102.02,103.72,24.96,75.66,30.03
2023-10-02,91.96,86.93,100.69,102.92,24.77,74.27,29.98
2023-10-03,90.73,85.06,99.53,102.19,24.66,72.82,29.82
2023-10-04,91.12,86.26,100.4,102.64,23.97,73.71,29.83
2023-10-05,91.35,85.83,100.28,102.49,23.83,74.12,29.8641
2023-10-06,92.48,84.79,99.98,102.12,23.92,74.32,29.94
2023-10-09,92.81,86.78,101.22,103.13,24.42,75.13,29.9444
2023-10-10,93.59,86.66,101.26,103.17,24.36,75.49,30.08
2023-10-11,94.02,88.47,101.88,103.63,24.22,76.8,30.06
2023-10-12,93.3,86.07,100.82,102.97,24.21,75.68,30.0
2023-10-13,92.77,87.61,101.38,103.64,24.85,75.49,30.02
2023-10-16,93.62,86.2,100.68,103.34,24.77,76.39,30.1007
2023-10-17,93.66,85.25,99.88,102.84,24.84,76.28,30.12
2023-10-18,92.32,84.5,99.08,102.62,25.06,74.66,29.93
2023-10-19,91.49,82.77,98.28,102.53,25.32,72.89,29.87
2023-10-20,90.4,83.24,98.67,102.84,25.13,72.4,29.71
2023-10-23,90.33,84.24,99.44,102.86,24.97,71.69,29.66
2023-10-24,90.99,85.35,100.0,102.95,24.7,72.61,29.8
2023-10-25,89.83,83.45,99.09,102.52,24.88,71.05,29.67
2023-10-26,88.91,84.73,99.81,103.07,24.67,72.41,29.53
2023-10-27,88.59,84.37,99.61,103.22,25.0,71.25,29.5
2023-10-30,89.62,83.99,99.31,103.06,24.6,71.7,29.7
2023-10-31,90.02,83.58,99.17,102.8,24.51,72.92,29.66
2023-11-01,90.92,85.1,100.22,103.24,24.55,73.37,29.7528
2023-11-02,92.72,87.04,101.41,103.71,24.81,75.78,29.97
2023-11-03,93.79,87.63,101.91,104.24,24.68,77.59,30.1
2023-11-06,93.87,86.78,101.37,103.97,24.78,76.47,30.085
2023-11-07,93.82,88.06,102.18,104.25,24.25,75.84,30.11
2023-11-08,93.8,89.56,102.7,104.48,23.98,76.09,30.11
2023-11-09,93.24,87.5,101.66,103.6,23.92,74.89,30.01
2023-11-10,94.31,87.99,102.17,103.64,24.04,75.59,30.08
2023-11-13,94.33,87.79,102.18,103.57,24.39,74.96,30.13
2023-11-14,96.39,89.78,103.78,104.42,24.35,79.12,30.32
2023-11-15,96.59,88.52,103.24,103.97,24.19,79.35,30.38
2023-11-16,96.52,89.62,104.09,104.35,23.61,79.18,30.31
2023-11-17,96.95,90.04,104.39,104.46,23.95,79.12,30.37
2023-11-20,97.63,90.59,104.81,104.77,24.25,79.7,30.49
2023-11-21,97.37,90.55,104.84,104.55,24.39,79.14,30.479
2023-11-22,97.64,90.87,105.26,104.65,24.18,79.53,30.49
2023-11-24,97.88,89.8,104.72,104.21,24.02,79.76,30.49
2023-11-27,97.62,91.3,105.57,104.55,23.86,80.05,30.48
2023-11-28,97.78,91.48,105.99,104.96,24.15,80.58,30.54
2023-11-29,97.77,92.63,106.85,105.38,24.32,81.14,30.562
2023-11-30,98.02,91.56,106.29,105.19,23.91,81.73,30.63
2023-12-01,98.75,92.99,107.17,105.47,23.8,83.74,30.75
2023-12-04,98.14,92.615,106.68,105.03,23.64,84.35,30.63
2023-12-05,97.95,94.61,107.53,105.6,23.43,83.79,30.68
2023-12-06,97.76,95.87,107.93,105.71,22.86,83.54,30.611
2023-12-07,98.39,95.32,107.94,105.62,22.9,83.78,30.75
2023-12-08,98.71,94.54,107.36,105.49,23.0,83.64,30.73
2023-12-11,99.06,94.34,107.33,105.27,22.92,83.87,30.77
2023-12-12,99.38,94.62,107.94,105.21,22.57,83.82,30.76
2023-12-13,100.75,96.84,109.75,106.64,22.83,87.03,31.07
2023-12-14,101.4,99.04,110.52,107.81,23.21,89.54,31.09
2023-12-15,100.97,99.15,110.36,107.63,23.25,88.28,31.02
2023-12-18,101.42,98.36,109.9,107.31,22.32,88.08,31.14
2023-12-19,102.15,98.89,110.04,107.38,22.49,88.75,31.19
2023-12-20,99.78,99.56,110.33,107.81,22.23,87.67,31.04
2023-12-21,101.03,98.93,110.29,107.63,22.27,87.37,31.23
2023-12-22,101.18,98.475,110.1,107.42,22.23,87.71,31.2402
2023-12-26,101.67,98.76,110.33,107.48,22.45,88.36,31.26
2023-12-27,101.96,100.51,111.36,107.97,22.35,88.79,31.335
2023-12-28,101.96,99.78,111.07,107.62,22.16,89.42,30.11
2023-12-29,101.77,98.88,110.66,107.49,22.04,88.36,30.1
2024-01-02,100.9,98.31,109.91,107.34,21.86,89.12,30.08
2024-01-03,100.1,98.72,109.66,107.51,22.14,86.99,29.94
2024-01-04,99.99,97.22,109.05,107.01,22.02,86.83,29.97
2024-01-05,100.08,96.29,108.66,106.77,22.13,86.61,29.97
2024-01-08,101.28,97.24,109.49,107.06,21.81,87.85,30.07
2024-01-09,100.82,96.62,109.68,106.85,21.97,87.26,29.975
2024-01-10,101.29,96.17,109.54,106.76,21.82,87.36,30.2
2024-01-11,101.24,96.71,110.2,107.33,21.98,86.55,29.99
2024-01-12,101.45,96.52,110.44,107.79,22.06,87.07,30.01
2024-01-16,100.56,94.82,109.32,107.24,21.87,86.43,29.91
2024-01-17,99.79,94.67,109.09,106.91,21.84,84.85,29.82
2024-01-18,100.66,93.79,108.88,106.94,21.98,84.39,29.84
2024-01-19,101.67,94.09,108.99,107.02,21.94,85.4,29.92
2024-01-22,101.83,94.65,109.29,107.07,22.03,85.91,29.941
2024-01-23,102.04,93.9,108.89,106.72,22.15,85.32,29.92
2024-01-24,102.38,93.35,108.68,106.47,22.34,84.1,30.02
2024-01-25,102.79,93.96,109.4,106.83,22.51,85.18,30.04
2024-01-26,102.88,93.78,109.09,106.73,22.61,84.94,30.1
2024-01-29,103.56,94.86,109.54,107.2,22.42,85.5,30.15
2024-01-30,103.39,95.72,109.89,107.15,22.57,84.7,30.08
2024-01-31,102.05,96.66,110.17,107.85,22.33,83.89,29.9834
2024-02-01,103.32,98.24,110.63,108.04,22.06,85.41,30.04
2024-02-02,103.74,96.07,109.62,107.0,21.81,84.35,29.99
2024-02-05,103.34,94.13,108.57,106.4,21.9,82.58,29.91
2024-02-06,103.94,95.05,109.18,106.76,21.98,83.69,30.04
2024-02-07,104.47,94.59,108.86,106.56,22.08,83.57,30.13
2024-02-08,104.45,94.04,108.3,106.48,22.2,84.25,30.14
2024-02-09,105.01,93.85,108.16,106.33,22.26,84.38,30.2064
2024-02-12,105.14,93.96,108.17,106.37,22.27,84.4,30.21
2024-02-13,103.47,92.35,106.98,105.69,22.14,82.66,30.08
2024-02-14,104.61,92.82,107.48,106.14,21.93,83.31,30.14
2024-02-15,105.45,93.3,107.87,106.27,21.98,85.25,30.28
2024-02-16,105.19,92.76,107.48,106.16,22.03,84.37,30.3
2024-02-20,104.89,92.84,107.84,106.21,21.91,84.22,30.2
2024-02-21,104.92,92.18,107.57,106.09,22.0,84.69,30.23
2024-02-22,106.725,92.63,107.74,105.95,22.06,84.85,30.4
2024-02-23,106.77,93.87,108.06,106.22,21.74,84.81,30.36
2024-02-26,106.48,93.59,107.72,106.18,21.94,83.88,30.36
2024-02-27,106.69,92.93,107.57,106.05,22.11,83.98,30.41
2024-02-28,106.24,93.52,107.56,106.39,22.02,84.83,30.37
2024-02-29,106.65,94.18,107.66,106.72,21.99,85.55,30.45
2024-03-01,107.68,94.47,107.92,107.12,22.1,86.57,30.55
2024-03-04,107.52,94.09,107.72,107.03,22.17,87.38,30.55
2024-03-05,106.65,95.43,108.31,107.52,22.0,86.32,30.53
2024-03-06,107.48,95.99,108.6,107.56,22.18,86.75,30.58
2024-03-07,108.6,95.9,108.87,107.5,22.24,86.73,30.67
2024-03-08,108.07,95.73,109.02,107.59,22.17,87.73,30.66
2024-03-11,107.85,95.68,109.04,107.4,22.36,87.31,30.65
2024-03-12,108.94,94.88,108.69,107.19,22.3,87.12,30.71
2024-03-13,108.8,94.42,108.58,107.04,22.61,86.68,30.68
2024-03-14,108.37,92.97,107.78,106.39,22.68,85.38,30.64
2024-03-15,107.82,92.94,107.81,106.32,22.76,85.19,30.6
2024-03-18,108.26,92.66,107.63,106.22,22.97,85.23,30.63
2024-03-19,108.64,92.92,107.94,106.37,22.96,85.2,30.55
2024-03-20,109.74,92.89,108.14,106.79,22.9,85.76,30.78
2024-03-21,109.98,93.09,108.3,106.98,22.87,86.38,30.85
2024-03-22,109.72,93.98,108.67,107.35,22.71,84.57,30.715
2024-03-25,109.5,93.51,108.3,107.01,22.9,84.05,30.8
2024-03-26,109.35,93.77,108.27,107.04,22.72,83.71,30.745
2024-03-27,110.15,94.7,109.02,107.37,22.7,85.87,30.77
2024-03-28,110.13,94.62,108.92,107.41,22.97,86.48,30.89
2024-04-01,109.87,92.55,107.47,106.65,23.08,85.03,30.86
2024-04-02,109.22,92.04,107.31,106.68,23.29,83.96,30.8
2024-04-03,109.48,92.02,107.38,106.68,23.57,84.05,30.86
2024-04-04,108.38,92.68,107.5,107.08,23.63,83.51,30.79
2024-04-05,109.23,91.39,107.03,106.63,23.75,83.94,30.79
2024-04-08,109.46,91.38,107.02,106.59,23.74,84.84,30.83
2024-04-09,109.62,92.23,107.57,106.87,23.61,85.97,30.92
2024-04-10,108.37,90.22,106.04,105.84,23.73,82.41,30.72
2024-04-11,109.01,89.81,105.82,105.75,23.69,82.69,30.829
2024-04-12,107.33,90.29,106.06,106.12,23.72,81.71,30.62
2024-04-15,106.29,88.89,104.89,105.78,23.75,80.32,30.5357
2024-04-16,105.73,88.3,104.54,105.35,23.71,79.19,30.41
2024-04-17,105.34,89.28,105.11,105.76,23.34,78.61,30.36
2024-04-18,105.19,88.83,104.9,105.62,23.33,78.62,30.4021
2024-04-19,104.54,89.15,105.01,105.78,23.44,79.0,30.4
2024-04-22,105.6,89.0,105.27,105.79,23.44,79.7,30.5
2024-04-23,106.78,89.03,105.45,105.89,23.54,80.43,30.57
2024-04-24,106.72,88.4,105.04,105.67,23.51,80.58,30.61
2024-04-25,106.39,87.78,104.73,105.51,23.64,80.12,30.53
2024-04-26,107.38,88.24,105.13,105.78,23.66,80.16,30.68
2024-04-29,107.85,88.98,105.57,106.04,23.64,80.98,30.6592
2024-04-30,106.22,88.22,104.99,105.53,23.34,79.61,30.52
2024-05-01,105.94,88.56,105.01,105.01,23.0,79.64,30.4605
2024-05-02,107.26,88.94,105.66,105.39,23.08,80.76,30.575
2024-05-03,108.43,89.84,106.4,105.93,23.11,81.3,30.72
2024-05-06,109.41,90.19,106.7,105.98,23.37,81.37,30.82
2024-05-07,109.44,90.74,106.75,105.96,23.35,82.14,30.791
2024-05-08,109.38,90.19,106.48,105.84,23.23,81.45,30.8
2024-05-09,110.04,90.63,106.65,106.22,23.32,83.12,30.78
2024-05-10,110.18,90.12,106.31,106.05,23.28,82.89,30.84
2024-05-13,110.25,90.35,106.35,106.09,23.43,83.16,30.82
2024-05-14,110.86,90.86,106.66,106.29,23.33,83.8,30.895
2024-05-15,112.13,92.1,107.61,106.83,23.41,84.96,31.02
2024-05-16,111.9,92.01,107.44,106.68,23.47,84.9,30.97
2024-05-17,112.16,91.39,107.19,106.58,23.71,84.89,31.0
2024-05-20,112.23,91.12,107.14,106.54,23.92,84.39,31.04
2024-05-21,112.25,91.59,107.32,106.74,23.82,84.36,30.9923
2024-05-22,111.72,91.7,107.16,106.72,23.48,83.6,30.9
2024-05-23,110.98,91.11,106.69,106.31,23.36,81.8,30.86
2024-05-24,111.7,91.38,106.98,106.44,23.52,81.86,30.92
2024-05-28,111.73,90.07,106.34,106.12,23.94,81.32,30.9332
2024-05-29,110.6,88.98,105.77,105.87,23.69,80.53,30.9
2024-05-30,110.32,89.84,106.42,106.28,23.38,81.71,30.9
2024-05-31,111.08,90.45,106.89,106.7,23.27,83.24,30.9314
2024-06-03,111.3,91.6,107.22,106.42,22.94,83.05,30.94
2024-06-04,111.15,92.67,107.64,106.75,22.71,83.69,30.84
2024-06-05,112.43,93.35,108.0,107.02,22.79,83.59,30.9
2024-06-06,112.54,93.21,107.93,106.93,23.09,83.75,30.99
2024-06-07,111.98,91.5,106.96,106.05,22.76,82.96,30.88
2024-06-10,112.31,90.89,106.74,105.9,23.09,83.24,31.05
2024-06-11,111.15,91.83,107.2,106.19,23.06,82.94,30.87
2024-06-12,112.22,92.52,107.86,106.35,23.14,83.68,31.03
2024-06-13,111.87,93.88,108.37,106.77,23.16,84.02,30.97
2024-06-14,111.66,94.67,108.46,106.9,23.07,84.0,30.92
2024-06-17,112.37,93.73,107.95,106.75,23.15,83.67,30.97
2024-06-18,112.83,94.59,108.45,107.18,23.34,84.0,31.01
2024-06-20,112.6,93.96,108.09,107.2,23.39,83.76,30.95
2024-06-21,112.15,93.96,108.12,107.04,23.2,83.97,30.95
2024-06-24,112.25,94.34,108.23,107.1,23.39,84.62,30.92
2024-06-25,112.59,94.5,108.19,107.23,23.17,83.58,30.91
2024-06-26,112.46,93.15,107.6,106.91,23.21,83.32,30.95
2024-06-27,112.62,93.52,107.81,107.11,23.33,84.13,30.97
2024-06-28,112.4,91.78,107.12,106.78,23.23,83.76,31.03
2024-07-01,112.59,89.91,106.11,105.92,23.53,82.97,31.22
2024-07-02,113.19,90.61,106.79,106.12,23.56,83.36,31.1
2024-07-03,114.01,91.8,107.58,106.54,23.69,83.28,31.23
2024-07-05,114.66,92.56,108.14,107.02,23.78,83.51,31.22
2024-07-08,114.66,92.76,108.13,106.98,23.46,83.78,31.18
2024-07-09,114.63,92.35,107.93,106.82,23.3,83.76,31.16
2024-07-10,115.8,92.64,108.19,107.02,23.3,84.38,31.24
2024-07-11,115.35,93.54,108.77,107.34,23.38,86.8,31.39
2024-07-12,116.19,93.94,109.17,107.51,23.29,87.46,31.47
2024-07-15,116.07,92.86,108.57,107.44,23.12,88.05,31.43
2024-07-16,116.69,94.17,109.2,107.77,23.06,89.13,31.59
2024-07-17,115.22,94.19,109.25,107.81,23.06,89.74,31.39
2024-07-18,114.24,93.47,108.78,107.57,22.89,88.95,31.33
2024-07-19,113.49,92.92,108.38,107.31,22.58,88.79,31.21
2024-07-22,114.66,92.65,108.32,107.18,22.64,89.71,31.39
2024-07-23,114.27,92.52,108.24,107.12,22.43,89.64,31.33
2024-07-24,112.02,91.52,107.58,106.8,22.42,88.32,31.1078
2024-07-25,111.45,92.27,108.01,107.06,22.47,88.03,31.1014
2024-07-26,112.77,92.99,108.61,107.4,22.24,89.57,31.26
2024-07-29,112.67,93.49,108.84,107.51,22.14,90.03,31.204
2024-07-30,112.29,93.85,108.93,107.59,22.07,90.73,31.185
2024-07-31,114.13,94.81,109.56,108.18,22.58,90.41,31.38
2024-08-01,112.1,95.31,109.53,108.15,22.31,91.32,31.14
2024-08-02,110.13,98.28,110.6,108.67,21.9,91.27,30.8
2024-08-05,107.24,98.8,110.32,108.98,21.86,88.66,30.5
2024-08-06,107.97,96.59,109.6,108.35,21.68,90.41,30.64
2024-08-07,107.77,95.91,109.1,108.02,21.88,89.79,30.63
2024-08-08,110.04,95.32,109.15,107.92,22.08,90.67,30.86
2024-08-09,110.53,96.26,109.71,108.2,22.21,91.09,30.93
2024-08-12,110.61,96.61,109.94,108.49,22.52,90.42,30.92
2024-08-13,112.31,97.28,110.71,108.72,22.31,91.21,31.04
2024-08-14,112.61,97.89,111.2,108.66,22.17,91.45,31.05
2024-08-15,114.4,97.1,110.86,108.43,22.35,91.38,31.19
2024-08-16,114.8,97.44,111.19,108.39,22.21,91.33,31.29
2024-08-19,115.95,97.89,111.45,108.46,22.09,92.09,31.39
2024-08-20,115.66,98.67,111.74,108.89,22.0,91.98,31.3
2024-08-21,116.26,98.73,111.99,109.13,21.89,92.47,31.405
2024-08-22,115.34,97.75,111.53,108.79,21.87,92.74,31.36
2024-08-23,116.9,98.39,112.17,109.37,22.26,94.78,31.57
2024-08-26,116.47,98.14,112.03,109.38,22.49,94.74,31.5239
2024-08-27,116.7,97.97,111.94,109.38,22.38,94.88,31.55
2024-08-28,116.06,97.85,111.71,109.37,22.11,94.51,31.47
2024-08-29,116.16,97.53,111.52,109.22,22.36,94.22,31.56
2024-08-30,116.98,96.49,111.21,108.87,22.11,95.13,31.62
2024-09-03,114.74,97.75,111.14,109.06,21.67,95.08,31.32
2024-09-04,114.39,99.01,111.83,109.35,21.51,95.35,31.3
2024-09-05,114.25,99.57,112.38,109.42,21.56,95.04,31.33
2024-09-06,112.31,99.56,112.33,109.49,21.27,94.95,31.11
2024-09-09,113.47,99.99,112.58,109.74,21.33,96.01,31.24
2024-09-10,113.63,100.69,112.89,109.98,21.02,97.4,31.28
2024-09-11,114.63,100.61,112.94,110.05,21.21,97.21,31.39
2024-09-12,115.63,100.14,112.86,110.07,21.62,97.62,31.48
2024-09-13,116.21,100.41,113.21,110.44,21.66,98.64,31.6
2024-09-16,116.61,101.33,113.71,110.82,21.82,98.97,31.65
2024-09-17,116.49,100.84,113.72,110.78,21.97,98.28,31.7
2024-09-18,116.16,99.59,113.25,110.37,21.83,98.16,31.68
2024-09-19,118.23,99.26,113.35,110.7,22.22,98.18,31.91
2024-09-20,117.76,98.88,113.45,110.55,22.22,97.79,31.83
2024-09-23,118.21,98.67,113.29,110.56,22.23,98.76,31.92
2024-09-24,119.02,98.65,113.48,110.83,22.6,98.9,31.99
2024-09-25,118.52,97.83,112.81,110.41,22.41,98.24,31.93
2024-09-26,119.84,98.06,112.81,110.27,22.21,97.35,32.13
2024-09-27,119.56,98.57,113.26,110.54,22.32,96.66,32.09
2024-09-30,119.55,98.1,112.98,110.47,22.27,97.42,32.08
2024-10-01,118.79,98.49,113.11,110.71,22.66,96.79,32.0
2024-10-02,119.07,97.66,112.86,110.61,22.85,96.45,32.06
2024-10-03,118.48,96.74,112.13,110.14,23.18,95.57,31.99
2024-10-04,119.48,95.55,111.52,109.39,23.24,95.11,32.08
2024-10-07,118.73,94.83,110.95,109.27,23.56,94.27,32.06
2024-10-08,119.04,94.99,111.17,109.45,23.01,94.46,31.97
2024-10-09,119.53,94.45,110.95,109.25,22.81,94.56,32.06
2024-10-10,119.41,94.08,110.83,109.47,23.26,93.72,32.07
2024-10-11,120.16,93.7,110.81,109.48,23.28,94.78,32.22
2024-10-14,120.78,93.765,110.82,109.37,22.92,95.35,32.26
2024-10-15,119.52,94.91,111.36,109.49,22.48,96.5,32.12
2024-10-16,120.0,95.31,111.71,109.51,22.42,97.56,32.25
2024-10-17,119.95,93.8,110.88,109.18,22.45,96.79,32.23
2024-10-18,120.65,93.87,110.75,109.36,22.33,97.51,32.2496
2024-10-21,120.07,92.23,109.62,108.57,22.4,95.6,32.1681
2024-10-22,119.81,92.32,109.61,108.72,22.79,95.74,32.1236
2024-10-23,118.75,92.07,109.24,108.45,22.66,96.44,32.01
2024-10-24,119.03,92.66,109.57,108.56,22.65,96.65,32.01
2024-10-25,118.82,92.14,109.31,108.27,22.81,95.74,32.03
2024-10-28,119.44,91.89,109.22,108.06,22.2,96.04,32.12
2024-10-29,119.37,92.03,109.35,108.22,22.16,95.35,32.1
2024-10-30,118.84,92.3,109.21,108.43,22.44,95.77,32.07
2024-10-31,117.05,92.45,108.99,108.31,22.59,94.15,31.89
2024-11-01,117.5,90.84,108.01,107.76,22.35,93.11,31.96
2024-11-04,117.48,92.25,108.81,107.94,22.73,94.13,31.9464
2024-11-05,118.85,92.74,109.33,108.04,22.87,95.38,32.06
2024-11-06,120.27,90.2,108.19,107.87,22.62,93.35,32.28
2024-11-07,121.62,91.33,109.47,108.27,22.85,94.47,32.39
2024-11-08,121.3,92.49,109.85,108.57,22.5,95.88,32.35
2024-11-11,121.45,92.04,109.64,108.21,22.14,95.4,32.4
2024-11-12,120.55,90.66,108.65,107.64,22.02,94.08,32.27
2024-11-13,120.31,89.8,108.24,107.44,21.95,94.6,32.24
2024-11-14,119.75,90.32,108.21,107.42,21.93,93.75,32.2
2024-11-15,118.64,90.08,108.26,107.45,21.82,93.8,32.16
2024-11-18,119.23,90.24,108.46,107.71,22.32,94.48,32.24
2024-11-19,119.56,90.7,108.69,107.88,22.39,94.94,32.2576
2024-11-20,119.56,90.41,108.43,107.83,22.38,94.82,32.2852
2024-11-21,120.01,90.34,108.3,107.69,22.54,95.52,32.4
2024-11-22,120.44,90.39,108.4,107.77,22.56,96.24,32.54
2024-11-25,120.86,92.73,109.75,108.36,22.24,97.58,32.5638
2024-11-26,121.04,92.37,109.47,108.11,22.24,97.97,32.55
2024-11-27,120.95,93.01,109.87,108.45,22.12,98.6,32.57
2024-11-29,121.77,93.97,110.55,108.76,22.14,98.16,32.62
2024-12-02,122.03,93.87,110.34,108.51,21.98,96.73,32.64
2024-12-03,122.25,93.06,109.95,108.56,22.23,96.24,32.65
2024-12-04,122.9,94.06,110.48,108.87,22.11,95.98,32.7
2024-12-05,122.97,94.25,110.45,108.74,22.08,95.75,32.68
2024-12-06,123.12,94.39,110.7,108.83,21.91,95.61,32.72
2024-12-09,122.83,93.52,110.42,108.63,22.12,95.88,32.71
2024-12-10,122.1,93.08,110.25,108.59,22.17,94.49,32.61
2024-12-11,122.97,92.2,109.95,108.43,22.45,94.27,32.7
2024-12-12,122.2,91.08,109.33,108.08,22.36,94.12,32.57
2024-12-13,122.06,90.15,108.72,107.78,22.35,93.85,32.53
2024-12-16,122.31,90.42,108.86,107.66,22.23,93.52,32.54
2024-12-17,120.78,90.64,108.87,107.6,22.08,93.07,32.45
2024-12-18,117.19,89.16,107.14,106.76,21.88,89.23,32.17
2024-12-19,117.2,87.81,106.56,106.33,21.88,87.85,32.03
2024-12-20,118.12,88.31,106.98,106.54,22.02,89.33,32.13
2024-12-23,118.85,87.5,106.67,106.4,20.92,88.82,32.17
2024-12-24,119.85,87.87,107.0,106.64,21.04,89.41,32.28
2024-12-26,119.95,87.82,107.1,106.64,20.98,89.65,32.28
2024-12-27,119.04,87.1,106.65,106.37,21.08,88.75,32.16
2024-12-30,117.82,87.8,107.11,106.68,21.27,88.31,31.38
2024-12-31,117.5,87.33,106.84,106.55,21.38,89.08,31.41
2025-01-02,117.27,87.57,106.85,106.71,21.59,88.29,31.48
2025-01-03,118.49,87.29,106.6,106.49,21.48,89.45,31.65
2025-01-06,119.31,86.9,106.33,106.49,21.52,88.3,31.67
2025-01-07,118.16,85.92,105.84,106.32,21.62,87.46,31.6
2025-01-08,118.17,86.03,106.01,106.6,21.58,87.69,31.51
2025-01-10,116.37,85.46,105.4,106.22,22.16,85.55,31.4
2025-01-13,116.35,85.43,105.1,106.22,22.32,86.6,31.39
2025-01-14,116.68,85.29,105.22,106.26,22.31,87.39,31.46
2025-01-15,118.58,86.76,106.48,107.0,22.67,87.89,31.61
2025-01-16,118.59,87.04,106.69,107.14,22.57,89.71,31.63
2025-01-17,119.6,87.19,106.78,107.18,22.47,89.65,31.8
2025-01-21,120.96,87.97,107.4,107.26,22.36,91.33,31.88
2025-01-22,121.4,87.51,107.06,107.14,22.34,89.74,31.86
2025-01-23,122.07,86.83,106.91,107.24,22.26,90.4,31.99
2025-01-24,122.06,87.22,107.12,107.43,22.27,90.71,31.94
2025-01-27,120.6,88.25,107.86,107.88,21.93,91.92,31.8
2025-01-28,121.4,88.19,107.71,107.95,21.95,90.81,31.85
2025-01-29,121.04,88.01,107.57,107.82,21.99,89.61,31.91
2025-01-30,121.97,88.34,107.81,107.93,22.01,90.75,32.01
2025-01-31,121.19,87.76,107.46,108.01,21.97,90.55,31.92
2025-02-03,120.21,88.16,107.24,108.26,22.14,90.36,31.88
2025-02-04,121.3,88.43,107.45,108.44,22.2,90.43,31.93
2025-02-05,121.89,89.89,108.2,108.92,22.06,91.7,32.02
2025-02-06,122.31,89.85,108.0,108.73,22.07,91.93,32.03
2025-02-07,121.33,89.27,107.53,108.44,22.08,91.63,31.99
2025-02-10,122.31,89.0,107.56,108.49,22.4,91.59,32.07
2025-02-11,122.33,88.43,107.32,108.46,22.57,91.99,32.02
2025-02-12,122.22,87.23,106.74,107.81,22.32,91.14,32.0
2025-02-13,123.64,88.68,107.57,108.41,22.43,92.05,32.15
2025-02-14,123.62,89.15,107.99,108.61,22.44,91.63,32.15
2025-02-18,124.13,88.1,107.55,108.26,22.77,92.04,32.27
2025-02-19,123.98,88.21,107.61,108.48,22.95,92.11,32.16
2025-02-20,123.81,88.54,107.87,108.7,22.98,92.55,32.1
2025-02-21,122.13,89.61,108.25,108.92,22.66,91.64,31.89
2025-02-24,121.48,89.87,108.53,109.16,22.58,92.0,31.849
2025-02-25,121.29,91.42,109.36,109.62,22.33,93.13,31.77
2025-02-26,121.52,91.96,109.59,109.71,22.14,92.74,31.82
2025-02-27,119.67,91.31,109.13,109.58,22.17,93.11,31.68
2025-02-28,120.83,92.43,109.61,110.34,22.0,93.9,31.73
2025-03-03,119.55,92.57,109.54,110.64,21.86,94.34,31.56
2025-03-04,118.68,91.43,109.18,110.25,21.93,93.25,31.489
2025-03-05,120.56,90.7,108.83,109.69,21.87,94.29,31.66
2025-03-06,118.7,90.4,108.49,109.64,21.76,91.87,31.48
2025-03-07,119.5,90.11,108.32,109.46,21.95,92.42,31.5065
2025-03-10,116.41,91.05,108.69,109.95,21.81,91.53,31.16
2025-03-11,115.8,90.4,107.98,109.65,21.93,90.46,31.17
2025-03-12,116.49,89.86,107.66,109.52,21.93,90.18,31.26
2025-03-13,115.16,90.65,108.0,109.68,21.85,88.4,31.185
2025-03-14,117.45,90.17,107.95,109.42,21.97,90.17,31.405
2025-03-17,118.62,90.62,108.17,109.45,22.12,91.71,31.61
2025-03-18,117.77,90.71,108.43,109.57,22.07,91.23,31.46
2025-03-19,118.73,91.18,109.07,110.13,22.21,91.34,31.67
2025-03-20,118.23,91.24,108.91,110.23,22.25,91.28,31.57
2025-03-21,117.98,90.7,108.76,110.1,22.12,90.27,31.65
2025-03-24,119.71,89.77,108.29,109.82,22.2,91.66,31.77
2025-03-25,119.77,89.76,108.4,110.0,22.23,89.71,31.78
2025-03-26,118.45,89.17,107.96,109.86,22.2,90.06,31.57
2025-03-27,118.28,88.91,107.83,110.09,22.26,89.83,31.62
2025-03-28,116.24,90.14,108.48,110.65,22.19,89.71,31.3484
2025-03-31,116.39,91.03,108.69,111.09,22.5,90.54,31.31
2025-04-01,116.8,91.49,108.66,110.45,22.51,90.58,31.4092
2025-04-02,117.4,91.43,108.91,110.28,22.65,91.13,31.47
2025-04-03,112.91,91.85,108.9,110.97,21.74,88.02,30.96
2025-04-04,106.0,92.85,108.78,110.6,20.95,84.2,30.12
2025-04-07,104.97,90.05,106.66,109.27,20.62,81.99,29.93
2025-04-08,103.59,88.35,105.31,109.0,20.16,79.79,29.76
2025-04-09,112.7,88.87,107.07,109.23,20.89,84.55,30.7
2025-04-10,109.25,86.42,105.25,107.93,20.63,82.62,30.25
2025-04-11,111.1,86.89,105.23,107.97,20.93,83.63,30.39
2025-04-14,112.65,87.51,105.88,108.49,20.94,85.36,30.52
2025-04-15,112.72,87.82,106.45,108.48,20.89,85.62,30.62
2025-04-16,110.93,88.31,106.9,108.78,21.15,85.56,30.54
2025-04-17,111.4,87.53,106.75,109.03,21.37,86.84,30.66
2025-04-21,109.6,86.0,105.6,108.47,21.19,85.03,30.49
2025-04-22,112.07,86.48,105.86,108.87,21.29,86.68,30.765
2025-04-23,113.44,87.32,106.33,109.19,21.13,86.84,30.9
2025-04-24,115.51,88.24,107.42,109.77,21.32,87.16,31.11
2025-04-25,116.18,88.89,107.99,109.82,21.35,87.01,31.15
2025-04-28,116.4,89.45,108.24,110.2,21.23,87.55,31.18
2025-04-29,116.99,90.2,108.49,110.39,20.96,88.02,31.25
2025-04-30,116.99,89.47,107.98,110.52,20.57,88.33,31.23
2025-05-01,117.42,88.69,107.17,109.61,20.67,88.62,31.25
2025-05-02,119.41,87.73,106.91,109.04,20.76,89.71,31.47
2025-05-05,119.17,87.24,106.76,108.93,20.64,89.51,31.46
2025-05-06,118.48,87.53,106.97,109.26,20.95,88.82,31.42
2025-05-07,118.58,87.9,107.19,109.37,20.69,88.92,31.4296
2025-05-08,118.97,86.92,106.65,108.98,20.96,88.57,31.46
2025-05-09,119.13,87.05,106.61,109.08,21.12,89.16,31.49
2025-05-12,122.03,86.24,106.59,108.23,21.26,89.6,31.54
2025-05-13,122.68,85.89,106.68,108.49,21.59,88.46,31.88
2025-05-14,122.79,85.32,106.14,108.38,21.48,87.59,31.83
2025-05-15,123.45,86.07,106.9,108.69,21.27,89.19,31.92
2025-05-16,124.04,86.3,107.1,108.88,21.19,90.3,32.0
2025-05-19,124.43,86.05,107.11,108.89,21.16,90.32,32.0
2025-05-20,124.29,85.43,106.85,108.73,21.43,89.79,31.97
2025-05-21,122.75,83.97,105.66,108.14,21.4,87.4,31.8
2025-05-22,122.68,84.41,106.2,108.46,21.29,87.0,31.79
2025-05-23,122.3,84.55,106.28,108.56,21.41,87.09,31.76
2025-05-27,124.35,85.73,107.24,108.87,21.22,88.61,31.97
2025-05-28,123.46,85.36,106.98,108.62,21.15,88.52,31.8117
2025-05-29,123.91,86.15,107.46,108.93,21.04,89.32,31.84
2025-05-30,123.65,86.28,107.77,109.29,20.88,89.32,31.8328
2025-06-02,124.57,85.16,107.07,108.65,21.32,89.44,31.825
2025-06-03,124.85,85.01,107.12,108.55,21.46,89.26,31.885
2025-06-04,125.17,86.39,107.9,108.97,21.38,89.51,31.965
2025-06-05,124.8,86.45,107.57,108.65,21.48,89.44,31.99
2025-06-06,125.76,85.35,106.92,108.07,21.65,89.87,32.07
2025-06-09,125.92,85.44,107.24,108.22,21.67,89.99,32.11
2025-06-10,126.52,85.88,107.5,108.27,21.62,90.76,32.11
2025-06-11,126.35,86.14,107.84,108.45,21.97,90.27,32.1
2025-06-12,126.85,87.17,108.44,108.76,21.97,90.71,32.08
2025-06-13,125.39,86.33,107.79,108.6,22.65,89.83,31.93
2025-06-16,125.52,85.46,107.6,108.45,22.6,89.9,32.09
2025-06-17,124.25,86.5,107.97,109.02,23.08,89.58,31.97
2025-06-18,124.29,86.65,108.05,109.1,23.14,89.89,31.98
2025-06-20,123.74,86.49,108.14,109.29,23.26,89.83,31.92
2025-06-23,124.85,86.77,108.41,109.38,22.4,91.18,32.04
2025-06-24,126.5,87.4,108.92,109.52,21.86,91.42,32.16
2025-06-25,126.41,87.51,108.79,109.58,21.83,89.22,32.13
2025-06-26,127.47,87.95,109.19,109.9,21.91,88.27,32.27
2025-06-27,128.04,87.39,109.01,109.76,21.8,88.49,32.29
2025-06-30,128.6,88.25,109.61,110.04,21.81,89.06,32.32
2025-07-01,128.53,88.14,109.34,109.6,21.93,89.71,32.305
2025-07-02,129.05,87.58,109.32,109.55,22.29,89.92,32.4
2025-07-03,129.79,86.97,109.06,109.36,22.28,90.02,32.4734
2025-07-07,128.66,86.14,108.41,109.22,22.26,89.25,32.39
2025-07-08,128.88,86.03,108.1,109.13,22.33,89.12,32.4148
2025-07-09,129.58,86.93,108.72,109.54,22.29,89.19,32.52
2025-07-10,129.85,86.99,108.74,109.51,22.22,89.75,32.5524
2025-07-11,129.2,85.79,108.08,109.33,22.51,89.76,32.47
2025-07-14,129.38,85.61,108.05,109.4,22.32,90.34,32.51
2025-07-15,128.84,85.01,107.66,109.11,22.28,89.01,32.4491
2025-07-16,129.34,85.13,107.83,109.48,22.31,89.85,32.52
2025-07-17,129.86,85.11,108.09,109.58,22.49,89.75,32.5902
2025-07-18,129.76,85.24,108.29,109.7,22.53,89.94,32.5619
2025-07-21,130.13,86.0,108.71,109.98,22.48,90.31,32.6071
2025-07-22,130.35,86.52,108.97,110.08,22.44,91.86,32.6289
2025-07-23,131.9,86.04,108.8,109.65,22.38,92.04,32.7345
2025-07-24,131.63,85.89,108.64,109.73,22.4,91.72,32.65
2025-07-25,131.88,86.43,108.99,109.83,22.17,91.73,32.6808
2025-07-28,131.29,85.87,108.77,109.69,22.4,90.26,32.67
2025-07-29,131.05,87.32,109.49,110.28,22.69,91.71,32.65
2025-07-30,130.61,86.87,109.08,109.85,22.64,90.41,32.61
2025-07-31,129.96,86.92,109.11,109.67,22.45,89.14,32.5402
2025-08-01,128.32,87.82,109.63,110.17,22.09,88.92,32.53
2025-08-04,130.17,88.06,109.82,110.49,22.01,89.83,32.57
2025-08-05,129.81,88.33,109.9,110.39,21.82,90.24,32.55
2025-08-06,130.78,87.82,109.87,110.3,21.77,89.54,32.59
2025-08-07,131.09,87.67,109.76,110.42,21.84,89.8,32.67
2025-08-08,131.86,87.29,109.41,110.35,21.84,89.06,32.6687
2025-08-11,131.51,87.39,109.58,110.35,21.87,88.47,32.6795
2025-08-12,132.95,86.95,109.68,110.16,21.78,88.97,32.86
2025-08-13,133.56,87.67,110.26,110.58,21.75,89.8,32.945
2025-08-14,133.35,87.02,109.88,110.25,21.84,89.16,32.89
2025-08-15,133.38,86.4,109.74,110.04,21.77,89.67,32.8571
2025-08-18,133.41,86.15,109.54,109.92,21.79,88.91,32.915
2025-08-19,132.7,86.65,109.71,110.03,21.62,90.44,32.85
2025-08-20,132.55,86.84,109.76,110.15,21.86,90.7,32.8672
2025-08-21,132.04,86.41,109.34,110.17,21.99,90.43,32.8358
2025-08-22,134.22,87.05,110.2,110.92,22.08,92.18,33.13
2025-08-25,133.35,86.8,109.91,110.71,22.19,91.65,33.04
2025-08-26,133.63,86.75,109.99,110.97,22.02,91.41,33.0569
2025-08-27,133.68,86.65,110.03,111.22,22.04,91.98,33.1
2025-08-28,134.22,87.22,110.2,111.29,22.18,91.74,33.11
2025-08-29,133.44,86.6,109.8,111.17,22.21,92.24,33.03
2025-09-02,132.5,85.63,109.05,110.55,22.57,90.71,33.02
2025-09-03,133.06,86.57,109.7,110.8,22.37,90.76,33.0146
2025-09-04,133.95,87.23,110.45,110.97,22.21,91.44,33.08
2025-09-05,134.07,88.56,111.17,111.46,22.03,92.47,33.1447
2025-09-08,134.72,89.74,111.56,111.69,22.18,91.93,33.2503
2025-09-09,134.92,89.23,111.36,111.47,22.24,91.72,33.26
2025-09-10,135.22,89.74,111.69,111.64,22.39,91.57,33.352
2025-09-11,136.55,90.34,112.21,111.82,22.22,93.24,33.5038
2025-09-12,136.35,89.95,112.01,111.67,22.35,92.81,33.4897
2025-09-15,137.24,90.16,112.36,111.78,22.55,92.66,33.5697
2025-09-16,137.1,90.35,112.26,111.88,22.78,92.17,33.55
2025-09-17,136.97,90.12,112.06,111.81,22.54,92.05,33.5456
2025-09-18,137.54,89.19,111.83,111.5,22.44,92.25,33.64
2025-09-19,137.76,89.02,111.74,111.44,22.26,91.65,33.65
2025-09-22,138.41,88.7,111.49,111.17,22.26,91.67,33.6849
2025-09-23,137.89,89.32,111.71,111.47,22.49,92.17,33.6396
2025-09-24,137.3,88.98,111.26,111.27,22.64,90.4,33.5651
2025-09-25,136.62,88.98,111.06,111.09,22.8,90.13,33.52
2025-09-26,137.34,88.9,111.21,111.11,22.81,91.02,33.5577
2025-09-29,137.68,89.63,111.58,111.25,22.62,91.05,33.5979
2025-09-30,138.24,89.37,111.47,111.22,22.53,91.42,33.63
2025-10-01,138.94,89.29,111.51,111.22,22.49,91.56,33.6647
2025-10-02,139.26,89.55,111.69,111.17,22.34,91.08,33.72
2025-10-03,139.5,89.38,111.55,111.05,22.41,91.42,33.72
2025-10-06,140.05,88.67,111.19,110.86,22.64,90.56,33.8225
2025-10-07,139.21,89.18,111.4,111.17,22.73,90.23,33.7405
2025-10-08,140.03,89.25,111.26,111.25,22.76,89.76,33.81
2025-10-09,139.35,89.18,111.04,111.12,22.55,89.27,33.7406
2025-10-10,135.71,90.62,111.35,111.51,22.07,88.13,33.3461
2025-10-13,137.82,90.57,111.73,111.79,22.35,88.69,33.6755
2025-10-14,137.68,90.86,112.1,111.67,22.1,89.6,33.6998
2025-10-15,138.56,90.66,112.1,111.64,22.18,90.9,33.806
2025-10-16,138.08,91.34,112.42,111.9,22.14,90.58,33.7579
2025-10-17,138.63,91.2,112.2,111.68,22.12,91.17,33.7413
2025-10-20,140.02,91.55,112.54,111.78,22.34,92.09,33.9
2025-10-21,139.61,92.0,112.56,112.02,22.11,91.83,33.84
2025-10-22,139.06,92.06,112.67,112.2,22.46,92.22,33.755
2025-10-23,139.95,91.43,112.53,111.98,22.84,92.16,33.84
2025-10-24,140.86,91.47,112.72,111.97,22.85,92.43,33.97
2025-10-27,142.34,91.78,112.91,111.94,22.8,92.69,34.0294
2025-10-28,142.55,92.02,112.92,112.03,22.59,90.87,33.96
2025-10-29,142.56,91.09,112.28,111.44,22.71,88.53,33.95
2025-10-30,141.17,90.56,111.68,111.2,22.72,88.95,33.872
2025-10-31,141.41,90.29,111.23,111.38,22.88,89.18,33.863
2025-11-03,141.72,89.74,110.53,110.94,23.05,89.05,33.88
2025-11-04,139.91,89.94,110.68,110.99,22.89,89.2,33.663
2025-11-05,140.56,88.96,110.35,110.58,22.82,89.28,33.83
2025-11-06,139.34,89.76,110.93,110.88,22.85,88.85,33.64
2025-11-07,139.54,89.57,110.71,110.9,22.9,90.23,33.68
2025-11-10,141.58,89.55,110.77,110.92,23.15,90.18,33.91
2025-11-11,142.05,89.96,111.21,111.37,23.3,91.19,33.92
2025-11-12,142.33,90.12,111.1,111.13,23.04,90.51,33.875
2025-11-13,140.15,89.38,110.55,110.88,22.92,89.4,33.58
2025-11-14,140.08,88.87,110.25,110.75,22.97,89.59,33.55
2025-11-17,138.58,89.09,110.32,110.77,22.94,88.85,33.41
2025-11-18,137.39,89.06,110.37,110.85,23.13,89.21,33.3746
2025-11-19,137.58,88.88,110.38,110.71,22.9,88.51,33.38
2025-11-20,135.5,89.23,110.53,110.76,22.68,88.14,33.11
2025-11-21,136.84,89.5,110.92,111.02,22.53,89.57,33.2341
2025-11-24,138.36,90.01,111.36,111.07,22.64,89.81,33.43
2025-11-25,139.62,90.24,111.67,111.27,22.52,90.64,33.56
2025-11-26,140.77,90.64,112.05,111.51,22.76,91.04,33.72
2025-11-28,141.47,90.21,111.86,111.26,23.06,91.34,33.83
2025-12-01,140.84,88.77,110.85,110.5,23.12,90.29,33.72
2025-12-02,141.15,88.81,110.92,110.53,23.02,89.97,33.765
2025-12-03,141.68,89.06,111.17,110.78,23.13,90.2,33.84
2025-12-04,141.97,88.58,110.97,110.63,23.19,89.98,33.85
2025-12-05,142.1,88.17,110.86,110.45,23.33,89.88,33.89
2025-12-08,141.76,87.88,110.63,110.23,23.04,89.19,33.88
2025-12-09,141.65,87.97,110.49,110.09,22.99,88.85,33.92
2025-12-10,142.8,88.31,111.0,110.45,23.13,89.17,34.05
2025-12-11,143.18,88.19,110.84,110.4,23.11,89.56,34.12
2025-12-12,141.77,87.34,110.17,110.23,22.92,89.45,33.941
2025-12-15,141.8,87.4,110.3,110.15,22.81,89.73,33.88
2025-12-16,139.99,87.88,110.55,110.17,22.58,89.07,33.857
2025-12-17,138.56,87.8,110.43,110.29,22.85,89.4,33.75
2025-12-18,139.71,88.22,110.85,110.5,22.69,88.93,33.88
2025-12-19,140.91,87.55,110.13,109.94,22.85,88.59,34.04
2025-12-22,141.74,87.36,110.11,109.78,22.39,88.24,34.08
2025-12-23,142.46,87.5,110.22,109.83,22.64,88.18,34.12
2025-12-24,142.71,88.03,110.65,110.06,22.63,88.76,34.17
2025-12-26,142.9,87.74,110.64,110.05,22.7,88.86,34.183
2025-12-29,142.41,88.07,110.79,110.15,22.49,89.04,34.11
2025-12-30,142.41,87.86,110.66,110.13,22.64,89.22,33.613
2025-12-31,141.49,87.16,110.19,109.91,22.36,88.49,33.51
2026-01-02,142.49,87.03,110.16,109.86,22.39,88.52,33.74
2026-01-05,143.68,87.46,110.47,110.16,22.81,88.72,33.913
2026-01-06,144.35,87.28,110.47,110.08,22.8,89.37,34.14
2026-01-07,143.81,87.79,110.55,110.25,22.59,88.5,33.9679
2026-01-08,143.77,87.35,110.24,110.03,22.88,89.29,33.985
2026-01-09,144.75,87.93,110.64,110.18,22.9,89.47,34.14
2026-01-12,145.38,87.67,110.51,110.18,23.19,89.59,34.215
2026-01-13,144.89,87.82,110.75,110.28,23.37,90.09,34.2
2026-01-14,144.71,88.33,111.03,110.4,23.39,90.87,34.23
2026-01-15,145.0,88.31,110.89,110.23,23.2,91.5,34.317
2026-01-16,145.0,87.8,110.57,110.02,23.16,92.62,34.32
2026-01-20,142.36,86.65,109.9,109.69,23.48,90.9,34.08
2026-01-21,144.01,87.31,110.56,110.12,23.75,91.26,34.27
2026-01-22,144.81,87.69,110.77,110.01,23.74,90.36,34.39
2026-01-23,145.16,87.93,110.84,110.23,24.18,90.54,34.39
2026-01-26,145.72,88.35,110.93,110.38,24.29,90.42,34.3904
2026-01-27,147.06,87.8,110.81,110.39,24.62,90.39,34.56
2026-01-28,146.84,87.6,110.65,110.44,24.94,89.46,34.63
2026-01-29,146.7,87.62,110.68,110.52,25.3,90.71,34.623
2026-01-30,145.5,87.13,110.57,110.48,24.43,90.8,34.291
2026-02-02,146.31,86.55,110.06,110.19,23.54,89.86,34.39
2026-02-03,145.54,86.76,110.11,110.37,24.15,89.66,34.45
2026-02-04,144.99,86.54,109.97,110.25,24.19,90.95,34.33
2026-02-05,143.21,87.48,110.5,110.56,23.76,90.82,34.12
2026-02-06,146.28,87.54,110.56,110.67,24.01,92.25,34.525
2026-02-09,147.41,87.52,110.56,110.76,24.25,92.64,34.67
2026-02-10,147.31,88.53,110.82,110.99,24.14,93.88,34.71
2026-02-11,147.71,88.06,110.7,110.81,24.37,93.36,34.767
2026-02-12,145.65,89.23,111.22,111.25,23.8,93.25,34.54
2026-02-13,145.94,89.72,111.59,111.39,23.88,94.59,34.62
2026-02-17,146.0,89.87,111.7,111.23,23.59,95.49,34.59
2026-02-18,146.63,89.53,111.59,111.16,24.21,94.37,34.75
2026-02-19,146.34,89.62,111.68,111.25,24.43,94.17,34.74
2026-02-20,147.63,89.41,111.59,111.19,24.6,94.88,34.86
2026-02-23,146.26,89.74,111.71,111.29,24.75,94.89,34.69
2026-02-24,147.33,89.9,111.68,111.31,24.72,95.13,34.86
2026-02-25,148.65,89.91,111.65,111.41,24.75,94.87,35.0
2026-02-26,147.95,90.27,111.72,111.71,24.76,95.52,34.98
2026-02-27,147.38,90.82,111.68,111.88,25.1,95.69,34.9
2026-03-02,146.55,89.61,110.92,111.57,25.81,95.93,34.8
2026-03-03,143.68,89.43,110.87,111.5,25.91,95.42,34.45
2026-03-04,145.0,89.15,110.97,111.25,26.14,95.54,34.61
2026-03-05,143.32,88.79,110.53,111.22,26.52,94.58,34.42
2026-03-06,141.68,88.46,110.16,111.43,27.51,93.55,34.25
2026-03-09,143.05,89.23,110.82,111.61,27.14,93.76,34.3862
2026-03-10,143.05,88.28,110.06,111.24,27.6,93.62,34.447
2026-03-11,142.94,87.14,109.16,111.07,28.13,92.65,34.47
2026-03-12,140.45,86.97,108.57,110.93,28.86,92.01,34.2
2026-03-13,139.54,86.54,108.17,110.71,28.71,92.16,34.14
2026-03-16,141.48,87.21,108.69,111.06,28.31,92.93,34.33
2026-03-17,141.88,87.45,109.3,111.45,28.76,93.34,34.45
2026-03-18,139.71,86.955,108.71,111.24,29.27,91.96,34.24
2026-03-19,139.38,87.49,109.19,111.11,28.84,91.59,34.22
2026-03-20,136.54,85.83,107.85,110.22,28.94,88.75,33.85
2026-03-23,138.81,86.385,108.56,110.19,27.75,89.44,34.06
2026-03-24,138.04,86.01,108.34,109.83,28.24,87.91,34.0
2026-03-25,139.34,86.84,108.73,110.16,28.17,87.84,34.15
2026-03-26,136.38,86.11,107.88,109.76,28.44,87.72,33.82
2026-03-27,134.55,85.64,107.62,109.67,29.1,87.0,33.71
2026-03-30,134.19,86.78,108.31,110.35,29.26,87.33,33.7
2026-03-31,138.37,86.69,108.99,110.36,28.95,88.7,34.12
2026-04-01,139.67,86.26,108.66,110.36,28.68,89.02,34.25
2026-04-02,139.44,86.79,109.12,110.81,29.33,90.23,34.35
2026-04-06,140.15,86.65,108.95,110.76,29.48,90.36,34.3932
2026-04-07,140.2,86.64,109.07,110.89,29.37,90.49,34.44
2026-04-08,144.62,86.92,109.49,110.91,28.56,92.12,34.85
2026-04-09,145.07,86.7,109.49,110.96,28.71,92.78,34.85
2026-04-10,145.04,86.49,109.2,111.02,28.5,92.98,34.89
