Date,Close/Last,Volume,Open,High,Low
04/10/2026,145.04,3870336,145.42,145.69,144.805
04/09/2026,145.07,1766355,144.17,145.385,143.67
04/08/2026,144.62,3983642,145.08,145.425,143.73
04/07/2026,140.20,3498435,139.64,140.28,138.35
04/06/2026,140.15,2980562,139.72,140.40,139.52
04/02/2026,139.44,3515843,137.305,139.97,137.065
04/01/2026,139.67,7240332,139.54,140.49,139.24
03/31/2026,138.37,9946282,135.725,138.52,135.45
03/30/2026,134.19,4458558,135.76,135.87,133.65
03/27/2026,134.55,3699422,135.99,136.12,134.26
03/26/2026,136.38,6633230,137.89,138.67,136.31
03/25/2026,139.34,4464716,139.47,140.03,138.68
03/24/2026,138.04,6268563,137.47,138.86,137.18
03/23/2026,138.81,7483114,138.72,140.275,138.10
03/20/2026,136.54,4892847,138.80,139.03,135.845
03/19/2026,139.38,5815998,138.155,140.04,137.915
03/18/2026,139.71,3895518,141.25,141.56,139.68
03/17/2026,141.88,3908013,142.56,142.69,141.76
03/16/2026,141.48,3359394,141.06,142.065,140.89
03/13/2026,139.54,5931957,141.13,141.84,139.30
03/12/2026,140.45,14277250,141.79,141.79,140.41
03/11/2026,142.94,5533878,142.86,143.65,142.19
03/10/2026,143.05,8145898,143.40,144.81,142.63
03/09/2026,143.05,9087329,140.33,143.49,139.25
03/06/2026,141.68,9653441,141.24,142.44,140.64
03/05/2026,143.32,13123470,143.645,144.525,142.07
03/04/2026,145.00,7874986,144.065,145.35,143.68
03/03/2026,143.68,17312150,142.29,144.28,140.99
03/02/2026,146.55,8736713,145.14,147.06,144.96
02/27/2026,147.38,7754027,147.01,147.62,146.69
02/26/2026,147.95,5766526,148.48,148.60,146.885
02/25/2026,148.65,4710382,148.17,148.75,147.965
02/24/2026,147.33,4873429,146.29,147.54,145.92
02/23/2026,146.26,7129041,147.08,147.73,145.84
02/20/2026,147.63,9126706,146.00,147.67,145.87
02/19/2026,146.34,4351093,145.80,146.40,145.64
02/18/2026,146.63,4214094,146.34,147.29,146.05
02/17/2026,146.00,6739491,145.28,146.36,144.385
02/13/2026,145.94,11700290,145.61,146.61,144.77
02/12/2026,145.65,10575860,148.30,148.37,145.53
02/11/2026,147.71,7414942,148.25,148.41,146.88
02/10/2026,147.31,6799625,147.82,148.01,147.24
02/09/2026,147.41,3577703,146.28,147.68,146.04
02/06/2026,146.28,4312246,144.46,146.47,144.42
02/05/2026,143.21,4062635,143.805,144.54,142.92
02/04/2026,144.99,6793485,146.15,146.25,144.17
02/03/2026,145.54,4627983,146.48,146.64,144.36
02/02/2026,146.31,4847447,145.13,146.57,145.05
01/30/2026,145.50,6876179,146.11,146.425,144.72
01/29/2026,146.70,4339040,147.39,147.43,144.85
01/28/2026,146.84,4428890,147.25,147.31,146.39
01/27/2026,147.06,3690909,146.45,147.16,146.44
01/26/2026,145.72,3018852,145.32,146.13,145.32
01/23/2026,145.16,3350458,144.63,145.25,144.38
01/22/2026,144.81,2681453,144.95,145.17,144.38
01/21/2026,144.01,5535107,142.875,144.63,142.565
01/20/2026,142.36,4322402,142.84,143.66,142.21
01/16/2026,145.00,2625126,145.26,145.30,144.52
01/15/2026,145.00,3457899,145.47,145.63,144.88
01/14/2026,144.71,3001795,144.72,144.785,143.95
01/13/2026,144.89,4752350,145.305,145.40,144.53
01/12/2026,145.38,2887035,144.63,145.48,144.43
01/09/2026,144.75,2359063,144.09,144.965,143.87
01/08/2026,143.77,7426137,143.61,143.905,143.31
01/07/2026,143.81,2909523,144.23,144.49,143.73
01/06/2026,144.35,3321303,143.83,144.47,143.805
01/05/2026,143.68,7924064,143.085,144.70,142.99
01/02/2026,142.49,5218796,142.77,142.95,141.49
12/31/2025,141.49,4232758,142.55,142.90,141.48
12/30/2025,142.41,2691396,142.485,142.745,142.33
12/29/2025,142.41,2902510,142.25,142.67,142.05
12/26/2025,142.90,2068559,142.80,143.04,142.68
12/24/2025,142.71,1780845,142.50,142.86,142.36
12/23/2025,142.46,2152306,141.77,142.49,141.67
12/22/2025,141.74,3352818,141.26,141.85,141.26
12/19/2025,140.91,2607100,140.33,141.14,140.20
12/18/2025,139.71,4226880,139.95,140.53,139.44
12/17/2025,138.56,3601397,140.07,140.24,138.51
12/16/2025,139.99,2664057,140.02,140.50,139.33
12/15/2025,141.80,2818853,142.59,142.75,141.54
12/12/2025,141.77,9587306,143.14,143.235,141.265
12/11/2025,143.18,3394992,142.42,143.2342,141.96
12/10/2025,142.80,3293563,141.60,143.065,141.455
12/09/2025,141.65,2184282,141.73,142.07,141.54
12/08/2025,141.76,1880302,142.32,142.32,141.39
12/05/2025,142.10,9197198,142.32,142.775,141.96
12/04/2025,141.97,3013609,142.02,142.078,141.40
12/03/2025,141.68,3339562,141.09,141.81,140.85
12/02/2025,141.15,3396106,141.26,141.435,140.645
12/01/2025,140.84,3559804,140.55,141.38,140.55
11/28/2025,141.47,2465765,140.92,141.53,140.85
11/26/2025,140.77,2507994,140.15,141.10,140.10
11/25/2025,139.62,4440973,138.60,139.765,137.725
11/24/2025,138.36,3684579,137.44,138.61,137.14
11/21/2025,136.84,7666258,135.995,137.785,135.23
11/20/2025,135.50,6041291,139.49,139.76,135.44
11/19/2025,137.58,3049046,137.39,138.77,136.85
11/18/2025,137.39,5636452,137.60,138.57,136.50
11/17/2025,138.58,4779870,139.38,140.12,137.73
11/14/2025,140.08,4763787,138.825,140.75,138.48
11/13/2025,140.15,3793373,141.72,141.92,139.88
11/12/2025,142.33,3119178,142.37,142.48,141.95
11/11/2025,142.05,1579165,141.37,142.18,141.34
11/10/2025,141.58,2521441,140.67,141.725,140.40
11/07/2025,139.54,5357719,138.90,139.565,137.63
11/06/2025,139.34,4712974,140.385,140.59,139.00
11/05/2025,140.56,2888073,139.82,141.065,139.79
11/04/2025,139.91,3651973,140.06,140.85,139.76
11/03/2025,141.72,3650463,142.12,142.12,141.02
10/31/2025,141.41,3685945,141.61,141.89,140.82
10/30/2025,141.17,4218581,141.52,142.105,141.165
10/29/2025,142.56,4621063,143.00,143.045,141.63
10/28/2025,142.55,2245002,142.37,142.90,142.195
10/27/2025,142.34,2008567,141.83,142.415,141.83
10/24/2025,140.86,3129528,140.68,141.63,140.64
10/23/2025,139.95,2042455,139.41,140.185,139.1778
10/22/2025,139.06,1787359,139.82,139.83,138.29
10/21/2025,139.61,1417441,139.63,140.025,138.41
10/20/2025,140.02,1959818,139.41,140.39,139.29
10/17/2025,138.63,3000205,137.68,138.825,137.48
10/16/2025,138.08,6639574,139.13,139.435,137.48
10/15/2025,138.56,4040818,138.83,139.37,137.44
10/14/2025,137.68,3189578,136.50,138.39,135.99
10/13/2025,137.82,1550341,137.23,138.10,137.14
10/10/2025,135.71,2873373,139.35,139.66,135.70
10/09/2025,139.35,2724210,139.98,140.18,139.01
10/08/2025,140.03,2837141,139.50,140.05,139.40
10/07/2025,139.21,1473394,140.23,140.23,137.89
10/06/2025,140.05,3492284,140.04,140.24,139.67
10/03/2025,139.50,2133206,139.54,140.04,139.22
10/02/2025,139.26,2031449,139.40,139.565,138.642
10/01/2025,138.94,2748863,138.11,139.095,138.10
09/30/2025,138.24,6330285,137.765,139.29,137.52
09/29/2025,137.68,2861493,138.03,139.18,137.58
09/26/2025,137.34,2429580,136.90,137.35,136.60
09/25/2025,136.62,4678455,136.61,136.85,135.94
09/24/2025,137.30,3343956,137.855,137.97,137.06
09/23/2025,137.89,1646162,138.61,138.665,137.36
09/22/2025,138.41,2233860,137.68,138.51,137.575
09/19/2025,137.76,1461574,137.55,138.43,137.29
09/18/2025,137.54,2778051,137.275,137.86,136.97
09/17/2025,136.97,3275022,137.21,137.61,136.08
09/16/2025,137.10,1915946,137.40,137.415,136.82
09/15/2025,137.24,4916315,137.10,137.24,136.83
09/12/2025,136.35,2009579,136.30,136.69,134.99
09/11/2025,136.55,2543562,135.82,136.62,135.68
09/10/2025,135.22,1989234,135.36,135.74,134.965
09/09/2025,134.92,2261044,134.55,134.995,134.38
09/08/2025,134.72,1909246,134.62,134.79,134.325
09/05/2025,134.07,3009869,134.76,134.97,133.30
09/04/2025,133.95,2397886,133.00,133.99,132.94
09/03/2025,133.06,2546435,133.00,133.15,132.50
09/02/2025,132.50,3197189,131.93,132.535,131.52
08/29/2025,133.44,2163183,133.86,133.89,133.12
08/28/2025,134.22,2764299,134.04,134.28,133.62
08/27/2025,133.68,1565441,133.25,133.80,133.215
08/26/2025,133.63,2083079,133.07,133.71,133.07
08/25/2025,133.35,2025399,133.94,134.015,133.32
08/22/2025,134.22,3233978,132.46,134.385,132.46
08/21/2025,132.04,3152456,132.03,132.48,131.76
08/20/2025,132.55,5557184,132.67,132.81,131.73
08/19/2025,132.70,3362849,133.43,133.56,132.53
08/18/2025,133.41,4721042,133.20,133.44,133.09
08/15/2025,133.38,1600101,133.67,133.6875,133.16
08/14/2025,133.35,2425741,133.13,133.47,132.89
08/13/2025,133.56,2269525,133.46,133.74,129.8227
08/12/2025,132.95,2548246,132.06,132.99,131.845
08/11/2025,131.51,3282545,131.80,132.03,131.3045
08/08/2025,131.86,2377537,131.41,131.965,131.31
08/07/2025,131.09,2779458,131.70,131.83,130.455
08/06/2025,130.78,2940417,130.195,130.91,129.99
08/05/2025,129.81,2230933,130.40,130.58,129.545
08/04/2025,130.17,5921665,129.21,130.19,129.21
08/01/2025,128.32,8378944,129.13,129.13,127.77
07/31/2025,129.96,5994489,131.09,131.21,129.74
07/30/2025,130.61,4468304,131.03,131.335,130.10
07/29/2025,131.05,2139613,131.45,131.57,130.88
07/28/2025,131.29,1965342,131.62,131.63,131.045
07/25/2025,131.88,1488201,131.43,131.96,131.345
07/24/2025,131.63,1664258,131.80,131.95,131.60
07/23/2025,131.90,3900188,131.26,131.91,130.905
07/22/2025,130.35,1964878,130.32,130.46,129.65
07/21/2025,130.13,2425992,130.23,130.75,130.04
07/18/2025,129.76,1766376,130.33,130.37,129.635
07/17/2025,129.86,7461521,129.26,129.9499,129.20
07/16/2025,129.34,3145199,128.94,129.40,128.24
07/15/2025,128.84,1498836,129.98,130.04,128.83
07/14/2025,129.38,3144909,129.10,129.475,128.89
07/11/2025,129.20,879341,129.09,129.41,128.95
07/10/2025,129.85,1261963,129.43,130.005,129.26
07/09/2025,129.58,1904289,129.39,129.62,128.97
07/08/2025,128.88,1526773,128.81,129.135,128.605
07/07/2025,128.66,2434801,129.28,129.37,128.19
07/03/2025,129.79,1570159,129.38,129.95,129.25
07/02/2025,129.05,2118935,128.42,129.06,128.19
07/01/2025,128.53,3796467,128.19,128.71,128.09
06/30/2025,128.60,4963452,128.41,128.805,128.09
06/27/2025,128.04,3147812,127.77,128.44,127.36
06/26/2025,127.47,3802271,126.98,127.545,126.80
06/25/2025,126.41,2421409,126.52,126.5425,126.09
06/24/2025,126.50,6680132,125.94,126.6665,125.74
06/23/2025,124.85,6718589,123.51,124.91,123.20
06/20/2025,123.74,2794829,124.59,124.76,123.57
06/18/2025,124.29,4647764,124.46,124.96,124.06
06/17/2025,124.25,2058577,124.885,125.14,124.06
06/16/2025,125.52,3243135,125.33,126.04,125.28
06/13/2025,125.39,3165891,125.555,126.26,125.07
06/12/2025,126.85,1639263,126.13,126.90,126.13
06/11/2025,126.35,2503826,126.86,126.99,126.02
06/10/2025,126.52,2072885,126.09,126.575,125.82
06/09/2025,125.92,1255966,125.79,126.26,125.67
06/06/2025,125.76,1264307,125.70,126.00,125.38
06/05/2025,124.80,3729965,125.71,125.80,124.46
06/04/2025,125.17,2672904,125.07,125.54,125.04
06/03/2025,124.85,1475680,124.20,125.06,124.08
06/02/2025,124.57,2623027,123.66,124.58,123.07
05/30/2025,123.65,8231727,123.79,123.975,122.56
05/29/2025,123.91,5597496,124.54,124.54,123.24
05/28/2025,123.46,2161825,123.97,124.28,123.34
05/27/2025,124.35,4211063,123.59,124.39,123.33
05/23/2025,122.30,2805870,121.29,122.72,121.25
05/22/2025,122.68,2633529,122.37,123.305,122.29
05/21/2025,122.75,6068164,123.75,124.47,122.56
05/20/2025,124.29,1078896,124.16,124.39,123.71
05/19/2025,124.43,2018919,123.08,124.48,123.00
05/16/2025,124.04,1662294,123.61,124.07,123.15
05/15/2025,123.45,2172964,122.66,123.4782,122.48
05/14/2025,122.79,1840945,122.99,123.17,122.46
05/13/2025,122.68,2243145,121.93,123.08,121.90
05/12/2025,122.03,3858014,121.745,122.04,120.98
05/09/2025,119.13,1836548,119.43,119.68,118.86
05/08/2025,118.97,2864521,119.03,119.89,118.54
05/07/2025,118.58,3965509,118.28,119.00,117.82
05/06/2025,118.48,3736576,118.36,119.175,118.00
05/05/2025,119.17,2752174,118.795,119.67,118.795
05/02/2025,119.41,1843976,119.00,119.66,118.78
05/01/2025,117.42,1376247,117.97,118.42,117.35
04/30/2025,116.99,4055104,115.86,117.38,114.85
04/29/2025,116.99,3759846,116.19,117.2358,116.00
04/28/2025,116.40,3091055,116.39,116.71,115.43
04/25/2025,116.18,2710397,115.28,116.23,114.95
04/24/2025,115.51,2877592,113.93,115.62,113.58
04/23/2025,113.44,2144650,114.46,115.18,113.17
04/22/2025,112.07,5348997,110.78,112.57,110.78
04/21/2025,109.60,6984780,110.76,110.99,108.55
04/17/2025,111.40,2470702,111.78,112.33,111.00
04/16/2025,110.93,4677776,111.86,112.52,110.05
04/15/2025,112.72,2828757,112.97,113.62,112.55
04/14/2025,112.65,2556885,113.53,113.65,111.64
04/11/2025,111.10,5281643,109.02,111.84,108.87
04/10/2025,109.25,10438850,110.62,110.76,106.44
04/09/2025,112.70,10941670,103.09,113.17,102.92
04/08/2025,103.59,7824482,108.33,108.83,102.19
04/07/2025,104.97,10798220,102.79,108.735,101.25
04/04/2025,106.00,6192599,109.57,109.825,105.995
04/03/2025,112.91,3714921,114.10,114.74,112.76
04/02/2025,117.40,2394405,115.67,117.86,115.66
04/01/2025,116.80,2637395,116.13,117.12,115.46
03/31/2025,116.39,2622704,114.98,116.65,114.26
03/28/2025,116.24,2029628,117.83,117.945,116.07
03/27/2025,118.28,1785623,118.19,118.90,117.82
03/26/2025,118.45,1724082,119.53,119.75,118.157
03/25/2025,119.77,2414019,119.90,120.015,119.565
03/24/2025,119.71,3691632,119.07,119.71,118.90
03/21/2025,117.98,1582947,117.18,118.125,117.02
03/20/2025,118.23,2272500,117.63,118.855,117.54
03/19/2025,118.73,5359130,117.96,119.45,117.70
03/18/2025,117.77,2009654,118.19,118.35,117.31
03/17/2025,118.62,1420905,117.63,119.045,117.56
03/14/2025,117.45,1630750,116.14,117.63,116.12
03/13/2025,115.16,3381477,116.06,116.35,114.84
03/12/2025,116.49,6023814,116.81,117.07,115.46
03/11/2025,115.80,3854192,116.21,116.905,114.93
03/10/2025,116.41,3143282,117.63,118.03,115.40
03/07/2025,119.50,3069430,118.57,119.70,117.61
03/06/2025,118.70,2602038,119.36,120.19,118.28
03/05/2025,120.56,3238493,119.29,120.85,118.78
03/04/2025,118.68,2477094,118.87,120.21,117.39
03/03/2025,119.55,2080796,121.80,121.96,118.80
02/28/2025,120.83,3213119,119.45,120.895,118.90
02/27/2025,119.67,2304940,121.68,121.80,119.61
02/26/2025,121.52,1515330,121.92,122.48,121.085
02/25/2025,121.29,3115484,122.02,122.035,120.50
02/24/2025,121.48,3654242,122.40,122.56,121.31
02/21/2025,122.13,1722501,123.89,123.89,121.955
02/20/2025,123.81,1265241,123.98,124.05,123.195
02/19/2025,123.98,1712177,123.69,124.06,123.495
02/18/2025,124.13,1465604,123.85,124.15,123.655
02/14/2025,123.62,1850620,124.02,124.02,123.525
02/13/2025,123.64,1946812,122.71,123.64,122.27
02/12/2025,122.22,1541953,121.43,122.49,121.15
02/11/2025,122.33,2912840,121.95,122.485,121.76
02/10/2025,122.31,1794836,122.16,122.32,121.81
02/07/2025,121.33,2692703,122.57,122.755,121.23
02/06/2025,122.31,1145176,122.28,122.335,121.72
02/05/2025,121.89,2394535,121.43,121.94,120.95
02/04/2025,121.30,2030457,120.55,121.44,120.47
02/03/2025,120.21,3330882,119.38,120.6801,118.92
01/31/2025,121.19,2870950,122.35,122.792,121.095
01/30/2025,121.97,2623069,121.66,122.405,121.42
01/29/2025,121.04,1495620,121.24,121.48,120.59
01/28/2025,121.40,1527653,120.70,121.55,120.25
01/27/2025,120.60,5934811,119.78,120.735,119.78
01/24/2025,122.06,1253126,122.30,122.48,121.865
01/23/2025,122.07,2041875,121.29,122.07,121.23
01/22/2025,121.40,2224141,121.69,121.695,121.31
01/21/2025,120.96,2330443,120.40,120.97,120.07
01/17/2025,119.60,1391095,119.43,119.87,119.245
01/16/2025,118.59,4808262,118.88,118.99,118.39
01/15/2025,118.58,2159974,118.37,118.8175,118.05
01/14/2025,116.68,1798302,117.00,117.0495,116.01
01/13/2025,116.35,2217538,115.28,116.37,115.05
01/10/2025,116.37,4178346,117.45,117.45,116.04
01/08/2025,118.17,2782663,117.80,118.38,117.43
01/07/2025,118.16,15707450,119.82,119.895,117.81
01/06/2025,119.31,3330934,119.53,120.10,119.03
01/03/2025,118.49,2191875,117.81,118.64,117.57
01/02/2025,117.27,4057045,118.01,118.36,116.64
12/31/2024,117.50,5077317,118.27,118.38,117.28
12/30/2024,117.82,2461728,117.91,118.415,117.23
12/27/2024,119.04,3466665,119.40,119.42,118.36
12/26/2024,119.95,1489216,119.50,120.19,119.42
12/24/2024,119.85,825415,118.95,119.87,118.90
12/23/2024,118.85,3194654,117.90,118.95,117.55
12/20/2024,118.12,4712001,116.49,119.04,116.355
12/19/2024,117.20,4804786,118.22,118.42,117.16
12/18/2024,117.19,6811197,120.75,121.035,117.02
12/17/2024,120.78,5852244,120.84,120.99,120.55
12/16/2024,122.31,8437028,122.20,122.58,122.11
12/13/2024,122.06,2132625,122.50,122.62,121.79
12/12/2024,122.20,2622701,122.71,122.90,122.175
12/11/2024,122.97,3039733,122.71,123.13,122.63
12/10/2024,122.10,2371866,122.89,122.89,121.965
12/09/2024,122.83,4113700,123.56,123.58,122.7371
12/06/2024,123.12,1442757,123.20,123.38,122.96
12/05/2024,122.97,2185864,122.99,123.27,122.68
12/04/2024,122.90,2090593,122.66,122.955,122.48
12/03/2024,122.25,1195842,122.11,122.335,121.8733
12/02/2024,122.03,2306095,121.90,122.165,121.63
11/29/2024,121.77,1756635,121.09,121.915,121.00
11/27/2024,120.95,1367902,121.17,121.42,120.63
11/26/2024,121.04,1691504,121.04,121.19,120.61
11/25/2024,120.86,1392794,121.33,121.44,120.44
11/22/2024,120.44,2370426,120.01,120.53,119.95
11/21/2024,120.01,3614953,119.95,120.265,119.105
11/20/2024,119.56,1851017,119.52,119.56,118.52
11/19/2024,119.56,2115394,118.47,119.715,118.26
11/18/2024,119.23,2145703,118.78,119.44,118.545
11/15/2024,118.64,2126852,119.34,119.34,118.32
11/14/2024,119.75,1081986,120.41,120.62,119.65
11/13/2024,120.31,2627638,120.45,120.66,119.875
11/12/2024,120.55,1440838,121.09,121.12,120.01
11/11/2024,121.45,1885367,121.62,121.72,121.10
11/08/2024,121.30,1200412,121.28,121.49,121.005
11/07/2024,121.62,1079849,121.15,121.855,121.07
11/06/2024,120.27,3767204,119.73,120.42,119.155
11/05/2024,118.85,1754887,117.84,118.87,117.83
11/04/2024,117.48,1935730,117.81,118.09,117.195
11/01/2024,117.50,1897011,117.73,118.32,117.42
10/31/2024,117.05,2210182,118.18,118.21,116.985
10/30/2024,118.84,1196126,118.90,119.495,118.71
10/29/2024,119.37,1370802,119.25,119.62,118.96
10/28/2024,119.44,1559305,119.50,119.66,119.36
10/25/2024,118.82,3116102,119.52,119.93,118.75
10/24/2024,119.03,3242307,119.26,119.28,118.54
10/23/2024,118.75,3229955,119.50,119.50,118.10
10/22/2024,119.81,5334048,119.51,120.04,119.39
10/21/2024,120.07,2487710,120.00,120.435,119.58
10/18/2024,120.65,996391,120.62,120.755,120.29
10/17/2024,119.95,2363164,120.48,120.60,119.93
10/16/2024,120.00,1476651,119.57,120.09,119.51
10/15/2024,119.52,925569,120.58,120.68,119.26
10/14/2024,120.78,634094,120.25,120.93,120.14
10/11/2024,120.16,1093756,119.32,120.29,119.32
10/10/2024,119.41,653784,119.32,119.595,118.95
10/09/2024,119.53,1163028,118.70,119.64,118.61
10/08/2024,119.04,1346099,118.72,119.14,118.54
10/07/2024,118.73,2220201,119.35,119.38,118.395
10/04/2024,119.48,907360,119.24,119.575,118.63
10/03/2024,118.48,1287768,118.46,118.87,118.13
10/02/2024,119.07,5192665,118.70,119.19,118.31
10/01/2024,118.79,2631129,119.45,119.58,118.17
09/30/2024,119.55,3410483,119.43,119.635,118.63
09/27/2024,119.56,1619180,119.99,120.235,119.35
09/26/2024,119.84,1331668,119.91,120.19,119.415
09/25/2024,118.52,2631249,119.01,119.11,118.42
09/24/2024,119.02,1765889,118.73,119.06,118.2601
09/23/2024,118.21,1127110,118.165,118.36,117.9401
09/20/2024,117.76,2584019,117.85,118.00,117.28
09/19/2024,118.23,2830679,118.19,118.5726,117.55
09/18/2024,116.16,1133562,116.55,117.60,116.03
09/17/2024,116.49,1563862,116.96,117.13,116.08
09/16/2024,116.61,3171767,116.33,116.665,115.95
09/13/2024,116.21,1015090,115.91,116.39,115.77
09/12/2024,115.63,1991333,114.82,115.705,114.40
09/11/2024,114.63,2528123,113.61,114.815,112.07
09/10/2024,113.63,1075782,113.68,113.71,112.635
09/09/2024,113.47,1101549,113.24,113.79,112.89
09/06/2024,112.31,1865682,114.25,114.5699,112.12
09/05/2024,114.25,1311853,114.41,114.93,113.79
09/04/2024,114.39,1662991,114.26,115.07,114.13
09/03/2024,114.74,1730055,116.38,116.38,114.27
08/30/2024,116.98,1105288,116.60,117.09,115.905
08/29/2024,116.16,2105918,116.44,117.13,115.99
08/28/2024,116.06,1113445,116.62,116.654,115.48
08/27/2024,116.70,1466525,116.42,116.835,116.14
08/26/2024,116.47,2118124,116.90,117.00,116.21
08/23/2024,116.90,2086784,116.10,116.98,116.01
08/22/2024,115.34,2864134,116.54,116.66,115.14
08/21/2024,116.26,2689020,115.99,116.42,115.67
08/20/2024,115.66,1776243,115.87,116.10,115.37
08/19/2024,115.95,2268793,115.205,115.955,115.04
08/16/2024,114.80,2234726,114.26,114.899,114.21
08/15/2024,114.40,859807,113.68,114.42,113.67
08/14/2024,112.61,1621108,112.52,112.795,112.03
08/13/2024,112.31,4334703,111.25,112.40,111.18
08/12/2024,110.61,3016970,110.79,111.07,110.19
08/09/2024,110.53,1569466,109.93,110.75,109.64
08/08/2024,110.04,2609082,108.75,110.19,108.41
08/07/2024,107.77,10883730,109.56,109.99,107.65
08/06/2024,107.97,4126687,107.28,109.24,106.96
08/05/2024,107.24,6906058,105.31,108.235,105.31
08/02/2024,110.13,3615031,110.52,110.81,109.235
08/01/2024,112.10,2101553,113.98,114.41,111.47
07/31/2024,114.13,2361765,113.79,114.69,113.63
07/30/2024,112.29,2305307,112.90,113.15,111.69
07/29/2024,112.67,1641353,112.91,113.05,112.30
07/26/2024,112.77,1745163,112.34,113.185,112.20
07/25/2024,111.45,3338191,111.61,113.02,111.115
07/24/2024,112.02,2833984,113.50,113.55,111.89
07/23/2024,114.27,1374147,114.49,114.76,114.20
07/22/2024,114.66,1556382,114.30,114.72,114.00
07/19/2024,113.49,3837433,114.11,114.31,113.33
07/18/2024,114.24,3432464,115.74,115.74,113.86
07/17/2024,115.22,2736945,115.63,115.93,115.155
07/16/2024,116.69,12654930,116.23,116.75,116.115
07/15/2024,116.07,2661376,116.42,116.68,115.77
07/12/2024,116.19,1776470,115.69,116.805,115.69
07/11/2024,115.35,3787399,116.09,116.38,115.225
07/10/2024,115.80,1685810,115.00,115.885,115.00
07/09/2024,114.63,2000566,114.80,114.87,114.51
07/08/2024,114.66,1788873,114.80,114.93,114.45
07/05/2024,114.66,1694452,114.03,114.715,113.93
07/03/2024,114.01,692652,113.37,114.07,113.37
07/02/2024,113.19,1170408,112.35,113.195,112.30
07/01/2024,112.59,2068162,112.81,112.865,112.16
06/28/2024,112.40,3997432,112.87,113.315,112.08
06/27/2024,112.62,3234262,112.59,112.82,112.34
06/26/2024,112.46,2970100,112.20,112.58,112.045
06/25/2024,112.59,3248579,112.36,112.66,112.16
06/24/2024,112.25,3223346,112.27,113.06,112.25
06/21/2024,112.15,1707905,112.28,112.42,111.93
06/20/2024,112.60,3286066,112.98,113.08,112.21
06/18/2024,112.83,2895064,112.37,112.83,112.37
06/17/2024,112.37,999342,111.49,112.57,111.39
06/14/2024,111.66,1931479,111.29,111.66,111.055
06/13/2024,111.87,4186683,112.29,112.335,111.38
06/12/2024,112.22,3698112,112.41,112.795,111.98
06/11/2024,111.15,8451844,111.05,111.18,110.32
06/10/2024,112.31,8037889,111.82,112.4001,111.605
06/07/2024,111.98,2217558,112.41,112.55,111.90
06/06/2024,112.54,2458019,112.76,112.76,112.19
06/05/2024,112.43,2322796,111.82,112.43,111.34
06/04/2024,111.15,1941373,110.91,111.275,110.495
06/03/2024,111.30,3648697,111.58,111.655,110.43
05/31/2024,111.08,1879719,110.49,111.10,109.57
05/30/2024,110.32,4292334,110.52,110.77,110.075
05/29/2024,110.60,5467507,110.67,110.8225,110.505
05/28/2024,111.73,2290789,111.98,112.01,111.24
05/24/2024,111.70,927642,111.37,111.86,111.24
05/23/2024,110.98,1731889,112.49,112.49,110.735
05/22/2024,111.72,2050953,112.00,112.07,111.32
05/21/2024,112.25,1540773,111.92,112.27,111.89
05/20/2024,112.23,3488585,112.18,112.49,112.075
05/17/2024,112.16,1785055,111.90,112.17,111.81
05/16/2024,111.90,2796872,112.18,112.36,111.87
05/15/2024,112.13,2645134,111.36,112.18,111.215
05/14/2024,110.86,1106899,110.37,110.92,110.345
05/13/2024,110.25,787874,110.59,110.59,110.08
05/10/2024,110.18,856062,110.47,110.57,110.01
05/09/2024,110.04,925432,109.45,110.045,109.315
05/08/2024,109.38,564071,108.90,109.45,108.90
05/07/2024,109.44,2223978,109.56,109.70,109.30
05/06/2024,109.41,1740480,108.93,109.41,108.85
05/03/2024,108.43,3358947,108.39,108.66,107.85
05/02/2024,107.26,2099809,106.96,107.42,106.09
05/01/2024,105.94,2208160,106.22,107.46,105.80
04/30/2024,106.22,2360985,107.45,107.66,106.215
04/29/2024,107.85,1799754,107.74,107.93,107.365
04/26/2024,107.38,2381320,107.03,107.61,106.92
04/25/2024,106.39,2621168,105.38,106.55,105.11
04/24/2024,106.72,2191910,107.05,107.13,106.27
04/23/2024,106.78,2936805,105.94,106.8977,105.90
04/22/2024,105.60,2442694,105.05,106.055,104.775
04/19/2024,104.54,4029641,105.08,105.39,104.29
04/18/2024,105.19,1116597,105.52,106.04,104.985
04/17/2024,105.34,2289840,106.28,106.31,104.99
04/16/2024,105.73,2512394,105.91,106.29,105.425
04/15/2024,106.29,5107734,108.26,108.29,106.08
04/12/2024,107.33,3319529,108.09,108.41,107.03
04/11/2024,109.01,1702100,108.70,109.24,107.90
04/10/2024,108.37,7321588,108.28,108.80,107.94
04/09/2024,109.62,1983555,109.93,109.97,108.77
04/08/2024,109.46,1934940,109.54,109.69,109.32
04/05/2024,109.23,4344740,108.55,109.57,108.40
04/04/2024,108.38,2584231,110.45,110.45,108.31
04/03/2024,109.48,2473633,109.04,109.755,109.02
04/02/2024,109.22,1836440,109.05,109.26,108.87
04/01/2024,109.87,1857240,110.24,110.38,109.63
03/28/2024,110.13,986253,110.10,110.345,110.06
03/27/2024,110.15,1268460,109.86,110.15,109.50
03/26/2024,109.35,1940302,109.81,109.89,109.33
03/25/2024,109.50,871625,109.445,109.73,109.43
03/22/2024,109.72,1712019,109.90,109.97,109.64
03/21/2024,109.98,4229439,110.26,110.37,109.94
03/20/2024,109.74,2954145,108.68,109.78,108.57
03/19/2024,108.64,3857978,108.07,108.725,107.84
03/18/2024,108.26,1913207,108.54,108.66,108.19
03/15/2024,107.82,2241037,107.97,108.20,107.55
03/14/2024,108.37,3938852,108.95,108.95,107.80
03/13/2024,108.80,2082853,108.88,109.06,108.56
03/12/2024,108.94,2195749,108.31,109.00,107.77
03/11/2024,107.85,1490713,107.70,107.96,107.3451
03/08/2024,108.07,3063138,108.82,109.22,107.90
03/07/2024,108.60,2188002,108.14,108.75,107.99
03/06/2024,107.48,2515407,107.64,107.905,107.23
03/05/2024,106.65,3913622,107.20,107.37,106.24
03/04/2024,107.52,3548222,107.53,107.825,107.44
03/01/2024,107.68,3603706,106.92,107.75,106.74
02/29/2024,106.65,4878171,106.73,106.85,106.10
02/28/2024,106.24,4609128,106.21,106.39,106.085
02/27/2024,106.69,5568270,106.53,106.715,106.35
02/26/2024,106.48,2002277,106.76,106.86,106.40
02/23/2024,106.77,1867908,106.95,107.11,106.59
02/22/2024,106.725,4529881,106.08,106.875,106.03
02/21/2024,104.92,4078001,104.65,104.94,104.29
02/20/2024,104.89,3328519,105.16,105.25,104.475
02/16/2024,105.19,2704634,105.47,105.76,104.96
02/15/2024,105.45,3224900,104.84,105.47,104.81
02/14/2024,104.61,2691586,104.16,104.68,103.84
02/13/2024,103.47,3387225,103.69,103.93,102.895
02/12/2024,105.14,3071677,104.95,105.56,104.95
02/09/2024,105.01,3663846,104.58,105.065,104.50
02/08/2024,104.45,4335441,104.43,104.51,104.21
02/07/2024,104.47,2348402,104.12,104.56,104.06
02/06/2024,103.94,5034244,103.63,103.94,103.49
02/05/2024,103.34,3258377,103.47,103.62,102.82
02/02/2024,103.74,5939774,103.12,103.985,102.97
02/01/2024,103.32,11843650,102.39,103.32,102.24
01/31/2024,102.05,7040962,103.10,103.31,102.03
01/30/2024,103.39,2354422,103.30,103.50,103.16
01/29/2024,103.56,5161172,102.90,103.61,102.765
01/26/2024,102.88,4609914,102.90,103.13,102.70
01/25/2024,102.79,4227717,102.76,102.80,102.30
01/24/2024,102.38,5796808,102.95,103.065,102.32
01/23/2024,102.04,12402430,101.82,102.065,101.59
01/22/2024,101.83,17480880,101.87,102.15,101.68
01/19/2024,101.67,3887683,100.81,101.69,100.56
01/18/2024,100.66,5332170,100.15,100.72,99.89
01/17/2024,99.79,13827180,99.59,99.83,99.26
01/16/2024,100.56,5238506,100.79,100.98,100.225
01/12/2024,101.45,3336076,101.72,101.965,101.265
01/11/2024,101.24,5915959,101.47,101.63,100.405
01/10/2024,101.29,7878564,100.92,101.435,100.83
01/09/2024,100.82,4043618,100.48,101.025,100.405
01/08/2024,101.28,7516590,100.11,101.29,100.08
01/05/2024,100.08,3524066,99.97,100.725,99.855
01/04/2024,99.99,2676971,99.98,100.62,99.92
01/03/2024,100.10,3666781,100.27,100.54,99.935
01/02/2024,100.90,4067052,101.01,101.23,100.59
12/29/2023,101.77,3341473,101.97,102.145,101.48
12/28/2023,101.96,3909054,102.13,102.28,101.905
12/27/2023,101.96,3905952,101.72,102.025,101.60
12/26/2023,101.67,3021323,101.40,101.84,101.30
12/22/2023,101.18,3519997,101.15,101.469,100.795
12/21/2023,101.03,4268546,100.60,101.07,100.265
12/20/2023,99.78,8277208,101.03,101.345,99.76
12/19/2023,102.15,8803807,101.74,102.17,101.67
12/18/2023,101.42,2490305,101.34,101.56,101.16
12/15/2023,100.97,2759192,101.25,101.40,100.89
12/14/2023,101.40,3648603,101.33,101.689,100.89
12/13/2023,100.75,6968941,99.47,100.80,99.175
12/12/2023,99.38,3356179,98.95,99.41,98.69
12/11/2023,99.06,4661251,98.53,99.12,98.47
12/08/2023,98.71,2459771,98.13,98.82,98.13
12/07/2023,98.39,2923178,98.14,98.51,97.92
12/06/2023,97.76,3211048,98.60,98.60,97.70
12/05/2023,97.95,2374777,97.80,98.175,97.66
12/04/2023,98.14,3605453,97.93,98.305,97.735
12/01/2023,98.75,5299541,97.83,98.85,97.775
11/30/2023,98.02,3946785,97.89,98.115,97.58
11/29/2023,97.77,4086800,98.15,98.325,97.70
11/28/2023,97.78,6387594,97.59,98.03,97.42
11/27/2023,97.62,8016585,97.71,97.78,97.53
11/24/2023,97.88,774507,97.72,97.895,97.65
11/22/2023,97.64,3275552,97.61,97.83,97.315
11/21/2023,97.37,3352339,97.53,97.53,97.21
11/20/2023,97.63,3102186,96.89,97.815,96.89
11/17/2023,96.95,4134893,96.81,97.035,96.61
11/16/2023,96.52,2122612,96.37,96.67,96.11
11/15/2023,96.59,4183695,96.70,97.02,96.45
11/14/2023,96.39,3893186,95.76,96.62,95.57
11/13/2023,94.33,3010976,93.96,94.55,93.855
11/10/2023,94.31,2003706,93.48,94.36,93.09
11/09/2023,93.24,12563900,94.14,94.22,93.17
11/08/2023,93.80,2046608,93.86,94.055,93.37
11/07/2023,93.82,3239654,93.62,93.97,93.34
11/06/2023,93.87,2623399,93.99,94.07,93.51
11/03/2023,93.79,3144090,93.40,94.07,93.40
11/02/2023,92.72,2577539,92.07,92.765,91.98
11/01/2023,90.92,6827893,90.23,91.045,90.09
10/31/2023,90.02,3220045,89.77,90.057,89.30
10/30/2023,89.62,2524862,89.35,89.81,89.04
10/27/2023,88.59,2660060,89.42,89.465,88.335
10/26/2023,88.91,2376551,89.52,89.72,88.69
10/25/2023,89.83,2571206,90.61,90.61,89.715
10/24/2023,90.99,1578343,90.71,91.20,90.45
10/23/2023,90.33,3015157,89.99,91.0316,89.665
10/20/2023,90.40,3276989,91.28,91.39,90.39
10/19/2023,91.49,2798534,92.25,92.69,91.335
10/18/2023,92.32,5959252,93.15,93.26,92.10
10/17/2023,93.66,5424181,92.90,94.085,92.88
10/16/2023,93.62,4269576,93.09,93.78,93.03
10/13/2023,92.77,5099371,93.46,93.69,92.42
10/12/2023,93.30,2831785,94.12,94.12,92.84
10/11/2023,94.02,1612835,93.99,94.11,93.41
10/10/2023,93.59,4807317,93.24,94.06,93.13
10/09/2023,92.81,3179680,91.85,92.92,91.78
10/06/2023,92.48,5040275,90.99,92.76,90.635
10/05/2023,91.35,8876292,91.25,91.50,90.69
10/04/2023,91.12,1850912,90.80,91.26,90.35
10/03/2023,90.73,1968848,91.36,91.64,90.44
10/02/2023,91.96,1748725,92.15,92.29,91.49
09/29/2023,92.37,2475984,93.45,93.45,92.16
09/28/2023,92.63,2619047,91.99,92.94,91.82
09/27/2023,92.06,2563119,92.38,92.46,91.32
09/26/2023,92.02,4868152,92.70,92.88,91.90
09/25/2023,93.38,1647070,92.81,93.39,92.75
09/22/2023,93.26,1521337,93.71,93.965,93.21
09/21/2023,93.32,2613577,94.06,94.15,93.25
09/20/2023,94.89,1121261,95.82,96.02,94.85
09/19/2023,95.51,1716587,95.57,95.715,95.0615
09/18/2023,95.72,616025,95.60,95.92,95.475
09/15/2023,95.82,4235389,96.47,96.51,95.72
09/14/2023,96.60,1336332,96.35,96.7301,96.08
09/13/2023,95.72,2860191,95.70,95.96,95.47
09/12/2023,95.69,1073680,95.77,96.17,95.65
09/11/2023,96.15,1015789,96.08,96.17,95.78
09/08/2023,95.33,1110406,95.32,95.65,95.19
09/07/2023,95.29,1748737,95.07,95.41,94.895
09/06/2023,95.65,1371351,96.07,96.15,95.24
09/05/2023,96.21,2095098,96.59,96.63,96.21
09/01/2023,96.77,2337806,97.24,97.39,96.50
08/31/2023,96.50,3860918,96.80,96.99,96.44
08/30/2023,96.80,1707620,96.63,96.97,96.43
08/29/2023,96.56,2711466,95.11,96.61,95.10
08/28/2023,95.21,2006879,95.02,95.335,94.89
08/25/2023,94.48,2030835,94.26,94.77,93.4912
08/24/2023,93.91,1937370,95.22,95.38,93.89
08/23/2023,95.12,3203103,94.35,95.26,94.31
08/22/2023,94.01,1550848,94.66,94.66,93.91
08/21/2023,94.22,1641646,93.99,94.37,93.505
08/18/2023,93.73,2441366,93.05,93.94,93.02
08/17/2023,93.77,2662688,94.75,94.83,93.66
08/16/2023,94.39,1946572,94.89,95.27,94.37
08/15/2023,95.12,4823732,95.86,95.88,94.98
08/14/2023,96.30,3810986,95.63,96.30,95.50
08/11/2023,96.11,912843,95.92,96.385,95.795
08/10/2023,96.47,3729054,97.01,97.70,96.27
08/09/2023,96.32,1622295,96.89,96.899,96.14
08/08/2023,96.73,2672463,96.46,96.83,95.98
08/07/2023,97.29,1602666,97.08,97.325,96.74
08/04/2023,96.64,2931091,97.21,97.79,96.525
08/03/2023,96.84,5379112,96.55,97.19,96.48
08/02/2023,97.07,5789053,97.76,97.83,96.92
08/01/2023,98.70,3209221,98.83,99.01,98.53
07/31/2023,99.39,2951888,99.30,99.51,99.15
07/28/2023,99.20,4202573,98.99,99.395,98.86
07/27/2023,98.17,3035902,99.53,99.53,97.985
07/26/2023,98.79,3511338,98.30,99.06,98.30
07/25/2023,98.66,4697394,98.39,98.87,98.38
07/24/2023,98.34,3472438,98.10,98.50,97.96
07/21/2023,97.99,2109354,98.26,98.32,97.94
07/20/2023,97.94,6185601,98.39,98.53,97.79
07/19/2023,98.60,6198481,98.60,98.85,98.44
07/18/2023,98.48,3427430,97.85,98.57,97.75
07/17/2023,97.93,4090666,97.54,98.095,97.46
07/14/2023,97.68,3898457,98.04,98.10,97.57
07/13/2023,97.95,1997526,97.54,98.09,97.48
07/12/2023,96.85,3326162,96.77,97.04,96.62
07/11/2023,95.70,725234,95.26,95.77,95.015
07/10/2023,94.95,1066412,94.57,94.9685,94.57
07/07/2023,94.71,949015,94.48,95.42,94.44
07/06/2023,94.52,2127117,94.62,94.66,93.98
07/05/2023,95.70,3163478,95.68,95.85,95.525
07/03/2023,96.17,1508912,96.02,96.22,95.97
06/30/2023,95.94,2247755,95.66,96.09,95.59
06/29/2023,94.89,1937294,94.52,94.89,94.43
06/28/2023,94.73,1317541,94.50,94.92,94.36
06/27/2023,94.74,2984856,94.07,94.82,93.88
06/26/2023,93.75,1824549,93.95,94.255,93.73
06/23/2023,93.91,1995361,93.80,94.21,93.76
06/22/2023,94.89,1609734,94.52,94.90,94.40
06/21/2023,94.87,2768488,94.93,95.24,94.685
06/20/2023,95.20,4809710,95.38,95.50,94.85
06/16/2023,96.08,2292303,96.81,96.81,96.00
06/15/2023,96.36,2295711,95.24,96.56,95.16
06/14/2023,95.28,1349379,95.29,95.655,94.57
06/13/2023,95.05,4370137,94.90,95.205,94.72
06/12/2023,94.32,3086580,93.88,94.33,93.71
06/09/2023,93.64,3250650,93.69,94.03,93.45
06/08/2023,93.51,3750461,92.95,93.61,92.84
06/07/2023,92.84,8882851,93.34,93.58,92.755
06/06/2023,94.29,5433968,93.82,94.37,93.72
06/05/2023,93.84,4295297,94.12,94.28,93.7103
06/02/2023,94.09,5408906,93.64,94.26,93.49
06/01/2023,92.71,5391909,91.77,92.905,91.64
05/31/2023,91.62,2274580,91.68,91.875,91.17
05/30/2023,92.28,4063526,92.87,92.915,92.00
05/26/2023,92.66,2216523,91.74,92.79,91.74
05/25/2023,91.46,1838175,91.59,91.72,91.07
05/24/2023,91.09,1917150,91.42,91.42,90.905
05/23/2023,91.94,3813975,92.63,92.75,91.91
05/22/2023,93.11,1831362,93.10,93.38,92.88
05/19/2023,92.97,1909584,93.14,93.29,92.74
05/18/2023,92.91,4237746,92.34,92.99,92.18
05/17/2023,92.45,2749093,91.89,92.545,91.55
05/16/2023,91.59,3550091,91.97,92.14,91.58
05/15/2023,92.33,2903862,91.94,92.38,91.70
05/12/2023,91.70,1265264,92.08,92.12,91.255
05/11/2023,91.96,3497519,91.84,91.99,91.43
05/10/2023,92.19,6397039,92.36,92.47,91.44
05/09/2023,91.96,1514836,91.81,92.15,91.75
05/08/2023,92.35,1866543,92.49,92.49,92.085
05/05/2023,92.31,3619985,91.46,92.50,91.425
05/04/2023,90.77,2789323,91.02,91.11,90.50
05/03/2023,91.10,3964030,91.56,92.14,91.06
05/02/2023,91.43,1313611,92.13,92.13,90.84
05/01/2023,92.47,923040,92.56,92.845,92.425
04/28/2023,92.59,1530499,91.74,92.59,91.70
04/27/2023,92.05,5115498,91.09,92.10,90.99
04/26/2023,90.50,7731950,91.12,91.19,90.40
04/25/2023,90.73,3988401,91.66,91.73,90.71
04/24/2023,92.21,2106428,92.10,92.31,91.86
04/21/2023,92.17,3061902,92.05,92.255,91.675
04/20/2023,92.11,1860524,91.94,92.455,91.81
04/19/2023,92.45,4394408,92.14,92.61,92.10
04/18/2023,92.64,1634700,92.88,92.92,92.36
04/17/2023,92.47,3195189,92.22,92.47,91.92
04/14/2023,92.30,1095634,92.42,92.85,91.83
04/13/2023,92.57,2465609,91.78,92.65,91.78
04/12/2023,91.35,2390229,92.05,92.14,91.245
04/11/2023,91.50,2008026,91.49,91.75,91.345
04/10/2023,91.32,1310558,90.74,91.32,90.57
04/06/2023,91.26,1758063,90.72,91.36,90.52
04/05/2023,90.90,1678696,91.12,91.21,90.57
04/04/2023,91.37,2146587,91.75,91.885,91.025
04/03/2023,91.69,7711174,91.13,91.725,91.05
03/31/2023,91.16,3182357,90.56,91.20,90.45
03/30/2023,90.26,1973903,90.32,90.40,89.92
03/29/2023,89.53,5193798,89.29,89.595,89.07
03/28/2023,88.45,6464329,88.39,88.54,88.06
03/27/2023,88.37,1570462,88.48,88.66,88.06
03/24/2023,88.06,5883438,87.36,88.105,86.94
03/23/2023,87.85,2834264,88.35,89.16,87.34
03/22/2023,87.62,3106182,88.65,89.58,87.59
03/21/2023,88.57,2800076,88.36,88.68,87.97
03/20/2023,87.41,2152683,86.77,87.58,86.73
03/17/2023,86.57,2466768,87.16,87.32,86.23
03/16/2023,87.52,4573159,85.68,87.55,85.50
03/15/2023,86.12,3277236,85.48,86.13,84.945
03/14/2023,87.33,2071249,87.06,87.62,86.485
03/13/2023,86.14,5470017,85.51,87.045,85.305
03/10/2023,86.36,5485062,87.39,87.80,86.12
03/09/2023,87.51,2954948,89.00,89.34,87.35
03/08/2023,88.94,1800011,88.85,89.17,88.52
03/07/2023,88.75,1492627,90.03,90.11,88.60
03/06/2023,90.17,4315562,90.28,90.74,90.08
03/03/2023,90.23,3629436,89.42,90.305,89.17
03/02/2023,88.89,5607373,87.94,89.075,87.83
03/01/2023,88.41,3307685,88.53,88.81,88.13
02/28/2023,88.22,5007629,88.57,88.81,88.22
02/27/2023,88.68,2749921,88.95,89.24,88.51
02/24/2023,88.16,2460135,87.96,88.29,87.66
02/23/2023,89.35,2342082,89.52,89.65,88.47
02/22/2023,88.92,3636828,89.18,89.43,88.63
02/21/2023,89.16,6718305,89.88,90.13,89.095
02/17/2023,90.71,4542038,90.42,90.76,90.05
02/16/2023,90.94,2273891,90.85,91.79,90.77
02/15/2023,91.87,1658071,91.03,91.87,90.96
02/14/2023,91.81,3575673,91.41,92.29,90.965
02/13/2023,91.76,6341088,90.94,91.82,90.84
02/10/2023,90.80,1991827,90.57,90.89,90.29
02/09/2023,90.88,3025702,92.28,92.35,90.605
02/08/2023,91.28,2544294,91.87,91.99,91.15
02/07/2023,92.07,3044796,90.91,92.265,90.61
02/06/2023,91.10,4259400,91.23,91.29,90.67
02/03/2023,91.86,2997815,91.80,92.79,91.625
02/02/2023,92.93,3485909,92.95,93.235,92.22
02/01/2023,92.18,3807647,91.02,92.71,90.43
01/31/2023,91.25,8372001,90.16,91.26,90.09
01/30/2023,90.27,7535087,90.78,91.18,90.23
01/27/2023,91.37,5553346,90.95,91.805,90.92
01/26/2023,91.32,5496295,91.11,91.36,90.40
01/25/2023,90.55,6457180,89.63,90.63,89.235
01/24/2023,90.34,5137363,90.06,90.52,89.78
01/23/2023,90.46,7665854,89.67,90.78,89.55
01/20/2023,89.67,5019831,88.45,89.68,88.19
01/19/2023,88.30,3860004,88.30,88.68,87.88
01/18/2023,88.65,3426928,90.18,90.31,88.61
01/17/2023,89.63,3795085,89.69,90.07,89.47
01/13/2023,89.69,8269355,88.73,89.78,88.72
01/12/2023,89.29,5230722,89.12,89.53,88.11
01/11/2023,88.67,13190270,88.07,88.69,87.905
01/10/2023,87.75,4361217,87.19,87.77,86.92
01/09/2023,87.26,6658516,87.66,88.33,87.22
01/06/2023,87.07,5254103,85.80,87.25,85.13
01/05/2023,85.10,8268003,85.42,85.515,84.92
01/04/2023,85.98,5696319,85.82,86.28,85.11
01/03/2023,84.90,13271990,85.51,86.02,84.395
12/30/2022,84.88,4201951,84.82,85.06,84.33
12/29/2022,85.39,5039100,84.76,85.58,84.61
12/28/2022,83.93,3474654,85.05,85.385,83.93
12/27/2022,85.03,4102267,85.15,85.35,84.685
12/23/2022,85.06,4502250,84.51,85.065,84.17
12/22/2022,84.67,5524923,85.15,85.185,83.59
12/21/2022,85.70,3799281,85.12,85.94,84.98
12/20/2022,84.59,9583283,84.40,84.955,84.10
12/19/2022,84.40,5020395,85.11,85.14,84.10
12/16/2022,84.92,4681057,85.15,85.52,84.54
12/15/2022,85.75,3598183,86.87,87.03,85.415
12/14/2022,87.91,6056043,88.30,89.00,87.25
12/13/2022,88.25,9199598,89.92,89.92,87.80
12/12/2022,88.12,7170703,87.50,88.13,87.22
12/09/2022,87.34,7892819,87.76,88.195,87.31
12/08/2022,87.76,2221026,87.47,87.96,87.16
12/07/2022,87.09,4579304,87.05,87.54,86.88
12/06/2022,87.25,4401374,88.25,88.35,86.835
12/05/2022,88.19,16178470,89.20,89.39,87.91
12/02/2022,89.72,4086443,88.79,89.95,88.76
12/01/2022,89.80,5332327,90.09,90.37,89.31
11/30/2022,89.67,6897359,87.64,89.67,87.07
11/29/2022,87.19,3482360,87.31,87.62,86.865
11/28/2022,87.01,10513610,87.70,88.05,86.87
11/25/2022,88.29,1664637,88.19,88.395,88.08
11/23/2022,88.22,1666668,87.51,88.335,87.51
11/22/2022,87.54,4189444,86.86,87.58,86.60
11/21/2022,86.46,5248590,86.40,86.65,86.04
11/18/2022,86.94,4623426,87.31,87.40,86.445
11/17/2022,86.77,4756283,85.59,86.845,85.58
11/16/2022,86.98,4502538,87.35,87.48,86.83
11/15/2022,87.64,5437225,88.29,88.47,86.86
11/14/2022,86.80,5329611,87.13,87.725,86.75
11/11/2022,87.59,8577040,86.78,87.725,86.47
11/10/2022,86.28,6217244,84.99,86.35,84.50
11/09/2022,81.89,8720583,82.95,83.24,81.81
11/08/2022,83.43,5007296,83.15,84.065,82.665
11/07/2022,82.85,7741179,82.67,83.04,82.17
11/04/2022,82.33,6669566,82.27,82.67,81.07
11/03/2022,80.44,7749183,80.24,80.97,79.845
11/02/2022,81.15,10681660,82.84,83.84,81.09
11/01/2022,82.85,2922952,83.98,83.99,82.59
10/31/2022,82.77,6739433,82.65,83.08,82.515
10/28/2022,83.32,5587764,81.85,83.42,81.765
10/27/2022,82.01,3342348,82.55,83.03,81.895
10/26/2022,82.51,6723829,82.09,83.44,82.06
10/25/2022,82.50,5343980,81.26,82.59,81.22
10/24/2022,81.07,2362617,80.65,81.31,80.02
10/21/2022,80.83,4754509,78.93,80.92,78.57
10/20/2022,79.15,6200948,79.59,80.575,78.98
10/19/2022,79.53,2844024,79.71,80.22,78.99
10/18/2022,80.35,3955718,81.14,81.22,79.63
10/17/2022,79.60,5449931,79.07,79.845,79.07
10/14/2022,77.59,4166726,79.80,80.05,77.50
10/13/2022,79.27,9384306,75.86,79.56,75.71
10/12/2022,77.52,2764216,77.78,78.06,77.38
10/11/2022,77.73,13744830,77.97,78.87,77.35
10/10/2022,78.39,2846648,79.21,79.21,77.91
10/07/2022,79.02,7158681,80.33,80.35,78.695
10/06/2022,81.08,2955453,81.58,82.13,80.96
10/05/2022,82.03,2050431,81.33,82.49,80.83
10/04/2022,82.40,3585803,81.20,82.41,81.20
10/03/2022,79.68,2645569,78.66,80.05,78.255
09/30/2022,77.83,4633137,78.41,79.335,77.77
09/29/2022,78.70,5311394,79.14,79.28,78.03
09/28/2022,80.21,7182358,78.67,80.4699,78.37
09/27/2022,78.60,4203537,79.55,80.00,78.11
09/26/2022,78.86,7065558,79.32,80.07,78.56
09/23/2022,79.81,9135327,80.40,80.41,78.92
09/22/2022,81.52,2728189,82.18,82.26,81.30
09/21/2022,82.13,4704537,83.73,84.37,82.11
09/20/2022,83.50,2801609,83.78,83.92,82.95
09/19/2022,84.54,5578338,83.24,84.55,83.225
09/16/2022,83.99,4167392,83.85,84.18,83.39
09/15/2022,84.75,6209602,85.16,85.83,84.49
09/14/2022,85.64,2181223,85.60,85.945,84.99
09/13/2022,85.30,4328265,86.98,87.16,85.075
09/12/2022,88.81,5561435,88.33,88.99,88.32
09/09/2022,87.73,6148947,87.03,87.875,86.99
09/08/2022,86.14,4237560,85.20,86.21,84.88
09/07/2022,85.74,4054741,84.23,85.87,84.20
09/06/2022,84.48,16409690,85.09,85.27,84.145
09/02/2022,84.95,5335945,86.43,86.72,84.59
09/01/2022,85.69,3659886,85.21,85.73,84.475
08/31/2022,85.90,2580866,86.93,87.10,85.90
08/30/2022,86.46,5699534,87.73,87.77,86.07
08/29/2022,87.36,7073557,87.33,87.98,87.15
08/26/2022,87.90,4202098,90.71,90.74,87.88
08/25/2022,90.60,3801512,89.64,90.60,89.51
08/24/2022,89.28,2082998,88.83,89.60,88.75
08/23/2022,89.05,2482714,88.99,89.685,88.925
08/22/2022,89.06,3564426,89.79,89.79,88.915
08/19/2022,90.77,3602898,91.34,91.39,90.565
08/18/2022,92.00,2668641,92.04,92.18,91.68
08/17/2022,92.03,2873145,91.90,92.60,91.59
08/16/2022,92.70,7095032,92.27,93.06,92.215
08/15/2022,92.63,7124253,92.05,92.73,92.0146
08/12/2022,92.65,1186361,91.76,92.655,91.50
08/11/2022,91.39,2771518,91.93,92.42,91.23
08/10/2022,91.31,12379750,91.08,91.41,90.74
08/09/2022,89.44,3657228,89.80,89.89,89.25
08/08/2022,89.87,2580324,90.23,90.80,89.6891
08/05/2022,89.83,1493409,89.10,89.985,89.03
08/04/2022,90.11,2889565,89.98,90.29,89.74
08/03/2022,89.97,2494055,89.24,90.14,89.08
08/02/2022,88.83,3810661,89.08,89.85,88.63
08/01/2022,89.53,3610714,89.23,90.06,89.045
07/29/2022,89.82,1623683,88.77,89.89,88.62
07/28/2022,88.69,2597477,87.93,88.8099,87.19
07/27/2022,87.85,2584145,86.52,88.13,86.46
07/26/2022,85.75,3320431,86.36,86.45,85.615
07/25/2022,86.80,7341232,86.87,86.96,86.39
07/22/2022,86.53,1732736,87.36,87.71,86.11
07/21/2022,87.27,3553417,86.24,87.30,85.95
07/20/2022,86.39,1837481,86.07,86.71,85.785
07/19/2022,86.12,2193737,84.91,86.21,84.91
07/18/2022,83.99,2886411,85.08,85.315,83.75
07/15/2022,84.22,4733965,83.70,84.22,83.15
07/14/2022,82.81,2258200,82.01,82.90,81.47
07/13/2022,83.38,2960979,82.50,83.95,82.44
07/12/2022,83.72,2987363,84.03,84.53,83.37
07/11/2022,84.24,4357487,84.68,84.77,84.09
07/08/2022,85.45,2727278,85.13,85.895,84.82
07/07/2022,85.51,3197670,84.70,85.65,84.70
07/06/2022,84.17,3530178,83.99,84.59,83.421
07/05/2022,84.05,5108893,82.95,84.07,82.40
07/01/2022,84.48,3230784,83.50,84.5499,82.93
06/30/2022,83.89,5459476,83.46,84.425,82.78
06/29/2022,84.56,3589948,84.87,85.025,84.26
06/28/2022,84.79,3202042,86.58,87.04,84.755
06/27/2022,86.06,4133633,86.54,86.605,85.88
06/24/2022,86.31,3355118,84.61,86.34,84.61
06/23/2022,83.76,3691027,83.62,83.91,82.77
06/22/2022,83.28,3650755,82.77,84.14,82.56
06/21/2022,83.76,4832302,83.34,84.08,83.25
06/17/2022,81.93,4877722,82.10,82.685,81.26
06/16/2022,81.97,3653492,82.38,82.61,81.46
06/15/2022,84.44,3660613,83.94,85.335,82.91
06/14/2022,83.17,6171969,83.65,84.03,82.47
06/13/2022,83.42,4217090,84.35,84.75,83.12
06/10/2022,86.63,3574627,87.43,87.70,86.52
06/09/2022,88.94,3580396,90.588,90.95,88.94
06/08/2022,91.91,3324851,92.43,92.745,91.74
06/07/2022,92.78,3557770,91.328,92.86,91.20
06/06/2022,92.08,3043450,92.90,93.09,91.88
06/03/2022,91.75,2106089,92.19,92.48,91.57
06/02/2022,93.30,2553566,91.69,93.31,91.30
06/01/2022,91.46,3117747,92.78,92.89,90.95
05/31/2022,92.14,4431582,92.55,92.93,91.82
05/27/2022,92.56,1606141,91.38,92.57,91.30
05/26/2022,90.71,1657848,89.38,91.05,89.38
05/25/2022,89.24,2054630,88.16,89.62,88.13
05/24/2022,88.63,1764571,88.42,88.86,87.42
05/23/2022,89.37,1945371,88.61,89.52,88.18
05/20/2022,87.95,2268358,88.64,88.72,86.20
05/19/2022,87.70,5937491,87.17,88.49,86.96
05/18/2022,87.62,3497486,89.77,89.85,87.35
05/17/2022,90.65,2507659,90.34,90.67,89.59
05/16/2022,88.85,2073284,88.77,89.54,88.295
05/13/2022,89.14,2751684,87.89,89.32,87.7801
05/12/2022,86.85,5135361,86.31,87.58,85.52
05/11/2022,86.97,6309293,88.16,89.25,86.82
05/10/2022,88.07,6017708,89.16,89.415,87.18
05/09/2022,87.76,5784365,89.25,89.45,87.46
05/06/2022,90.63,4590205,90.87,91.41,89.70
05/05/2022,91.54,4187407,93.66,93.66,90.65
05/04/2022,94.77,4135824,92.47,94.965,91.73
05/03/2022,92.59,3695027,92.33,92.965,92.00
05/02/2022,92.03,4936481,91.69,92.32,90.31
04/29/2022,91.73,3367896,93.99,94.49,91.65
04/28/2022,94.20,4316575,93.16,94.55,92.195
04/27/2022,92.27,5464948,92.20,93.205,91.72
04/26/2022,91.92,3346463,93.91,93.92,91.89
04/25/2022,94.53,3617867,93.62,94.57,92.755
04/22/2022,94.38,2339743,96.40,96.43,94.28
04/21/2022,96.55,8192856,98.85,99.07,96.37
04/20/2022,98.07,1896400,98.55,98.57,97.78
04/19/2022,97.98,5598543,96.64,98.115,96.62
04/18/2022,96.95,1674751,96.92,97.39,96.54
04/14/2022,97.11,2237288,98.23,98.34,97.10
04/13/2022,98.14,2449662,97.01,98.27,96.97
04/12/2022,96.97,2964633,98.05,98.47,96.71
04/11/2022,97.51,3761408,98.30,98.34,97.33
04/08/2022,98.92,2272701,98.87,99.45,98.50
04/07/2022,99.01,4303692,98.65,99.44,98.05
04/06/2022,98.80,3269655,98.98,99.315,98.17
04/05/2022,99.95,4349388,100.97,101.35,99.68
04/04/2022,101.40,5179022,100.63,101.40,100.46
04/01/2022,100.43,3450722,100.49,100.53,99.661
03/31/2022,99.78,5912312,101.11,101.29,99.78
03/30/2022,101.41,3106629,101.73,101.94,100.99
03/29/2022,101.98,4242584,101.76,102.03,101.115
03/28/2022,100.37,3846134,99.84,100.415,99.285
03/25/2022,99.98,3841953,99.72,100.08,99.16
03/24/2022,99.79,4969257,99.05,99.83,98.78
03/23/2022,98.65,2655121,99.14,99.57,98.62
03/22/2022,99.77,2323711,99.11,99.965,99.11
03/21/2022,98.58,4104213,98.74,99.06,97.875
03/18/2022,98.93,3076396,97.14,99.03,97.14
03/17/2022,97.85,3482551,96.39,97.85,96.21
03/16/2022,96.86,2965950,95.12,96.86,94.36
03/15/2022,93.69,5022852,92.57,93.90,92.23
03/14/2022,92.25,1827018,93.18,93.78,92.01
03/11/2022,92.85,2969121,94.72,94.8387,92.755
03/10/2022,94.15,5228648,93.75,94.32,93.21
03/09/2022,94.90,3841704,94.11,95.26,93.70
03/08/2022,92.11,5333095,92.57,94.12,91.53
03/07/2022,92.22,5164644,94.81,94.87,92.19
03/04/2022,95.18,3623033,95.24,95.415,94.35
03/03/2022,96.61,5472800,97.86,97.94,96.27
03/02/2022,97.60,5907334,96.78,97.92,96.41
03/01/2022,96.22,4681841,97.60,97.90,95.70
02/28/2022,97.88,5390814,96.96,98.38,96.79
02/25/2022,98.57,5519820,96.86,98.59,96.54
02/24/2022,96.43,5552429,93.09,96.51,92.84
02/23/2022,96.03,3629197,98.28,98.28,95.855
02/22/2022,97.41,6770919,97.85,98.555,96.67
02/18/2022,98.55,4274347,99.32,99.52,98.15
02/17/2022,99.29,3720405,100.54,100.60,99.165
02/16/2022,101.25,2676219,100.58,101.47,100.32
02/15/2022,101.02,2600326,100.42,101.06,100.34
02/14/2022,99.28,5372087,99.52,99.76,98.52
02/11/2022,99.65,3832908,101.57,102.01,99.40
02/10/2022,101.58,3485169,101.84,103.27,101.16
02/09/2022,103.07,5696276,102.52,103.07,102.50
02/08/2022,101.47,2720580,100.55,101.64,100.34
02/07/2022,100.69,3938657,100.93,101.42,100.495
02/04/2022,100.89,5877872,100.36,101.57,99.92
02/03/2022,100.44,21242140,101.11,101.585,100.27
02/02/2022,102.40,2463291,102.38,102.61,101.68
02/01/2022,101.75,3796398,101.19,101.83,100.48
01/31/2022,100.97,3866804,99.00,101.05,98.88
01/28/2022,98.93,10745630,97.37,98.96,96.44
01/27/2022,97.37,6188696,98.61,99.23,97.03
01/26/2022,97.87,5429461,99.69,100.17,97.155
01/25/2022,98.36,17991890,98.03,99.38,96.92
01/24/2022,99.36,11927580,97.87,99.40,95.60
01/21/2022,99.52,8781099,100.93,101.32,99.44
01/20/2022,101.24,10613680,102.64,103.58,101.185
01/19/2022,102.04,6159477,103.11,103.41,102.00
01/18/2022,102.66,8445998,103.26,103.37,102.45
01/14/2022,104.47,6341201,103.90,104.51,103.51
01/13/2022,104.44,5320123,106.04,106.119,104.29
01/12/2022,105.86,4580799,105.79,106.08,105.30
01/11/2022,105.22,7804601,104.09,105.22,103.58
01/10/2022,103.98,12844940,103.55,103.98,102.31
01/07/2022,104.28,4589412,104.44,104.72,103.77
01/06/2022,104.30,6908732,104.32,104.95,103.795
01/05/2022,104.52,6835711,106.31,106.44,104.47
01/04/2022,106.25,9016148,106.73,106.78,105.89
01/03/2022,106.34,12987520,106.12,106.36,105.55
12/31/2021,105.78,5529618,105.95,106.205,105.72
12/30/2021,105.95,2156044,106.12,106.40,105.88
12/29/2021,106.15,7856406,106.13,106.32,105.78
12/28/2021,106.14,7114977,106.36,106.54,106.039
12/27/2021,106.25,2712224,105.29,106.25,105.25
12/23/2021,105.10,3693318,104.66,105.395,104.61
12/22/2021,104.43,5294066,103.36,104.47,103.34
12/21/2021,103.46,3683057,102.54,103.54,102.215
12/20/2021,101.80,4003803,101.58,101.86,101.025
12/17/2021,102.77,4335910,103.01,103.62,102.41
12/16/2021,103.79,4886490,104.89,104.98,103.38
12/15/2021,104.29,3676865,102.94,104.375,102.42
12/14/2021,103.01,5586669,102.94,103.445,102.42
12/13/2021,103.57,3633442,104.43,104.43,103.57
12/10/2021,105.63,3963490,105.56,105.74,104.97
12/09/2021,105.06,6138722,105.47,105.68,105.03
12/08/2021,105.90,4336731,105.70,105.98,105.37
12/07/2021,105.60,6047821,104.69,105.635,104.69
12/06/2021,103.36,6256205,102.81,103.69,102.25
12/03/2021,102.33,7075429,103.54,103.76,101.48
12/02/2021,103.21,8715470,102.10,103.58,102.02
12/01/2021,101.74,5985047,104.15,104.735,101.74
11/30/2021,102.88,7431515,103.87,104.335,102.50
11/29/2021,104.30,4160014,104.50,104.745,103.76
11/26/2021,103.37,4094744,104.17,104.42,103.17
11/24/2021,105.95,2439737,105.21,105.985,105.03
11/23/2021,105.91,2681394,105.81,106.23,105.20
11/22/2021,105.94,5876717,106.77,107.16,105.90
11/19/2021,106.58,1969907,106.83,107.055,106.54
11/18/2021,106.96,1730897,106.96,107.07,106.33
11/17/2021,106.93,3437672,107.11,107.11,106.77
11/16/2021,107.23,2595942,106.95,107.46,106.93
11/15/2021,107.01,2585523,107.29,107.30,106.84
11/12/2021,107.07,3337893,106.60,107.11,106.43
11/11/2021,106.33,3283111,106.45,106.59,106.31
11/10/2021,105.98,2624452,106.65,106.97,105.695
11/09/2021,106.95,2839351,107.38,107.38,106.65
11/08/2021,107.22,2516645,107.36,107.39,107.10
11/05/2021,107.02,1733484,107.23,107.36,106.66
11/04/2021,106.81,2515317,106.61,106.869,106.42
11/03/2021,106.58,1696477,105.75,106.67,105.65
11/02/2021,105.90,2185560,105.73,105.98,105.62
11/01/2021,105.84,1699954,105.64,105.87,105.34
10/29/2021,105.31,2908641,104.81,105.40,104.77
10/28/2021,105.60,2209172,104.87,105.60,104.87
10/27/2021,104.69,4294306,105.23,105.385,104.64
10/26/2021,105.21,6043495,105.67,105.835,105.12
10/25/2021,105.27,1513448,105.01,105.36,104.645
10/22/2021,104.91,3291464,104.94,105.29,104.45
10/21/2021,104.90,1157135,104.54,104.905,104.47
10/20/2021,104.88,1264710,104.66,104.96,104.61
10/19/2021,104.57,2740218,104.15,104.57,104.08
10/18/2021,103.69,4443069,103.09,103.74,102.95
10/15/2021,103.63,2024615,103.35,103.68,103.205
10/14/2021,102.79,3027515,102.36,102.86,102.19
10/13/2021,101.48,3185641,101.16,101.61,100.66
10/12/2021,100.72,2454169,101.06,101.215,100.59
10/11/2021,100.85,1972771,101.45,101.98,100.85
10/08/2021,101.45,2709561,101.81,101.83,101.29
10/07/2021,101.56,5346220,101.27,102.045,101.25
10/06/2021,100.46,6572845,99.31,100.50,98.9359
10/05/2021,100.38,3388914,99.82,100.85,99.665
10/04/2021,99.52,6345726,100.44,100.54,99.01
10/01/2021,100.76,3101488,100.39,101.07,99.445
09/30/2021,99.92,2935599,101.01,101.25,99.92
09/29/2021,100.64,2917390,101.06,101.31,100.565
09/28/2021,100.81,6237833,101.90,102.01,100.57
09/27/2021,102.84,6260390,102.72,103.055,102.50
09/24/2021,102.95,1413672,102.56,103.055,102.56
09/23/2021,103.24,1882574,102.65,103.57,102.65
09/22/2021,102.12,4614011,101.80,102.75,101.73
09/21/2021,101.19,2911307,101.73,101.965,101.05
09/20/2021,100.95,3431684,100.84,101.35,99.815
09/17/2021,102.76,3500368,103.53,103.69,102.655
09/16/2021,103.79,1936522,103.80,104.01,103.22
09/15/2021,104.06,3472053,103.47,104.17,103.25
09/14/2021,103.44,1780841,104.293,104.35,103.31
09/13/2021,104.06,2490407,104.42,104.45,103.59
09/10/2021,103.68,1700472,104.874,104.90,103.675
09/09/2021,104.29,2336806,104.46,104.895,104.15
09/08/2021,104.57,2538032,104.81,104.91,104.23
09/07/2021,105.13,3807210,105.33,105.34,105.025
09/03/2021,105.29,1299612,104.98,105.41,104.93
09/02/2021,105.05,1206739,105.15,105.26,104.86
09/01/2021,104.76,2981567,104.70,105.09,104.69
08/31/2021,104.33,5907871,104.50,104.50,104.22
08/30/2021,104.26,1856614,104.15,104.45,103.97
08/27/2021,103.98,2517606,103.17,104.04,103.17
08/26/2021,102.99,3598126,103.41,103.53,102.95
08/25/2021,103.65,10848000,103.47,103.745,103.39
08/24/2021,103.52,3243210,103.40,103.67,103.30
08/23/2021,103.05,3127348,102.59,103.245,102.59
08/20/2021,102.02,2399949,101.33,102.12,101.21
08/19/2021,101.42,3991634,100.89,101.76,100.84
08/18/2021,101.96,3195179,102.67,102.935,101.89
08/17/2021,102.66,3818875,102.76,102.92,102.05
08/16/2021,103.62,2426129,103.27,103.62,102.81
08/13/2021,103.76,1848454,103.64,103.77,103.47
08/12/2021,103.50,2602841,103.30,103.52,103.04
08/11/2021,103.45,4213535,103.49,103.53,103.155
08/10/2021,103.13,1175962,103.13,103.27,102.95
08/09/2021,103.00,805707,103.06,103.145,102.79
08/06/2021,102.95,3360044,103.07,103.20,102.85
08/05/2021,103.12,2043183,102.92,103.17,102.86
08/04/2021,102.68,2425573,102.82,103.02,102.57
08/03/2021,102.89,2426288,102.40,102.94,101.90
08/02/2021,102.16,3627301,102.70,102.77,102.08
07/30/2021,102.11,3702779,102.03,102.48,101.88
07/29/2021,102.69,3545776,102.65,102.90,102.61
07/28/2021,102.13,3241345,101.92,102.40,101.62
07/27/2021,101.66,2535853,101.82,101.82,100.92
07/26/2021,102.35,4286286,102.04,102.35,102.01
07/23/2021,102.41,2300472,102.15,102.52,101.88
07/22/2021,101.77,1328562,101.71,101.87,101.40
07/21/2021,101.60,2447688,100.91,101.605,100.83
07/20/2021,100.54,2012684,99.41,100.845,99.26
07/19/2021,99.44,5313761,99.61,99.71,98.815
07/16/2021,100.97,2193358,101.95,101.97,100.87
07/15/2021,101.74,9559936,101.83,102.055,101.315
07/14/2021,102.17,2846056,102.57,102.595,101.99
07/13/2021,102.03,3193776,102.224,102.53,101.97
07/12/2021,102.38,3517067,102.06,102.45,101.98
07/09/2021,102.08,3636847,101.36,102.14,101.30
07/08/2021,100.75,4030888,100.30,100.94,100.06
07/07/2021,101.87,4506649,101.98,102.045,101.33
07/06/2021,101.65,1564774,102.06,102.06,101.06
07/02/2021,102.08,2150544,101.76,102.14,101.58
07/01/2021,101.61,3398083,101.28,101.61,101.15
06/30/2021,101.19,2264327,101.18,101.37,101.09
06/29/2021,101.59,1806855,101.63,101.63,101.39
06/28/2021,101.55,3817441,101.53,101.60,101.23
06/25/2021,101.58,3247400,101.51,101.635,101.36
06/24/2021,101.17,2866242,101.10,101.24,101.03
06/23/2021,100.46,2294720,100.65,100.895,100.39
06/22/2021,100.65,1620081,100.11,100.7981,99.91
06/21/2021,100.24,2354657,99.46,100.315,99.20
06/18/2021,99.07,3506365,99.43,99.58,99.03
06/17/2021,100.40,3225780,100.37,100.66,99.88
06/16/2021,100.59,3500980,101.29,101.29,100.08
06/15/2021,101.24,3848022,101.37,101.41,101.02
06/14/2021,101.44,1013901,101.19,101.44,101.03
06/11/2021,101.18,3325048,101.14,101.18,100.82
06/10/2021,100.99,2076360,100.83,101.15,100.57
06/09/2021,101.21,1382258,101.52,101.605,101.18
06/08/2021,101.47,1453301,101.68,101.69,101.07
06/07/2021,101.52,2279522,101.53,101.55,101.27
06/04/2021,101.49,1121597,101.14,101.5504,101.12
06/03/2021,100.56,1478001,100.54,100.84,100.12
06/02/2021,101.09,1081711,101.00,101.28,100.90
06/01/2021,100.98,3465922,101.57,101.58,100.83
05/28/2021,100.65,1943174,100.70,100.93,100.60
05/27/2021,100.35,2723701,100.47,100.61,100.30
05/26/2021,100.24,1606690,100.11,100.345,99.985
05/25/2021,100.00,2236753,100.51,100.52,99.885
05/24/2021,100.00,1764172,99.61,100.275,99.59
05/21/2021,99.22,2376130,99.64,99.80,98.995
05/20/2021,99.33,1548000,98.57,99.56,98.53
05/19/2021,98.20,4550679,97.47,98.26,97.095
05/18/2021,98.66,1210449,99.25,99.425,98.65
05/17/2021,98.93,1907820,98.67,98.93,98.42
05/14/2021,99.08,16310500,98.39,99.26,98.38
05/13/2021,97.54,5864061,97.01,97.915,96.93
05/12/2021,96.76,4579549,97.94,98.27,96.53
05/11/2021,98.80,2580985,98.09,98.93,97.78
05/10/2021,99.62,2499961,100.65,100.6949,99.56
05/07/2021,100.61,3491381,99.96,100.78,99.90
05/06/2021,99.71,3563679,99.13,99.76,98.62
05/05/2021,99.00,1640809,99.25,99.38,98.76
05/04/2021,98.64,2401091,98.94,98.995,97.80
05/03/2021,99.58,1676411,99.83,99.86,99.44
04/30/2021,99.19,2138964,99.39,99.65,98.93
04/29/2021,100.12,4661197,100.47,100.49,99.37
04/28/2021,99.88,1898295,99.74,100.18,99.59
04/27/2021,99.72,3614218,99.72,99.79,99.46
04/26/2021,99.76,2320687,99.624,99.88,99.57
04/23/2021,99.55,1241107,98.74,99.85,98.74
04/22/2021,98.48,2419429,99.18,99.33,98.21
04/21/2021,99.08,6945021,97.95,99.16,97.895
04/20/2021,98.21,2495362,98.73,98.83,97.84
04/19/2021,99.27,2254089,99.41,99.55,98.87
04/16/2021,99.68,2934260,99.56,99.72,99.25
04/15/2021,99.29,1906069,98.95,99.31,98.89
04/14/2021,98.36,2973039,98.51,98.7785,98.17
04/13/2021,98.42,1240393,98.04,98.52,97.98
04/12/2021,97.96,2863609,97.91,97.9975,97.69
04/09/2021,98.23,1636298,97.66,98.23,97.60
04/08/2021,97.79,1939838,97.74,97.87,97.485
04/07/2021,97.19,4297694,97.11,97.34,96.95
04/06/2021,97.35,2061814,97.15,97.575,97.07
04/05/2021,97.46,2846522,96.94,97.595,96.87
04/01/2021,96.39,2815641,95.85,96.40,95.84
03/31/2021,95.15,2264733,94.87,95.60,94.87
03/30/2021,94.96,2982393,94.78,95.055,94.52
03/29/2021,95.11,8201826,94.94,95.285,94.49
03/26/2021,95.33,2965124,94.20,95.43,94.05
03/25/2021,93.77,4317717,93.08,93.99,92.70
03/24/2021,93.35,5615978,94.18,94.48,93.35
03/23/2021,94.13,3479621,94.73,95.03,94.00
03/22/2021,95.21,6435535,94.755,95.495,94.74
03/19/2021,94.73,5386019,94.62,95.09,94.06
03/18/2021,94.66,1612738,95.31,95.84,94.5185
03/17/2021,95.95,1891361,95.20,96.23,94.92
03/16/2021,95.67,2422429,95.82,96.03,95.42
03/15/2021,95.68,866849,95.14,95.70,94.6686
03/12/2021,95.17,2681719,94.66,95.22,94.45
03/11/2021,95.35,1440328,94.96,95.64,94.755
03/10/2021,94.13,2851699,94.291,94.45,93.75
03/09/2021,93.71,4650397,93.26,94.21,93.215
03/08/2021,92.14,5031114,92.77,93.42,92.14
03/05/2021,92.96,4522880,92.57,93.20,90.75
03/04/2021,91.67,6803733,92.96,93.50,90.845
03/03/2021,93.00,4099014,93.95,94.21,93.00
03/02/2021,94.03,2412884,94.69,94.71,94.02
03/01/2021,94.64,2072438,93.84,94.93,93.83
02/26/2021,92.51,6675179,93.42,93.50,92.10
02/25/2021,93.34,3548388,95.32,95.63,93.05
02/24/2021,95.45,5469693,94.33,95.555,94.04
02/23/2021,94.91,8551829,94.30,95.22,93.16
02/22/2021,94.84,1454850,94.91,95.47,94.80
02/19/2021,95.83,2532424,96.13,96.30,95.70
02/18/2021,95.66,2689814,95.38,95.82,94.92
02/17/2021,96.33,3662553,96.01,96.34,95.56
02/16/2021,96.52,2324388,96.87,96.935,96.26
02/12/2021,96.34,3231792,95.59,96.36,95.59
02/11/2021,95.88,3749920,95.86,95.985,95.31
02/10/2021,95.41,1697511,95.98,95.98,94.84
02/09/2021,95.39,4538042,95.10,95.5875,95.04
02/08/2021,95.20,4352890,94.95,95.20,94.76
02/05/2021,94.49,3502109,94.45,94.63,94.13
02/04/2021,93.95,2253057,93.47,94.00,93.33
02/03/2021,93.31,2321781,93.37,93.66,93.01
02/02/2021,93.15,2432635,92.79,93.395,92.76
02/01/2021,91.98,5182226,91.49,92.12,91.02
01/29/2021,90.44,5009108,91.44,91.75,89.97
01/28/2021,92.25,5900166,91.87,93.075,91.75
01/27/2021,91.48,5121990,92.57,92.64,91.14
01/26/2021,93.79,1123168,94.22,94.29,93.72
01/25/2021,94.08,5147634,93.96,94.135,92.79
01/22/2021,93.77,4028405,93.52,94.015,93.51
01/21/2021,94.21,4978237,94.33,94.375,93.93
01/20/2021,94.19,2434799,93.69,94.30,93.56
01/19/2021,93.03,4114180,93.02,93.13,92.68
01/15/2021,92.17,6946909,92.46,92.68,91.73
01/14/2021,93.15,4452809,93.40,93.63,93.07
01/13/2021,93.01,2172667,92.88,93.29,92.67
01/12/2021,92.95,9483173,92.67,93.04,92.305
01/11/2021,92.62,3318418,92.37,93.03,92.315
01/08/2021,93.44,3654597,93.30,93.49,92.50
01/07/2021,92.62,4807758,92.087,92.78,92.01
01/06/2021,91.66,9674351,90.83,92.42,90.72
01/05/2021,91.15,1805827,90.32,91.31,90.27
01/04/2021,90.22,5006226,91.60,91.63,89.44
12/31/2020,90.72,4451908,90.63,90.82,90.32
12/30/2020,90.66,946416,90.80,90.99,90.6415
12/29/2020,90.36,2479767,90.77,90.885,90.21
12/28/2020,90.18,2035292,90.33,90.33,90.06
12/24/2020,89.59,584243,89.56,89.63,89.31
12/23/2020,89.48,4822795,89.57,89.80,89.43
12/22/2020,89.06,2627410,89.20,89.25,88.75
12/21/2020,89.21,5624050,88.31,89.42,87.94
12/18/2020,89.78,3019872,90.21,90.21,89.44
12/17/2020,90.19,3016272,90.13,90.20,89.96
12/16/2020,89.55,2613854,89.46,89.73,89.225
12/15/2020,89.33,1538144,88.83,89.33,88.58
12/14/2020,88.21,1317222,89.03,89.16,88.21
12/11/2020,89.16,1448054,88.91,89.19,88.53
12/10/2020,89.39,2972912,88.72,89.52,88.64
12/09/2020,89.15,1321161,90.10,90.10,88.77
12/08/2020,89.78,898072,89.1917,89.86,89.1917
12/07/2020,89.47,915598,89.45,89.64,89.21
12/04/2020,89.68,1982461,89.29,89.69,89.23
12/03/2020,88.90,1967174,88.91,89.25,88.70
12/02/2020,88.75,2767112,88.23,88.75,88.10
12/01/2020,88.57,4099765,88.40,88.86,88.28
11/30/2020,87.33,10556390,88.15,88.15,87.10
11/27/2020,88.41,1755426,88.26,88.46,88.16
11/25/2020,87.87,1404048,87.74,88.02,87.46
11/24/2020,87.96,3358795,87.47,88.075,87.165
11/23/2020,86.67,4984765,86.91,87.10,86.25
11/20/2020,86.35,5055647,86.61,86.705,86.35
11/19/2020,86.56,1777867,86.01,86.62,85.73
11/18/2020,86.12,3746729,86.99,87.14,86.12
11/17/2020,86.85,2094310,86.55,87.08,86.305
11/16/2020,87.06,3428380,86.83,87.06,86.495
11/13/2020,86.00,1692597,85.50,86.13,85.31
11/12/2020,84.86,4812362,85.47,85.68,84.53
11/11/2020,85.79,4449401,85.55,85.88,85.40
11/10/2020,85.08,14894220,85.17,85.43,84.44
11/09/2020,85.15,9397645,87.44,87.48,85.085
11/06/2020,83.93,2643249,83.90,84.2284,83.43
11/05/2020,83.82,3062439,83.65,84.11,83.41
11/04/2020,82.15,7627417,81.35,82.93,81.15
11/03/2020,80.45,3304051,79.95,80.84,79.81
11/02/2020,79.00,6132888,78.94,79.30,78.36
10/30/2020,78.14,11588440,78.39,78.625,77.34
10/29/2020,78.82,7900444,78.31,79.42,77.91
10/28/2020,78.20,6290494,79.25,79.37,78.12
10/27/2020,80.78,3414224,81.08,81.15,80.69
10/26/2020,81.05,4995996,81.51,81.75,80.28
10/23/2020,82.44,1409501,82.43,82.45,81.89
10/22/2020,82.09,3429920,81.91,82.22,81.35
10/21/2020,81.83,1718103,82.00,82.49,81.82
10/20/2020,82.03,3062860,82.08,82.685,81.90
10/19/2020,81.64,1936437,82.83,82.98,81.4685
10/16/2020,82.45,3083438,82.72,83.11,82.45
10/15/2020,82.40,7075897,81.60,82.49,81.55
10/14/2020,82.83,2160304,83.40,83.60,82.68
10/13/2020,83.23,4126733,83.51,83.53,83.0005
10/12/2020,83.79,1542597,83.26,84.03,83.19
10/09/2020,82.82,1629192,82.54,82.885,82.41
10/08/2020,82.12,4290717,81.95,82.14,81.76
10/07/2020,81.46,3935329,81.05,81.65,81.02
10/06/2020,80.36,3955986,81.33,81.68,80.17
10/05/2020,81.23,3072507,80.39,81.25,80.39
10/02/2020,79.91,2635838,79.36,80.31,79.26
10/01/2020,80.52,3440086,80.53,80.66,80.07
09/30/2020,79.92,11550540,79.63,80.52,79.53
09/29/2020,79.56,2188398,79.73,79.94,79.35
09/28/2020,79.84,2842904,79.69,79.93,79.45
09/25/2020,78.59,5299785,77.37,78.70,77.12
09/24/2020,77.74,3658163,77.25,78.43,76.94
09/23/2020,77.70,10125310,79.37,79.38,77.615
09/22/2020,79.17,2444543,78.88,79.285,78.28
09/21/2020,78.80,2157751,78.45,78.80,77.57
09/18/2020,79.90,2222718,80.78,80.78,79.42
09/17/2020,80.66,1413493,80.01,80.89,79.971
09/16/2020,81.10,1910286,81.66,81.935,81.05
09/15/2020,81.32,2183614,81.57,81.69,81.10
09/14/2020,80.78,2086853,80.62,81.105,80.48
09/11/2020,79.80,3274908,80.17,80.40,79.22
09/10/2020,79.51,2213027,81.12,81.30,79.35
09/09/2020,80.70,3072749,80.30,81.16,80.085
09/08/2020,79.15,2485712,79.64,80.12,79.13
09/04/2020,81.05,3416834,81.67,81.98,79.33
09/03/2020,81.45,3526450,83.55,83.59,80.96
09/02/2020,84.01,1787782,83.55,84.12,83.095
09/01/2020,83.06,3436616,82.61,83.09,82.42
08/31/2020,82.35,2273829,82.56,82.755,82.245
08/28/2020,82.85,2744365,82.60,82.88,82.36
08/27/2020,82.22,2263466,82.60,82.6581,81.855
08/26/2020,82.47,4648253,81.82,82.49,81.79
08/25/2020,81.80,1400166,81.63,81.80,81.325
08/24/2020,81.48,4682919,81.47,81.52,81.13
08/21/2020,80.62,8077809,80.17,80.68,80.11
08/20/2020,80.49,2487312,79.69,80.61,79.68
08/19/2020,80.41,1854620,80.93,81.05,80.335
08/18/2020,80.85,930642,80.92,81.07,80.45
08/17/2020,80.76,3984229,80.56,80.78,80.51
08/14/2020,80.18,976080,80.11,80.31,79.96
08/13/2020,80.36,2716005,80.45,80.67,80.095
08/12/2020,80.53,1063718,80.14,80.73,80.14
08/11/2020,79.28,3092890,80.16,80.25,79.12
08/10/2020,79.56,1113668,79.49,79.62,79.01
08/07/2020,79.36,4791083,79.19,79.455,78.87
08/06/2020,79.72,4961393,79.21,79.76,79.065
08/05/2020,79.44,2652831,79.42,79.63,79.28
08/04/2020,78.90,1868785,78.29,78.91,78.29
08/03/2020,78.49,5849301,78.19,78.60,78.07
07/31/2020,77.67,4089181,78.02,78.03,76.75
07/30/2020,77.90,1933100,77.34,77.97,76.80
07/29/2020,78.41,911478,77.83,78.58,77.81
07/28/2020,77.49,1605634,77.73,78.015,77.42
07/27/2020,78.02,1298489,77.57,78.05,77.42
07/24/2020,77.16,1128736,77.06,77.39,76.795
07/23/2020,77.62,1694242,78.33,78.60,77.33
07/22/2020,78.43,2292699,78.09,78.56,78.015
07/21/2020,78.18,2770409,78.56,78.65,78.04
07/20/2020,77.94,2587600,77.33,78.07,77.13
07/17/2020,77.26,4161902,77.28,77.38,76.84
07/16/2020,76.99,4876691,76.80,77.08,76.67
07/15/2020,77.46,4154737,77.61,77.775,76.95
07/14/2020,76.70,2962225,75.53,76.81,75.31
07/13/2020,75.76,3757404,76.98,77.51,75.65
07/10/2020,76.43,4924661,75.86,76.47,75.50
07/09/2020,75.82,7607433,76.49,76.51,75.07
07/08/2020,76.29,1859797,75.73,76.31,75.48
07/07/2020,75.51,2450205,75.86,76.32,75.46
07/06/2020,76.40,2516926,76.21,76.44,76.00
07/02/2020,74.96,1674622,75.26,75.625,74.815
07/01/2020,74.27,2135483,73.95,74.505,73.89
06/30/2020,73.72,2966836,73.00,74.08,72.94
06/29/2020,73.24,1806685,72.69,73.24,72.17
06/26/2020,72.41,1669519,73.64,73.65,72.29
06/25/2020,73.84,1579065,72.96,73.87,72.51
06/24/2020,73.06,2167712,74.24,74.39,72.64
06/23/2020,74.82,1623684,75.16,75.35,74.74
06/22/2020,74.47,1953245,73.95,74.53,73.65
06/19/2020,73.73,1516592,75.03,75.03,73.57
06/18/2020,74.15,884298,73.86,74.315,73.71
06/17/2020,74.24,3125237,74.64,74.72,74.05
06/16/2020,74.28,2931732,74.94,74.94,73.20
06/15/2020,73.07,3099936,71.11,73.32,70.87
06/12/2020,73.19,4234381,73.96,74.22,72.01
06/11/2020,72.15,3414819,74.54,74.66,72.04
06/10/2020,76.45,3593784,76.81,77.11,76.20
06/09/2020,76.66,5235657,76.42,76.92,76.27
06/08/2020,77.34,1745688,76.76,77.38,76.44
06/05/2020,76.45,4274691,76.17,76.95,76.17
06/04/2020,74.74,4406352,74.79,75.21,74.37
06/03/2020,75.15,4526072,74.63,75.37,74.525
06/02/2020,73.94,4202876,73.46,73.94,73.30
06/01/2020,73.14,2544956,72.46,73.16,72.32
05/29/2020,72.22,7392649,71.89,72.36,71.25
05/28/2020,72.05,4204615,72.35,72.875,71.89
05/27/2020,71.99,6271735,71.73,71.99,70.67
05/26/2020,71.10,6089375,71.52,71.62,70.9712
05/22/2020,69.79,4058379,69.59,69.79,69.28
05/21/2020,69.87,6890372,70.28,70.54,69.595
05/20/2020,70.49,5505339,70.32,70.76,70.23
05/19/2020,69.33,3166400,69.80,70.17,69.29
05/18/2020,70.04,2832861,69.31,70.33,69.31
05/15/2020,67.74,2617143,67.09,67.74,66.905
05/14/2020,67.68,3847887,66.37,67.68,65.77
05/13/2020,67.26,13590370,68.27,68.45,66.77
05/12/2020,68.16,3864592,69.62,69.70,68.16
05/11/2020,69.33,9407041,68.76,69.57,68.71
05/08/2020,69.26,3530864,68.94,69.34,68.73
05/07/2020,68.13,3227287,68.09,68.525,67.945
05/06/2020,67.24,2618044,68.16,68.18,67.24
05/05/2020,67.60,2558775,67.82,68.27,67.54
05/04/2020,67.13,2017173,66.56,67.22,66.235
05/01/2020,66.91,3467519,67.56,67.67,66.67
04/30/2020,68.72,20850280,69.26,69.325,68.37
04/29/2020,69.80,5434011,69.30,70.065,69.12
04/28/2020,68.00,2974268,68.97,69.09,67.89
04/27/2020,67.99,10858590,67.52,68.15,67.36
04/24/2020,66.90,4069893,66.62,67.06,66.03
04/23/2020,66.22,3718600,66.58,67.37,66.11
04/22/2020,66.29,4314185,66.08,66.55,65.85
04/21/2020,64.77,6007671,65.60,65.93,64.67
04/20/2020,66.82,5004307,66.81,67.75,66.67
04/17/2020,67.81,5653617,67.59,67.88,66.90
04/16/2020,66.01,2940852,66.06,66.23,65.33
04/15/2020,65.73,4626044,65.74,66.18,65.37
04/14/2020,67.41,3172471,66.92,67.63,66.79
04/13/2020,65.72,5530803,65.99,66.17,64.915
04/09/2020,66.25,5729548,66.17,66.93,65.72
04/08/2020,65.30,6039240,64.34,65.54,63.74
04/07/2020,63.76,3946343,65.88,65.99,63.75
04/06/2020,63.69,4577725,62.12,63.98,61.97
04/03/2020,59.99,3180218,60.59,60.97,59.36
04/02/2020,60.90,4061854,59.59,61.21,59.49
04/01/2020,59.70,4057645,60.12,60.92,59.30
03/31/2020,62.57,9648294,62.61,63.39,61.89
03/30/2020,63.04,6088882,61.80,63.115,61.30
03/27/2020,61.68,5637926,61.19,62.86,60.84
03/26/2020,63.54,13227550,60.99,63.76,60.89
03/25/2020,60.36,14629400,59.42,62.13,58.53
03/24/2020,58.75,5105712,57.64,59.11,57.18
03/23/2020,54.33,8156714,55.18,55.52,53.31
03/20/2020,55.31,6484826,58.10,58.745,55.30
03/19/2020,57.12,9173783,56.19,58.35,55.14
03/18/2020,56.76,9230199,56.10,57.999,54.17
03/17/2020,60.39,8580819,58.09,60.44,56.60
03/16/2020,56.84,6968766,53.80,60.34,53.80
03/13/2020,64.02,10082680,63.29,64.84,59.85
03/12/2020,59.74,10362200,61.31,63.00,59.50
03/11/2020,66.25,7040160,67.92,68.12,65.63
03/10/2020,69.86,6150534,69.21,69.86,66.81
03/09/2020,66.79,15532790,67.29,68.895,66.55
03/06/2020,72.23,4586209,71.50,72.60,71.07
03/05/2020,73.54,3210117,73.99,74.79,73.12
03/04/2020,75.86,3885201,74.52,75.86,73.98
03/03/2020,72.87,6983529,74.85,75.93,72.66
03/02/2020,74.65,7880095,72.62,74.71,71.99
02/28/2020,72.26,7472459,70.81,72.37,70.17
02/27/2020,73.03,10056280,74.38,75.23,72.84
02/26/2020,75.68,7015554,76.26,77.02,75.55
02/25/2020,75.61,7897804,77.96,78.14,75.61
02/24/2020,77.60,8362441,77.47,78.22,77.4259
02/21/2020,80.36,2489575,80.76,80.76,80.18
02/20/2020,80.99,2419302,81.20,81.42,80.39
02/19/2020,81.46,2220939,81.40,81.615,81.355
02/18/2020,81.12,2040331,81.07,81.205,80.83
02/14/2020,81.44,1032810,81.51,81.515,81.145
02/13/2020,81.36,3010340,81.17,81.60,81.09
02/12/2020,81.73,2056712,81.58,81.75,81.48
02/11/2020,81.19,2963985,81.22,81.49,81.04
02/10/2020,80.78,1832570,80.15,80.80,80.15
02/07/2020,80.38,2062230,80.56,80.645,80.22
02/06/2020,80.91,3090344,81.00,81.04,80.76
02/05/2020,80.75,2399215,80.82,80.83,80.36
02/04/2020,79.99,2279376,79.76,80.165,79.71
02/03/2020,78.64,3539678,78.46,79.04,78.44
01/31/2020,78.11,5488429,79.11,79.12,77.90
01/30/2020,79.51,4115379,78.90,79.605,78.64
01/29/2020,79.51,1050745,79.83,79.94,79.47
01/28/2020,79.52,1828175,79.08,79.70,79.00
01/27/2020,78.78,1887203,78.73,79.13,78.55
01/24/2020,80.27,2580202,81.13,81.14,80.03
01/23/2020,80.94,2980436,80.68,80.96,80.35
01/22/2020,80.93,2105660,81.16,81.2866,80.91
01/21/2020,80.87,2564485,80.89,81.11,80.80
01/17/2020,81.31,1912425,81.34,81.39,81.135
01/16/2020,81.09,1401838,80.85,81.10,80.81
01/15/2020,80.50,1618596,80.44,80.725,80.38
01/14/2020,80.55,1863008,80.44,80.71,80.36
01/13/2020,80.62,2383370,80.19,80.62,80.06
01/10/2020,80.02,3321267,80.28,80.37,79.89
01/09/2020,80.20,1694646,80.11,80.20,79.935
01/08/2020,79.75,2932852,79.37,80.025,79.323
01/07/2020,79.36,2313143,79.46,79.555,79.29
01/06/2020,79.56,2297959,78.93,79.58,78.9101
01/03/2020,79.38,1686733,79.13,79.69,79.0385
01/02/2020,80.07,2341644,79.77,80.10,79.65
12/31/2019,79.25,2046779,78.96,79.31,78.89
12/30/2019,79.07,1798517,79.63,79.63,78.97
12/27/2019,79.55,1247165,79.92,79.92,79.41
12/26/2019,79.50,764576,79.18,79.50,79.17
12/24/2019,79.07,1295949,79.12,79.13,78.9468
12/23/2019,79.05,1385481,79.08,79.12,79.01
12/20/2019,78.87,2071839,79.01,79.075,78.87
12/19/2019,78.73,2847203,78.51,78.73,78.44
12/18/2019,78.55,2486221,78.59,78.64,78.49
12/17/2019,78.50,1671161,78.61,78.63,78.48
12/16/2019,78.51,1587953,78.52,78.68,78.47
12/13/2019,78.88,3235624,78.80,79.23,78.56
12/12/2019,78.63,3291192,77.97,78.81,77.94
12/11/2019,77.94,1249135,77.74,78.06,77.6987
12/10/2019,77.57,2081809,77.62,77.795,77.43
12/09/2019,77.62,2199978,77.78,77.955,77.62
12/06/2019,77.87,1684260,77.82,77.97,77.76
12/05/2019,77.26,1986628,77.30,77.33,76.97
12/04/2019,77.18,2282789,76.98,77.26,76.93
12/03/2019,76.65,3252071,76.35,76.65,76.02
12/02/2019,77.04,3269289,77.64,77.64,76.865
11/29/2019,77.54,4851272,77.71,77.78,77.54
11/27/2019,78.02,639385,77.87,78.055,77.81
11/26/2019,77.73,1372339,77.62,77.82,77.54
11/25/2019,77.67,1430080,77.39,77.70,77.38
11/22/2019,77.08,905459,77.15,77.195,76.87
11/21/2019,77.01,955247,77.07,77.07,76.74
11/20/2019,77.04,1767189,77.16,77.32,76.71
11/19/2019,77.37,2816211,77.65,77.75,77.2532
11/18/2019,77.46,1289558,77.35,77.50,77.215
11/15/2019,77.39,2037825,77.19,77.39,77.075
11/14/2019,76.88,1583315,76.66,76.88,76.55
11/13/2019,76.87,936370,76.57,76.9358,76.46
11/12/2019,76.94,1860647,76.97,77.1883,76.81
11/11/2019,76.99,1012199,76.69,76.99,76.60
11/08/2019,77.17,1846241,76.94,77.17,76.72
11/07/2019,77.17,1211807,77.21,77.375,77.03
11/06/2019,76.85,1388585,76.85,76.935,76.62
11/05/2019,76.89,3874247,76.99,77.03,76.735
11/04/2019,76.87,1415519,77.00,77.055,76.80
11/01/2019,76.54,1985922,76.21,76.54,76.19
10/31/2019,75.77,3823756,75.86,75.925,75.40
10/30/2019,75.95,2386701,75.70,76.04,75.392
10/29/2019,75.77,1343595,75.65,75.915,75.57
10/28/2019,75.86,1142610,75.69,75.9051,75.68
10/25/2019,75.41,1268133,75.03,75.53,75.02
10/24/2019,75.20,1295233,75.31,75.3507,74.9848
10/23/2019,75.03,2133063,74.75,75.03,74.69
10/22/2019,74.76,1683544,75.07,75.20,74.76
10/21/2019,75.00,860597,74.92,75.00,74.80
10/18/2019,74.46,1509835,74.63,74.74,74.23
10/17/2019,74.71,1954182,74.87,74.96,74.57
10/16/2019,74.53,2983190,74.41,74.64,74.32
10/15/2019,74.51,2847396,74.05,74.70,74.03
10/14/2019,73.77,1201881,73.75,73.94,73.715
10/11/2019,73.97,4518929,73.88,74.45,73.85
10/10/2019,72.98,2962484,72.44,73.13,72.42
10/09/2019,72.41,1536454,72.38,72.65,72.20
10/08/2019,71.79,2587960,72.35,72.45,71.79
10/07/2019,72.75,2268513,72.84,73.20,72.72
10/04/2019,73.04,2933300,72.38,73.07,72.36
10/03/2019,72.28,7860330,71.69,72.28,71.12
10/02/2019,71.68,2518018,72.36,72.37,71.38
10/01/2019,72.90,2298620,73.82,73.87,72.87
09/30/2019,73.75,1487858,73.57,73.8699,73.535
09/27/2019,73.40,1993869,73.97,73.985,73.10
09/26/2019,73.81,6084273,74.02,74.02,73.555
09/25/2019,73.89,6669443,73.46,73.98,73.16
09/24/2019,73.69,4060576,74.37,74.44,73.475
09/23/2019,74.13,928520,74.01,74.30,73.94
09/20/2019,74.23,1625383,74.64,74.74,74.07
09/19/2019,74.51,1109348,74.64,74.84,74.43
09/18/2019,74.43,1051054,74.38,74.49,73.85
09/17/2019,74.47,1054032,74.19,74.53,74.13
09/16/2019,74.35,1620336,74.31,74.455,74.22
09/13/2019,74.66,2169835,74.81,74.92,74.595
09/12/2019,74.58,1732376,74.46,74.76,74.24
09/11/2019,74.26,1433482,73.85,74.26,73.76
09/10/2019,73.69,2504889,73.50,73.72,73.27
09/09/2019,73.68,3275500,73.86,73.86,73.48
09/06/2019,73.59,1332672,73.66,73.7599,73.51
09/05/2019,73.49,1436333,73.33,73.70,73.33
09/04/2019,72.70,1090678,72.47,72.70,72.33
09/03/2019,71.74,2548810,71.65,71.865,71.44
08/30/2019,72.13,3108465,72.47,72.472,71.87
08/29/2019,71.99,3962800,71.88,72.13,71.62
08/28/2019,71.19,10657140,70.73,71.28,70.58
08/27/2019,70.90,2974096,71.44,71.57,70.80
08/26/2019,71.09,2992173,71.06,71.14,70.68
08/23/2019,70.44,3961983,71.60,72.10,70.25
08/22/2019,71.94,1921121,72.14,72.27,71.56
08/21/2019,72.05,1109873,72.12,72.22,71.93
08/20/2019,71.46,1590988,71.78,71.91,71.46
08/19/2019,71.84,1769194,71.96,72.055,71.77
08/16/2019,71.24,2233307,70.68,71.32,70.68
08/15/2019,70.28,3528025,70.33,70.47,69.82
08/14/2019,70.15,4146696,70.97,71.07,70.04
08/13/2019,72.21,2796552,71.06,72.47,70.98
08/12/2019,71.17,2750803,71.61,71.74,71.03
08/09/2019,71.98,2800846,72.27,72.39,71.6723
08/08/2019,72.47,4058679,71.75,72.55,71.65
08/07/2019,71.42,4399688,70.54,71.53,70.15
08/06/2019,71.17,13946190,70.96,71.23,70.495
08/05/2019,70.37,6066114,71.32,71.32,69.915
08/02/2019,72.51,3615509,72.87,72.89,72.14
08/01/2019,73.16,4611276,73.73,74.47,72.90
07/31/2019,73.76,3977337,74.47,74.5199,73.13
07/30/2019,74.45,1605033,74.32,74.50,74.1901
07/29/2019,74.81,1187575,74.92,74.94,74.665
07/26/2019,74.86,1554282,74.78,74.95,74.725
07/25/2019,74.49,2078991,74.95,74.95,74.40
07/24/2019,75.05,1270279,74.63,75.06,74.63
07/23/2019,74.81,1554270,74.74,74.84,74.51
07/22/2019,74.40,1644696,74.39,74.48,74.24
07/19/2019,74.22,2375615,74.77,74.8099,74.22
07/18/2019,74.65,1258084,74.16,74.65,74.0535
07/17/2019,74.30,1337890,74.65,74.725,74.30
07/16/2019,74.63,1942514,74.86,74.93,74.58
07/15/2019,74.91,1982764,74.99,74.99,74.805
07/12/2019,74.85,792236,74.70,74.85,74.58
07/11/2019,74.63,2889993,74.71,74.73,74.385
07/10/2019,74.54,3731789,74.52,74.76,74.335
07/09/2019,74.16,1650556,73.81,74.235,73.80
07/08/2019,74.20,2741559,74.23,74.34,74.13
07/05/2019,74.59,2026247,74.51,74.675,74.12
07/03/2019,74.94,863426,74.66,74.94,74.58
07/02/2019,74.47,3807122,74.29,74.47,74.15
07/01/2019,74.29,2820823,74.50,74.64,74.035
06/28/2019,73.71,2653090,73.61,73.78,73.50
06/27/2019,73.40,1761323,73.31,73.47,73.24
06/26/2019,73.12,2500682,73.32,73.445,73.084
06/25/2019,73.07,3736232,73.67,73.70,73.02
06/24/2019,73.66,1265832,73.83,73.885,73.66
06/21/2019,73.74,1718255,73.70,74.00,73.66
06/20/2019,73.94,1740508,73.97,74.07,73.48
06/19/2019,73.11,5488456,72.97,73.26,72.76
06/18/2019,72.87,7473405,72.44,73.03,72.44
06/17/2019,71.94,1088048,71.95,72.09,71.85
06/14/2019,72.78,2140695,72.85,72.88,72.65
06/13/2019,73.10,1056191,73.12,73.22,72.875
06/12/2019,72.85,853094,73.02,73.1438,72.83
06/11/2019,73.27,2006553,73.61,73.74,73.082
06/10/2019,73.06,2629315,73.07,73.44,73.05
06/07/2019,72.75,1991944,72.29,72.99,72.29
06/06/2019,71.99,2228934,71.70,72.11,71.53
06/05/2019,71.61,2512177,71.67,71.68,71.19
06/04/2019,71.36,4660336,70.67,71.36,70.52
06/03/2019,70.22,6591216,70.18,71.78,69.89
05/31/2019,70.09,2542172,70.01,70.345,69.86
05/30/2019,70.78,4760064,70.64,70.88,70.4999
05/29/2019,70.47,7753611,70.55,70.675,70.14
05/28/2019,70.88,9210403,71.56,71.77,70.88
05/24/2019,71.49,890265,71.58,71.70,71.275
05/23/2019,71.10,2381075,71.28,71.28,70.80
05/22/2019,71.91,1598868,71.94,72.18,71.8507
05/21/2019,72.20,742796,72.04,72.29,71.935
05/20/2019,71.55,956476,71.62,71.90,71.41
05/17/2019,71.99,2023557,71.96,72.56,71.94
05/16/2019,72.54,1074010,72.19,72.93,72.19
05/15/2019,72.00,1995070,71.27,72.18,71.17
05/14/2019,71.71,2538651,71.37,72.00,71.34
05/13/2019,71.05,2583286,71.415,71.57,70.7973
05/10/2019,72.88,2358672,72.34,73.00,71.61
05/09/2019,72.43,2799695,72.05,72.58,71.64
05/08/2019,72.80,3831470,72.79,73.23,72.68
05/07/2019,72.84,2985742,73.47,73.53,72.45
05/06/2019,74.10,2460626,73.24,74.21,73.21
05/03/2019,74.72,1628549,74.34,74.75,74.335
05/02/2019,73.94,2356202,74.09,74.28,73.64
05/01/2019,74.11,2759810,74.70,74.87,74.08
04/30/2019,74.62,1468778,74.48,74.67,74.155
04/29/2019,74.55,1511928,74.41,74.68,74.382
04/26/2019,74.37,1497036,74.13,74.39,73.96
04/25/2019,74.09,2909675,74.03,74.17,73.74
04/24/2019,74.11,3025373,74.34,74.3601,74.055
04/23/2019,74.52,685836,74.11,74.57,74.03
04/22/2019,74.12,1286520,73.84,74.12,73.84
04/18/2019,74.13,2703612,74.10,74.20,73.85
04/17/2019,74.11,2266454,74.43,74.45,73.9832
04/16/2019,74.08,1637019,74.25,74.27,73.9932
04/15/2019,74.00,1522769,74.09,74.09,73.78
04/12/2019,74.03,1460383,74.01,74.14,73.90
04/11/2019,73.51,1257589,73.68,73.70,73.41
04/10/2019,73.74,1572998,73.55,73.74,73.46
04/09/2019,73.43,1170212,73.61,73.61,73.335
04/08/2019,73.82,1006626,73.66,73.82,73.48
04/05/2019,73.73,1063985,73.57,73.75,73.49
04/04/2019,73.45,1990960,73.30,73.47,73.20
04/03/2019,73.34,3175481,73.41,73.64,73.1823
04/02/2019,73.00,1889712,73.03,73.06,72.77
04/01/2019,73.03,2561877,72.76,73.07,72.68
03/29/2019,72.15,3205788,72.11,72.16,71.77
03/28/2019,71.70,1878119,71.545,71.76,71.3036
03/27/2019,71.49,2407772,71.82,71.94,71.09
03/26/2019,71.82,2033156,71.79,72.065,71.51
03/25/2019,71.33,4008428,71.28,71.56,71.02
03/22/2019,71.34,4214544,72.24,72.345,71.33
03/21/2019,72.85,2173242,72.08,72.885,72.04
03/20/2019,72.34,4063816,72.36,72.83,71.95
03/19/2019,72.52,4977796,72.72,72.88,72.29
03/18/2019,72.46,1391950,72.16,72.46,72.12
03/15/2019,72.06,3079944,71.81,72.19,71.78
03/14/2019,71.48,1564227,71.52,71.6099,71.37
03/13/2019,71.55,3341224,71.35,71.72,71.31
03/12/2019,71.14,6770519,71.00,71.22,70.97
03/11/2019,70.87,1635684,70.16,70.91,70.16
03/08/2019,69.94,3024801,69.57,69.98,69.50
03/07/2019,70.12,3671256,70.71,70.71,69.96
03/06/2019,70.86,2934754,71.29,71.29,70.83
03/05/2019,71.21,2561524,71.26,71.39,71.05
03/04/2019,71.20,3677892,71.69,71.705,70.67
03/01/2019,71.41,4186647,71.49,71.58,71.12
02/28/2019,71.03,7012739,71.17,71.26,70.96
02/27/2019,71.28,1956747,71.29,71.42,70.99
02/26/2019,71.43,1988275,71.29,71.64,71.28
02/25/2019,71.38,1959717,71.63,71.747,71.37
02/22/2019,71.20,1467391,71.00,71.27,70.93
02/21/2019,70.77,2037737,70.88,70.88,70.52
02/20/2019,70.94,1790251,70.79,71.14,70.76
02/19/2019,70.75,938963,70.33,70.89,70.30
02/15/2019,70.51,2482785,70.27,70.51,70.19
02/14/2019,69.79,5637328,69.64,70.07,69.46
02/13/2019,69.83,2355662,69.96,70.16,69.82
02/12/2019,69.79,2141719,69.45,69.87,69.45
02/11/2019,68.94,2323146,69.12,69.18,68.82
02/08/2019,69.03,3991153,68.74,69.03,68.43
02/07/2019,69.05,3067043,69.40,69.45,68.69
02/06/2019,69.78,4517634,69.97,70.02,69.695
02/05/2019,70.05,4445080,69.86,70.11,69.805
02/04/2019,69.64,2342893,69.22,69.64,69.04
02/01/2019,69.24,4794363,69.31,69.46,69.08
01/31/2019,69.32,5528524,68.91,69.42,68.80
01/30/2019,68.87,4185955,68.26,69.11,68.07
01/29/2019,67.91,3944047,68.08,68.18,67.77
01/28/2019,67.90,9777994,67.83,67.90,67.44
01/25/2019,68.37,5278309,68.22,68.50,68.15
01/24/2019,67.62,4520907,67.50,67.74,67.3133
01/23/2019,67.50,4049506,67.70,67.80,66.96
01/22/2019,67.33,7538165,67.67,67.76,66.94
01/18/2019,68.23,5224349,68.02,68.365,67.82
01/17/2019,67.52,3570857,66.80,67.70,66.74
01/16/2019,67.03,4148540,67.00,67.26,66.94
01/15/2019,66.84,4393189,66.43,66.92,66.43
01/14/2019,66.24,4467535,66.15,66.465,66.02
01/11/2019,66.62,15803870,66.41,66.66,66.28
01/10/2019,66.86,3110865,66.22,66.865,66.075
01/09/2019,66.55,3461553,66.33,66.77,66.13
01/08/2019,65.94,4535849,65.95,66.10,65.46
01/07/2019,65.46,3630877,65.11,65.78,64.93
01/04/2019,65.06,6288309,63.92,65.23,63.845
01/03/2019,63.05,5110987,63.75,63.80,62.91
01/02/2019,64.14,6233207,63.28,64.30,63.165
12/31/2018,64.16,8878229,64.14,64.40,63.77
12/28/2018,63.85,13392580,64.08,64.475,63.58
12/27/2018,63.74,13247850,62.71,63.75,61.94
12/26/2018,63.44,15490440,61.55,63.445,61.01
12/24/2018,61.18,7077937,62.15,62.37,61.14
12/21/2018,62.29,13965010,63.44,64.06,62.15
12/20/2018,63.49,14399720,64.06,64.36,63.01
12/19/2018,64.05,6190564,65.12,65.98,63.73
12/18/2018,64.95,8859362,65.32,65.57,64.65
12/17/2018,65.58,9238811,66.43,66.63,65.20
12/14/2018,66.59,5833751,67.00,67.25,66.49
12/13/2018,67.68,5518190,67.96,68.14,67.46
12/12/2018,67.74,5630023,67.90,68.435,67.72
12/11/2018,67.03,12913530,67.69,67.85,66.68
12/10/2018,66.94,7895114,66.96,67.23,65.91
12/07/2018,67.14,9033620,68.33,68.76,66.95
12/06/2018,68.45,9551651,67.50,68.45,66.77
12/04/2018,68.75,4106617,70.54,70.62,68.67
12/03/2018,70.73,3836520,70.98,71.03,70.40
11/30/2018,69.83,3101067,69.50,69.90,69.38
11/29/2018,69.62,2929567,69.59,69.99,69.319
11/28/2018,69.91,3677836,68.76,69.91,68.47
11/27/2018,68.52,3514382,68.13,68.52,67.945
11/26/2018,68.44,4064327,68.15,68.45,68.05
11/23/2018,67.45,1215322,67.37,67.71,67.2701
11/21/2018,67.90,3028973,67.92,68.295,67.80
11/20/2018,67.28,5944138,67.56,67.88,67.03
11/19/2018,68.53,11797770,69.38,69.41,68.32
11/16/2018,69.58,4189338,69.02,69.73,68.92
11/15/2018,69.40,6038665,68.45,69.56,68.13
11/14/2018,68.74,3342344,69.41,69.61,68.35
11/13/2018,68.99,3782172,69.02,69.67,68.80
11/12/2018,68.89,3085394,69.85,69.89,68.76
11/09/2018,70.18,2918743,70.35,70.37,69.75
11/08/2018,70.78,1661786,71.05,71.18,70.58
11/07/2018,71.36,1901226,70.69,71.37,70.54
11/06/2018,70.08,2303388,69.71,70.12,69.68
11/05/2018,69.78,2069294,69.56,69.90,69.40
11/02/2018,69.57,4137739,70.19,70.31,69.02
11/01/2018,69.70,4491883,69.15,69.74,68.85
10/31/2018,68.74,3390423,68.72,69.19,68.58
10/30/2018,67.99,5098012,67.02,68.045,66.97
10/29/2018,67.03,6522117,68.16,68.48,66.23
10/26/2018,67.47,9070176,67.36,68.15,66.63
10/25/2018,68.39,4273049,67.78,68.76,67.58
10/24/2018,67.43,4991204,69.19,69.24,67.21
10/23/2018,69.35,4217726,68.70,69.67,68.23
10/22/2018,69.89,2013830,70.27,70.36,69.70
10/19/2018,70.07,3354421,70.24,70.71,69.91
10/18/2018,69.93,3775895,70.66,70.83,69.61
10/17/2018,71.07,4436941,71.15,71.255,70.50
10/16/2018,71.26,8669926,70.53,71.39,70.43
10/15/2018,69.85,3705383,70.01,70.37,69.76
10/12/2018,70.23,5682604,70.49,70.49,69.34
10/11/2018,69.39,14963630,70.35,70.72,68.91
10/10/2018,70.58,8808335,72.44,72.44,70.49
10/09/2018,72.69,1526809,72.43,72.90,72.30
10/08/2018,72.83,2684266,72.56,72.875,72.20
10/05/2018,72.95,2573324,73.30,73.42,72.53
10/04/2018,73.38,2354998,73.83,73.84,72.96
10/03/2018,74.17,1078617,74.50,74.55,74.04
10/02/2018,74.22,1412109,74.12,74.37,74.04
10/01/2018,74.47,1649201,74.63,74.7485,74.325
09/28/2018,74.26,4735871,74.16,74.48,74.10
09/27/2018,74.44,2164646,74.43,74.82,74.42
09/26/2018,74.44,2505940,74.55,74.9512,74.35
09/25/2018,74.49,1024758,74.66,74.66,74.44
09/24/2018,74.34,925498,74.49,74.55,74.28
09/21/2018,74.69,1295772,74.80,74.89,74.67
09/20/2018,74.65,1814384,74.44,74.78,74.39
09/19/2018,73.95,1590511,73.80,74.07,73.80
09/18/2018,73.76,2065949,73.49,73.88,73.46
09/17/2018,73.24,1795158,73.50,73.56,73.19
09/14/2018,73.48,3030381,73.51,73.66,73.28
09/13/2018,73.42,2038322,73.42,73.575,73.24
09/12/2018,72.92,1765672,72.76,73.09,72.60
09/11/2018,72.78,1516196,72.30,72.81,72.18
09/10/2018,72.56,1797810,72.78,72.84,72.54
09/07/2018,72.44,1790913,72.39,72.7167,72.26
09/06/2018,72.74,1799904,72.97,73.08,72.45
09/05/2018,73.00,1388958,73.09,73.155,72.71
09/04/2018,73.40,2286914,73.40,73.47,73.12
08/31/2018,73.81,2993515,73.81,74.09,73.57
08/30/2018,74.04,1809376,74.24,74.325,73.87
08/29/2018,74.68,1853242,74.25,74.6999,74.19
08/28/2018,74.24,4793395,74.43,74.44,74.17
08/27/2018,74.20,3820363,73.90,74.285,73.89
08/24/2018,73.49,1384915,73.22,73.56,73.22
08/23/2018,72.93,2118246,73.16,73.315,72.895
08/22/2018,73.28,1492789,73.23,73.43,73.18
08/21/2018,73.17,1486531,73.11,73.405,73.11
08/20/2018,72.83,1200101,72.74,72.89,72.68
08/17/2018,72.56,1409884,72.18,72.74,72.055
08/16/2018,72.23,1599376,72.13,72.5079,72.12
08/15/2018,71.69,2889314,71.84,71.85,71.225
08/14/2018,72.55,1365449,72.45,72.635,72.27
08/13/2018,72.22,1455324,72.52,72.71,72.12
08/10/2018,72.65,2170775,72.72,72.82,72.445
08/09/2018,73.52,657079,73.74,73.83,73.51
08/08/2018,73.71,1906801,73.68,73.7954,73.53
08/07/2018,73.70,1652902,73.80,73.90,73.67
08/06/2018,73.36,1035977,73.13,73.46,73.055
08/03/2018,73.37,912683,73.10,73.39,73.045
08/02/2018,73.10,2475512,72.51,73.14,72.44
08/01/2018,73.14,2460788,73.27,73.41,72.97
07/31/2018,73.30,1959921,73.35,73.52,73.16
07/30/2018,73.11,1703725,73.50,73.50,73.005
07/27/2018,73.35,2899528,73.75,73.80,73.13
07/26/2018,73.57,977318,73.51,73.755,73.51
07/25/2018,73.88,2246799,73.29,73.94,73.1101
07/24/2018,73.16,2234773,73.25,73.48,72.99
07/23/2018,72.79,1973302,72.66,72.82,72.55
07/20/2018,72.79,1718854,72.65,72.905,72.61
07/19/2018,72.54,2698707,72.49,72.74,72.36
07/18/2018,72.88,1080526,72.77,72.92,72.62
07/17/2018,72.84,1153269,72.32,72.89,72.31
07/16/2018,72.56,776237,72.65,72.66,72.425
07/13/2018,72.66,1245546,72.51,72.68,72.36
07/12/2018,72.55,1555869,72.32,72.56,72.145
07/11/2018,71.87,2244404,72.06,72.325,71.74
07/10/2018,72.73,1960968,72.60,72.77,72.54
07/09/2018,72.58,2888780,72.32,72.63,72.275
07/06/2018,71.88,6346086,71.43,72.00,71.36
07/05/2018,71.36,2238234,71.28,71.38,70.97
07/03/2018,70.85,1373608,71.33,71.33,70.78
07/02/2018,70.91,3574165,70.34,70.94,70.34
06/29/2018,71.12,1957825,71.28,71.585,71.12
06/28/2018,70.78,2789147,70.45,70.925,70.21
06/27/2018,70.41,2884822,71.21,71.51,70.39
06/26/2018,71.10,1539205,71.23,71.34,70.895
06/25/2018,71.00,4242385,71.64,71.64,70.66
06/22/2018,72.02,1135417,72.22,72.29,71.94
06/21/2018,71.64,2327673,72.01,72.03,71.51
06/20/2018,72.18,1678615,72.27,72.36,72.05
06/19/2018,72.01,3575908,71.63,72.05,71.49
06/18/2018,73.31,3441920,73.04,73.33,72.89
06/15/2018,73.63,1418155,73.56,73.70,73.275
06/14/2018,73.92,2136947,74.04,74.155,73.82
06/13/2018,73.94,2879656,74.11,74.25,73.76
06/12/2018,74.09,1069266,74.14,74.25,73.92
06/11/2018,74.19,1544859,74.08,74.35,74.05
06/08/2018,73.95,1019106,73.65,74.01,73.56
06/07/2018,73.80,1508708,74.19,74.21,73.595
06/06/2018,74.13,3887340,73.68,74.13,73.52
06/05/2018,73.43,3769853,73.47,73.525,73.20
06/04/2018,73.51,2303549,73.43,73.59,73.345
06/01/2018,73.08,2917188,72.82,73.10,72.73
05/31/2018,72.33,2328138,72.57,72.61,72.17
05/30/2018,72.74,2082808,72.18,72.79,72.11
05/29/2018,71.80,2512546,72.26,72.38,71.475
05/25/2018,72.91,1009072,72.90,73.045,72.79
05/24/2018,73.12,1613522,73.18,73.29,72.64
05/23/2018,73.39,1499401,72.94,73.39,72.83
05/22/2018,73.54,1004606,73.77,73.91,73.46
05/21/2018,73.62,1113464,73.53,73.73,73.47
05/18/2018,73.15,1103868,73.22,73.273,73.05
05/17/2018,73.40,834224,73.35,73.645,73.20
05/16/2018,73.49,800077,73.27,73.60,73.24
05/15/2018,73.16,1918906,73.27,73.31,72.93
05/14/2018,73.80,1010376,73.88,74.10,73.71
05/11/2018,73.69,1153389,73.67,73.815,73.51
05/10/2018,73.53,1432281,73.08,73.60,73.08
05/09/2018,72.79,1380171,72.46,72.895,72.38
05/08/2018,72.37,1379303,72.22,72.39,72.01
05/07/2018,72.34,1525708,72.27,72.5464,72.16
05/04/2018,72.22,1295372,71.18,72.41,71.15
05/03/2018,71.62,3695429,71.44,71.785,70.735
05/02/2018,71.61,1076501,72.08,72.22,71.52
05/01/2018,71.91,2009484,71.89,71.94,71.355
04/30/2018,71.99,2476488,72.52,72.66,71.97
04/27/2018,72.41,715280,72.45,72.506,72.12
04/26/2018,72.26,2000195,71.98,72.45,71.89
04/25/2018,71.68,1268486,71.56,71.775,71.10
04/24/2018,71.67,2147277,72.61,72.69,71.34
04/23/2018,72.36,1485703,72.47,72.62,72.10
04/20/2018,72.46,1393139,72.91,72.91,72.255
04/19/2018,73.03,2655759,73.24,73.30,72.75
04/18/2018,73.34,1449360,73.37,73.525,73.19
04/17/2018,73.10,865592,72.83,73.30,72.77
04/16/2018,72.57,1998631,72.46,72.70,72.32
04/13/2018,72.22,1387283,72.66,72.73,71.98
04/12/2018,72.38,903038,72.25,72.61,72.19
04/11/2018,71.98,1176730,71.91,72.42,71.91
04/10/2018,72.30,2217920,72.04,72.459,71.82
04/09/2018,71.19,1103185,71.38,72.01,71.15
04/06/2018,70.82,2828975,71.61,71.95,70.44
04/05/2018,72.02,1837968,71.79,72.23,71.74
04/04/2018,71.51,2327402,69.92,71.60,69.83
04/03/2018,71.01,4289444,70.74,71.08,70.225
04/02/2018,70.26,3336469,71.39,71.53,69.67
03/29/2018,71.70,3126753,71.09,72.01,70.97
03/28/2018,70.75,3095256,70.89,71.33,70.42
03/27/2018,70.70,2929050,72.02,72.14,70.40
03/26/2018,71.73,3064173,71.18,71.81,70.49
03/23/2018,70.09,1654811,71.42,71.61,70.05
03/22/2018,71.31,3782000,72.28,72.45,71.27
03/21/2018,73.04,1674092,72.97,73.56,72.8657
03/20/2018,72.97,1032547,72.94,73.14,72.84
03/19/2018,72.87,2320623,73.41,73.41,72.39
03/16/2018,73.65,1073911,73.69,73.90,73.63
03/15/2018,73.68,3228790,73.86,74.07,73.54
03/14/2018,73.71,1010470,74.33,74.33,73.57
03/13/2018,73.86,1172747,74.66,74.76,73.69
03/12/2018,74.36,2316511,74.40,74.6018,74.20
03/09/2018,74.33,799341,73.68,74.34,73.60
03/08/2018,73.38,1305757,73.32,73.40,72.99
03/07/2018,73.11,1446026,72.65,73.17,72.48
03/06/2018,73.16,1507941,73.26,73.30,72.79
03/05/2018,72.78,1765554,71.80,72.91,71.71
03/02/2018,72.21,2206602,71.41,72.32,71.16
03/01/2018,71.88,6922724,72.71,73.085,71.40
02/28/2018,72.79,1634122,73.90,73.92,72.79
02/27/2018,73.64,1935766,74.49,74.695,73.64
02/26/2018,74.78,1966179,74.31,74.79,74.09
02/23/2018,73.99,7203959,73.52,74.01,73.37
02/22/2018,73.08,1917510,73.16,73.69,72.95
02/21/2018,72.93,1340936,73.44,74.12,72.92
02/20/2018,73.25,1669719,73.29,73.75,73.01
02/16/2018,73.87,2834151,73.58,74.36,73.58
02/15/2018,73.79,3154052,73.50,73.79,72.8066
02/14/2018,72.97,2926287,71.30,72.995,71.30
02/13/2018,71.75,1918013,71.36,71.87,71.209
02/12/2018,71.62,3611216,71.17,71.99,70.805
02/09/2018,70.64,8534551,70.48,71.06,68.52
02/08/2018,69.83,6235358,72.36,72.36,69.83
02/07/2018,72.20,7565078,72.48,73.36,72.20
02/06/2018,73.05,12874740,70.91,73.15,70.55
02/05/2018,71.53,11026080,73.78,74.38,71.35
02/02/2018,74.49,7605666,75.50,75.59,74.455
02/01/2018,76.15,3227604,75.96,76.41,75.91
01/31/2018,76.20,2062082,76.47,76.555,75.91
01/30/2018,76.12,2366720,76.42,76.51,76.01
01/29/2018,76.87,1684467,77.12,77.20,76.825
01/26/2018,77.54,1264313,77.05,77.54,76.95
01/25/2018,76.71,2584785,77.03,77.07,76.55
01/24/2018,76.78,1696008,77.00,77.13,76.45
01/23/2018,76.71,1329168,76.50,76.725,76.41
01/22/2018,76.47,1120886,75.92,76.47,75.92
01/19/2018,75.92,1318794,75.80,75.94,75.63
01/18/2018,75.56,4191903,75.63,75.72,75.425
01/17/2018,75.66,2515966,75.34,75.8065,75.15
01/16/2018,75.07,2940959,75.63,75.72,74.91
01/12/2018,75.20,1381953,74.78,75.25,74.76
01/11/2018,74.63,1258774,74.27,74.64,74.27
01/10/2018,74.12,1193322,74.13,74.255,73.98
01/09/2018,74.29,1268218,74.32,74.44,74.15
01/08/2018,74.20,1507846,74.12,74.25,74.03
01/05/2018,74.13,1595362,73.93,74.175,73.785
01/04/2018,73.65,2044202,73.57,73.79,73.54
01/03/2018,73.14,3217386,72.86,73.21,72.85
01/02/2018,72.77,2086655,72.51,72.77,72.33
12/29/2017,72.09,1104417,72.39,72.44,72.05
12/28/2017,72.16,1400774,72.30,72.30,72.10
12/27/2017,72.00,3340110,72.04,72.0972,71.915
12/26/2017,71.92,4644217,72.01,72.01,71.82
12/22/2017,72.00,1107502,71.97,72.02,71.84
12/21/2017,71.92,2240231,71.83,72.10,71.80
12/20/2017,71.68,2557568,71.98,71.98,71.595
12/19/2017,71.73,1458255,72.03,72.03,71.69
12/18/2017,72.63,2077641,72.54,72.76,72.54
12/15/2017,71.97,1700748,71.88,72.12,71.79
12/14/2017,71.68,2458367,72.07,72.095,71.67
12/13/2017,72.05,1855730,72.04,72.225,71.985
12/12/2017,71.88,1730996,71.79,71.97,71.75
12/11/2017,71.88,5803343,71.66,71.89,71.66
12/08/2017,71.61,1167740,71.58,71.62,71.41
12/07/2017,71.20,1864701,70.94,71.305,70.91
12/06/2017,71.01,1169707,71.01,71.1161,70.9043
12/05/2017,71.15,2596610,71.43,71.58,71.105
12/04/2017,71.36,2408823,71.88,72.03,71.36
12/01/2017,71.54,6765063,71.61,71.66,70.795
11/30/2017,71.72,7719233,71.67,71.89,71.535
11/29/2017,71.38,1623774,71.66,71.705,71.26
11/28/2017,71.65,1015946,71.32,71.66,71.21
11/27/2017,71.09,1098111,71.31,71.33,71.07
11/24/2017,71.35,700580,71.35,71.42,71.33
11/22/2017,71.15,1325808,71.15,71.24,71.01
11/21/2017,71.06,872270,70.89,71.095,70.88
11/20/2017,70.52,889388,70.48,70.58,70.40
11/17/2017,70.38,591143,70.33,70.47,70.31
11/16/2017,70.49,998574,70.21,70.59,70.19
11/15/2017,69.79,1198398,69.70,69.94,69.53
11/14/2017,70.14,1108104,70.14,70.18,69.90
11/13/2017,70.28,789814,70.02,70.345,69.96
11/10/2017,70.38,551290,70.37,70.43,70.265
11/09/2017,70.50,1439858,70.39,70.53,70.05
11/08/2017,70.84,536922,70.71,70.87,70.61
11/07/2017,70.70,1731062,70.73,70.8501,70.49
11/06/2017,70.79,764087,70.57,70.815,70.54
11/03/2017,70.59,1157605,70.48,70.619,70.33
11/02/2017,70.52,1420131,70.41,70.56,70.24
11/01/2017,70.42,1493182,70.63,70.71,70.3868
10/31/2017,70.30,1247380,70.21,70.36,70.15
10/30/2017,70.08,771110,70.06,70.21,70.00
10/27/2017,70.19,960147,69.93,70.22,69.78
10/26/2017,69.75,1039296,69.87,69.97,69.75
10/25/2017,69.77,919976,70.04,70.065,69.43
10/24/2017,70.02,677417,70.02,70.1285,69.96
10/23/2017,69.98,876104,70.25,70.27,69.91
10/20/2017,70.32,1314811,70.19,70.32,70.07
10/19/2017,70.05,1260297,69.82,70.05,69.69
10/18/2017,70.11,2027387,70.14,70.17,70.01
10/17/2017,70.00,1315700,69.97,70.015,69.86
10/16/2017,70.07,2709685,70.03,70.12,69.98
10/13/2017,70.00,650225,70.00,70.07,69.96
10/12/2017,69.83,1388590,69.73,69.885,69.70
10/11/2017,69.84,1111911,69.70,69.84,69.645
10/10/2017,69.66,1088766,69.57,69.69,69.48
10/09/2017,69.27,625746,69.45,69.46,69.22
10/06/2017,69.40,1034141,69.21,69.40,69.19
10/05/2017,69.49,846492,69.25,69.505,69.25
10/04/2017,69.22,1151258,69.17,69.30,69.12
10/03/2017,69.17,1349453,69.00,69.205,69.00
10/02/2017,68.90,3559123,68.77,68.95,68.77
09/29/2017,68.82,2570272,68.59,68.85,68.495
09/28/2017,68.44,3608822,68.26,68.50,68.26
09/27/2017,68.36,800959,68.33,68.48,68.155
09/26/2017,68.26,1015271,68.37,68.42,68.1434
09/25/2017,68.40,4745371,68.51,68.60,68.14
09/22/2017,68.69,951924,68.69,68.77,68.63
09/21/2017,68.68,1264179,68.82,68.82,68.615
09/20/2017,68.87,2005014,68.88,68.97,68.51
09/19/2017,68.84,1515821,68.81,68.90,68.745
09/18/2017,68.70,1256635,68.74,68.85,68.60
09/15/2017,68.57,969765,68.50,68.58,68.41
09/14/2017,68.44,358160,68.30,68.46,68.25
09/13/2017,68.41,1079885,68.45,68.46,68.305
09/12/2017,68.59,1144038,68.46,68.59,68.41
09/11/2017,68.31,961393,68.04,68.39,68.04
09/08/2017,67.69,610385,67.72,67.81,67.64
09/07/2017,67.76,1050201,67.76,67.805,67.625
09/06/2017,67.50,1557244,67.40,67.61,67.39
09/05/2017,67.19,4411336,67.48,67.59,66.94
09/01/2017,67.71,1675656,67.73,67.80,67.64
08/31/2017,67.55,1045138,67.30,67.62,67.30
08/30/2017,67.14,781277,66.97,67.18,66.90
08/29/2017,66.94,1259255,66.60,67.035,66.53
08/28/2017,66.99,748866,67.11,67.17,66.93
08/25/2017,67.05,989164,67.01,67.25,67.00
08/24/2017,66.79,4048509,67.00,67.05,66.74
08/23/2017,66.83,864596,66.77,66.97,66.68
08/22/2017,66.94,1013732,66.63,66.99,66.59
08/21/2017,66.40,1029322,66.32,66.46,66.16
08/18/2017,66.34,1434645,66.27,66.62,66.1499
08/17/2017,66.28,1594091,66.95,67.06,66.28
08/16/2017,67.16,1123215,67.14,67.22,67.08
08/15/2017,66.85,871756,66.94,66.95,66.74
08/14/2017,66.94,1033036,66.80,67.04,66.69
08/11/2017,66.35,1512242,66.34,66.49,66.215
08/10/2017,66.34,1778900,67.03,67.03,66.29
08/09/2017,67.32,606597,67.11,67.33,66.985
08/08/2017,67.40,859412,67.53,67.78,67.34
08/07/2017,67.59,917710,67.52,67.61,67.475
08/04/2017,67.53,1141365,67.56,67.60,67.34
08/03/2017,67.40,623105,67.46,67.50,67.35
08/02/2017,67.54,1061517,67.79,67.79,67.26
08/01/2017,67.50,1861737,67.54,67.60,67.40
07/31/2017,67.28,2577650,67.35,67.35,67.13
07/28/2017,67.20,1183302,67.03,67.24,66.99
07/27/2017,67.27,1594122,67.59,67.59,66.91
07/26/2017,67.40,4450336,67.34,67.465,67.24
07/25/2017,67.20,1884252,67.22,67.34,67.18
07/24/2017,67.06,1580235,67.05,67.10,66.895
07/21/2017,67.11,880987,67.02,67.11,66.88
07/20/2017,67.20,1668031,67.25,67.28,67.0555
07/19/2017,67.13,1640273,66.88,67.13,66.88
07/18/2017,66.76,2261396,66.62,66.76,66.51
07/17/2017,66.64,1197773,66.74,66.76,66.61
07/14/2017,66.72,774239,66.40,66.83,66.40
07/13/2017,66.33,1474734,66.24,66.36,66.14
07/12/2017,66.18,1509321,65.93,66.25,65.93
07/11/2017,65.60,1039158,65.48,65.65,65.22
07/10/2017,65.50,761857,65.36,65.57,65.29
07/07/2017,65.34,2179170,65.09,65.40,65.06
07/06/2017,65.09,2196059,65.32,65.37,65.02
07/05/2017,65.58,3957556,65.54,65.60,65.295
07/03/2017,65.57,1465488,65.67,65.765,65.53
06/30/2017,65.49,3787312,65.60,65.63,65.30
06/29/2017,65.33,1690405,65.86,65.885,65.00
06/28/2017,65.93,1859099,65.62,66.015,65.62
06/27/2017,65.42,1692286,65.73,65.79,65.40
06/26/2017,65.70,3644676,65.93,65.98,65.64
06/23/2017,65.54,1096858,65.50,65.64,65.355
06/22/2017,65.43,2049468,65.46,65.59,65.385
06/21/2017,65.44,1116473,65.47,65.5799,65.29
06/20/2017,65.41,2155128,65.86,65.86,65.41
06/19/2017,66.66,1774571,66.50,66.73,66.47
06/16/2017,66.27,1534739,66.16,66.27,65.96
06/15/2017,66.03,1871044,65.72,66.04,65.66
06/14/2017,66.39,1955103,66.71,66.715,66.18
06/13/2017,66.48,850664,66.38,66.51,66.27
06/12/2017,66.11,3059057,66.06,66.15,65.89
06/09/2017,66.23,1555575,66.42,66.60,65.91
06/08/2017,66.46,1655514,66.40,66.47,66.24
06/07/2017,66.41,2328829,66.36,66.51,66.16
06/06/2017,66.37,1270530,66.30,66.47,66.29
06/05/2017,66.54,1609362,66.54,66.57,66.41
06/02/2017,66.61,3152724,66.44,66.6751,66.315
06/01/2017,66.24,3266895,65.87,66.24,65.70
05/31/2017,65.70,1130407,65.91,65.92,65.59
05/30/2017,65.80,1226711,65.66,65.80,65.66
05/26/2017,65.83,1248617,65.78,65.84,65.73
05/25/2017,65.87,1089377,65.78,65.96,65.78
05/24/2017,65.67,962743,65.48,65.70,65.47
05/23/2017,65.54,1682459,65.61,65.63,65.4835
05/22/2017,65.51,1498813,65.36,65.54,65.36
05/19/2017,65.25,1206979,64.91,65.37,64.91
05/18/2017,64.58,1974597,64.41,64.785,64.17
05/17/2017,64.50,1467821,65.06,65.18,64.50
05/16/2017,65.49,676447,65.58,65.605,65.41
05/15/2017,65.37,1258543,65.23,65.41,65.18
05/12/2017,65.01,967659,64.95,65.04,64.88
05/11/2017,64.93,2738751,64.92,64.95,64.61
05/10/2017,65.02,932069,64.84,65.05,64.84
05/09/2017,64.87,1010099,64.91,65.035,64.775
05/08/2017,64.89,869847,64.95,64.97,64.795
05/05/2017,65.02,1007169,64.70,65.09,64.64
05/04/2017,64.59,703178,64.52,64.61,64.395
05/03/2017,64.45,938848,64.47,64.515,64.31
05/02/2017,64.64,3350196,64.60,64.65,64.465
05/01/2017,64.45,1268517,64.44,64.5765,64.345
04/28/2017,64.28,1511702,64.34,64.41,64.2099
04/27/2017,64.30,1897279,64.39,64.41,64.15
04/26/2017,64.28,1356533,64.34,64.57,64.275
04/25/2017,64.41,2231611,64.23,64.49,64.22
04/24/2017,63.98,1944362,63.94,64.07,63.90
04/21/2017,63.02,2036292,63.07,63.12,62.91
04/20/2017,63.11,1681423,62.96,63.21,62.89
04/19/2017,62.61,976455,62.95,63.00,62.53
04/18/2017,62.77,1750768,62.75,62.91,62.57
04/17/2017,63.08,2123583,62.83,63.08,62.76
04/13/2017,62.59,1809760,62.88,63.02,62.59
04/12/2017,63.01,1185565,63.11,63.12,62.86
04/11/2017,63.16,1235229,63.13,63.19,62.72
04/10/2017,63.08,1817843,63.10,63.2393,62.96
04/07/2017,63.10,952856,63.07,63.27,63.0175
04/06/2017,63.16,1652563,63.14,63.28,63.005
04/05/2017,63.10,2895768,63.43,63.66,63.03
04/04/2017,63.27,1977496,63.09,63.29,63.00
04/03/2017,63.25,2029292,63.31,63.36,62.83
03/31/2017,63.26,2054828,63.24,63.47,63.24
03/30/2017,63.41,1571209,63.42,63.60,63.38
03/29/2017,63.44,2474449,63.15,63.50,63.15
03/28/2017,63.41,4208000,63.07,63.51,63.04
03/27/2017,63.13,1775372,62.69,63.165,62.645
03/24/2017,63.08,1503539,63.09,63.28,62.9166
03/23/2017,63.06,3562718,62.94,63.31,62.89
03/22/2017,63.03,1795185,62.83,63.06,62.67
03/21/2017,62.91,2535578,63.79,63.87,62.86
03/20/2017,63.52,1362889,63.58,63.675,63.421
03/17/2017,63.51,1595425,63.62,63.715,63.48
03/16/2017,63.54,2072296,63.65,63.69,63.44
03/15/2017,63.41,3030721,62.91,63.53,62.82
03/14/2017,62.66,1780830,62.74,62.78,62.555
03/13/2017,63.02,1273661,62.93,63.04,62.89
03/10/2017,62.78,2340105,62.78,62.93,62.57
03/09/2017,62.44,1674858,62.44,62.53,62.21
03/08/2017,62.40,1610331,62.63,62.685,62.35
03/07/2017,62.61,1058905,62.64,62.73,62.54
03/06/2017,62.76,930831,62.75,62.825,62.595
03/03/2017,62.94,1645310,62.82,62.975,62.69
03/02/2017,62.79,1941318,63.00,63.06,62.735
03/01/2017,63.19,2766986,62.83,63.3075,62.83
02/28/2017,62.42,1727752,62.47,62.555,62.31
02/27/2017,62.63,1179671,62.48,62.63,62.41
02/24/2017,62.58,1925991,62.32,62.58,62.31
02/23/2017,62.74,3958719,62.93,62.93,62.60
02/22/2017,62.71,2520052,62.61,62.75,62.55
02/21/2017,62.69,2889627,62.58,62.76,62.50
02/17/2017,62.42,2296069,62.19,62.42,62.17
02/16/2017,62.46,2569111,62.49,62.5356,62.28
02/15/2017,62.45,2221183,62.08,62.505,62.04
02/14/2017,62.15,2269567,62.00,62.18,61.78
02/13/2017,62.02,2759064,61.95,62.14,61.93
02/10/2017,61.73,1650044,61.58,61.8175,61.57
02/09/2017,61.48,1025606,61.30,61.59,61.29
02/08/2017,61.23,1942120,61.01,61.25,60.94
02/07/2017,61.07,1058979,61.12,61.205,61.01
02/06/2017,61.12,1142148,61.08,61.15,60.98
02/03/2017,61.35,1997697,61.26,61.41,61.145
02/02/2017,61.00,1655077,60.85,61.0972,60.85
02/01/2017,60.92,3562929,61.13,61.19,60.79
01/31/2017,60.89,2891535,60.85,60.925,60.61
01/30/2017,60.80,4898172,60.89,60.90,60.535
01/27/2017,61.19,996422,61.31,61.32,61.1301
01/26/2017,61.31,2160082,61.41,61.45,61.27
01/25/2017,61.43,2840224,61.08,61.48,61.08
01/24/2017,60.83,1562684,60.49,60.915,60.46
01/23/2017,60.50,1991502,60.45,60.54,60.25
01/20/2017,60.49,1608074,60.43,60.54,60.305
01/19/2017,60.24,2137910,60.43,60.45,60.095
01/18/2017,60.41,2212328,60.47,60.48,60.295
01/17/2017,60.51,2090046,60.40,60.60,60.40
01/13/2017,60.70,2432312,60.54,60.74,60.525
01/12/2017,60.54,1479267,60.34,60.58,60.20
01/11/2017,60.57,1508796,60.25,60.57,60.10
01/10/2017,60.24,1388894,60.24,60.4699,60.21
01/09/2017,60.24,1471121,60.22,60.33,60.15
01/06/2017,60.38,1231829,60.35,60.46,60.15
01/05/2017,60.37,1714128,60.15,60.395,60.15
01/04/2017,60.14,1087301,59.87,60.14,59.8408
01/03/2017,59.63,2570390,59.61,59.72,59.35
12/30/2016,59.17,3019013,59.47,59.48,59.02
12/29/2016,59.26,2048849,59.31,59.345,59.195
12/28/2016,59.15,1755462,59.50,59.55,59.11
12/27/2016,59.44,2606531,59.45,59.58,59.35
12/23/2016,59.36,967920,59.31,59.38,59.26
12/22/2016,59.32,1562320,59.39,59.39,59.205
12/21/2016,59.42,1620161,59.50,59.57,59.42
12/20/2016,60.12,2128935,59.98,60.12,59.94
12/19/2016,59.91,1356164,59.89,60.0499,59.825
12/16/2016,59.84,4728832,60.02,60.06,59.78
12/15/2016,59.96,2496274,59.88,60.11,59.78
12/14/2016,59.87,2135721,60.52,60.62,59.80
12/13/2016,60.60,1788312,60.40,60.77,60.40
12/12/2016,60.12,3013622,60.15,60.345,60.035
12/09/2016,60.31,1580776,60.10,60.31,60.04
12/08/2016,60.03,2028280,59.90,60.14,59.79
12/07/2016,59.92,2291127,59.15,59.96,59.14
12/06/2016,59.11,1699466,58.89,59.11,58.79
12/05/2016,58.79,1684372,58.65,58.85,58.61
12/02/2016,58.39,1726036,58.27,58.51,58.24
12/01/2016,58.29,10377560,58.59,58.63,58.22
11/30/2016,58.57,1616973,58.84,58.9311,58.57
11/29/2016,58.72,1733788,58.52,58.83,58.43
11/28/2016,58.57,2626632,58.70,58.76,58.50
11/25/2016,58.79,633685,58.68,58.79,58.64
11/23/2016,58.57,1868670,58.38,58.57,58.21
11/22/2016,58.71,2146287,58.60,58.71,58.43
11/21/2016,58.47,1033901,58.20,58.50,58.20
11/18/2016,58.02,1465463,58.12,58.20,57.94
11/17/2016,58.30,2361291,58.09,58.39,58.09
11/16/2016,58.02,9130743,57.94,58.095,57.90
11/15/2016,58.26,2136422,57.62,58.26,57.62
11/14/2016,57.76,1586465,57.90,57.90,57.54
11/11/2016,57.92,2185431,57.88,58.16,57.56
11/10/2016,58.24,1655398,58.40,58.64,57.82
11/09/2016,58.40,2257983,57.57,58.57,57.50
11/08/2016,58.22,1872354,57.78,58.35,57.70
11/07/2016,57.90,1902445,57.48,57.93,57.48
11/04/2016,56.74,1866417,56.84,57.0985,56.69
11/03/2016,57.03,3157972,57.35,57.38,56.945
11/02/2016,57.19,2878664,57.51,57.615,57.08
11/01/2016,57.61,3575882,58.14,58.17,57.285
10/31/2016,57.97,1364062,57.98,58.10,57.875
10/28/2016,57.95,4877196,58.06,58.255,57.77
10/27/2016,58.14,798221,58.42,58.46,58.105
10/26/2016,58.26,1111622,58.29,58.45,58.12
10/25/2016,58.53,1045102,58.53,58.635,58.39
10/24/2016,58.62,652945,58.59,58.75,58.50
10/21/2016,58.44,669223,58.20,58.475,58.14
10/20/2016,58.46,1672026,58.47,58.64,58.29
10/19/2016,58.55,848418,58.48,58.65,58.3856
10/18/2016,58.35,1156832,58.41,58.49,58.23
10/17/2016,57.84,1208541,57.93,58.05,57.79
10/14/2016,58.01,859488,58.31,58.46,57.99
10/13/2016,57.97,1641840,57.70,58.13,57.44
10/12/2016,58.22,985863,58.18,58.35,58.04
10/11/2016,58.22,1557333,58.77,58.79,58.01
10/10/2016,59.04,636932,59.01,59.1961,59.00
10/07/2016,58.76,1093605,58.95,59.02,58.43
10/06/2016,59.00,1126368,58.95,59.05,58.77
10/05/2016,59.09,704870,58.95,59.19,58.95
10/04/2016,58.74,1866876,59.17,59.21,58.58
10/03/2016,58.98,2628668,58.97,59.08,58.83
09/30/2016,59.10,976044,58.95,59.295,58.81
09/29/2016,58.69,1330993,59.16,59.35,58.52
09/28/2016,59.31,1031841,58.99,59.35,58.71
09/27/2016,58.93,1667719,58.48,58.95,58.40
09/26/2016,58.60,1320479,58.71,58.81,58.55
09/23/2016,59.13,1086062,59.30,59.34,59.08
09/22/2016,59.54,2545656,59.55,59.755,59.445
09/21/2016,59.11,2570447,58.50,59.16,58.38
09/20/2016,58.19,3545149,58.39,58.44,58.14
09/19/2016,57.98,1073884,58.26,58.37,57.91
09/16/2016,57.83,1087820,57.94,57.95,57.64
09/15/2016,58.25,1447037,57.70,58.34,57.58
09/14/2016,57.64,2454390,57.65,58.05,57.52
09/13/2016,57.69,1543819,58.22,58.22,57.46
09/12/2016,58.73,1898178,57.76,58.82,57.6499
09/09/2016,58.08,1894078,59.03,59.04,58.06
09/08/2016,59.46,1348169,59.49,59.64,59.37
09/07/2016,59.62,1831555,59.64,59.71,59.4401
09/06/2016,59.63,2453060,59.36,59.63,59.305
09/02/2016,59.22,2177334,59.07,59.28,59.065
09/01/2016,58.76,5279280,58.71,58.77,58.385
08/31/2016,58.55,2641850,58.68,58.75,58.35
08/30/2016,58.78,1505409,58.97,59.01,58.65
08/29/2016,58.89,1090216,58.70,58.97,58.64
08/26/2016,58.63,1682821,58.95,59.39,58.39
08/25/2016,58.87,1893738,58.89,59.09,58.79
08/24/2016,59.00,1656001,59.21,59.27,58.91
08/23/2016,59.22,2054661,59.44,59.51,59.22
08/22/2016,59.10,1251902,59.00,59.18,58.90
08/19/2016,59.17,768014,59.02,59.23,58.91
08/18/2016,59.39,1321189,59.22,59.41,59.16
08/17/2016,59.18,4967016,59.00,59.25,58.79
08/16/2016,59.12,572083,59.24,59.30,59.12
08/15/2016,59.37,357968,59.25,59.47,59.25
08/12/2016,59.12,868221,59.14,59.235,58.9975
08/11/2016,59.22,658399,59.07,59.27,58.98
08/10/2016,58.83,1565251,59.00,59.035,58.76
08/09/2016,58.86,4096397,58.72,58.95,58.65
08/08/2016,58.53,2016836,58.50,58.63,58.48
08/05/2016,58.44,815707,58.16,58.47,58.16
08/04/2016,58.07,955498,58.00,58.13,57.86
08/03/2016,57.86,1272641,57.59,57.88,57.525
08/02/2016,57.80,922861,58.13,58.13,57.56
08/01/2016,58.16,2180190,58.40,58.42,58.08
07/29/2016,58.35,1040895,58.12,58.415,58.015
07/28/2016,58.02,1370548,58.00,58.09,57.765
07/27/2016,57.99,2361535,58.11,58.15,57.66
07/26/2016,57.91,1013019,57.94,58.08,57.72
07/25/2016,57.81,1242351,57.97,58.01,57.66
07/22/2016,57.96,974545,57.89,57.97,57.75
07/21/2016,57.78,872287,57.87,58.01,57.65
07/20/2016,57.95,516805,57.82,58.03,57.73
07/19/2016,57.62,1353284,57.64,57.69,57.49
07/18/2016,57.89,1815371,57.70,57.955,57.65
07/15/2016,57.71,1802692,57.89,57.94,57.60
07/14/2016,57.83,5097194,57.90,58.02,57.81
07/13/2016,57.48,1393105,57.64,57.70,57.34
07/12/2016,57.50,1666642,57.38,57.65,57.36
07/11/2016,56.95,1674222,56.87,57.08,56.81
07/08/2016,56.46,1191155,56.09,56.53,56.07
07/07/2016,55.61,2131727,55.845,56.04,55.42
07/06/2016,55.74,2042572,55.25,55.75,55.00
07/05/2016,55.65,1358938,55.88,55.9399,55.48
07/01/2016,56.35,1466326,56.22,56.49,56.20
06/30/2016,56.23,3940625,55.67,56.24,55.47
06/29/2016,55.48,1729923,55.08,55.565,55.04
06/28/2016,54.45,1955270,54.09,54.46,53.915
06/27/2016,53.29,3582264,53.82,53.82,52.92
06/24/2016,54.30,5380606,54.39,55.40,54.235
06/23/2016,57.39,1143148,57.01,57.4107,56.84
06/22/2016,56.35,1697039,56.58,56.765,56.315
06/21/2016,57.15,1247182,57.08,57.38,56.94
06/20/2016,56.88,1194158,57.08,57.26,56.84
06/17/2016,56.09,2178650,56.08,56.21,55.74
06/16/2016,55.94,1725739,55.34,56.01,55.01
06/15/2016,55.90,2752726,55.94,56.23,55.80
06/14/2016,55.73,3035392,55.84,56.03,55.44
06/13/2016,56.11,1164155,56.26,56.64,56.07
06/10/2016,56.71,1338654,57.03,57.06,56.58
06/09/2016,57.72,878173,57.69,57.79,57.54
06/08/2016,58.14,919057,58.04,58.20,57.98
06/07/2016,57.92,1449777,57.86,58.0755,57.86
06/06/2016,57.69,982228,57.47,57.80,57.47
06/03/2016,57.34,909995,57.21,57.4163,56.945
06/02/2016,57.18,1222536,56.85,57.19,56.78
06/01/2016,57.08,1188129,56.82,57.115,56.69
05/31/2016,57.00,1429916,57.27,57.3544,56.845
05/27/2016,57.14,1124798,57.02,57.17,57.00
05/26/2016,57.08,1229326,57.06,57.17,56.95
05/25/2016,56.97,1240230,56.75,57.095,56.75
05/24/2016,56.50,2649296,56.04,56.59,56.0308
05/23/2016,55.76,965896,55.83,55.925,55.71
05/20/2016,55.89,969200,55.80,56.01,55.77
05/19/2016,55.51,1652177,55.50,55.57,55.155
05/18/2016,55.77,2208065,55.76,56.235,55.47
05/17/2016,55.84,1333431,56.31,56.31,55.70
05/16/2016,56.27,4366580,55.83,56.386,55.74
05/13/2016,55.60,1168726,55.90,56.12,55.52
05/12/2016,56.23,1357748,56.55,56.56,55.89
05/11/2016,56.24,2018959,56.42,56.61,56.205
05/10/2016,56.65,1590859,56.14,56.66,56.14
05/09/2016,55.85,889073,55.96,56.10,55.76
05/06/2016,55.98,1841263,55.54,55.98,55.50
05/05/2016,55.82,1676512,55.94,56.06,55.65
05/04/2016,55.81,2339914,55.99,56.1499,55.685
05/03/2016,56.34,2439414,56.48,56.64,56.23
05/02/2016,57.16,1692113,57.04,57.19,56.84
04/29/2016,56.81,1693161,56.94,57.01,56.46
04/28/2016,57.06,1455950,57.19,57.59,56.92
04/27/2016,57.59,1078569,57.34,57.71,57.24
04/26/2016,57.50,1286989,57.47,57.58,57.31
04/25/2016,57.30,817668,57.27,57.335,57.10
04/22/2016,57.51,831224,57.40,57.62,57.27
04/21/2016,57.52,922728,57.80,57.845,57.405
04/20/2016,57.80,1370732,57.76,58.055,57.63
04/19/2016,57.85,1316190,57.61,57.91,57.57
04/18/2016,57.31,1177606,56.76,57.32,56.69
04/15/2016,56.90,2853434,56.92,57.01,56.83
04/14/2016,56.99,1444264,56.99,57.11,56.87
04/13/2016,56.91,1669729,56.67,56.965,56.66
04/12/2016,56.23,1346027,55.70,56.3199,55.55
