Date,Close/Last,Volume,Open,High,Low
04/10/2026,28.50,496802,28.63,28.78,28.47
04/09/2026,28.71,948337,28.80,28.95,28.45
04/08/2026,28.56,3558292,28.03,28.64,28.00
04/07/2026,29.37,2210051,29.61,29.76,29.11
04/06/2026,29.48,1310961,29.39,29.61,29.27
04/02/2026,29.33,1765340,29.47,29.48,29.025
04/01/2026,28.68,7867014,28.72,28.80,28.51
03/31/2026,28.95,6393700,29.28,29.375,28.83
03/30/2026,29.26,1067805,29.39,29.44,29.14
03/27/2026,29.10,595395,28.85,29.22,28.795
03/26/2026,28.44,569864,28.44,28.66,28.40
03/25/2026,28.17,910097,27.78,28.24,27.78
03/24/2026,28.24,1491971,28.18,28.40,28.055
03/23/2026,27.75,2131397,28.11,28.128,27.41
03/20/2026,28.94,1960061,28.92,29.14,28.735
03/19/2026,28.84,1052102,29.05,29.2535,28.54
03/18/2026,29.27,873353,28.97,29.2999,28.885
03/17/2026,28.76,449843,28.69,28.7682,28.54
03/16/2026,28.31,1232029,28.62,28.70,28.20
03/13/2026,28.71,1135613,28.52,28.79,28.22
03/12/2026,28.86,1770053,28.72,28.93,28.49
03/11/2026,28.13,1227159,27.67,28.1499,27.35
03/10/2026,27.60,2497803,27.57,27.64,26.60
03/09/2026,27.14,5116148,28.38,28.605,26.69
03/06/2026,27.51,4462906,27.31,27.655,27.25
03/05/2026,26.52,1301661,26.35,26.735,26.32
03/04/2026,26.14,540074,26.04,26.19,25.92
03/03/2026,25.91,1299213,26.37,26.3899,25.58
03/02/2026,25.81,1707327,25.89,25.95,25.51
02/27/2026,25.10,467929,25.10,25.11,24.94
02/26/2026,24.76,386353,24.59,24.87,24.5087
02/25/2026,24.75,785531,24.76,24.93,24.6799
02/24/2026,24.72,778593,24.69,24.75,24.62
02/23/2026,24.75,747296,24.74,24.8499,24.635
02/20/2026,24.60,350529,24.45,24.64,24.41
02/19/2026,24.43,278783,24.29,24.43,24.21
02/18/2026,24.21,408503,23.97,24.235,23.9661
02/17/2026,23.59,387599,23.66,23.69,23.52
02/13/2026,23.88,250740,23.85,23.95,23.74
02/12/2026,23.80,1756512,24.28,24.30,23.77
02/11/2026,24.37,1026015,24.43,24.43,24.25
02/10/2026,24.14,383488,24.23,24.23,24.03
02/09/2026,24.25,630402,23.98,24.29,23.97
02/06/2026,24.01,913122,23.84,24.145,23.83
02/05/2026,23.76,916089,23.86,24.005,23.64
02/04/2026,24.19,1310352,24.18,24.265,23.93
02/03/2026,24.15,1165230,23.97,24.165,23.87
02/02/2026,23.54,3064343,23.66,23.76,23.39
01/30/2026,24.43,2266805,24.79,24.8644,23.945
01/29/2026,25.30,1001618,25.67,25.687,24.77
01/28/2026,24.94,557417,24.77,24.965,24.705
01/27/2026,24.62,928571,24.30,24.625,24.23
01/26/2026,24.29,749098,24.35,24.4975,24.185
01/23/2026,24.18,890598,24.05,24.20,24.05
01/22/2026,23.74,409448,23.72,23.7576,23.6524
01/21/2026,23.75,693409,23.78,23.785,23.645
01/20/2026,23.48,428189,23.51,23.59,23.4493
01/16/2026,23.16,506880,23.20,23.235,23.09
01/15/2026,23.20,490532,23.18,23.31,23.12
01/14/2026,23.39,1316504,23.57,23.65,23.26
01/13/2026,23.37,826236,23.35,23.465,23.2985
01/12/2026,23.19,320991,23.06,23.245,23.055
01/09/2026,22.90,220537,22.97,23.06,22.89
01/08/2026,22.88,776577,22.61,22.90,22.5981
01/07/2026,22.59,660034,22.71,22.71,22.51
01/06/2026,22.80,581850,22.94,22.9756,22.7771
01/05/2026,22.81,860101,22.63,22.82,22.63
01/02/2026,22.39,825363,22.39,22.42,22.2945
12/31/2025,22.36,931406,22.52,22.56,22.345
12/30/2025,22.64,597569,22.72,22.725,22.615
12/29/2025,22.49,539425,22.59,22.61,22.47
12/26/2025,22.70,686632,22.71,22.76,22.625
12/24/2025,22.63,362828,22.67,22.67,22.56
12/23/2025,22.64,642474,22.48,22.645,22.415
12/22/2025,22.39,511634,22.38,22.405,22.335
12/19/2025,22.85,282655,22.77,22.8801,22.72
12/18/2025,22.69,211506,22.79,22.84,22.67
12/17/2025,22.85,504025,22.74,22.86,22.705
12/16/2025,22.58,392547,22.65,22.68,22.56
12/15/2025,22.81,252667,22.88,22.90,22.73
12/12/2025,22.92,425856,23.12,23.12,22.86
12/11/2025,23.11,534913,22.95,23.115,22.95
12/10/2025,23.13,387553,22.98,23.16,22.93
12/09/2025,22.99,294690,23.03,23.04,22.95
12/08/2025,23.04,784767,23.17,23.19,23.04
12/05/2025,23.33,502740,23.30,23.44,23.30
12/04/2025,23.19,195747,23.12,23.22,23.0535
12/03/2025,23.13,140776,23.15,23.195,23.0712
12/02/2025,23.02,525035,23.07,23.12,22.98
12/01/2025,23.12,679904,23.11,23.155,23.0715
11/28/2025,23.06,236096,22.94,23.09,22.922
11/26/2025,22.76,983463,22.57,22.785,22.57
11/25/2025,22.52,224622,22.47,22.56,22.365
11/24/2025,22.64,516255,22.45,22.66,22.40
11/21/2025,22.53,528717,22.51,22.60,22.405
11/20/2025,22.68,287051,22.99,22.99,22.665
11/19/2025,22.90,964995,22.94,22.97,22.80
11/18/2025,23.13,352369,22.97,23.15,22.89
11/17/2025,22.94,353363,22.95,23.0482,22.9201
11/14/2025,22.97,787877,22.95,23.10,22.88
11/13/2025,22.92,291185,23.09,23.14,22.915
11/12/2025,23.04,808974,23.11,23.127,23.0019
11/11/2025,23.30,268477,23.20,23.32,23.20
11/10/2025,23.15,254404,23.03,23.1571,22.95
11/07/2025,22.90,306041,22.93,22.935,22.81
11/06/2025,22.85,555979,22.84,22.88,22.7318
11/05/2025,22.82,375635,22.88,22.9909,22.80
11/04/2025,22.89,480290,22.83,22.965,22.77
11/03/2025,23.05,786244,22.96,23.07,22.84
10/31/2025,22.88,610963,22.83,22.90,22.76
10/30/2025,22.72,183028,22.63,22.79,22.5514
10/29/2025,22.71,191010,22.72,22.8493,22.685
10/28/2025,22.59,181299,22.63,22.70,22.575
10/27/2025,22.80,294997,22.85,22.885,22.78
10/24/2025,22.85,269009,22.86,22.96,22.835
10/23/2025,22.84,472366,22.79,22.96,22.79
10/22/2025,22.46,397210,22.27,22.515,22.235
10/21/2025,22.11,534234,22.17,22.21,21.98
10/20/2025,22.34,185162,22.16,22.34,22.16
10/17/2025,22.12,1650633,22.13,22.1565,22.04
10/16/2025,22.14,279238,22.22,22.32,22.085
10/15/2025,22.18,164516,22.21,22.23,22.1001
10/14/2025,22.10,205307,22.06,22.1951,22.02
10/13/2025,22.35,282742,22.30,22.38,22.23
10/10/2025,22.07,464290,22.36,22.412,22.04
10/09/2025,22.55,168419,22.85,22.85,22.515
10/08/2025,22.76,292551,22.76,22.84,22.73
10/07/2025,22.73,241765,22.62,22.73,22.5735
10/06/2025,22.64,179613,22.55,22.66,22.55
10/03/2025,22.41,356980,22.41,22.49,22.385
10/02/2025,22.34,303270,22.45,22.515,22.275
10/01/2025,22.49,565696,22.34,22.515,22.30
09/30/2025,22.53,377478,22.50,22.58,22.47
09/29/2025,22.62,192203,22.67,22.695,22.59
09/26/2025,22.81,407553,22.78,22.965,22.76
09/25/2025,22.80,1415145,22.65,22.80,22.58
09/24/2025,22.64,309298,22.56,22.655,22.52
09/23/2025,22.49,318513,22.34,22.495,22.34
09/22/2025,22.26,325682,22.17,22.27,22.1585
09/19/2025,22.26,205197,22.35,22.41,22.25
09/18/2025,22.44,190662,22.55,22.58,22.3912
09/17/2025,22.54,448115,22.71,22.74,22.5006
09/16/2025,22.78,195779,22.69,22.79,22.6668
09/15/2025,22.55,267021,22.50,22.57,22.48
09/12/2025,22.35,300711,22.39,22.46,22.325
09/11/2025,22.22,251090,22.18,22.2755,22.15
09/10/2025,22.39,282107,22.28,22.4176,22.27
09/09/2025,22.24,252999,22.32,22.38,22.23
09/08/2025,22.18,316634,22.20,22.21,22.08
09/05/2025,22.03,419071,22.14,22.14,21.97
09/04/2025,22.21,414410,22.20,22.25,22.135
09/03/2025,22.37,820084,22.50,22.52,22.34
09/02/2025,22.57,630083,22.41,22.59,22.3434
08/29/2025,22.21,447521,22.23,22.23,22.15
08/28/2025,22.18,146967,22.06,22.2499,21.99
08/27/2025,22.04,565613,22.00,22.095,21.98
08/26/2025,22.02,236283,22.05,22.12,21.985
08/25/2025,22.19,162394,22.13,22.26,22.11
08/22/2025,22.08,252190,21.97,22.115,21.97
08/21/2025,21.99,545995,21.86,22.02,21.8286
08/20/2025,21.86,444106,21.77,21.87,21.75
08/19/2025,21.62,379662,21.70,21.7083,21.59
08/18/2025,21.79,658691,21.65,21.855,21.61
08/15/2025,21.77,192706,21.71,21.825,21.7064
08/14/2025,21.84,394348,21.79,21.85,21.725
08/13/2025,21.75,527123,21.81,21.82,21.62
08/12/2025,21.78,201064,21.82,21.83,21.76
08/11/2025,21.87,220765,21.84,21.9083,21.7906
08/08/2025,21.84,536670,21.91,22.00,21.76
08/07/2025,21.84,332836,21.89,21.9578,21.825
08/06/2025,21.77,530074,22.04,22.12,21.72
08/05/2025,21.82,225270,21.94,21.955,21.82
08/04/2025,22.01,558276,21.94,22.12,21.91
08/01/2025,22.09,505937,22.45,22.45,22.0604
07/31/2025,22.45,656768,22.45,22.52,22.36
07/30/2025,22.64,1038818,22.59,22.75,22.44
07/29/2025,22.69,480336,22.39,22.7299,22.3765
07/28/2025,22.40,373271,22.36,22.40,22.27
07/25/2025,22.17,381874,22.34,22.36,22.17
07/24/2025,22.40,347283,22.38,22.43,22.255
07/23/2025,22.38,438213,22.37,22.41,22.31
07/22/2025,22.44,334018,22.38,22.47,22.345
07/21/2025,22.48,500568,22.47,22.55,22.41
07/18/2025,22.53,762506,22.72,22.81,22.515
07/17/2025,22.49,203334,22.28,22.49,22.28
07/16/2025,22.31,314024,22.19,22.34,22.115
07/15/2025,22.28,494650,22.30,22.4093,22.26
07/14/2025,22.32,562511,22.52,22.52,22.305
07/11/2025,22.51,329777,22.32,22.51,22.32
07/10/2025,22.22,347465,22.17,22.235,22.14
07/09/2025,22.29,577278,22.24,22.345,22.20
07/08/2025,22.33,557173,22.26,22.4299,22.23
07/07/2025,22.26,413350,22.14,22.305,22.11
07/03/2025,22.28,202006,22.33,22.37,22.226
07/02/2025,22.29,325888,22.03,22.33,21.97
07/01/2025,21.93,585932,21.84,21.94,21.775
06/30/2025,21.81,1183988,21.81,21.8749,21.76
06/27/2025,21.80,873200,21.87,21.91,21.73
06/26/2025,21.91,1288301,21.86,22.02,21.835
06/25/2025,21.83,1542119,21.79,21.945,21.755
06/24/2025,21.86,1731995,21.90,21.975,21.77
06/23/2025,22.40,3334212,23.25,23.28,22.40
06/20/2025,23.26,989930,23.20,23.32,23.17
06/18/2025,23.14,1790358,23.19,23.265,22.92
06/17/2025,23.08,1641625,22.87,23.12,22.76
06/16/2025,22.60,2231273,22.60,22.6697,22.24
06/13/2025,22.65,1622637,22.47,22.7673,22.45
06/12/2025,21.97,796863,21.94,22.015,21.8794
06/11/2025,21.97,829392,21.75,22.03,21.75
06/10/2025,21.62,463612,21.69,21.76,21.575
06/09/2025,21.67,737860,21.64,21.71,21.55
06/06/2025,21.65,1122801,21.49,21.67,21.49
06/05/2025,21.48,460227,21.54,21.605,21.47
06/04/2025,21.38,871511,21.50,21.52,21.27
06/03/2025,21.46,566706,21.32,21.49,21.2807
06/02/2025,21.32,1477704,21.37,21.39,21.2082
05/30/2025,20.88,419116,20.97,20.97,20.78
05/29/2025,21.04,358793,21.10,21.11,21.00
05/28/2025,21.15,590779,21.31,21.335,21.15
05/27/2025,21.22,624765,21.28,21.28,21.135
05/23/2025,21.41,444125,21.29,21.43,21.25
05/22/2025,21.29,634019,21.25,21.335,21.21
05/21/2025,21.40,921933,21.54,21.55,21.39
05/20/2025,21.43,680314,21.25,21.43,21.22
05/19/2025,21.16,683659,21.18,21.2751,21.11
05/16/2025,21.19,626849,21.20,21.245,21.145
05/15/2025,21.27,490855,21.26,21.3099,21.13
05/14/2025,21.48,449564,21.51,21.5696,21.46
05/13/2025,21.59,445403,21.39,21.62,21.35
05/12/2025,21.26,1209879,21.44,21.46,21.24
05/09/2025,21.12,656608,21.05,21.145,21.04
05/08/2025,20.96,520049,20.81,20.96,20.81
05/07/2025,20.69,1300688,20.90,20.90,20.6607
05/06/2025,20.95,1388209,20.98,21.065,20.92
05/05/2025,20.64,1284205,20.73,20.77,20.575
05/02/2025,20.76,1948139,20.82,20.84,20.64
05/01/2025,20.67,3638235,20.57,20.76,20.4851
04/30/2025,20.57,2553938,20.82,20.88,20.551
04/29/2025,20.96,1139045,21.08,21.135,20.9599
04/28/2025,21.23,1274058,21.29,21.30,21.14
04/25/2025,21.35,903235,21.21,21.36,21.20
04/24/2025,21.32,1256441,21.25,21.33,21.12
04/23/2025,21.13,1443143,21.23,21.33,20.99
04/22/2025,21.29,793690,21.29,21.44,21.25
04/21/2025,21.19,1429395,21.26,21.29,21.1021
04/17/2025,21.37,1411141,21.25,21.4661,21.23
04/16/2025,21.15,888169,21.00,21.19,21.00
04/15/2025,20.89,816646,20.89,20.9599,20.8001
04/14/2025,20.94,1178322,21.02,21.03,20.81
04/11/2025,20.93,1307935,20.63,20.9656,20.63
04/10/2025,20.63,2439788,20.58,20.675,20.4302
04/09/2025,20.89,3430235,20.01,20.95,19.8443
04/08/2025,20.16,3650753,20.81,20.86,20.09
04/07/2025,20.62,5327571,20.70,21.26,20.57
04/04/2025,20.95,5190201,20.87,21.07,20.61
04/03/2025,21.74,3423796,21.70,21.83,21.69
04/02/2025,22.65,1848256,22.46,22.6597,22.455
04/01/2025,22.51,3490718,22.55,22.5799,22.4602
03/31/2025,22.50,3256022,22.36,22.545,22.27
03/28/2025,22.19,2163307,22.24,22.24,22.08
03/27/2025,22.26,875276,22.15,22.285,22.0997
03/26/2025,22.20,1089057,22.28,22.315,22.19
03/25/2025,22.23,1124362,22.26,22.30,22.12
03/24/2025,22.20,1766250,22.17,22.24,22.1201
03/21/2025,22.12,1352932,22.16,22.17,22.10
03/20/2025,22.25,1301651,22.13,22.255,22.075
03/19/2025,22.21,1297369,22.12,22.253,22.10
03/18/2025,22.07,1660090,22.26,22.27,22.07
03/17/2025,22.12,1707766,22.08,22.165,22.06
03/14/2025,21.97,1467772,21.88,21.99,21.83
03/13/2025,21.85,1719412,21.87,22.0503,21.85
03/12/2025,21.93,1231830,21.95,21.995,21.8797
03/11/2025,21.93,2474352,22.00,22.05,21.895
03/10/2025,21.81,1741305,22.02,22.06,21.7946
03/07/2025,21.95,1133857,21.90,22.05,21.81
03/06/2025,21.76,1985890,21.79,21.86,21.71
03/05/2025,21.87,2521491,21.70,21.87,21.61
03/04/2025,21.93,3015239,21.87,21.97,21.73
03/03/2025,21.86,3040967,22.09,22.10,21.79
02/28/2025,22.00,1814766,22.04,22.04,21.915
02/27/2025,22.17,1174398,22.22,22.27,22.135
02/26/2025,22.14,1308491,22.20,22.225,22.08
02/25/2025,22.33,1015601,22.55,22.55,22.215
02/24/2025,22.58,1058134,22.58,22.61,22.51
02/21/2025,22.66,809645,22.90,22.90,22.66
02/20/2025,22.98,666760,22.97,23.04,22.935
02/19/2025,22.95,787392,22.96,23.0051,22.83
02/18/2025,22.77,877295,22.58,22.79,22.56
02/14/2025,22.44,1174433,22.56,22.61,22.425
02/13/2025,22.43,717089,22.27,22.435,22.27
02/12/2025,22.32,801646,22.45,22.495,22.32
02/11/2025,22.57,693693,22.54,22.615,22.52
02/10/2025,22.40,1099777,22.26,22.41,22.26
02/07/2025,22.08,562682,22.18,22.1964,22.055
02/06/2025,22.07,1111439,22.08,22.11,21.945
02/05/2025,22.06,629778,22.03,22.1202,21.9814
02/04/2025,22.20,1188222,21.85,22.275,21.829
02/03/2025,22.14,1027508,22.07,22.19,21.99
01/31/2025,21.97,1622212,21.92,22.005,21.81
01/30/2025,22.01,862325,22.00,22.1262,21.9761
01/29/2025,21.99,1188338,21.93,22.07,21.92
01/28/2025,21.95,414695,21.96,21.98,21.845
01/27/2025,21.93,957922,22.09,22.11,21.79
01/24/2025,22.27,532207,22.31,22.34,22.1715
01/23/2025,22.26,920331,22.34,22.46,22.21
01/22/2025,22.34,686150,22.34,22.395,22.298
01/21/2025,22.36,661364,22.29,22.385,22.25
01/17/2025,22.47,699621,22.42,22.57,22.37
01/16/2025,22.57,743255,22.56,22.59,22.385
01/15/2025,22.67,936719,22.43,22.69,22.42
01/14/2025,22.31,476402,22.23,22.31,22.21
01/13/2025,22.32,1281823,22.25,22.38,22.22
01/10/2025,22.16,1089433,22.25,22.30,21.975
01/08/2025,21.58,425626,21.66,21.678,21.50
01/07/2025,21.62,787078,21.63,21.695,21.61
01/06/2025,21.52,678725,21.62,21.7197,21.49
01/03/2025,21.48,760314,21.55,21.55,21.46
01/02/2025,21.59,1027567,21.55,21.71,21.55
12/31/2024,21.38,778424,21.27,21.3897,21.265
12/30/2024,21.27,938723,21.35,21.42,21.24
12/27/2024,21.08,1418373,21.13,21.16,21.035
12/26/2024,20.98,1139713,21.05,21.0951,20.965
12/24/2024,21.04,549518,21.02,21.095,20.995
12/23/2024,20.92,1414167,20.87,20.92,20.78
12/20/2024,22.02,1507266,21.87,22.0665,21.81
12/19/2024,21.88,2166518,22.02,22.0499,21.855
12/18/2024,21.88,1348899,22.10,22.19,21.87
12/17/2024,22.08,386297,22.05,22.10,21.93
12/16/2024,22.23,832865,22.33,22.34,22.225
12/13/2024,22.35,1165719,22.35,22.42,22.32
12/12/2024,22.36,360680,22.30,22.40,22.19
12/11/2024,22.45,539814,22.32,22.49,22.31
12/10/2024,22.17,864169,22.13,22.26,22.125
12/09/2024,22.12,698390,22.16,22.27,22.12
12/06/2024,21.91,438193,21.94,21.9901,21.855
12/05/2024,22.08,407071,22.11,22.1701,22.02
12/04/2024,22.11,875666,22.27,22.28,22.04
12/03/2024,22.23,482273,22.17,22.2904,22.10
12/02/2024,21.98,563044,22.07,22.09,21.925
11/29/2024,22.14,418979,22.22,22.275,22.11
11/27/2024,22.12,560696,22.16,22.28,22.04
11/26/2024,22.24,1010486,22.36,22.49,22.12
11/25/2024,22.24,609826,22.38,22.46,22.19
11/22/2024,22.56,534799,22.41,22.625,22.385
11/21/2024,22.54,619861,22.57,22.57,22.40
11/20/2024,22.38,521486,22.46,22.49,22.33
11/19/2024,22.39,794920,22.38,22.4433,22.26
11/18/2024,22.32,651533,22.02,22.36,22.02
11/15/2024,21.82,458010,21.98,22.08,21.80
11/14/2024,21.93,625805,22.12,22.12,21.89
11/13/2024,21.95,652133,21.94,22.06,21.775
11/12/2024,22.02,612030,22.22,22.24,22.01
11/11/2024,22.14,1303686,22.22,22.22,22.0699
11/08/2024,22.50,453301,22.63,22.66,22.43
11/07/2024,22.85,1471782,22.68,22.90,22.595
11/06/2024,22.62,818583,22.36,22.735,22.33
11/05/2024,22.87,509314,22.86,22.93,22.75
11/04/2024,22.73,616562,22.64,22.74,22.60
11/01/2024,22.35,672122,22.67,22.71,22.35
10/31/2024,22.59,1172475,22.43,22.615,22.33
10/30/2024,22.44,807913,22.25,22.44,22.22
10/29/2024,22.16,569339,22.16,22.2268,22.0301
10/28/2024,22.20,1002208,22.17,22.2501,22.1104
10/25/2024,22.81,739811,22.72,22.83,22.685
10/24/2024,22.65,912511,22.79,22.83,22.49
10/23/2024,22.66,692405,22.69,22.755,22.575
10/22/2024,22.79,897400,22.59,22.85,22.59
10/21/2024,22.40,640003,22.48,22.56,22.33
10/18/2024,22.33,538355,22.37,22.39,22.20
10/17/2024,22.45,620619,22.32,22.45,22.25
10/16/2024,22.42,683830,22.42,22.485,22.29
10/15/2024,22.48,1113738,22.43,22.5099,22.3063
10/14/2024,22.92,842541,22.94,23.08,22.87
10/11/2024,23.28,726708,23.23,23.36,23.205
10/10/2024,23.26,961294,22.94,23.28,22.91
10/09/2024,22.81,872370,22.66,22.825,22.54
10/08/2024,23.01,1115888,23.17,23.17,22.80
10/07/2024,23.56,1330740,23.33,23.60,23.31
10/04/2024,23.24,1060651,23.24,23.37,23.18
10/03/2024,23.18,1127007,22.88,23.218,22.84
10/02/2024,22.85,1089926,22.92,23.02,22.66
10/01/2024,22.66,1154159,22.18,22.85,22.18
09/30/2024,22.27,1042606,22.24,22.375,22.185
09/27/2024,22.32,649863,22.18,22.345,22.12
09/26/2024,22.21,887678,22.26,22.40,22.16
09/25/2024,22.41,813746,22.50,22.5499,22.32
09/24/2024,22.60,775434,22.60,22.605,22.48
09/23/2024,22.23,658274,22.26,22.41,22.07
09/20/2024,22.22,617711,22.16,22.25,22.095
09/19/2024,22.22,726754,22.10,22.27,22.05
09/18/2024,21.83,1001968,21.92,22.10,21.83
09/17/2024,21.97,889952,21.79,22.00,21.79
09/16/2024,21.82,586156,21.80,21.8679,21.73
09/13/2024,21.66,939153,21.71,21.80,21.575
09/12/2024,21.62,1058595,21.42,21.65,21.36
09/11/2024,21.21,1107642,21.19,21.28,20.93
09/10/2024,21.02,957657,21.31,21.33,20.90
09/09/2024,21.33,2390295,21.26,21.40,21.16
09/06/2024,21.27,1175999,21.62,21.69,21.155
09/05/2024,21.56,593844,21.66,21.76,21.49
09/04/2024,21.51,456432,21.57,21.73,21.50
09/03/2024,21.67,540740,21.75,21.75,21.61
08/30/2024,22.11,388890,22.20,22.225,22.08
08/29/2024,22.36,458718,22.23,22.3602,22.23
08/28/2024,22.11,500683,22.15,22.26,22.09
08/27/2024,22.38,556043,22.45,22.4707,22.355
08/26/2024,22.49,417181,22.52,22.575,22.46
08/23/2024,22.26,727695,22.10,22.27,22.095
08/22/2024,21.87,473551,21.87,21.985,21.82
08/21/2024,21.89,545398,22.07,22.11,21.81
08/20/2024,22.00,539276,22.15,22.2003,21.97
08/19/2024,22.09,557648,22.23,22.2957,22.045
08/16/2024,22.21,570141,22.22,22.26,22.12
08/15/2024,22.35,556631,22.31,22.4573,22.30
08/14/2024,22.17,509995,22.32,22.375,22.14
08/13/2024,22.31,374898,22.43,22.44,22.29
08/12/2024,22.52,550865,22.36,22.59,22.3145
08/09/2024,22.21,465124,22.24,22.24,22.125
08/08/2024,22.08,568721,21.93,22.13,21.93
08/07/2024,21.88,1050632,21.81,21.985,21.765
08/06/2024,21.68,1634162,21.60,21.825,21.60
08/05/2024,21.86,2372725,21.52,21.87,21.51
08/02/2024,21.90,2740385,22.06,22.075,21.79
08/01/2024,22.31,2002345,22.56,22.5904,22.215
07/31/2024,22.58,1495241,22.37,22.58,22.305
07/30/2024,22.07,1183587,21.98,22.07,21.945
07/29/2024,22.14,709145,22.29,22.3381,22.055
07/26/2024,22.24,584168,22.37,22.39,22.19
07/25/2024,22.47,676391,22.29,22.52,22.2199
07/24/2024,22.42,991953,22.45,22.60,22.42
07/23/2024,22.43,981741,22.50,22.55,22.39
07/22/2024,22.64,1959949,22.50,22.64,22.45
07/19/2024,22.58,1803773,22.81,22.92,22.56
07/18/2024,22.89,1410259,23.06,23.06,22.89
07/17/2024,23.06,1296448,23.11,23.15,23.03
07/16/2024,23.06,1485440,22.93,23.085,22.92
07/15/2024,23.12,863333,23.19,23.2437,23.12
07/12/2024,23.29,1263234,23.30,23.34,23.255
07/11/2024,23.38,1759526,23.28,23.42,23.25
07/10/2024,23.30,678165,23.25,23.37,23.195
07/09/2024,23.30,621536,23.44,23.4734,23.265
07/08/2024,23.46,769096,23.56,23.60,23.44
07/05/2024,23.78,860639,23.79,23.895,23.73
07/03/2024,23.69,707499,23.60,23.72,23.59
07/02/2024,23.56,844810,23.62,23.635,23.49
07/01/2024,23.53,1233846,23.38,23.5499,23.29
06/28/2024,23.23,855316,23.45,23.45,23.20
06/27/2024,23.33,675351,23.40,23.40,23.24
06/26/2024,23.21,1212425,23.24,23.32,23.1439
06/25/2024,23.17,729999,23.31,23.3199,23.15
06/24/2024,23.39,610403,23.25,23.39,23.23
06/21/2024,23.20,723171,23.36,23.3876,23.1811
06/20/2024,23.39,910672,23.42,23.49,23.35
06/18/2024,23.34,832412,23.13,23.34,23.13
06/17/2024,23.15,1114283,23.04,23.17,23.03
06/14/2024,23.07,914755,23.24,23.29,23.07
06/13/2024,23.16,552986,23.25,23.2998,23.1399
06/12/2024,23.14,760953,23.34,23.37,23.12
06/11/2024,23.06,572519,23.08,23.15,23.00
06/10/2024,23.09,457094,22.91,23.10,22.87
06/07/2024,22.76,746991,22.88,22.915,22.76
06/06/2024,23.09,1049033,22.90,23.105,22.90
06/05/2024,22.79,966939,22.73,22.79,22.63
06/04/2024,22.71,1087206,22.74,22.785,22.62
06/03/2024,22.94,1790933,23.25,23.26,22.91
05/31/2024,23.27,873440,23.50,23.5401,23.20
05/30/2024,23.38,1041553,23.53,23.63,23.375
05/29/2024,23.69,940905,23.82,23.84,23.69
05/28/2024,23.94,1845827,23.85,23.94,23.7699
05/24/2024,23.52,1375287,23.44,23.54,23.41
05/23/2024,23.36,1255165,23.67,23.725,23.31
05/22/2024,23.48,889393,23.63,23.66,23.46
05/21/2024,23.82,514035,23.82,23.95,23.73
05/20/2024,23.92,1314937,23.75,23.94,23.74
05/17/2024,23.71,2083912,23.59,23.75,23.555
05/16/2024,23.47,519176,23.47,23.50,23.39
05/15/2024,23.41,512276,23.33,23.42,23.20
05/14/2024,23.33,443741,23.29,23.38,23.24
05/13/2024,23.43,531412,23.32,23.4638,23.32
05/10/2024,23.28,747668,23.36,23.40,23.25
05/09/2024,23.32,347181,23.24,23.34,23.22
05/08/2024,23.23,415768,23.11,23.27,23.095
05/07/2024,23.35,486283,23.26,23.41,23.26
05/06/2024,23.37,1293994,23.20,23.425,23.20
05/03/2024,23.11,503360,23.14,23.18,23.0728
05/02/2024,23.08,1004394,23.02,23.125,22.915
05/01/2024,23.00,1463860,23.22,23.34,22.97
04/30/2024,23.34,1875486,23.45,23.455,23.225
04/29/2024,23.64,875816,23.75,23.77,23.63
04/26/2024,23.66,707730,23.78,23.78,23.61
04/25/2024,23.64,1088592,23.49,23.65,23.42
04/24/2024,23.51,1670493,23.49,23.595,23.455
04/23/2024,23.54,1524752,23.23,23.55,23.215
04/22/2024,23.44,941811,23.26,23.44,23.21
04/19/2024,23.44,1968819,23.39,23.54,23.35
04/18/2024,23.33,1734566,23.37,23.43,23.28
04/17/2024,23.34,2084581,23.58,23.70,23.31
04/16/2024,23.71,1263743,23.66,23.75,23.53
04/15/2024,23.75,1660095,23.68,23.78,23.4714
04/12/2024,23.72,1579347,23.96,24.09,23.675
04/11/2024,23.69,933846,23.70,23.70,23.5201
04/10/2024,23.73,1349862,23.64,23.75,23.51
04/09/2024,23.61,769445,23.79,23.80,23.565
04/08/2024,23.74,1263607,23.81,23.83,23.5899
04/05/2024,23.75,1313722,23.74,23.885,23.685
04/04/2024,23.63,1261218,23.54,23.76,23.48
04/03/2024,23.57,1771541,23.47,23.585,23.45
04/02/2024,23.29,1852683,23.24,23.32,23.18
04/01/2024,23.08,2345993,23.06,23.1375,22.965
03/28/2024,22.97,3686423,22.79,22.98,22.78
03/27/2024,22.70,2497819,22.61,22.72,22.59
03/26/2024,22.72,742045,22.90,22.90,22.70
03/25/2024,22.90,1370919,22.80,22.99,22.79
03/22/2024,22.71,1443909,22.83,22.83,22.69
03/21/2024,22.87,814024,22.90,22.90,22.73
03/20/2024,22.90,1247455,22.80,22.91,22.71
03/19/2024,22.96,1889692,22.95,22.985,22.91
03/18/2024,22.97,1384462,22.91,22.9999,22.835
03/15/2024,22.76,1043056,22.65,22.80,22.625
03/14/2024,22.68,1168498,22.62,22.725,22.594
03/13/2024,22.61,1070047,22.45,22.618,22.45
03/12/2024,22.30,497816,22.29,22.385,22.2288
03/11/2024,22.36,691619,22.15,22.39,22.0888
03/08/2024,22.17,933168,22.20,22.20,22.043
03/07/2024,22.24,961012,22.16,22.3338,22.1401
03/06/2024,22.18,1466565,22.19,22.30,22.1506
03/05/2024,22.00,1237832,22.12,22.145,21.99
03/04/2024,22.17,538478,22.25,22.25,22.10
03/01/2024,22.10,863259,22.06,22.1899,22.015
02/29/2024,21.99,720315,21.94,22.1086,21.9197
02/28/2024,22.02,5225322,22.09,22.132,21.97
02/27/2024,22.11,2544526,22.03,22.13,22.03
02/26/2024,21.94,879121,21.81,22.0099,21.79
02/23/2024,21.74,668783,21.83,21.88,21.7302
02/22/2024,22.06,507411,21.92,22.0793,21.89
02/21/2024,22.00,1689923,22.00,22.03,21.93
02/20/2024,21.91,1053131,22.02,22.02,21.83
02/16/2024,22.03,595785,21.95,22.08,21.9365
02/15/2024,21.98,791236,21.95,22.09,21.95
02/14/2024,21.93,695996,22.17,22.24,21.895
02/13/2024,22.14,1222159,22.20,22.25,22.115
02/12/2024,22.27,569000,22.22,22.30,22.205
02/09/2024,22.26,601661,22.24,22.345,22.19
02/08/2024,22.20,1125136,22.09,22.25,22.09
02/07/2024,22.08,809978,21.97,22.09,21.97
02/06/2024,21.98,790951,21.95,22.045,21.91
02/05/2024,21.90,838049,21.79,21.92,21.70
02/02/2024,21.81,1235545,21.84,21.92,21.78
02/01/2024,22.06,2388453,22.32,22.40,22.005
01/31/2024,22.33,1305280,22.52,22.56,22.31
01/30/2024,22.57,941230,22.42,22.60,22.35
01/29/2024,22.42,1579327,22.50,22.50,22.33
01/26/2024,22.61,517756,22.41,22.61,22.28
01/25/2024,22.51,1600526,22.46,22.53,22.3799
01/24/2024,22.34,866787,22.29,22.39,22.1883
01/23/2024,22.15,442428,22.05,22.205,22.05
01/22/2024,22.03,575949,21.89,22.1199,21.86
01/19/2024,21.94,559903,22.06,22.13,21.89
01/18/2024,21.98,408288,21.84,22.02,21.77
01/17/2024,21.84,570736,21.73,21.86,21.71
01/16/2024,21.87,708990,22.16,22.16,21.87
01/12/2024,22.06,673736,22.30,22.37,21.965
01/11/2024,21.98,1491138,22.07,22.135,21.925
01/10/2024,21.82,753959,22.08,22.095,21.79
01/09/2024,21.97,736283,21.96,22.0699,21.85
01/08/2024,21.81,761036,21.70,21.84,21.615
01/05/2024,22.13,800829,22.14,22.23,22.06
01/04/2024,22.02,733998,22.10,22.12,21.865
01/03/2024,22.14,857673,21.99,22.1699,21.955
01/02/2024,21.86,2421648,22.14,22.155,21.82
12/29/2023,22.04,1781217,22.20,22.22,22.01
12/28/2023,22.16,1145228,22.30,22.42,22.145
12/27/2023,22.35,1372600,22.49,22.565,22.35
12/26/2023,22.45,1252199,22.21,22.56,22.19
12/22/2023,22.23,1397788,22.39,22.44,22.215
12/21/2023,22.27,1352706,22.17,22.28,22.165
12/20/2023,22.23,1439122,22.56,22.57,22.23
12/19/2023,22.49,1829574,22.27,22.50,22.265
12/18/2023,22.32,1844179,22.44,22.55,22.2501
12/15/2023,23.25,1734520,23.21,23.355,23.105
12/14/2023,23.21,1872172,23.12,23.23,23.10
12/13/2023,22.83,1613666,22.60,22.83,22.57
12/12/2023,22.57,1983251,22.67,22.7066,22.542
12/11/2023,22.92,3260722,22.86,22.94,22.76
12/08/2023,23.00,1366110,23.04,23.12,22.93
12/07/2023,22.90,1502182,22.97,22.98,22.8031
12/06/2023,22.86,1914032,23.22,23.26,22.85
12/05/2023,23.43,1557661,23.64,23.75,23.41
12/04/2023,23.64,5278434,23.62,23.80,23.51
12/01/2023,23.80,1399850,23.95,24.20,23.755
11/30/2023,23.91,1769733,24.40,24.515,23.88
11/29/2023,24.32,972151,24.24,24.38,24.00
11/28/2023,24.15,1112782,23.98,24.23,23.93
11/27/2023,23.86,1032465,23.94,24.04,23.81
11/24/2023,24.02,391347,24.11,24.23,24.02
11/22/2023,24.18,850626,23.84,24.2033,23.75
11/21/2023,24.39,642510,24.27,24.3973,24.21
11/20/2023,24.25,777559,24.16,24.325,24.14
11/17/2023,23.95,1241209,23.72,23.99,23.71
11/16/2023,23.61,3465622,23.89,23.905,23.555
11/15/2023,24.19,1314518,24.20,24.36,24.18
11/14/2023,24.35,1573139,24.44,24.5801,24.29
11/13/2023,24.39,913196,24.02,24.40,24.02
11/10/2023,24.04,874992,24.01,24.10,23.97
11/09/2023,23.92,1254329,23.99,24.17,23.91
11/08/2023,23.98,1269111,24.15,24.2501,23.88
11/07/2023,24.25,1861587,24.41,24.44,24.20
11/06/2023,24.78,1210888,24.88,24.92,24.76
11/03/2023,24.68,1407123,24.69,24.879,24.61
11/02/2023,24.81,1936054,24.55,24.82,24.55
11/01/2023,24.55,2495686,24.75,24.82,24.4535
10/31/2023,24.51,2199525,24.61,24.78,24.435
10/30/2023,24.60,975874,24.82,24.89,24.51
10/27/2023,25.00,1051407,24.82,25.03,24.69
10/26/2023,24.67,1862619,24.66,24.8015,24.6132
10/25/2023,24.88,2212007,24.78,24.935,24.46
10/24/2023,24.70,1119688,24.84,24.85,24.59
10/23/2023,24.97,1179500,25.09,25.15,24.91
10/20/2023,25.13,1243362,25.27,25.40,25.10
10/19/2023,25.32,937434,24.96,25.32,24.90
10/18/2023,25.06,1110142,25.02,25.14,24.98
10/17/2023,24.84,921912,24.72,24.85,24.63
10/16/2023,24.77,820404,24.80,24.83,24.6835
10/13/2023,24.85,953991,24.63,24.8612,24.58
10/12/2023,24.21,979272,24.32,24.39,24.09
10/11/2023,24.22,2163265,24.27,24.325,24.07
10/10/2023,24.36,1359525,24.38,24.405,24.23
10/09/2023,24.42,2702799,24.26,24.42,24.19
10/06/2023,23.92,2218461,23.98,23.99,23.78
10/05/2023,23.83,2068089,23.77,23.92,23.6921
10/04/2023,23.97,1225524,24.38,24.38,23.8919
10/03/2023,24.66,2574045,24.71,24.7384,24.58
10/02/2023,24.77,3616068,24.97,25.02,24.7294
09/29/2023,24.96,2044188,25.30,25.325,24.92
09/28/2023,25.23,865536,25.28,25.3599,25.18
09/27/2023,25.26,944201,25.28,25.35,25.25
09/26/2023,25.12,986315,25.03,25.14,25.01
09/25/2023,25.15,639969,25.19,25.19,25.00
09/22/2023,25.27,727683,25.39,25.4488,25.18
09/21/2023,25.25,1172649,25.39,25.42,25.24
09/20/2023,25.33,663653,25.40,25.585,25.32
09/19/2023,25.54,845216,25.58,25.62,25.46
09/18/2023,25.52,868148,25.60,25.63,25.445
09/15/2023,25.53,573292,25.50,25.60,25.47
09/14/2023,25.59,679565,25.55,25.63,25.505
09/13/2023,25.38,813823,25.35,25.43,25.28
09/12/2023,25.30,1075050,25.29,25.38,25.26
09/11/2023,25.21,553946,25.25,25.3001,25.15
09/08/2023,25.06,611551,25.02,25.12,24.9709
09/07/2023,25.01,388846,24.99,25.0574,24.94
09/06/2023,25.06,843843,24.96,25.09,24.90
09/05/2023,25.00,1039207,25.04,25.155,24.957
09/01/2023,24.88,1716114,24.84,24.90,24.75
08/31/2023,24.59,1197702,24.59,24.6509,24.4701
08/30/2023,24.49,527327,24.58,24.645,24.46
08/29/2023,24.46,417609,24.37,24.50,24.295
08/28/2023,24.37,590242,24.43,24.50,24.3123
08/25/2023,24.41,793791,24.33,24.45,24.14
08/24/2023,24.17,599547,24.04,24.22,23.99
08/23/2023,24.15,910667,24.00,24.25,23.95
08/22/2023,24.10,623521,24.19,24.215,24.06
08/21/2023,24.09,507852,24.30,24.30,24.08
08/18/2023,24.15,601838,24.04,24.195,24.025
08/17/2023,23.98,857520,24.16,24.18,23.97
08/16/2023,23.92,2205453,24.09,24.18,23.89
08/15/2023,24.02,3808701,24.17,24.23,23.9713
08/14/2023,24.31,697677,24.27,24.38,24.20
08/11/2023,24.43,566265,24.42,24.57,24.40
08/10/2023,24.47,576569,24.56,24.627,24.43
08/09/2023,24.60,671880,24.55,24.66,24.47
08/08/2023,24.43,993605,24.14,24.485,24.04
08/07/2023,24.46,1137746,24.50,24.509,24.3158
08/04/2023,24.45,529424,24.44,24.54,24.35
08/03/2023,24.41,1111708,24.18,24.42,24.14
08/02/2023,24.18,1143840,24.50,24.50,24.109
08/01/2023,24.55,1688918,24.52,24.605,24.45
07/31/2023,24.68,2012496,24.61,24.6858,24.54
07/28/2023,24.58,2657304,24.41,24.605,24.34
07/27/2023,24.43,1273072,24.47,24.565,24.385
07/26/2023,24.49,893691,24.49,24.55,24.4215
07/25/2023,24.61,510828,24.45,24.65,24.42
07/24/2023,24.52,781292,24.26,24.58,24.22
07/21/2023,24.09,710493,23.97,24.13,23.97
07/20/2023,23.96,1138615,24.04,24.09,23.8301
07/19/2023,23.89,1371535,23.96,24.05,23.82
07/18/2023,23.76,554681,23.47,23.8022,23.47
07/17/2023,23.45,696124,23.53,23.55,23.435
07/14/2023,23.64,669824,23.83,23.83,23.61
07/13/2023,23.80,582882,23.55,23.81,23.52
07/12/2023,23.47,599584,23.52,23.59,23.40
07/11/2023,23.30,457791,23.18,23.32,23.12
07/10/2023,23.03,632450,22.98,23.10,22.96
07/07/2023,22.98,807792,22.80,23.0254,22.79
07/06/2023,22.79,629133,22.82,22.83,22.55
07/05/2023,22.84,2849272,22.91,22.97,22.75
07/03/2023,22.70,902179,22.80,22.86,22.69
06/30/2023,22.70,972178,22.61,22.87,22.61
06/29/2023,22.51,635318,22.46,22.61,22.41
06/28/2023,22.50,1101538,22.43,22.61,22.34
06/27/2023,22.57,560809,22.79,22.85,22.54
06/26/2023,22.94,728978,22.88,23.08,22.875
06/23/2023,22.91,1002246,22.73,22.91,22.73
06/22/2023,23.16,1055998,23.22,23.29,23.07
06/21/2023,23.60,930214,23.23,23.60,23.23
06/20/2023,23.26,1911164,23.24,23.29,23.0711
06/16/2023,23.47,1252345,23.28,23.51,23.28
06/15/2023,23.18,1215132,22.83,23.212,22.83
06/14/2023,22.70,763960,22.80,22.855,22.59
06/13/2023,22.65,701665,22.70,22.78,22.63
06/12/2023,22.35,686973,22.40,22.4799,22.265
06/09/2023,22.66,641294,22.77,22.89,22.64
06/08/2023,22.80,893853,22.81,22.86,22.46
06/07/2023,22.76,2155457,22.75,22.86,22.73
06/06/2023,22.67,764294,22.55,22.725,22.51
06/05/2023,22.64,1099298,22.81,22.7999,22.63
06/02/2023,22.70,1195952,22.63,22.72,22.52
06/01/2023,22.41,561052,22.16,22.53,22.16
05/31/2023,22.05,762547,22.16,22.28,22.05
05/30/2023,22.30,774549,22.46,22.46,22.23
05/26/2023,22.83,837356,22.74,22.85,22.70
05/25/2023,22.47,1809503,22.55,22.62,22.34
05/24/2023,22.83,692624,22.91,22.97,22.69
05/23/2023,22.82,753462,22.78,22.895,22.755
05/22/2023,22.73,606604,22.64,22.78,22.615
05/19/2023,22.71,777848,22.92,22.95,22.66
05/18/2023,22.74,1005214,22.73,22.80,22.64
05/17/2023,22.95,816451,22.88,23.00,22.73
05/16/2023,22.68,1020730,22.88,22.972,22.68
05/15/2023,22.93,703212,22.81,23.01,22.795
05/12/2023,22.67,769819,22.86,22.925,22.65
05/11/2023,22.85,742692,22.91,22.97,22.76
05/10/2023,23.25,489763,23.24,23.3195,23.12
05/09/2023,23.32,787163,23.17,23.36,23.02
05/08/2023,23.25,742614,23.37,23.41,23.24
05/05/2023,23.14,702373,22.91,23.15,22.88
05/04/2023,22.63,782875,22.54,22.79,22.4701
05/03/2023,22.54,869925,22.58,22.65,22.51
05/02/2023,22.83,1658775,23.18,23.20,22.79
05/01/2023,23.36,1138751,23.39,23.55,23.22
04/28/2023,23.56,499591,23.29,23.57,23.2401
04/27/2023,23.34,990402,23.31,23.41,23.21
04/26/2023,23.31,2206427,23.62,23.67,23.28
04/25/2023,23.67,1221045,23.81,23.81,23.53
04/24/2023,24.01,1753831,23.76,24.05,23.7407
04/21/2023,23.82,735716,23.92,23.95,23.725
04/20/2023,23.87,1066340,23.87,23.935,23.795
04/19/2023,24.08,397292,24.11,24.231,24.027
04/18/2023,24.42,844845,24.38,24.505,24.275
04/17/2023,24.37,937312,24.39,24.47,24.235
04/14/2023,24.47,1244707,24.43,24.535,24.28
04/13/2023,24.44,888725,24.53,24.59,24.4001
04/12/2023,24.44,1151548,24.35,24.47,24.31
04/11/2023,24.25,1525997,24.12,24.305,24.11
04/10/2023,24.12,989982,24.05,24.18,24.045
04/06/2023,24.12,2418797,24.13,24.15,24.025
04/05/2023,24.19,1099675,24.10,24.20,24.015
04/04/2023,24.10,1313125,24.16,24.1801,23.93
04/03/2023,24.13,1164837,24.17,24.305,24.065
03/31/2023,23.74,1026257,23.53,23.7608,23.53
03/30/2023,23.52,793911,23.48,23.54,23.36
03/29/2023,23.35,514660,23.55,23.6201,23.335
03/28/2023,23.50,1037883,23.34,23.59,23.34
03/27/2023,23.39,2176419,23.04,23.4192,22.9999
03/24/2023,22.96,2175856,22.83,23.005,22.7798
03/23/2023,22.85,1482801,23.08,23.19,22.85
03/22/2023,22.91,1414205,22.93,23.07,22.80
03/21/2023,22.85,1300548,22.84,22.925,22.70
03/20/2023,22.77,1108896,22.69,22.80,22.561
03/17/2023,22.68,1916779,22.83,22.89,22.53
03/16/2023,22.75,1536679,22.45,22.835,22.36
03/15/2023,22.68,2929177,22.75,22.88,22.36
03/14/2023,23.22,1300630,23.37,23.575,23.1501
03/13/2023,23.52,1865938,23.30,23.77,23.245
03/10/2023,23.67,2418338,23.46,23.71,23.45
03/09/2023,23.42,1290852,23.80,23.882,23.39
03/08/2023,23.71,1518284,23.71,23.83,23.6521
03/07/2023,23.84,1498475,24.20,24.268,23.81
03/06/2023,24.34,1046042,24.15,24.36,24.12
03/03/2023,24.46,1507902,24.02,24.48,24.02
03/02/2023,24.08,828694,24.15,24.165,23.955
03/01/2023,24.17,1238207,23.89,24.18,23.86
02/28/2023,23.76,1222255,23.84,23.90,23.74
02/27/2023,23.69,1076769,23.76,23.77,23.60
02/24/2023,23.67,1637824,23.51,23.68,23.335
02/23/2023,23.75,2070245,23.75,23.83,23.59
02/22/2023,23.57,1219479,23.82,23.87,23.57
02/21/2023,23.88,1014167,23.98,24.08,23.82
02/17/2023,23.85,1207899,23.63,23.8901,23.58
02/16/2023,24.03,831921,24.03,24.16,24.005
02/15/2023,24.10,924737,24.12,24.165,23.93
02/14/2023,24.36,926509,24.12,24.44,24.0739
02/13/2023,24.28,853785,24.15,24.37,24.12
02/10/2023,24.33,783070,24.13,24.33,24.13
02/09/2023,23.99,2053961,24.07,24.15,23.8901
02/08/2023,24.18,822680,24.16,24.2198,23.96
02/07/2023,24.13,1057280,23.73,24.1399,23.7201
02/06/2023,23.68,1375746,23.64,23.715,23.32
02/03/2023,23.61,2625591,24.04,24.28,23.60
02/02/2023,24.22,3591104,24.60,24.60,24.16
02/01/2023,24.40,3090873,24.68,24.70,24.184
01/31/2023,24.87,1571848,24.47,24.87,24.45
01/30/2023,24.45,2528288,24.60,24.80,24.45
01/27/2023,24.77,2379162,25.12,25.125,24.74
01/26/2023,25.05,1637600,25.10,25.13,24.93
01/25/2023,24.94,1151190,24.98,25.02,24.84
01/24/2023,25.01,915571,25.18,25.20,24.98
01/23/2023,25.15,2664614,25.13,25.215,25.045
01/20/2023,25.09,1143993,25.02,25.13,24.90
01/19/2023,24.94,1241290,24.83,25.0322,24.78
01/18/2023,24.69,1469595,25.09,25.1681,24.685
01/17/2023,24.96,1160666,24.87,24.98,24.75
01/13/2023,24.79,1514810,24.51,24.82,24.51
01/12/2023,24.55,2452124,24.55,24.66,24.41
01/11/2023,24.35,1923208,24.20,24.35,24.04
01/10/2023,23.92,1469374,23.97,24.065,23.8115
01/09/2023,23.92,1189256,24.00,24.18,23.90
01/06/2023,23.64,1674563,23.70,23.785,23.55
01/05/2023,23.51,1700833,23.55,23.65,23.42
01/04/2023,23.63,1971282,23.75,23.79,23.52
01/03/2023,24.06,3228335,24.36,24.53,23.985
12/30/2022,24.65,1848335,24.30,24.67,24.30
12/29/2022,24.43,1759953,24.26,24.45,24.21
12/28/2022,24.46,2873265,24.50,24.53,24.24
12/27/2022,24.74,6148405,24.01,24.87,23.80
12/23/2022,24.52,2913336,24.18,24.55,24.18
12/22/2022,24.08,2017230,24.31,24.372,23.95
12/21/2022,24.39,1882533,24.27,24.41,24.26
12/20/2022,24.08,2614565,23.89,24.13,23.84
12/19/2022,23.97,3123540,24.03,24.08,23.86
12/16/2022,24.16,3403493,24.12,24.31,24.075
12/15/2022,24.47,2802502,24.71,24.71,24.36
12/14/2022,24.77,2342435,24.63,24.86,24.59
12/13/2022,24.58,2778985,24.54,24.72,24.5323
12/12/2022,24.18,2660088,23.99,24.245,23.97
12/09/2022,23.92,2957887,23.93,24.06,23.74
12/08/2022,23.89,3554741,24.08,24.12,23.78
12/07/2022,23.93,5676555,24.10,24.20,23.84
12/06/2022,24.05,3352581,24.41,24.49,23.925
12/05/2022,24.44,4078112,25.27,25.315,24.385
12/02/2022,25.09,3957200,25.22,25.35,25.03
12/01/2022,25.36,3382378,25.70,25.78,25.34
11/30/2022,25.49,2939895,25.38,25.51,25.19
11/29/2022,24.93,5141728,24.92,25.07,24.76
11/28/2022,24.61,3559618,24.42,24.83,24.39
11/25/2022,24.76,1243153,25.10,25.18,24.745
11/23/2022,24.98,2169063,25.00,25.09,24.82
11/22/2022,25.33,3397665,25.31,25.4618,25.25
11/21/2022,25.07,4164210,24.73,25.14,24.44
11/18/2022,25.16,3200535,24.90,25.175,24.87
11/17/2022,25.34,2043462,25.48,25.5544,25.23
11/16/2022,25.77,2226914,25.73,25.845,25.63
11/15/2022,26.06,3209884,25.77,26.31,25.65
11/14/2022,25.76,1623141,26.02,26.30,25.76
11/11/2022,26.15,2817665,26.19,26.29,25.9838
11/10/2022,25.66,2431840,25.56,25.76,25.47
11/09/2022,25.43,1693168,25.71,25.76,25.41
11/08/2022,26.03,1957959,26.35,26.47,25.91
11/07/2022,26.35,2093787,26.57,26.69,26.32
11/04/2022,26.58,2063039,26.47,26.59,26.26
11/03/2022,25.71,2088601,25.50,25.83,25.45
11/02/2022,25.73,2158593,25.47,25.93,25.38
11/01/2022,25.50,4248537,25.60,25.60,25.37
10/31/2022,25.12,3264404,25.08,25.34,24.96
10/28/2022,25.30,2783487,25.32,25.43,25.12
10/27/2022,25.60,1699483,25.60,25.685,25.50
10/26/2022,25.56,4190269,25.22,25.59,25.19
10/25/2022,25.09,892365,24.96,25.18,24.92
10/24/2022,24.95,1166800,24.87,25.12,24.85
10/21/2022,24.88,1142922,24.75,24.95,24.6581
10/20/2022,24.85,1564192,25.06,25.25,24.78
10/19/2022,24.83,2062599,24.68,24.9403,24.64
10/18/2022,24.84,1673802,24.98,25.07,24.66
10/17/2022,25.11,2200912,25.35,25.415,25.065
10/14/2022,25.17,1559144,25.47,25.54,25.13
10/13/2022,25.68,2166387,25.16,25.77,25.16
10/12/2022,25.33,2338234,25.33,25.41,25.18
10/11/2022,25.33,2530476,25.44,25.62,25.28
10/10/2022,25.70,2467561,26.09,26.24,25.685
10/07/2022,25.99,2382395,25.73,26.125,25.70
10/06/2022,25.72,2810595,25.51,25.74,25.46
10/05/2022,25.56,2753773,25.20,25.57,25.04
10/04/2022,25.11,2239870,24.92,25.20,24.89
10/03/2022,24.45,6327139,24.45,24.55,24.27
09/30/2022,23.91,3947620,24.02,24.25,23.84
09/29/2022,24.21,2066122,24.35,24.3979,24.07
09/28/2022,24.36,2314326,23.88,24.37,23.82
09/27/2022,23.70,2834886,23.80,24.01,23.625
09/26/2022,23.45,5110987,23.91,24.12,23.42
09/23/2022,24.01,3885244,24.08,24.12,23.88
09/22/2022,24.85,1770345,25.17,25.24,24.79
09/21/2022,24.78,1647948,25.13,25.18,24.66
09/20/2022,24.93,1815927,24.89,25.0011,24.72
09/19/2022,24.96,2213785,24.47,24.99,24.39
09/16/2022,24.88,2035569,24.98,25.06,24.805
09/15/2022,24.97,2106253,25.24,25.24,24.85
09/14/2022,25.72,1561585,25.71,25.85,25.59
09/13/2022,25.61,3863349,25.67,25.79,25.29
09/12/2022,25.74,1868522,25.66,25.86,25.5804
09/09/2022,25.39,1327994,25.06,25.4117,25.05
09/08/2022,24.69,5282425,24.71,24.8515,24.48
09/07/2022,24.59,7838969,24.87,25.09,24.58
09/06/2022,25.19,3453862,25.43,25.495,25.185
09/02/2022,25.34,4586511,25.53,25.62,25.315
09/01/2022,25.17,8110687,25.35,25.485,25.12
08/31/2022,25.72,4977653,25.88,26.115,25.72
08/30/2022,26.27,4292097,26.53,26.62,26.06
08/29/2022,27.02,6205391,26.67,27.04,26.59
08/26/2022,26.63,3105623,26.51,26.71,26.35
08/25/2022,26.52,2065955,26.98,26.98,26.45
08/24/2022,26.90,3093499,26.71,26.90,26.52
08/23/2022,26.62,4384630,26.42,26.76,26.42
08/22/2022,26.19,3868178,25.82,26.21,25.585
08/19/2022,25.96,3590802,25.90,26.175,25.75
08/18/2022,25.97,4864462,25.80,26.045,25.70
08/17/2022,25.58,2840687,25.51,25.73,25.37
08/16/2022,25.48,2842654,25.85,25.99,25.40
08/15/2022,25.77,3170446,25.32,25.80,25.275
08/12/2022,26.09,2575464,26.06,26.185,25.895
08/11/2022,26.23,5550148,26.04,26.32,25.90
08/10/2022,25.73,2280810,25.42,25.80,25.17
08/09/2022,25.38,2038541,25.43,25.605,25.28
08/08/2022,25.17,2992672,24.82,25.18,24.82
08/05/2022,24.87,3481589,24.64,25.232,24.61
08/04/2022,24.96,5345063,25.09,25.26,24.835
08/03/2022,25.23,3368462,25.65,25.73,25.0705
08/02/2022,25.45,2800121,25.61,25.84,25.425
08/01/2022,25.58,4076354,25.45,25.65,25.29
07/29/2022,26.11,2209034,26.35,26.6128,26.085
07/28/2022,25.99,2202442,26.17,26.19,25.82
07/27/2022,25.97,2567766,25.63,26.0275,25.465
07/26/2022,25.39,6001997,25.73,25.80,25.34
07/25/2022,25.34,5301209,25.19,25.365,25.0429
07/22/2022,24.89,1279810,25.12,25.40,24.88
07/21/2022,25.19,6044511,25.08,25.36,25.00
07/20/2022,25.62,1915177,25.57,25.72,25.45
07/19/2022,25.64,3203175,25.26,25.70,25.26
07/18/2022,25.54,1735243,25.70,25.87,25.49
07/15/2022,25.07,3972851,24.98,25.17,24.79
07/14/2022,24.75,4524884,24.47,24.87,24.18
07/13/2022,24.98,2853394,24.91,25.3099,24.83
07/12/2022,24.84,6427373,25.35,25.48,24.81
07/11/2022,26.02,3606763,26.09,26.16,25.815
07/08/2022,26.07,3934618,25.86,26.11,25.59
07/07/2022,25.62,4708272,25.28,25.83,25.27
07/06/2022,24.60,8203388,24.89,24.99,24.33
07/05/2022,24.97,10118930,26.07,26.07,24.825
07/01/2022,26.77,7726256,27.00,27.06,26.60
06/30/2022,26.64,5156362,27.23,27.27,26.58
06/29/2022,27.49,1902006,28.13,28.24,27.48
06/28/2022,27.97,2066285,27.71,28.01,27.625
06/27/2022,27.64,6080433,27.61,27.825,27.3659
06/24/2022,27.70,3507123,27.59,27.86,27.40
06/23/2022,27.44,8788393,28.10,28.17,27.43
06/22/2022,28.07,8211824,27.70,28.34,27.63
06/21/2022,28.58,4766838,28.83,29.05,28.475
06/17/2022,28.65,6746310,29.40,29.44,28.40
06/16/2022,29.71,4228966,29.55,29.8567,29.32
06/15/2022,29.58,5532811,29.60,29.92,29.4869
06/14/2022,29.56,5818224,29.96,30.09,29.35
06/13/2022,29.89,6268631,29.99,30.185,29.38
06/10/2022,30.23,3215814,30.35,30.39,29.96
06/09/2022,30.53,3821899,30.26,30.635,30.26
06/08/2022,30.48,5112469,30.26,30.60,30.23
06/07/2022,30.21,3388259,29.91,30.22,29.85
06/06/2022,30.01,3154777,29.91,30.09,29.79
06/03/2022,29.88,2228631,29.47,29.88,29.39
06/02/2022,29.60,3133549,29.22,29.61,29.0616
06/01/2022,28.94,3099376,29.06,29.18,28.90
05/31/2022,28.80,3508483,29.44,29.53,28.58
05/27/2022,29.00,2431708,28.62,29.02,28.566
05/26/2022,28.66,3468304,28.31,28.77,28.25
05/25/2022,28.35,2312568,28.16,28.35,28.01
05/24/2022,28.15,2591344,28.15,28.265,28.0001
05/23/2022,28.17,2386636,28.04,28.225,27.88
05/20/2022,27.96,2389625,27.97,28.1196,27.76
05/19/2022,27.92,3482800,27.37,28.0299,27.36
05/18/2022,27.57,3436839,28.26,28.36,27.49
05/17/2022,28.18,4522573,28.49,28.62,28.17
05/16/2022,28.49,7230252,28.11,28.53,28.05
05/13/2022,28.03,3611278,27.86,28.0661,27.70
05/12/2022,27.65,4377558,27.35,27.675,27.22
05/11/2022,27.52,4105356,27.49,27.71,27.48
05/10/2022,26.86,4717916,27.19,27.34,26.83
05/09/2022,27.02,9241886,27.75,27.80,26.96
05/06/2022,28.30,6718972,28.30,28.43,27.99
05/05/2022,28.27,4150333,28.65,28.68,28.045
05/04/2022,28.42,5276034,28.14,28.465,27.92
05/03/2022,27.56,2453211,27.73,27.9399,27.44
05/02/2022,27.95,5788150,27.26,27.96,27.085
04/29/2022,27.53,4323428,27.91,28.06,27.48
04/28/2022,27.74,4675327,27.45,27.78,27.332
04/27/2022,27.51,3375079,27.17,27.60,27.1195
04/26/2022,27.32,5365393,27.11,27.44,26.82
04/25/2022,26.95,6128647,26.37,26.985,26.26
04/22/2022,27.15,4307588,27.43,27.53,27.14
04/21/2022,27.68,4061256,27.75,27.8999,27.47
04/20/2022,27.72,4145304,27.78,27.81,27.36
04/19/2022,27.69,5921402,27.87,27.87,27.53
04/18/2022,28.42,7531295,28.40,28.745,28.2912
04/14/2022,28.10,5547140,27.75,28.23,27.64
04/13/2022,27.89,6133852,27.53,27.90,27.255
04/12/2022,27.29,4192266,27.05,27.33,27.00
04/11/2022,26.50,3558948,26.44,26.585,26.28
04/08/2022,26.72,6044346,26.38,26.76,26.33
04/07/2022,26.39,3891897,26.33,26.42,25.94
04/06/2022,26.30,3824963,26.86,26.98,26.12
04/05/2022,26.51,6250492,26.97,27.085,26.45
04/04/2022,26.73,4628729,26.76,26.84,26.5005
04/01/2022,26.23,5282190,26.10,26.335,26.06
03/31/2022,26.06,4881935,26.39,26.60,25.96
03/30/2022,26.55,3669349,26.53,26.70,26.42
03/29/2022,26.08,5106760,25.41,26.0939,25.311
03/28/2022,25.98,5249809,26.48,26.65,25.91
03/25/2022,27.16,4694818,26.88,27.33,26.7767
03/24/2022,26.96,4595240,27.25,27.27,26.87
03/23/2022,27.23,3407136,27.12,27.39,27.08
03/22/2022,26.57,4452537,26.61,26.71,26.32
03/21/2022,26.63,4170592,26.25,26.6499,26.22
03/18/2022,25.67,3562621,25.54,25.6968,25.41
03/17/2022,25.55,6044988,25.27,25.66,25.25
03/16/2022,24.38,8001050,24.93,25.05,24.27
03/15/2022,24.59,12507370,24.525,24.90,24.34
03/14/2022,25.21,8335878,25.37,25.53,25.025
03/11/2022,25.97,7746351,25.73,26.13,25.61
03/10/2022,25.53,8655494,26.30,26.36,25.355
03/09/2022,25.84,16680740,26.75,26.86,24.80
03/08/2022,28.07,19913790,28.08,28.405,27.15
03/07/2022,27.60,18127280,27.25,27.7771,27.066
03/04/2022,27.01,17305060,26.63,27.175,26.35
03/03/2022,25.92,15822840,25.71,26.31,25.605
03/02/2022,25.64,11672720,25.32,25.79,25.02
03/01/2022,24.83,11819810,24.48,24.865,24.44
02/28/2022,23.87,10291940,23.89,23.99,23.75
02/25/2022,23.47,8694286,23.49,23.5799,23.23
02/24/2022,23.83,13349370,24.73,24.73,23.6111
02/23/2022,23.73,4004444,23.60,23.85,23.568
02/22/2022,23.51,4655045,23.65,23.70,23.42
02/18/2022,23.18,3306331,22.99,23.27,22.93
02/17/2022,23.09,3057833,22.96,23.12,22.91
02/16/2022,22.90,3950593,23.06,23.23,22.89
02/15/2022,22.87,4105066,22.91,22.91,22.695
02/14/2022,23.25,5165118,23.00,23.36,22.96
02/11/2022,23.13,6964996,22.85,23.21,22.83
02/10/2022,22.79,4868268,22.90,23.1272,22.75
02/09/2022,22.91,4822653,22.72,22.92,22.72
02/08/2022,22.68,3238593,22.71,22.735,22.555
02/07/2022,22.88,3394095,22.81,22.885,22.76
02/04/2022,22.83,5460406,22.79,22.92,22.77
02/03/2022,22.65,3387691,22.38,22.70,22.345
02/02/2022,22.60,6241555,22.62,22.62,22.45
02/01/2022,22.51,6246196,22.35,22.525,22.31
01/31/2022,22.42,3132007,22.43,22.45,22.21
01/28/2022,22.34,4511324,22.47,22.50,22.24
01/27/2022,22.32,3957874,22.40,22.425,22.1822
01/26/2022,22.21,8802275,22.33,22.425,22.185
01/25/2022,22.16,5789854,21.94,22.18,21.90
01/24/2022,21.96,5620640,21.86,21.97,21.6299
01/21/2022,22.01,4165264,22.06,22.115,21.91
01/20/2022,21.99,4042202,22.12,22.275,21.99
01/19/2022,22.07,3655165,22.11,22.2055,22.0444
01/18/2022,21.95,4819605,21.86,22.00,21.8401
01/14/2022,21.78,1703380,21.63,21.785,21.60
01/13/2022,21.50,2371876,21.71,21.71,21.49
01/12/2022,21.73,3003802,21.67,21.76,21.6101
01/11/2022,21.56,3553948,21.29,21.5758,21.182
01/10/2022,21.15,3425384,21.21,21.23,21.04
01/07/2022,21.24,2781615,21.20,21.25,21.12
01/06/2022,21.20,4148123,21.20,21.245,21.10
01/05/2022,21.02,7094277,21.20,21.26,21.02
01/04/2022,21.11,2987365,21.00,21.14,20.98
01/03/2022,20.86,5301228,20.72,20.90,20.68
12/31/2021,20.78,3864423,20.90,20.935,20.72
12/30/2021,20.88,1705880,20.97,21.06,20.86
12/29/2021,20.98,3236577,20.85,21.09,20.82
12/28/2021,20.88,2404800,20.98,21.00,20.8706
12/27/2021,20.92,2160538,20.66,20.98,20.62
12/23/2021,20.66,2437946,20.55,20.695,20.493
12/22/2021,20.55,2203814,20.38,20.57,20.35
12/21/2021,20.31,2507165,20.11,20.31,20.065
12/20/2021,19.89,3943068,19.79,19.9099,19.58
12/17/2021,20.03,3608505,20.17,20.189,20.02
12/16/2021,20.27,3215363,20.23,20.40,20.18
12/15/2021,20.15,2232977,20.00,20.15,19.87
12/14/2021,20.05,3595557,20.05,20.12,19.9509
12/13/2021,20.23,4733556,20.33,20.38,20.191
12/10/2021,20.33,2684752,20.21,20.34,20.1976
12/09/2021,20.10,3384474,20.26,20.30,20.10
12/08/2021,20.41,2916852,20.22,20.41,20.2101
12/07/2021,20.14,2440245,20.04,20.235,20.00
12/06/2021,19.84,3801595,19.54,19.8899,19.50
12/03/2021,19.50,3766945,19.77,19.83,19.40
12/02/2021,19.48,6337994,19.28,19.62,19.201
12/01/2021,19.31,10483190,19.75,19.80,19.25
11/30/2021,19.48,12056940,19.71,19.8075,19.21
11/29/2021,20.03,4303688,20.47,20.50,19.94
11/26/2021,20.03,7161908,20.60,20.60,19.82
11/24/2021,21.30,3840989,21.34,21.42,21.2843
11/23/2021,21.38,1887393,21.11,21.39,21.11
11/22/2021,21.00,3914688,20.88,21.09,20.88
11/19/2021,20.85,2124181,21.05,21.08,20.82
11/18/2021,21.19,1305535,21.18,21.22,21.05
11/17/2021,21.12,2240070,21.29,21.37,21.035
11/16/2021,21.31,1567483,21.32,21.41,21.24
11/15/2021,21.34,2165336,21.18,21.3498,21.125
11/12/2021,21.33,4009074,21.26,21.4099,21.26
11/11/2021,21.36,1683682,21.36,21.48,21.27
11/10/2021,21.21,3514725,21.45,21.5287,21.1426
11/09/2021,21.48,2392678,21.30,21.48,21.185
11/08/2021,21.31,1272340,21.19,21.32,21.17
11/05/2021,21.18,6198597,20.98,21.23,20.8639
11/04/2021,20.89,4825290,21.46,21.48,20.80
11/03/2021,21.02,3420164,21.23,21.32,21.00
11/02/2021,21.57,3543081,21.44,21.615,21.41
11/01/2021,21.51,3896281,21.51,21.56,21.45
10/29/2021,21.35,2849084,21.35,21.44,21.185
10/28/2021,21.46,4941850,21.38,21.47,21.235
10/27/2021,21.35,4256875,21.52,21.65,21.35
10/26/2021,21.75,1605274,21.72,21.81,21.6552
10/25/2021,21.72,1764101,21.77,21.83,21.695
10/22/2021,21.61,2690887,21.61,21.67,21.41
10/21/2021,21.51,3270875,21.59,21.635,21.3001
10/20/2021,21.84,3467001,21.51,21.85,21.48
10/19/2021,21.60,4928575,21.50,21.67,21.42
10/18/2021,21.55,6736000,21.79,21.84,21.55
10/15/2021,21.68,2904678,21.70,21.75,21.62
10/14/2021,21.50,3869921,21.48,21.52,21.3257
10/13/2021,21.28,4128171,21.15,21.29,21.0614
10/12/2021,21.16,4447079,21.23,21.31,21.11
10/11/2021,21.16,4404409,21.23,21.30,21.16
10/08/2021,21.02,2336313,21.05,21.1372,20.95
10/07/2021,20.95,4295620,20.70,20.95,20.56
10/06/2021,20.69,3903522,20.81,20.81,20.61
10/05/2021,21.04,2653521,20.91,21.07,20.89
10/04/2021,20.78,3955968,20.63,20.89,20.63
10/01/2021,20.45,8734011,20.25,20.46,20.1699
09/30/2021,20.18,4267273,19.93,20.31,19.87
09/29/2021,20.05,2426851,20.03,20.1704,19.98
09/28/2021,20.03,2147357,20.34,20.36,20.0133
09/27/2021,20.19,3089109,20.14,20.235,20.14
09/24/2021,19.92,2758125,19.77,19.96,19.74
09/23/2021,19.83,1654144,19.60,19.84,19.5897
09/22/2021,19.53,1149599,19.52,19.62,19.41
09/21/2021,19.31,1375622,19.28,19.32,19.075
09/20/2021,19.29,3369737,19.30,19.37,19.14
09/17/2021,19.52,1424672,19.62,19.62,19.48
09/16/2021,19.68,1259628,19.70,19.7205,19.53
09/15/2021,19.82,2364173,19.79,19.93,19.77
09/14/2021,19.50,1092214,19.57,19.59,19.42
09/13/2021,19.51,1456223,19.50,19.5399,19.41
09/10/2021,19.36,2815056,19.39,19.43,19.315
09/09/2021,19.11,1693013,19.12,19.34,19.04
09/08/2021,19.25,3000921,19.36,19.376,19.20
09/07/2021,19.11,3737013,19.18,19.2592,19.10
09/03/2021,19.33,3186612,19.37,19.45,19.32
09/02/2021,19.31,1881641,19.34,19.46,19.31
09/01/2021,19.09,7318738,19.01,19.17,18.96
08/31/2021,19.18,2700532,19.17,19.255,19.11
08/30/2021,19.27,2648944,19.23,19.285,19.12
08/27/2021,19.20,2471264,19.07,19.21,19.07
08/26/2021,18.96,1958032,18.98,19.08,18.87
08/25/2021,19.11,2171553,18.98,19.145,18.91
08/24/2021,18.94,4642194,18.71,18.96,18.69
08/23/2021,18.55,4885812,18.37,18.55,18.37
08/20/2021,17.90,3023096,18.10,18.18,17.89
08/19/2021,18.33,5361364,18.28,18.3501,18.13
08/18/2021,18.59,3905424,18.87,18.89,18.575
08/17/2021,18.81,2169659,18.90,19.02,18.78
08/16/2021,19.02,1929180,18.91,19.06,18.79
08/13/2021,19.07,1434444,19.21,19.265,19.0699
08/12/2021,19.18,2008879,19.14,19.245,19.02
08/11/2021,19.25,1448934,18.96,19.25,18.90
08/10/2021,19.08,2366655,18.86,19.13,18.85
08/09/2021,18.74,2151969,18.74,18.77,18.5937
08/06/2021,19.01,1488177,19.21,19.24,18.99
08/05/2021,19.17,2162422,18.97,19.17,18.97
08/04/2021,18.89,2169063,18.97,19.08,18.87
08/03/2021,19.20,2634291,19.03,19.20,18.97
08/02/2021,19.29,4450626,19.46,19.535,19.15
07/30/2021,19.50,4256441,19.54,19.575,19.4515
07/29/2021,19.61,1740307,19.44,19.61,19.41
07/28/2021,19.27,1190803,19.26,19.34,19.2302
07/27/2021,19.18,2214245,19.30,19.36,19.115
07/26/2021,19.29,1425908,19.11,19.29,19.0987
07/23/2021,19.15,2245280,19.10,19.16,19.05
07/22/2021,19.05,2426019,18.94,19.1114,18.84
07/21/2021,18.90,2844597,18.72,18.9492,18.65
07/20/2021,18.53,6219073,18.32,18.54,18.19
07/19/2021,18.26,4636999,18.75,18.7501,18.175
07/16/2021,19.02,2345755,19.16,19.1799,18.94
07/15/2021,19.02,2706350,19.03,19.17,19.01
07/14/2021,19.12,1751181,19.37,19.41,19.01
07/13/2021,19.31,2406540,19.18,19.3699,19.13
07/12/2021,19.15,2063719,18.99,19.1502,18.9311
07/09/2021,19.12,2181597,19.00,19.15,19.00
07/08/2021,18.90,4342460,18.73,18.91,18.65
07/07/2021,18.74,3163278,18.99,19.05,18.61
07/06/2021,18.97,3977221,19.36,19.43,18.84
07/02/2021,19.50,1730483,19.37,19.51,19.26
07/01/2021,19.32,4725940,19.58,19.59,19.29
06/30/2021,19.25,2906799,19.04,19.3384,18.9541
06/29/2021,19.07,1575097,19.06,19.15,18.9945
06/28/2021,18.98,3188394,19.00,19.03,18.94
06/25/2021,18.99,4566597,19.11,19.12,18.77
06/24/2021,19.07,2091277,18.91,19.07,18.87
06/23/2021,19.00,2234275,19.07,19.16,19.00
06/22/2021,18.88,3515409,18.88,18.96,18.84
06/21/2021,18.85,3340209,18.57,18.90,18.55
06/18/2021,18.62,4187072,18.51,18.70,18.50
06/17/2021,18.43,7251330,18.81,18.85,18.35
06/16/2021,18.92,4255924,18.98,19.15,18.89
06/15/2021,19.03,2385571,19.02,19.065,18.96
06/14/2021,19.11,3407387,19.06,19.1809,19.04
06/11/2021,19.22,1722778,19.21,19.228,19.119
06/10/2021,19.28,2445861,19.32,19.335,19.04
06/09/2021,19.21,2003510,19.29,19.32,19.15
06/08/2021,19.30,2150634,19.10,19.30,19.05
06/07/2021,19.11,2377928,19.18,19.1899,19.08
06/04/2021,19.08,2921386,19.07,19.1399,19.00
06/03/2021,18.87,3802091,19.01,19.01,18.77
06/02/2021,19.03,4525540,19.01,19.04,18.91
06/01/2021,18.93,5825942,18.96,19.11,18.80
05/28/2021,18.60,2356361,18.67,18.69,18.54
05/27/2021,18.66,1361828,18.46,18.66,18.4393
05/26/2021,18.37,1948587,18.30,18.415,18.19
05/25/2021,18.34,1694770,18.39,18.4307,18.30
05/24/2021,18.40,2823574,18.21,18.415,18.18
05/21/2021,18.15,3046372,18.16,18.18,18.08
05/20/2021,17.98,2828359,18.14,18.20,17.94
05/19/2021,18.17,5160997,18.225,18.26,17.96
05/18/2021,18.55,3729262,18.67,18.73,18.38
05/17/2021,18.64,5052137,18.52,18.64,18.50
05/14/2021,18.41,4489194,18.49,18.529,18.37
05/13/2021,18.26,5846424,18.43,18.518,18.185
05/12/2021,18.78,8831418,18.81,18.9699,18.75
05/11/2021,18.80,7764646,18.55,18.835,18.55
05/10/2021,18.60,3358796,18.85,18.86,18.52
05/07/2021,18.73,6180374,18.58,18.73,18.51
05/06/2021,18.55,4525889,18.54,18.58,18.425
05/05/2021,18.46,4390979,18.49,18.5479,18.40
05/04/2021,18.39,3464246,18.33,18.40,18.24
05/03/2021,18.11,6074836,18.08,18.16,18.04
04/30/2021,17.91,4693891,17.83,17.935,17.77
04/29/2021,18.06,3353904,18.15,18.15,17.9307
04/28/2021,17.94,5241788,17.89,18.0699,17.855
04/27/2021,17.91,2426575,17.85,17.93,17.76
04/26/2021,17.76,2750338,17.57,17.78,17.55
04/23/2021,17.64,5932412,17.48,17.64,17.46
04/22/2021,17.50,1663713,17.45,17.53,17.365
04/21/2021,17.36,1869908,17.24,17.4884,17.22
04/20/2021,17.43,2692086,17.55,17.59,17.29
04/19/2021,17.46,1981576,17.48,17.545,17.44
04/16/2021,17.44,1226950,17.49,17.51,17.42
04/15/2021,17.47,1568843,17.42,17.49,17.34
04/14/2021,17.36,3684803,17.13,17.4192,17.12
04/13/2021,16.97,1825290,16.89,16.97,16.8809
04/12/2021,16.79,1461473,16.87,16.9014,16.74
04/09/2021,16.78,1550283,16.79,16.83,16.75
04/08/2021,16.84,1903098,16.76,16.84,16.68
04/07/2021,16.75,2050781,16.70,16.7704,16.5701
04/06/2021,16.70,1606822,16.83,16.93,16.69
04/05/2021,16.64,1756696,16.78,16.825,16.4699
04/01/2021,16.89,4793151,16.82,16.94,16.59
03/31/2021,16.61,3731246,16.50,16.795,16.50
03/30/2021,16.52,2385712,16.59,16.65,16.50
03/29/2021,16.79,1683665,16.68,16.79,16.56
03/26/2021,16.77,2163576,16.70,16.81,16.68
03/25/2021,16.38,2188380,16.54,16.57,16.29
03/24/2021,16.76,1831459,16.58,16.83,16.58
03/23/2021,16.33,4158253,16.48,16.66,16.31
03/22/2021,16.80,2651280,16.85,16.90,16.77
03/19/2021,16.83,2894424,16.58,16.86,16.46
03/18/2021,16.47,5438784,17.05,17.08,16.35
03/17/2021,17.29,2061249,17.26,17.305,17.15
03/16/2021,17.29,1620960,17.27,17.345,17.19
03/15/2021,17.36,2926885,17.33,17.40,17.24
03/12/2021,17.42,1264900,17.40,17.475,17.36
03/11/2021,17.50,3588813,17.34,17.50,17.29
03/10/2021,17.24,1408053,17.17,17.25,17.08
03/09/2021,17.13,2144710,17.22,17.25,17.10
03/08/2021,17.13,4591588,17.26,17.27,17.125
03/05/2021,17.37,5416023,17.26,17.375,17.18
03/04/2021,17.02,4591821,16.81,17.1621,16.75
03/03/2021,16.76,4502945,16.73,16.84,16.66
03/02/2021,16.66,4257881,16.67,16.84,16.62
03/01/2021,16.59,6420242,16.80,16.84,16.51
02/26/2021,16.73,5138087,16.956,16.98,16.72
02/25/2021,17.09,3457091,17.16,17.209,17.085
02/24/2021,17.23,4457766,17.03,17.23,17.005
02/23/2021,16.97,3308173,16.85,17.00,16.735
02/22/2021,16.89,3950812,16.70,16.94,16.68
02/19/2021,16.52,1918289,16.61,16.70,16.475
02/18/2021,16.53,1673502,16.67,16.67,16.49
02/17/2021,16.59,2987722,16.46,16.60,16.41
02/16/2021,16.54,4066336,16.45,16.54,16.40
02/12/2021,16.32,2500069,16.14,16.34,16.13
02/11/2021,16.12,1515792,16.21,16.23,16.10
02/10/2021,16.15,2043311,16.20,16.20,16.1116
02/09/2021,16.18,2420334,16.11,16.1999,16.025
02/08/2021,16.12,2897049,16.00,16.12,15.989
02/05/2021,15.87,2757411,15.91,15.94,15.825
02/04/2021,15.79,3079798,15.71,15.79,15.58
02/03/2021,15.71,3059438,15.63,15.745,15.62
02/02/2021,15.60,2792796,15.60,15.63,15.54
02/01/2021,15.48,6799120,15.41,15.49,15.26
01/29/2021,15.19,3890566,15.34,15.36,15.16
01/28/2021,15.17,2234610,15.40,15.45,15.17
01/27/2021,15.24,1166153,15.26,15.3492,15.13
01/26/2021,15.28,704135,15.30,15.3381,15.25
01/25/2021,15.25,1596317,15.10,15.27,15.07
01/22/2021,15.09,2413684,15.10,15.23,15.07
01/21/2021,15.35,2823067,15.39,15.40,15.31
01/20/2021,15.36,1511907,15.40,15.42,15.33
01/19/2021,15.35,1516692,15.38,15.40,15.31
01/15/2021,15.30,1409723,15.385,15.43,15.2461
01/14/2021,15.52,1371380,15.36,15.54,15.36
01/13/2021,15.38,1579777,15.39,15.4293,15.32
01/12/2021,15.42,1635306,15.29,15.4293,15.25
01/11/2021,15.13,2252839,15.08,15.18,15.0312
01/08/2021,15.24,2920397,15.22,15.26,15.105
01/07/2021,15.12,2627295,15.11,15.16,15.09
01/06/2021,15.05,3370832,15.05,15.15,14.97
01/05/2021,15.03,2395806,14.89,15.0835,14.89
01/04/2021,14.62,5740024,14.84,14.88,14.60
12/31/2020,14.70,3678252,14.60,14.70,14.57
12/30/2020,14.64,2086843,14.54,14.685,14.53
12/29/2020,14.55,1314987,14.53,14.58,14.50
12/28/2020,14.51,2050320,14.59,14.5999,14.47
12/24/2020,14.60,1268028,14.53,14.60,14.51
12/23/2020,14.56,1786428,14.47,14.65,14.46
12/22/2020,14.38,1534536,14.44,14.475,14.37
12/21/2020,14.54,1503023,14.40,14.57,14.38
12/18/2020,14.69,1134917,14.67,14.74,14.65
12/17/2020,14.64,1279496,14.60,14.645,14.56
12/16/2020,14.47,964256,14.43,14.485,14.36
12/15/2020,14.39,1110279,14.31,14.40,14.31
12/14/2020,14.28,1335294,14.29,14.31,14.12
12/11/2020,14.24,1309482,14.22,14.26,14.16
12/10/2020,14.28,1009027,14.20,14.40,14.20
12/09/2020,14.07,1498789,14.12,14.14,13.9801
12/08/2020,14.06,1360103,14.03,14.06,13.96
12/07/2020,14.04,3676929,13.97,14.135,13.94
12/04/2020,14.04,2366686,14.01,14.095,13.99
12/03/2020,13.98,1626706,13.93,14.01,13.87
12/02/2020,13.96,1188085,13.86,14.06,13.84
12/01/2020,13.90,7662352,13.98,13.985,13.82
11/30/2020,13.94,2898597,14.03,14.03,13.88
11/27/2020,14.02,803382,13.99,14.06,13.97
11/25/2020,14.05,2317035,14.03,14.095,13.96
11/24/2020,13.93,1385982,13.82,13.98,13.80
11/23/2020,13.64,1069089,13.66,13.69,13.61
11/20/2020,13.60,879632,13.56,13.61,13.54
11/19/2020,13.53,632423,13.48,13.5484,13.4441
11/18/2020,13.53,1260004,13.56,13.64,13.53
11/17/2020,13.51,840272,13.40,13.54,13.40
11/16/2020,13.47,1073563,13.54,13.56,13.45
11/13/2020,13.35,785120,13.41,13.44,13.33
11/12/2020,13.41,1013509,13.57,13.60,13.4008
11/11/2020,13.52,1591945,13.65,13.685,13.495
11/10/2020,13.53,2037209,13.42,13.55,13.38
11/09/2020,13.27,1278543,13.44,13.461,13.27
11/06/2020,13.11,855277,13.15,13.18,13.06
11/05/2020,13.16,970796,13.21,13.2899,13.14
11/04/2020,13.10,796028,13.05,13.1413,12.93
11/03/2020,12.96,877009,13.00,13.02,12.92
11/02/2020,12.88,5856348,12.63,12.89,12.63
10/30/2020,12.65,2362835,12.67,12.68,12.57
10/29/2020,12.65,1007735,12.52,12.69,12.48
10/28/2020,12.81,1743820,12.86,12.87,12.7799
10/27/2020,13.16,651384,13.14,13.22,13.10
10/26/2020,13.07,582977,13.17,13.17,13.045
10/23/2020,13.26,1042466,13.36,13.38,13.22
10/22/2020,13.36,575665,13.33,13.42,13.30
10/21/2020,13.32,557982,13.40,13.47,13.29
10/20/2020,13.43,1144828,13.30,13.47,13.30
10/19/2020,13.28,479055,13.36,13.38,13.27
10/16/2020,13.27,621758,13.25,13.31,13.22
10/15/2020,13.36,574155,13.14,13.36,13.1077
10/14/2020,13.32,564596,13.28,13.34,13.27
10/13/2020,13.23,1044523,13.22,13.24,13.16
10/12/2020,13.20,984309,13.33,13.33,13.17
10/09/2020,13.34,1132433,13.33,13.415,13.30
10/08/2020,13.30,1335214,13.29,13.33,13.23
10/07/2020,13.17,715481,13.16,13.19,13.08
10/06/2020,13.12,777215,13.20,13.28,13.10
10/05/2020,13.07,1451430,12.97,13.09,12.97
10/02/2020,12.74,1360532,12.68,12.82,12.64
10/01/2020,12.90,2114301,12.98,12.98,12.775
09/30/2020,13.06,1373990,12.94,13.10,12.91
09/29/2020,12.91,583431,12.98,13.01,12.83
09/28/2020,13.06,799602,12.99,13.09,12.95
09/25/2020,12.95,622420,12.92,12.99,12.8962
09/24/2020,12.95,1222849,12.85,12.99,12.81
09/23/2020,12.89,1531231,13.00,13.05,12.8793
09/22/2020,13.04,518594,13.12,13.16,12.9708
09/21/2020,13.10,1056351,13.25,13.26,12.96
09/18/2020,13.43,538666,13.37,13.4401,13.3409
09/17/2020,13.37,669833,13.15,13.3799,13.12
09/16/2020,13.22,745917,13.07,13.25,13.07
09/15/2020,12.98,1055698,12.93,13.02,12.89
09/14/2020,12.91,948492,12.88,12.94,12.85
09/11/2020,12.90,862980,12.86,12.94,12.84
09/10/2020,12.81,1267677,12.93,12.9897,12.80
09/09/2020,12.94,1337613,12.86,12.99,12.81
09/08/2020,12.82,2071421,12.79,12.855,12.70
09/04/2020,13.14,2013380,13.22,13.27,13.09
09/03/2020,13.26,970389,13.30,13.31,13.13
09/02/2020,13.38,1417646,13.54,13.54,13.35
09/01/2020,13.56,1436502,13.59,13.66,13.54
08/31/2020,13.54,1722158,13.60,13.60,13.51
08/28/2020,13.55,893344,13.52,13.57,13.49
08/27/2020,13.46,687603,13.54,13.548,13.37
08/26/2020,13.51,816082,13.48,13.5299,13.454
08/25/2020,13.48,798019,13.49,13.49,13.43
08/24/2020,13.37,1174295,13.40,13.415,13.34
08/21/2020,13.30,828347,13.28,13.30,13.20
08/20/2020,13.43,1992386,13.32,13.45,13.27
08/19/2020,13.45,824622,13.49,13.53,13.43
08/18/2020,13.49,3484397,13.47,13.53,13.40
08/17/2020,13.46,649689,13.34,13.46,13.3362
08/14/2020,13.24,790323,13.25,13.30,13.20
08/13/2020,13.24,862058,13.21,13.2771,13.19
08/12/2020,13.17,574360,13.15,13.24,13.15
08/11/2020,13.03,1284559,13.23,13.26,13.03
08/10/2020,13.24,774884,13.26,13.305,13.2101
08/07/2020,13.17,1172917,13.26,13.26,13.0909
08/06/2020,13.35,1158742,13.38,13.39,13.30
08/05/2020,13.25,1290825,13.41,13.4291,13.24
08/04/2020,13.14,860987,13.00,13.20,12.98
08/03/2020,13.07,1288143,13.00,13.11,12.97
07/31/2020,12.94,1263399,12.93,12.96,12.865
07/30/2020,12.87,1394771,12.86,12.9189,12.66
07/29/2020,13.02,815172,13.00,13.05,12.98
07/28/2020,12.95,907107,12.96,12.99,12.905
07/27/2020,13.02,1721939,12.99,13.04,12.8837
07/24/2020,12.90,702687,12.87,12.90,12.805
07/23/2020,12.88,1032067,12.91,12.97,12.82
07/22/2020,12.91,1469352,12.82,12.935,12.80
07/21/2020,12.83,2112383,12.83,12.91,12.82
07/20/2020,12.65,783207,12.61,12.68,12.531
07/17/2020,12.66,1712521,12.64,12.68,12.56
07/16/2020,12.64,1093598,12.67,12.71,12.615
07/15/2020,12.74,1464166,12.62,12.76,12.58
07/14/2020,12.59,653729,12.47,12.64,12.45
07/13/2020,12.53,805147,12.68,12.71,12.53
07/10/2020,12.66,661683,12.62,12.7186,12.62
07/09/2020,12.58,747534,12.76,12.77,12.5718
07/08/2020,12.73,819911,12.65,12.73,12.63
07/07/2020,12.57,1141960,12.51,12.63,12.50
07/06/2020,12.56,1475860,12.56,12.61,12.52
07/02/2020,12.46,1422043,12.47,12.53,12.40
07/01/2020,12.41,1117575,12.38,12.42,12.27
06/30/2020,12.31,1118190,12.22,12.3901,12.21
06/29/2020,12.25,790609,12.15,12.275,12.12
06/26/2020,12.05,738136,12.14,12.14,12.00
06/25/2020,12.20,618878,12.07,12.2021,12.06
06/24/2020,12.09,1372484,12.36,12.38,12.06
06/23/2020,12.40,745941,12.48,12.52,12.375
06/22/2020,12.46,939844,12.38,12.47,12.35
06/19/2020,12.33,1605442,12.40,12.4109,12.20
06/18/2020,12.23,951675,12.14,12.25,12.14
06/17/2020,12.16,540402,12.18,12.24,12.13
06/16/2020,12.22,891914,12.28,12.355,12.1353
06/15/2020,12.12,652063,11.86,12.15,11.81
06/12/2020,12.01,693898,12.08,12.1389,11.95
06/11/2020,11.96,1122933,12.09,12.145,11.91
06/10/2020,12.36,1292027,12.29,12.44,12.24
06/09/2020,12.28,646107,12.18,12.33,12.15
06/08/2020,12.24,1581230,12.31,12.33,12.21
06/05/2020,12.32,1500372,12.29,12.34,12.26
06/04/2020,12.08,1091384,11.99,12.14,11.99
06/03/2020,11.98,862767,11.95,12.04,11.87
06/02/2020,11.98,706360,11.93,11.98,11.89
06/01/2020,11.85,970869,11.73,11.85,11.715
05/29/2020,11.78,1109348,11.55,11.84,11.51
05/28/2020,11.58,678286,11.53,11.69,11.5018
05/27/2020,11.52,467127,11.58,11.59,11.44
05/26/2020,11.67,842287,11.67,11.73,11.565
05/22/2020,11.55,768930,11.51,11.585,11.42
05/21/2020,11.64,569951,11.72,11.74,11.57
05/20/2020,11.69,863505,11.66,11.71,11.61
05/19/2020,11.49,411211,11.54,11.57,11.45
05/18/2020,11.52,1097786,11.45,11.57,11.43
05/15/2020,11.20,830162,11.21,11.225,11.10
05/14/2020,11.09,490591,10.91,11.12,10.91
05/13/2020,10.90,571723,10.99,11.03,10.87
05/12/2020,11.01,1232039,11.10,11.11,11.00
05/11/2020,11.10,1083119,11.22,11.24,11.04
05/08/2020,11.25,1019327,11.12,11.25,11.07
05/07/2020,11.02,530540,11.16,11.21,10.9979
05/06/2020,10.95,880900,11.11,11.11,10.86
05/05/2020,11.17,931885,11.04,11.19,11.03
05/04/2020,10.89,840894,10.74,10.89,10.66
05/01/2020,10.76,1999806,10.81,10.83,10.70
04/30/2020,10.90,1439640,10.81,10.96,10.66
04/29/2020,10.70,802887,10.72,10.76,10.65
04/28/2020,10.51,956779,10.55,10.5908,10.50
04/27/2020,10.50,971242,10.55,10.57,10.4558
04/24/2020,10.70,941325,10.83,10.83,10.625
04/23/2020,10.84,1131951,11.00,11.09,10.75
04/22/2020,10.87,1321559,10.89,10.99,10.76
04/21/2020,10.72,3327766,10.90,10.90,10.48
04/20/2020,11.25,2004244,11.23,11.39,11.22
04/17/2020,11.44,1055381,11.39,11.47,11.37
04/16/2020,11.39,1522359,11.45,11.489,11.29
04/15/2020,11.42,1272222,11.47,11.50,11.35
04/14/2020,11.66,1098045,11.75,11.75,11.60
04/13/2020,11.76,1351832,11.65,11.77,11.60
04/09/2020,11.56,1923569,11.55,11.84,11.47
04/08/2020,11.53,1357052,11.55,11.62,11.4031
04/07/2020,11.56,1923510,11.63,11.64,11.44
04/06/2020,11.48,1157228,11.43,11.54,11.35
04/03/2020,11.42,961922,11.38,11.45,11.22
04/02/2020,11.14,1624160,11.05,11.50,10.95
04/01/2020,10.93,1466381,11.11,11.115,10.91
03/31/2020,11.25,1218482,11.49,11.49,11.22
03/30/2020,11.39,1668076,11.33,11.40,11.18
03/27/2020,11.42,1420293,11.28,11.485,11.28
03/26/2020,11.46,1839217,11.47,11.585,11.3263
03/25/2020,11.50,1486904,11.35,11.6099,11.30
03/24/2020,11.31,1040429,11.30,11.40,11.22
03/23/2020,11.07,2089638,10.82,11.11,10.82
03/20/2020,10.94,1956738,11.32,11.32,10.86
03/19/2020,11.06,2311072,10.78,11.20,10.72
03/18/2020,10.83,3814178,10.93,11.02,10.41
03/17/2020,11.20,5784180,11.37,11.47,11.182
03/16/2020,11.38,3153167,11.36,11.57,11.20
03/13/2020,12.11,4491603,12.27,12.30,11.94
03/12/2020,11.98,4191749,12.01,12.26,11.51
03/11/2020,12.48,2488249,12.65,12.685,12.465
03/10/2020,12.71,4293295,12.67,12.7622,12.54
03/09/2020,12.32,2698897,12.32,12.56,12.26
03/06/2020,13.36,3233564,13.58,13.61,13.29
03/05/2020,13.81,1889389,13.94,13.97,13.76
03/04/2020,13.96,1332679,14.05,14.0799,13.8901
03/03/2020,13.95,1575783,13.96,14.12,13.85
03/02/2020,13.92,3027686,13.73,13.93,13.665
02/28/2020,13.61,1348581,13.62,13.665,13.455
02/27/2020,13.85,1869490,13.82,13.945,13.74
02/26/2020,14.09,1027061,14.19,14.30,14.06
02/25/2020,14.23,1375886,14.47,14.48,14.23
02/24/2020,14.50,769676,14.48,14.53,14.40
02/21/2020,14.78,667794,14.76,14.79,14.71
02/20/2020,14.84,961262,14.91,14.96,14.82
02/19/2020,14.90,555592,14.82,14.91,14.765
02/18/2020,14.76,946566,14.65,14.78,14.65
02/14/2020,14.65,1613601,14.68,14.71,14.601
02/13/2020,14.66,759099,14.67,14.72,14.62
02/12/2020,14.65,1150324,14.65,14.6669,14.59
02/11/2020,14.45,1181901,14.50,14.51,14.425
02/10/2020,14.40,592932,14.42,14.47,14.38
02/07/2020,14.53,943003,14.52,14.58,14.495
02/06/2020,14.61,2496528,14.53,14.61,14.48
02/05/2020,14.55,2575069,14.54,14.63,14.50
02/04/2020,14.33,1563067,14.46,14.47,14.315
02/03/2020,14.31,3465620,14.46,14.53,14.30
01/31/2020,14.58,1786445,14.57,14.67,14.50
01/30/2020,14.70,1848969,14.67,14.72,14.56
01/29/2020,14.83,816670,14.91,14.91,14.8018
01/28/2020,14.90,1163348,14.84,14.97,14.81
01/27/2020,14.83,2608412,14.84,14.91,14.77
01/24/2020,15.11,1368813,15.19,15.19,15.055
01/23/2020,15.34,1331580,15.31,15.36,15.23
01/22/2020,15.47,672568,15.60,15.60,15.44
01/21/2020,15.68,991486,15.69,15.73,15.665
01/17/2020,15.77,855363,15.73,15.77,15.68
01/16/2020,15.72,1652337,15.75,15.77,15.68
01/15/2020,15.74,669767,15.78,15.78,15.66
01/14/2020,15.82,1201170,15.82,15.84,15.78
01/13/2020,15.75,1264450,15.81,15.81,15.705
01/10/2020,15.87,1877826,15.86,15.895,15.81
01/09/2020,15.87,1077867,15.85,15.89,15.77
01/08/2020,15.94,2340198,16.17,16.175,15.79
01/07/2020,16.18,1924981,16.16,16.22,16.12
01/06/2020,16.19,3232091,16.28,16.30,16.17
01/03/2020,16.16,3210104,16.23,16.25,16.12
01/02/2020,15.97,3026973,15.97,16.01,15.92
12/31/2019,15.95,806115,15.95,16.0453,15.91
12/30/2019,16.05,976284,16.16,16.18,15.98
12/27/2019,16.08,1250014,16.06,16.09,16.02
12/26/2019,16.05,679206,15.97,16.05,15.97
12/24/2019,15.93,466153,15.86,15.95,15.86
12/23/2019,15.86,837521,15.82,15.87,15.785
12/20/2019,16.11,1043075,16.10,16.15,16.053
12/19/2019,16.13,961303,16.08,16.15,16.07
12/18/2019,16.06,1239449,16.09,16.10,16.00
12/17/2019,16.05,834901,16.00,16.07,16.00
12/16/2019,15.98,1753308,15.97,16.015,15.96
12/13/2019,15.87,1167629,15.80,15.98,15.78
12/12/2019,15.79,1424226,15.66,15.81,15.66
12/11/2019,15.65,861656,15.70,15.71,15.555
12/10/2019,15.72,565345,15.66,15.745,15.645
12/09/2019,15.65,747359,15.64,15.685,15.62
12/06/2019,15.67,1487900,15.54,15.72,15.54
12/05/2019,15.57,1011815,15.58,15.62,15.52
12/04/2019,15.54,991195,15.48,15.56,15.46
12/03/2019,15.30,1801084,15.27,15.36,15.23
12/02/2019,15.29,1310076,15.39,15.405,15.27
11/29/2019,15.31,546176,15.48,15.48,15.30
11/27/2019,15.62,583619,15.68,15.69,15.57
11/26/2019,15.70,481609,15.64,15.71,15.61
11/25/2019,15.61,474238,15.55,15.63,15.53
11/22/2019,15.61,846770,15.65,15.6864,15.55
11/21/2019,15.62,598072,15.53,15.65,15.53
11/20/2019,15.48,1007385,15.36,15.52,15.33
11/19/2019,15.28,548992,15.35,15.3701,15.26
11/18/2019,15.42,688718,15.49,15.51,15.39
11/15/2019,15.58,2619506,15.48,15.64,15.48
11/14/2019,15.50,869147,15.59,15.61,15.4739
11/13/2019,15.55,5073751,15.46,15.565,15.44
11/12/2019,15.52,450347,15.54,15.57,15.47
11/11/2019,15.51,612648,15.46,15.59,15.46
11/08/2019,15.61,954478,15.43,15.61,15.3636
11/07/2019,15.57,809374,15.64,15.6599,15.55
11/06/2019,15.58,669344,15.71,15.77,15.5536
11/05/2019,15.75,455814,15.76,15.79,15.715
11/04/2019,15.71,687591,15.74,15.78,15.69
11/01/2019,15.61,1221494,15.42,15.65,15.42
10/31/2019,15.33,761881,15.38,15.38,15.26
10/30/2019,15.42,971215,15.52,15.53,15.37
10/29/2019,15.52,549913,15.44,15.59,15.44
10/28/2019,15.55,540119,15.63,15.64,15.51
10/25/2019,15.61,525285,15.54,15.61,15.47
10/24/2019,15.52,626799,15.49,15.56,15.48
10/23/2019,15.44,843652,15.23,15.46,15.23
10/22/2019,15.25,2162358,15.30,15.36,15.22
10/21/2019,15.23,726291,15.18,15.24,15.16
10/18/2019,15.25,1001222,15.30,15.33,15.22
10/17/2019,15.26,1415659,15.19,15.29,15.16
10/16/2019,15.20,599184,15.14,15.255,15.14
10/15/2019,15.18,1054799,15.20,15.25,15.135
10/14/2019,15.22,506414,15.19,15.23,15.12
10/11/2019,15.29,1416897,15.17,15.32,15.17
10/10/2019,15.11,655897,15.11,15.12,15.0499
10/09/2019,15.01,913416,15.11,15.135,15.00
10/08/2019,14.97,2715446,14.91,15.03,14.89
10/07/2019,14.98,946075,15.01,15.08,14.96
10/04/2019,15.00,2194210,14.98,15.02,14.91
10/03/2019,14.88,794603,14.80,14.93,14.73
10/02/2019,14.90,973674,15.03,15.03,14.84
10/01/2019,15.03,967356,15.06,15.09,14.97
09/30/2019,15.04,861452,15.10,15.17,15.00
09/27/2019,15.19,631322,15.11,15.2542,15.11
09/26/2019,15.25,534880,15.22,15.29,15.14
09/25/2019,15.25,669253,15.18,15.28,15.1672
09/24/2019,15.34,738977,15.47,15.47,15.32
09/23/2019,15.52,510988,15.48,15.5423,15.45
09/20/2019,15.48,532035,15.48,15.52,15.41
09/19/2019,15.46,520702,15.51,15.5285,15.44
09/18/2019,15.38,1534168,15.43,15.49,15.3486
09/17/2019,15.48,2666991,15.78,15.79,15.42
09/16/2019,15.78,1777089,15.68,15.95,15.66
09/13/2019,15.11,727603,15.14,15.165,15.08
09/12/2019,15.11,920039,14.96,15.13,14.96
09/11/2019,15.17,1947751,15.31,15.36,15.09
09/10/2019,15.28,1201406,15.29,15.40,15.26
09/09/2019,15.26,761474,15.20,15.29,15.18
09/06/2019,15.12,849439,14.98,15.18,14.95
09/05/2019,15.08,812976,15.16,15.23,15.07
09/04/2019,15.10,406970,14.95,15.1394,14.9434
09/03/2019,14.75,1240218,14.67,14.78,14.64
08/30/2019,14.83,1565282,15.02,15.03,14.81
08/29/2019,15.07,649420,15.03,15.09,14.99
08/28/2019,15.03,798108,15.02,15.07,14.985
08/27/2019,14.90,661396,14.83,14.92,14.80
08/26/2019,14.80,640695,14.95,14.97,14.78
08/23/2019,14.81,1450946,14.78,14.92,14.745
08/22/2019,14.92,721878,14.99,15.0299,14.90
08/21/2019,14.99,645714,15.08,15.1055,14.97
08/20/2019,14.94,435461,14.91,14.97,14.84
08/19/2019,14.90,767091,14.90,14.93,14.85
08/16/2019,14.83,1365784,14.84,14.91,14.83
08/15/2019,14.84,827832,14.87,14.92,14.805
08/14/2019,14.96,1046479,15.00,15.03,14.86
08/13/2019,15.19,838427,14.87,15.2339,14.84
08/12/2019,14.84,928309,14.95,14.975,14.84
08/09/2019,14.95,787156,14.95,15.01,14.93
08/08/2019,14.82,773541,14.74,14.86,14.7031
08/07/2019,14.74,2411590,14.78,14.78,14.585
08/06/2019,14.93,622257,15.05,15.0623,14.89
08/05/2019,15.01,1871421,14.98,15.10,14.9703
08/02/2019,15.14,1219635,15.25,15.27,15.14
08/01/2019,15.12,1597076,15.45,15.45,15.01
07/31/2019,15.55,882496,15.68,15.705,15.54
07/30/2019,15.65,705061,15.58,15.67,15.55
07/29/2019,15.56,1125968,15.56,15.57,15.48
07/26/2019,15.50,472703,15.49,15.53,15.46
07/25/2019,15.48,442557,15.58,15.615,15.48
07/24/2019,15.54,1001805,15.64,15.73,15.48
07/23/2019,15.61,807139,15.48,15.61,15.43
07/22/2019,15.51,3117675,15.50,15.55,15.46
07/19/2019,15.56,628776,15.48,15.57,15.4232
07/18/2019,15.47,832794,15.56,15.5639,15.315
07/17/2019,15.58,2313628,15.77,15.79,15.58
07/16/2019,15.72,645397,15.86,15.945,15.60
07/15/2019,15.89,1103104,16.07,16.07,15.875
07/12/2019,16.06,471242,16.02,16.09,16.02
07/11/2019,16.02,561732,16.01,16.065,15.9735
07/10/2019,16.01,535630,15.88,16.038,15.86
07/09/2019,15.67,444729,15.60,15.67,15.5641
07/08/2019,15.62,495337,15.68,15.745,15.60
07/05/2019,15.64,570123,15.61,15.667,15.59
07/03/2019,15.61,439621,15.56,15.625,15.53
07/02/2019,15.46,1168604,15.68,15.69,15.43
07/01/2019,15.72,891797,15.89,15.91,15.64
06/28/2019,15.73,1702088,15.96,15.975,15.69
06/27/2019,15.90,335025,15.92,15.94,15.88
06/26/2019,15.90,958195,15.90,16.00,15.8836
06/25/2019,15.82,803553,15.84,15.89,15.80
06/24/2019,15.77,656798,15.72,15.785,15.67
06/21/2019,15.70,1107105,15.69,15.73,15.65
06/20/2019,15.66,1277946,15.57,15.67,15.55
06/19/2019,15.35,908167,15.29,15.40,15.255
06/18/2019,15.38,906110,15.24,15.45,15.24
06/17/2019,15.20,997161,15.26,15.29,15.18
06/14/2019,15.27,977063,15.28,15.325,15.242
06/13/2019,15.21,1740668,15.30,15.31,15.14
06/12/2019,15.02,1619940,15.13,15.19,15.01
06/11/2019,15.23,880508,15.18,15.27,15.131
06/10/2019,15.13,884869,15.14,15.25,15.10
06/07/2019,15.17,1710484,15.05,15.21,15.03
06/06/2019,15.12,1324829,14.89,15.1266,14.86
06/05/2019,14.86,1028595,15.09,15.09,14.80
06/04/2019,15.17,1112296,15.10,15.195,15.08
06/03/2019,15.08,1657863,15.26,15.2799,15.07
05/31/2019,15.13,2773629,15.35,15.43,15.12
05/30/2019,15.54,846456,15.72,15.74,15.52
05/29/2019,15.70,885299,15.75,15.75,15.62
05/28/2019,15.76,640965,15.80,15.82,15.71
05/24/2019,15.63,1414560,15.49,15.63,15.425
05/23/2019,15.42,1013427,15.57,15.60,15.36
05/22/2019,15.75,799004,15.89,15.95,15.75
05/21/2019,15.98,362176,15.99,16.045,15.95
05/20/2019,15.97,532133,15.99,16.07,15.93
05/17/2019,15.90,464915,16.01,16.025,15.90
05/16/2019,16.05,613742,16.06,16.11,16.04
05/15/2019,15.96,470996,15.86,16.00,15.86
05/14/2019,15.82,486458,15.76,15.88,15.76
05/13/2019,15.61,457796,15.81,15.84,15.5947
05/10/2019,15.69,1217143,15.66,15.73,15.65
05/09/2019,15.66,644834,15.69,15.70,15.60
05/08/2019,15.74,642954,15.71,15.80,15.6701
05/07/2019,15.72,628706,15.76,15.7934,15.665
05/06/2019,15.92,641013,15.80,15.95,15.78
05/03/2019,15.87,604648,15.90,15.965,15.87
05/02/2019,15.86,608049,15.93,15.95,15.789
05/01/2019,16.04,824157,16.07,16.10,15.95
04/30/2019,16.09,699357,16.11,16.14,16.01
04/29/2019,16.04,401158,16.06,16.09,16.01
04/26/2019,16.03,560743,16.14,16.14,15.9523
04/25/2019,16.22,548262,16.27,16.30,16.2052
04/24/2019,16.25,485706,16.31,16.31,16.25
04/23/2019,16.31,424220,16.29,16.32,16.2535
04/22/2019,16.29,613988,16.30,16.365,16.27
04/18/2019,16.21,439849,16.17,16.21,16.14
04/17/2019,16.16,883684,16.23,16.25,16.16
04/16/2019,16.22,852166,16.18,16.24,16.15
04/15/2019,16.28,597239,16.28,16.28,16.23
04/12/2019,16.31,872919,16.31,16.345,16.2833
04/11/2019,16.26,723584,16.30,16.31,16.19
04/10/2019,16.34,1062591,16.25,16.36,16.24
04/09/2019,16.20,772765,16.21,16.2366,16.16
04/08/2019,16.23,914366,16.21,16.25,16.20
04/05/2019,16.17,1256287,16.12,16.19,16.1001
04/04/2019,16.12,921551,16.08,16.1758,16.065
04/03/2019,16.11,2335077,16.11,16.1235,16.03
04/02/2019,16.09,524947,16.02,16.10,16.01
04/01/2019,16.05,1159703,16.00,16.07,15.99
03/29/2019,15.90,1000291,15.99,16.01,15.89
03/28/2019,15.89,617443,15.77,15.90,15.77
03/27/2019,15.94,1284586,16.00,16.02,15.8607
03/26/2019,16.03,738130,16.06,16.08,15.9942
03/25/2019,16.00,1141445,15.90,16.04,15.88
03/22/2019,15.94,884733,15.98,15.99,15.85
03/21/2019,16.08,1087365,16.11,16.135,16.04
03/20/2019,16.16,959124,16.05,16.18,16.03
03/19/2019,16.04,1094438,16.09,16.11,15.9851
03/18/2019,16.00,696362,15.98,16.03,15.96
03/15/2019,15.92,893953,15.83,15.9765,15.83
03/14/2019,15.92,665331,16.00,16.03,15.92
03/13/2019,15.99,1040853,15.93,16.02,15.92
03/12/2019,15.89,648047,15.85,15.9066,15.82
03/11/2019,15.79,1000599,15.81,15.82,15.72
03/08/2019,15.77,837766,15.64,15.77,15.56
03/07/2019,15.78,382611,15.84,15.85,15.77
03/06/2019,15.82,717962,15.84,15.87,15.78
03/05/2019,15.91,1212163,15.89,15.91,15.82
03/04/2019,15.83,1271617,15.89,15.95,15.77
03/01/2019,15.78,950363,15.95,15.98,15.73
02/28/2019,15.96,667090,15.98,16.03,15.92
02/27/2019,16.00,1051125,15.97,16.0562,15.93
02/26/2019,15.92,2666076,15.89,15.945,15.86
02/25/2019,15.85,1154729,16.03,16.03,15.8299
02/22/2019,16.09,784998,16.14,16.15,16.07
02/21/2019,16.05,805181,16.05,16.07,16.02
02/20/2019,16.00,1029558,15.92,16.08,15.9078
02/19/2019,15.95,853773,15.89,15.965,15.87
02/15/2019,15.91,1474485,15.77,15.92,15.74
02/14/2019,15.62,1258818,15.56,15.64,15.52
02/13/2019,15.58,1191854,15.55,15.6166,15.53
02/12/2019,15.49,1062126,15.55,15.57,15.47
02/11/2019,15.40,1288711,15.37,15.43,15.31
02/08/2019,15.49,3938111,15.51,15.52,15.39
02/07/2019,15.47,1839154,15.59,15.59,15.3515
02/06/2019,15.62,1735081,15.55,15.66,15.52
02/05/2019,15.60,2187816,15.58,15.6738,15.565
02/04/2019,15.67,1188819,15.53,15.67,15.4516
02/01/2019,15.66,3166881,15.55,15.70,15.55
01/31/2019,15.52,32974700,15.68,15.73,15.47
01/30/2019,15.60,1732900,15.57,15.6665,15.55
01/29/2019,15.49,920399,15.43,15.54,15.43
01/28/2019,15.34,1823260,15.36,15.37,15.28
01/25/2019,15.55,1388884,15.47,15.58,15.44
01/24/2019,15.47,3660754,15.40,15.50,15.385
01/23/2019,15.43,866952,15.49,15.51,15.345
01/22/2019,15.45,804532,15.45,15.465,15.335
01/18/2019,15.56,776000,15.46,15.5967,15.40
01/17/2019,15.40,670169,15.30,15.44,15.24
01/16/2019,15.39,947359,15.35,15.40,15.27
01/15/2019,15.31,1091302,15.29,15.35,15.2375
01/14/2019,15.19,891297,15.27,15.35,15.18
01/11/2019,15.32,856105,15.34,15.41,15.27
01/10/2019,15.37,772489,15.34,15.42,15.29
01/09/2019,15.41,1156496,15.25,15.44,15.22
01/08/2019,15.11,1741603,15.06,15.127,15.01
01/07/2019,14.96,1581655,14.96,15.09,14.9301
01/04/2019,14.85,1332235,14.81,14.96,14.77
01/03/2019,14.65,1419732,14.64,14.68,14.45
01/02/2019,14.53,2071132,14.32,14.75,14.315
12/31/2018,14.49,2988535,14.50,14.52,14.34
12/28/2018,14.45,1603212,14.49,14.5238,14.39
12/27/2018,14.57,4315412,14.54,14.58,14.42
12/26/2018,14.71,2913638,14.37,14.73,14.36
12/24/2018,14.39,1525675,14.51,14.56,14.39
12/21/2018,14.74,7323498,14.76,14.84,14.683
12/20/2018,14.87,3307957,14.98,15.04,14.85
12/19/2018,15.01,3280778,15.02,15.185,14.95
12/18/2018,14.95,2714208,15.27,15.28,14.90
12/17/2018,15.27,1269375,15.51,15.53,15.26
12/14/2018,15.45,1109694,15.58,15.58,15.43
12/13/2018,15.69,1654492,15.46,15.72,15.43
12/12/2018,15.49,1910716,15.61,15.67,15.475
12/11/2018,15.54,1622991,15.62,15.65,15.505
12/10/2018,15.45,1736418,15.56,15.65,15.42
12/07/2018,15.70,2498595,15.80,15.94,15.6803
12/06/2018,15.52,2677816,15.45,15.55,15.30
12/04/2018,15.65,2893587,15.72,15.80,15.64
12/03/2018,15.64,4590036,15.67,15.6999,15.54
11/30/2018,15.29,2578650,15.21,15.41,15.15
11/29/2018,15.36,1863290,15.32,15.45,15.2923
11/28/2018,15.26,1709156,15.31,15.45,15.23
11/27/2018,15.31,2496963,15.32,15.395,15.145
11/26/2018,15.37,2780208,15.35,15.44,15.33
11/23/2018,15.30,1521631,15.33,15.36,15.22
11/21/2018,15.76,3988259,15.75,15.92,15.71
11/20/2018,15.63,2164615,15.94,15.98,15.57
11/19/2018,16.12,1678234,16.03,16.15,15.9438
11/16/2018,16.12,1802685,16.19,16.25,16.02
11/15/2018,16.02,1760029,16.17,16.17,15.99
11/14/2018,16.05,3499449,16.10,16.1736,16.02
11/13/2018,15.91,3285734,16.29,16.3222,15.85
11/12/2018,16.36,3247499,16.50,16.575,16.325
11/09/2018,16.40,2247769,16.39,16.50,16.3301
11/08/2018,16.58,1991337,16.67,16.70,16.53
11/07/2018,16.68,1654212,16.81,16.83,16.64
11/06/2018,16.72,1736214,16.83,16.85,16.61
11/05/2018,16.79,2585390,16.89,16.96,16.77
11/02/2018,16.80,3516210,16.84,16.92,16.761
11/01/2018,16.84,5848292,17.04,17.09,16.7956
10/31/2018,16.96,3968069,17.12,17.21,16.96
10/30/2018,17.19,1801772,17.12,17.285,17.12
10/29/2018,17.28,2465032,17.39,17.44,17.26
10/26/2018,17.46,1710097,17.24,17.49,17.22
10/25/2018,17.33,2336485,17.32,17.39,17.29
10/24/2018,17.26,1909360,17.46,17.50,17.26
10/23/2018,17.38,1995854,17.54,17.57,17.32
10/22/2018,17.77,2157693,17.69,17.7767,17.64
10/19/2018,17.75,1591427,17.76,17.845,17.71
10/18/2018,17.65,1570037,17.66,17.76,17.62
10/17/2018,17.85,1069153,17.97,17.97,17.75
10/16/2018,18.01,2118712,17.91,18.06,17.88
10/15/2018,17.93,2001253,17.91,17.965,17.82
10/12/2018,17.89,2627474,17.90,17.93,17.715
10/11/2018,17.75,1826085,17.91,17.96,17.7316
10/10/2018,18.02,1954340,18.33,18.34,18.02
10/09/2018,18.38,2173896,18.32,18.42,18.23
10/08/2018,18.25,1499742,18.16,18.28,18.15
10/05/2018,18.30,1341871,18.34,18.39,18.27
10/04/2018,18.34,2786723,18.56,18.56,18.26
10/03/2018,18.54,1976090,18.40,18.645,18.32
10/02/2018,18.37,2317381,18.38,18.43,18.35
10/01/2018,18.31,4332074,17.99,18.365,17.97
09/28/2018,17.97,2286552,17.84,18.025,17.83
09/27/2018,17.79,1006225,17.77,17.79,17.70
09/26/2018,17.71,919700,17.75,17.82,17.71
09/25/2018,17.79,2842389,17.80,17.85,17.77
09/24/2018,17.75,1442305,17.67,17.7648,17.65
09/21/2018,17.49,1500095,17.53,17.6395,17.42
09/20/2018,17.45,1231310,17.49,17.51,17.40
09/19/2018,17.45,1109034,17.34,17.47,17.33
09/18/2018,17.34,864149,17.35,17.42,17.275
09/17/2018,17.18,1285064,17.29,17.33,17.171
09/14/2018,17.20,2043098,17.24,17.34,17.15
09/13/2018,17.31,2000551,17.45,17.465,17.25
09/12/2018,17.50,1302085,17.42,17.54,17.405
09/11/2018,17.38,1286586,17.20,17.38,17.175
09/10/2018,17.21,1532217,17.24,17.285,17.155
09/07/2018,17.15,1316053,17.04,17.155,17.02
09/06/2018,17.11,1190275,17.23,17.27,16.98
09/05/2018,17.21,1674797,17.29,17.32,17.194
09/04/2018,17.28,1603666,17.40,17.43,17.25
08/31/2018,17.38,1920058,17.43,17.47,17.36
08/30/2018,17.36,839921,17.42,17.43,17.328
08/29/2018,17.39,1418542,17.29,17.4051,17.235
08/28/2018,17.20,1116793,17.31,17.325,17.18
08/27/2018,17.27,1163465,17.24,17.28,17.22
08/24/2018,17.21,986601,17.27,17.335,17.17
08/23/2018,17.08,925940,17.03,17.105,17.00
08/22/2018,17.11,1541170,17.02,17.15,16.97
08/21/2018,16.87,1022839,16.92,16.9487,16.8423
08/20/2018,16.84,1456611,16.80,16.87,16.7731
08/17/2018,16.81,1117975,16.87,16.89,16.725
08/16/2018,16.74,2859602,16.68,16.77,16.68
08/15/2018,16.61,3239337,16.79,16.80,16.56
08/14/2018,16.98,1687582,17.07,17.11,16.935
08/13/2018,16.95,2015729,16.97,17.005,16.75
08/10/2018,17.04,2035011,17.04,17.1772,17.02
08/09/2018,17.04,1749001,17.16,17.19,17.03
08/08/2018,17.11,4515439,17.30,17.32,17.04
08/07/2018,17.32,2983195,17.35,17.38,17.29
08/06/2018,17.19,2542929,17.22,17.31,17.18
08/03/2018,17.16,2587034,17.14,17.21,17.09
08/02/2018,17.10,2979463,16.95,17.17,16.93
08/01/2018,17.00,4856741,17.06,17.14,16.97
07/31/2018,17.25,2495519,17.34,17.36,17.25
07/30/2018,17.35,2406936,17.36,17.41,17.35
07/27/2018,17.25,3142408,17.33,17.37,17.22
07/26/2018,17.32,1723569,17.28,17.35,17.27
07/25/2018,17.32,2303842,17.18,17.32,17.13
07/24/2018,17.09,1504537,17.05,17.19,17.05
07/23/2018,17.00,2301014,17.00,17.07,16.94
07/20/2018,16.94,2361642,16.90,16.96,16.8636
07/19/2018,16.82,2929820,16.77,16.90,16.69
07/18/2018,16.84,3488522,16.71,16.88,16.62
07/17/2018,16.69,3025193,16.63,16.79,16.63
07/16/2018,16.67,4408826,16.82,16.86,16.64
07/13/2018,17.03,2450405,17.01,17.13,16.96
07/12/2018,17.00,3145586,17.02,17.03,16.83
07/11/2018,16.91,3798202,17.37,17.39,16.835
07/10/2018,17.52,1342288,17.62,17.64,17.49
07/09/2018,17.56,2007143,17.51,17.59,17.48
07/06/2018,17.47,1761485,17.27,17.47,17.27
07/05/2018,17.39,4223358,17.33,17.46,17.30
07/03/2018,17.29,2527452,17.43,17.48,17.23
07/02/2018,17.31,3413567,17.54,17.55,17.30
06/29/2018,17.68,3603150,17.60,17.735,17.58
06/28/2018,17.48,1651631,17.54,17.60,17.47
06/27/2018,17.49,1867632,17.50,17.63,17.48
06/26/2018,17.40,4292210,17.28,17.4465,17.18
06/25/2018,17.23,2988362,17.22,17.25,17.14
06/22/2018,17.43,3181137,17.33,17.44,17.25
06/21/2018,17.09,3421304,17.12,17.20,17.09
06/20/2018,17.22,2808277,17.32,17.32,17.13
06/19/2018,17.24,3010699,17.21,17.27,17.115
06/18/2018,17.42,3837638,17.30,17.44,17.30
06/15/2018,17.27,2750489,17.57,17.57,17.25
06/14/2018,17.70,1744482,17.85,17.87,17.70
06/13/2018,17.90,1460858,17.79,17.94,17.7799
06/12/2018,17.83,1092526,17.77,17.90,17.77
06/11/2018,17.84,2414984,17.74,17.875,17.74
06/08/2018,17.85,3147034,17.86,17.90,17.78
06/07/2018,17.86,1890552,17.79,17.89,17.78
06/06/2018,17.79,2858677,17.72,17.82,17.66
06/05/2018,17.73,3323121,17.67,17.759,17.62
06/04/2018,17.70,2920873,17.89,17.89,17.70
06/01/2018,17.91,5462299,17.94,17.97,17.86
05/31/2018,18.03,2542944,18.09,18.18,17.94
05/30/2018,18.08,2398339,17.93,18.08,17.90
05/29/2018,17.85,3213279,17.97,17.99,17.80
05/25/2018,18.02,2612253,18.14,18.14,17.985
05/24/2018,18.29,1139793,18.39,18.405,18.29
05/23/2018,18.41,1879293,18.30,18.41,18.2101
05/22/2018,18.31,2626697,18.39,18.47,18.31
05/21/2018,18.29,2535695,18.20,18.31,18.135
05/18/2018,18.15,1696527,18.15,18.22,18.14
05/17/2018,18.14,1644755,18.17,18.2558,18.11
05/16/2018,18.12,2955084,18.01,18.12,17.97
05/15/2018,18.02,2064998,17.99,18.065,17.91
05/14/2018,18.00,2200915,17.90,18.01,17.90
05/11/2018,17.87,1407937,17.95,17.95,17.87
05/10/2018,17.98,2561859,17.93,17.99,17.83
05/09/2018,17.89,5014780,17.82,17.93,17.78
05/08/2018,17.73,4060903,17.78,17.79,17.41
05/07/2018,17.68,1544784,17.76,17.80,17.65
05/04/2018,17.69,1602679,17.55,17.73,17.53
05/03/2018,17.57,2117504,17.46,17.57,17.40
05/02/2018,17.46,2170039,17.43,17.537,17.39
05/01/2018,17.46,2598716,17.47,17.51,17.38
04/30/2018,17.56,2875553,17.44,17.68,17.41
04/27/2018,17.48,1519700,17.42,17.51,17.40
04/26/2018,17.49,2550473,17.50,17.51,17.41
04/25/2018,17.40,1745927,17.35,17.43,17.29
04/24/2018,17.37,1724093,17.42,17.50,17.35
04/23/2018,17.46,2094021,17.35,17.47,17.30
04/20/2018,17.47,1981010,17.40,17.52,17.35
04/19/2018,17.50,1983843,17.61,17.62,17.45
04/18/2018,17.57,2904165,17.48,17.58,17.40
04/17/2018,17.25,1823998,17.21,17.2661,17.16
04/16/2018,17.24,2116223,17.33,17.35,17.23
04/13/2018,17.30,2084288,17.30,17.3561,17.27
04/12/2018,17.29,2669580,17.23,17.30,17.19
04/11/2018,17.36,2551644,17.27,17.455,17.23
04/10/2018,17.23,3847714,17.10,17.2401,17.07
04/09/2018,16.94,1801790,16.85,16.985,16.85
04/06/2018,16.73,1521423,16.78,16.8779,16.6901
04/05/2018,16.85,2639285,16.75,16.86,16.73
04/04/2018,16.77,2547421,16.73,16.85,16.58
04/03/2018,16.84,2854724,16.82,16.87,16.775
04/02/2018,16.75,4823080,16.94,16.95,16.745
03/29/2018,16.98,4501446,16.85,17.01,16.81
03/28/2018,16.83,1438791,16.88,16.91,16.76
03/27/2018,16.90,1288123,17.01,17.0211,16.88
03/26/2018,16.97,3299945,16.99,17.01,16.92
03/23/2018,16.96,2531898,16.90,16.99,16.8552
03/22/2018,16.81,1750437,16.83,16.866,16.78
03/21/2018,16.94,1727993,16.76,16.98,16.74
03/20/2018,16.64,1326278,16.64,16.71,16.62
03/19/2018,16.53,1684701,16.60,16.60,16.46
03/16/2018,16.64,1024049,16.56,16.67,16.50
03/15/2018,16.58,1128050,16.61,16.6199,16.525
03/14/2018,16.59,1961171,16.61,16.66,16.51
03/13/2018,16.59,1912875,16.64,16.7352,16.5485
03/12/2018,16.64,1367078,16.60,16.64,16.47
03/09/2018,16.67,3328729,16.58,16.67,16.545
03/08/2018,16.51,2651689,16.56,16.5674,16.44
03/07/2018,16.61,3357585,16.74,16.765,16.51
03/06/2018,16.79,1780568,16.77,16.81,16.725
03/05/2018,16.73,2534573,16.54,16.76,16.505
03/02/2018,16.63,5425424,16.52,16.63,16.4449
03/01/2018,16.63,5442853,16.52,16.665,16.41
02/28/2018,16.60,3710585,16.85,16.8898,16.57
02/27/2018,16.78,4760626,16.92,16.92,16.78
02/26/2018,16.95,3157269,16.90,16.96,16.83
02/23/2018,16.86,2696080,16.75,16.86,16.715
02/22/2018,16.75,2692976,16.64,16.81,16.635
02/21/2018,16.60,2374402,16.61,16.70,16.59
02/20/2018,16.62,2644672,16.61,16.69,16.5913
02/16/2018,16.57,2207019,16.51,16.60,16.48
02/15/2018,16.54,3893560,16.45,16.54,16.331
02/14/2018,16.51,4016762,16.19,16.52,16.16
02/13/2018,16.26,1387320,16.19,16.29,16.16
02/12/2018,16.23,3376811,16.21,16.30,16.1936
02/09/2018,16.13,8487793,16.31,16.33,16.01
02/08/2018,16.37,5036087,16.57,16.58,16.36
02/07/2018,16.54,2136911,16.75,16.79,16.49
02/06/2018,16.73,7696918,16.74,16.86,16.72
02/05/2018,16.83,3265472,16.95,17.01,16.82
02/02/2018,16.99,2009911,17.11,17.11,16.95
02/01/2018,17.27,4764438,17.12,17.28,17.08
01/31/2018,17.10,35764160,17.09,17.13,17.001
01/30/2018,17.08,4444564,17.16,17.16,17.05
01/29/2018,17.20,1304505,17.21,17.23,17.13
01/26/2018,17.25,3436094,17.18,17.29,17.16
01/25/2018,17.12,2613291,17.26,17.27,17.11
01/24/2018,17.22,2814149,17.05,17.22,17.04
01/23/2018,17.04,2381735,16.97,17.05,16.93
01/22/2018,16.92,3227706,16.89,16.95,16.84
01/19/2018,16.88,1306181,16.88,16.925,16.82
01/18/2018,16.91,1805479,16.91,16.92,16.831
01/17/2018,16.91,2352021,16.88,16.9307,16.85
01/16/2018,16.89,2398092,16.90,16.93,16.84
01/12/2018,16.97,7625784,16.89,16.97,16.84
01/11/2018,16.86,3052908,16.89,16.94,16.86
01/10/2018,16.87,2467705,16.87,16.89,16.8231
01/09/2018,16.81,5148072,16.70,16.86,16.67
01/08/2018,16.70,2207952,16.70,16.72,16.65
01/05/2018,16.71,1746402,16.70,16.73,16.65
01/04/2018,16.77,2532770,16.78,16.80,16.735
01/03/2018,16.79,6139782,16.74,16.81,16.70
01/02/2018,16.69,3979237,16.68,16.72,16.64
12/29/2017,16.61,1968516,16.62,16.67,16.5799
12/28/2017,16.56,1933810,16.54,16.57,16.51
12/27/2017,16.48,6071608,16.48,16.51,16.45
12/26/2017,16.44,1793757,16.25,16.50,16.25
12/22/2017,16.20,3404579,16.17,16.25,16.1401
12/21/2017,16.13,3497527,16.09,16.16,16.05
12/20/2017,16.12,1741293,16.04,16.12,16.035
12/19/2017,16.03,1575010,15.97,16.0392,15.97
12/18/2017,15.91,1587281,15.94,15.98,15.88
12/15/2017,15.84,1953225,15.90,15.91,15.81
12/14/2017,15.84,2278846,15.73,15.86,15.73
12/13/2017,15.79,2441584,15.86,15.867,15.76
12/12/2017,15.86,918562,16.02,16.07,15.82
12/11/2017,16.00,1083471,15.99,16.0401,15.95
12/08/2017,15.96,1667436,15.98,15.991,15.90
12/07/2017,15.88,2405016,15.87,15.885,15.8001
12/06/2017,15.83,1976481,16.05,16.05,15.82
12/05/2017,16.10,858672,16.08,16.14,16.05
12/04/2017,16.10,1210291,16.21,16.24,16.10
12/01/2017,16.30,6363533,16.25,16.4256,16.25
11/30/2017,16.16,1926659,16.24,16.27,16.1156
11/29/2017,16.23,1814173,16.31,16.37,16.16
11/28/2017,16.34,3163640,16.32,16.36,16.29
11/27/2017,16.41,1248881,16.44,16.44,16.33
11/24/2017,16.44,576211,16.43,16.46,16.40
11/22/2017,16.39,1651337,16.30,16.3999,16.30
11/21/2017,16.30,1094344,16.22,16.30,16.2083
11/20/2017,16.19,1627794,16.15,16.2099,16.1066
11/17/2017,16.32,6369299,16.13,16.33,16.13
11/16/2017,16.06,1457749,16.07,16.14,16.04
11/15/2017,16.11,1621093,16.13,16.1462,16.05
11/14/2017,16.13,2498847,16.31,16.31,16.08
11/13/2017,16.35,1918485,16.42,16.45,16.31
11/10/2017,16.40,1740577,16.42,16.48,16.36
11/09/2017,16.43,1459535,16.39,16.48,16.39
11/08/2017,16.40,1670673,16.41,16.54,16.34
11/07/2017,16.43,5736665,16.45,16.45,16.38
11/06/2017,16.53,7479288,16.27,16.55,16.24
11/03/2017,16.22,4649074,16.14,16.24,16.04
11/02/2017,16.12,5054681,15.99,16.13,15.9828
11/01/2017,16.02,5287096,16.11,16.165,15.96
10/31/2017,16.01,2245486,15.96,16.03,15.937
10/30/2017,15.97,1241958,15.98,16.22,15.91
10/27/2017,15.93,892904,15.76,15.95,15.74
10/26/2017,15.85,500249,15.74,15.85,15.70
10/25/2017,15.78,865276,15.76,15.82,15.71
10/24/2017,15.76,687078,15.62,15.779,15.58
10/23/2017,15.60,1102292,15.59,15.64,15.57
10/20/2017,15.60,503700,15.51,15.60,15.4894
10/19/2017,15.52,1757114,15.50,15.56,15.4734
10/18/2017,15.59,503212,15.57,15.63,15.52
10/17/2017,15.60,615235,15.60,15.64,15.48
10/16/2017,15.62,905378,15.65,15.73,15.61
10/13/2017,15.58,626962,15.57,15.60,15.50
10/12/2017,15.43,789943,15.37,15.44,15.33
10/11/2017,15.45,709338,15.45,15.46,15.37
10/10/2017,15.42,650649,15.39,15.45,15.3844
10/09/2017,15.24,632693,15.23,15.29,15.205
10/06/2017,15.23,1384393,15.27,15.29,15.1775
10/05/2017,15.47,1391023,15.41,15.53,15.395
10/04/2017,15.30,1410970,15.29,15.345,15.26
10/03/2017,15.28,1384503,15.27,15.32,15.25
10/02/2017,15.27,3580003,15.25,15.2858,15.18
09/29/2017,15.40,3072262,15.44,15.46,15.37
09/28/2017,15.48,908981,15.53,15.5599,15.398
09/27/2017,15.48,2007980,15.50,15.54,15.4489
09/26/2017,15.54,1113985,15.55,15.58,15.48
09/25/2017,15.68,1120280,15.45,15.68,15.45
09/22/2017,15.42,666533,15.40,15.4399,15.35
09/21/2017,15.36,1146015,15.34,15.39,15.31
09/20/2017,15.42,1577584,15.34,15.45,15.34
09/19/2017,15.29,537431,15.34,15.34,15.22
09/18/2017,15.32,1693979,15.32,15.34,15.25
09/15/2017,15.34,1176516,15.31,15.38,15.29
09/14/2017,15.27,943953,15.38,15.47,15.26
09/13/2017,15.26,909239,15.22,15.26,15.16
09/12/2017,15.19,1451580,15.25,15.27,15.10
09/11/2017,15.15,1104315,15.12,15.1734,15.04
09/08/2017,15.12,1040995,15.24,15.27,15.08
09/07/2017,15.29,1205405,15.27,15.31,15.215
09/06/2017,15.30,2211996,15.21,15.30,15.20
09/05/2017,15.15,1211737,15.15,15.22,15.134
09/01/2017,15.12,2722870,15.06,15.13,15.01
08/31/2017,15.10,2587718,14.79,15.10,14.79
08/30/2017,14.69,831935,14.78,14.815,14.66
08/29/2017,14.80,712279,14.76,14.83,14.76
08/28/2017,14.80,925865,14.84,14.86,14.73
08/25/2017,14.79,564978,14.83,14.8517,14.73
08/24/2017,14.82,766225,14.81,14.86,14.75
08/23/2017,14.83,1042039,14.72,14.83,14.69
08/22/2017,14.70,1118869,14.69,14.75,14.67
08/21/2017,14.66,953937,14.74,14.76,14.63
08/18/2017,14.84,1266346,14.63,14.85,14.58
08/17/2017,14.58,1782058,14.49,14.60,14.48
08/16/2017,14.54,2787693,14.64,14.69,14.54
08/15/2017,14.58,839817,14.54,14.59,14.50
08/14/2017,14.65,1346784,14.76,14.82,14.63
08/11/2017,14.78,1543240,14.71,14.83,14.69
08/10/2017,14.73,2661385,15.03,15.03,14.73
08/09/2017,14.96,1013651,14.92,14.97,14.8827
08/08/2017,14.86,1113803,14.82,14.93,14.815
08/07/2017,14.85,989405,14.80,14.90,14.76
08/04/2017,14.82,1113208,14.81,14.85,14.74
08/03/2017,14.79,2187078,14.92,14.93,14.78
08/02/2017,14.90,2126640,14.90,14.93,14.80
08/01/2017,14.87,1041373,14.95,14.95,14.7518
07/31/2017,15.04,1109857,14.93,15.05,14.90
07/28/2017,14.95,834849,14.90,14.97,14.90
07/27/2017,14.87,1062202,14.85,14.895,14.81
07/26/2017,14.78,2389154,14.65,14.79,14.63
07/25/2017,14.64,722741,14.63,14.6699,14.57
07/24/2017,14.48,606693,14.47,14.49,14.44
07/21/2017,14.45,894819,14.64,14.64,14.424
07/20/2017,14.65,1132107,14.74,14.77,14.63
07/19/2017,14.67,825469,14.60,14.70,14.60
07/18/2017,14.54,858928,14.61,14.64,14.51
07/17/2017,14.48,1141328,14.52,14.565,14.46
07/14/2017,14.53,759025,14.45,14.53,14.43
07/13/2017,14.37,630027,14.38,14.44,14.3314
07/12/2017,14.38,1252293,14.53,14.56,14.37
07/11/2017,14.45,760035,14.29,14.47,14.285
07/10/2017,14.31,979544,14.23,14.3615,14.23
07/07/2017,14.25,1950927,14.29,14.31,14.15
07/06/2017,14.39,3055890,14.42,14.53,14.37
07/05/2017,14.38,3157615,14.60,14.60,14.32
07/03/2017,14.60,3012984,14.51,14.64,14.50
06/30/2017,14.45,2047447,14.24,14.4686,14.24
06/29/2017,14.16,893642,14.18,14.265,14.15
06/28/2017,14.10,2204677,14.03,14.105,13.975
06/27/2017,14.01,1174935,13.88,14.06,13.88
06/26/2017,13.85,1566630,13.81,13.8653,13.72
06/23/2017,13.82,1874612,13.77,13.8411,13.745
06/22/2017,13.76,1305734,13.79,13.86,13.75
06/21/2017,13.74,2879365,13.93,13.98,13.69
06/20/2017,13.89,1559774,13.90,13.92,13.82
06/19/2017,14.03,957738,14.11,14.15,14.00
06/16/2017,14.12,1476493,14.13,14.14,14.08
06/15/2017,14.06,1042920,13.98,14.06,13.96
06/14/2017,14.00,1195785,14.23,14.28,14.00
06/13/2017,14.25,890102,14.20,14.27,14.145
06/12/2017,14.19,2584098,14.33,14.37,14.19
06/09/2017,14.32,1205953,14.27,14.36,14.26
06/08/2017,14.24,1348112,14.23,14.31,14.22
06/07/2017,14.24,1661839,14.40,14.44,14.2065
06/06/2017,14.44,1064098,14.32,14.45,14.30
06/05/2017,14.34,1512718,14.34,14.37,14.29
06/02/2017,14.42,1460636,14.42,14.47,14.36
06/01/2017,14.49,2487408,14.59,14.61,14.48
05/31/2017,14.59,2029202,14.61,14.635,14.515
05/30/2017,14.75,2592972,14.74,14.80,14.70
05/26/2017,14.87,1106224,14.80,14.89,14.78
05/25/2017,14.76,1306361,15.05,15.095,14.74
05/24/2017,15.09,1150897,15.08,15.14,15.03
05/23/2017,15.12,1361183,15.17,15.1826,15.09
05/22/2017,15.17,1975353,15.15,15.21,15.14
05/19/2017,15.07,736627,14.96,15.07,14.95
05/18/2017,14.78,841738,14.72,14.85,14.6801
05/17/2017,14.82,3215022,14.81,14.88,14.75
05/16/2017,14.72,755684,14.77,14.79,14.72
05/15/2017,14.70,893728,14.83,14.83,14.69
05/12/2017,14.62,788714,14.66,14.66,14.58
05/11/2017,14.62,1312198,14.63,14.6693,14.5887
05/10/2017,14.56,2232071,14.43,14.60,14.42
05/09/2017,14.33,1472964,14.43,14.4399,14.3065
05/08/2017,14.40,1583092,14.39,14.455,14.32
05/05/2017,14.46,2436220,14.32,14.49,14.31
05/04/2017,14.26,3352873,14.46,14.4727,14.24
05/03/2017,14.61,2146443,14.70,14.70,14.57
05/02/2017,14.67,3145885,14.82,14.8399,14.63
05/01/2017,14.83,3598660,14.81,14.89,14.8025
04/28/2017,14.80,2065889,14.87,14.905,14.78
04/27/2017,14.84,919028,14.80,14.84,14.71
04/26/2017,14.92,5213616,14.94,15.046,14.90
04/25/2017,15.00,1586409,14.89,15.01,14.855
04/24/2017,14.93,1767648,14.97,14.97,14.89
04/21/2017,14.98,1585084,15.15,15.15,14.95
04/20/2017,15.13,1847358,15.22,15.235,15.11
04/19/2017,15.19,2094492,15.47,15.48,15.13
04/18/2017,15.46,1462969,15.44,15.4899,15.35
04/17/2017,15.52,1866010,15.61,15.63,15.52
04/13/2017,15.61,2122972,15.63,15.65,15.56
04/12/2017,15.56,1429337,15.56,15.64,15.52
04/11/2017,15.56,1391664,15.52,15.59,15.4401
04/10/2017,15.53,945755,15.48,15.53,15.45
04/07/2017,15.41,6227130,15.42,15.47,15.39
04/06/2017,15.37,2856183,15.40,15.44,15.37
04/05/2017,15.33,4604593,15.47,15.47,15.31
04/04/2017,15.30,4604387,15.23,15.32,15.15
04/03/2017,15.15,4604322,15.25,15.27,15.14
03/31/2017,15.21,3000072,15.15,15.25,15.14
03/30/2017,15.18,1325058,15.16,15.22,15.1202
03/29/2017,15.12,2552967,15.04,15.14,15.02
03/28/2017,14.98,1713273,14.96,15.06,14.95
03/27/2017,14.89,2123961,14.81,14.90,14.77
03/24/2017,14.91,1372420,14.90,14.92,14.86
03/23/2017,14.86,1511520,14.87,14.89,14.82
03/22/2017,14.89,1921486,14.86,14.935,14.77
03/21/2017,14.90,1882036,15.02,15.06,14.89
03/20/2017,14.9817,2166405,14.96,15.04,14.94
03/17/2017,14.99,1161788,15.00,15.02,14.94
03/16/2017,14.94,2088325,15.02,15.02,14.93
03/15/2017,14.96,3442153,14.92,14.99,14.87
03/14/2017,14.83,2946350,14.78,14.85,14.70
03/13/2017,14.89,2701206,14.92,14.965,14.86
03/10/2017,14.91,4163741,15.05,15.08,14.87
03/09/2017,15.05,4657754,15.13,15.1499,14.93
03/08/2017,15.18,4012228,15.48,15.545,15.15
03/07/2017,15.53,1468045,15.64,15.64,15.52
03/06/2017,15.60,1297766,15.69,15.6966,15.60
03/03/2017,15.62,1805581,15.56,15.63,15.53
03/02/2017,15.54,1381236,15.62,15.65,15.53
03/01/2017,15.79,2324044,15.81,15.85,15.75
02/28/2017,15.72,2321025,15.63,15.73,15.60
02/27/2017,15.66,1914255,15.72,15.74,15.65
02/24/2017,15.70,1371642,15.74,15.74,15.655
02/23/2017,15.73,2209653,15.83,15.84,15.69
02/22/2017,15.68,2480686,15.69,15.70,15.65
02/21/2017,15.76,1838678,15.85,15.88,15.73
02/17/2017,15.78,2265544,15.71,15.785,15.69
02/16/2017,15.81,1300268,15.91,15.94,15.79
02/15/2017,15.91,1350379,15.87,15.9599,15.84
02/14/2017,15.89,1679740,15.97,15.99,15.84
02/13/2017,15.87,1122521,15.90,15.91,15.84
02/10/2017,16.05,2768214,16.01,16.07,15.98
02/09/2017,15.88,1669516,15.91,15.91,15.82
02/08/2017,15.80,2314585,15.75,15.8354,15.685
02/07/2017,15.74,2026529,15.69,15.75,15.67
02/06/2017,15.81,2332827,15.91,15.935,15.78
02/03/2017,15.91,2433534,15.85,15.95,15.82
02/02/2017,15.92,3617149,15.97,15.98,15.87
02/01/2017,15.92,4731053,15.80,15.95,15.76
01/31/2017,15.75,14620190,15.78,15.84,15.70
01/30/2017,15.66,4275017,15.68,15.69,15.62
01/27/2017,15.75,1835637,15.90,15.90,15.69
01/26/2017,15.88,2201365,15.89,15.96,15.87
01/25/2017,15.81,1724204,15.80,15.88,15.765
01/24/2017,15.91,2219182,15.95,15.98,15.89
01/23/2017,15.87,1390745,15.77,15.91,15.76
01/20/2017,15.87,1780932,15.89,15.9377,15.71
01/19/2017,15.69,2495871,15.77,15.7999,15.69
01/18/2017,15.74,1570600,15.80,15.88,15.67
01/17/2017,15.88,2168075,16.06,16.08,15.88
01/13/2017,15.89,1240969,15.85,15.91,15.8201
01/12/2017,15.92,1752715,15.83,15.989,15.83
01/11/2017,15.69,2711922,15.63,15.77,15.49
01/10/2017,15.52,1915147,15.66,15.70,15.51
01/09/2017,15.59,3365965,15.71,15.71,15.56
01/06/2017,15.83,2781767,15.85,15.89,15.75
01/05/2017,15.85,28475940,15.84,15.92,15.70
01/04/2017,15.77,3281478,15.66,15.80,15.61
01/03/2017,15.65,5935170,15.97,15.98,15.585
12/30/2016,15.84,1623382,15.82,15.85,15.79
12/29/2016,15.81,1197787,15.81,15.89,15.7831
12/28/2016,15.79,1603200,15.78,15.85,15.77
12/27/2016,15.78,1303612,15.66,15.82,15.66
12/23/2016,15.54,1265417,15.50,15.58,15.50
12/22/2016,15.51,3033765,15.52,15.6099,15.51
12/21/2016,15.53,4886523,15.63,15.64,15.50
12/20/2016,15.62,2103516,15.62,15.63,15.54
12/19/2016,15.55,1565667,15.62,15.73,15.515
12/16/2016,15.64,1148903,15.61,15.6565,15.5523
12/15/2016,15.57,1580547,15.46,15.62,15.43
12/14/2016,15.59,3129194,15.70,15.81,15.57
12/13/2016,15.74,1381310,15.80,15.81,15.663
12/12/2016,15.70,2873355,15.82,15.88,15.675
12/09/2016,15.60,2500597,15.60,15.61,15.53
12/08/2016,15.52,1692990,15.50,15.55,15.40
12/07/2016,15.49,1842289,15.60,15.6399,15.49
12/06/2016,15.61,1398107,15.63,15.70,15.5936
12/05/2016,15.68,3254713,15.73,15.78,15.67
12/02/2016,15.60,2360493,15.52,15.63,15.52
12/01/2016,15.49,3661810,15.46,15.60,15.42
11/30/2016,15.21,5383671,15.03,15.35,15.03
11/29/2016,14.76,6781684,14.84,14.8562,14.71
11/28/2016,15.06,2835597,15.09,15.21,15.06
11/25/2016,15.01,2590914,15.07,15.08,14.935
11/23/2016,15.12,1863559,15.00,15.15,14.98
11/22/2016,15.06,2566423,15.10,15.16,14.97
11/21/2016,15.08,10376260,14.89,15.08,14.89
11/18/2016,14.67,1603766,14.63,14.67,14.52
11/17/2016,14.55,1104125,14.66,14.70,14.53
11/16/2016,14.52,2186012,14.63,14.67,14.51
11/15/2016,14.70,4373257,14.49,14.715,14.49
11/14/2016,14.38,3068360,14.40,14.42,14.27
11/11/2016,14.41,1701755,14.58,14.63,14.40
11/10/2016,14.69,1535089,14.74,14.78,14.68
11/09/2016,14.81,3111208,14.79,14.88,14.68
11/08/2016,14.74,1254181,14.65,14.82,14.65
11/07/2016,14.76,8293239,14.75,14.77,14.64
11/04/2016,14.70,1725065,14.67,14.7742,14.62
11/03/2016,14.80,1884970,14.85,14.895,14.755
11/02/2016,14.85,3264598,14.91,14.94,14.30
11/01/2016,15.03,4391042,15.17,15.18,14.961
10/31/2016,14.96,3300305,15.10,15.1239,14.94
10/28/2016,15.16,1447797,15.20,15.28,15.125
10/27/2016,15.26,1052448,15.25,15.30,15.1835
10/26/2016,15.17,1892225,15.16,15.27,15.1337
10/25/2016,15.27,1372440,15.33,15.37,15.26
10/24/2016,15.34,1957219,15.33,15.35,15.19
10/21/2016,15.33,1034084,15.25,15.33,15.21
10/20/2016,15.27,1212886,15.26,15.312,15.193
10/19/2016,15.41,2279542,15.33,15.45,15.33
10/18/2016,15.31,786539,15.35,15.36,15.25
10/17/2016,15.28,2010522,15.25,15.28,15.155
10/14/2016,15.26,1170069,15.25,15.2838,15.21
10/13/2016,15.25,1197727,15.13,15.28,15.07
10/12/2016,15.15,3655832,15.18,15.22,15.135
10/11/2016,15.26,2989772,15.32,15.335,15.20
10/10/2016,15.35,1547945,15.30,15.41,15.27
10/07/2016,15.18,1358428,15.26,15.29,15.12
10/06/2016,15.22,1460074,15.20,15.23,15.14
10/05/2016,15.19,4075497,15.22,15.24,15.12
10/04/2016,15.10,1430624,15.17,15.18,15.08
10/03/2016,15.14,4734534,15.03,15.165,14.9401
09/30/2016,15.01,1924025,15.01,15.04,14.95
09/29/2016,14.96,1276937,14.90,15.04,14.87
09/28/2016,14.87,2413802,14.60,14.94,14.52
09/27/2016,14.53,1133976,14.52,14.60,14.47
09/26/2016,14.67,1043909,14.65,14.79,14.63
09/23/2016,14.57,1551808,14.74,14.789,14.52
09/22/2016,14.74,950566,14.80,14.8263,14.7143
09/21/2016,14.66,1457681,14.60,14.67,14.55
09/20/2016,14.48,1666737,14.37,14.55,14.36
09/19/2016,14.43,2235422,14.48,14.575,14.43
09/16/2016,14.44,977827,14.33,14.46,14.33
09/15/2016,14.42,1056152,14.39,14.49,14.33
09/14/2016,14.35,1505157,14.39,14.51,14.335
09/13/2016,14.46,1215538,14.57,14.63,14.44
09/12/2016,14.65,2022187,14.52,14.72,14.49
09/09/2016,14.65,2072814,14.76,14.78,14.625
09/08/2016,14.88,2248198,14.71,14.925,14.64
09/07/2016,14.62,1148473,14.59,14.63,14.50
09/06/2016,14.49,1680225,14.37,14.51,14.325
09/02/2016,14.39,3184424,14.38,14.44,14.35
09/01/2016,14.23,2226954,14.30,14.33,14.18
08/31/2016,14.39,13259510,14.55,14.60,14.35
08/30/2016,14.67,1382281,14.79,14.82,14.6373
08/29/2016,14.81,841680,14.82,14.84,14.78
08/26/2016,14.87,808527,14.91,15.0899,14.82
08/25/2016,14.92,694634,14.88,14.925,14.84
08/24/2016,14.86,1471723,14.97,15.01,14.815
08/23/2016,15.04,934033,14.89,15.09,14.865
08/22/2016,14.98,931685,14.99,15.04,14.944
08/19/2016,15.12,1215368,15.11,15.15,15.04
08/18/2016,15.17,1961535,15.05,15.20,15.0399
08/17/2016,14.98,2806720,14.91,15.00,14.815
08/16/2016,14.92,3543353,14.82,14.94,14.765
08/15/2016,14.80,1281782,14.65,14.81,14.64
08/12/2016,14.56,1653703,14.49,14.59,14.46
08/11/2016,14.45,1959253,14.32,14.54,14.29
08/10/2016,14.23,2213194,14.48,14.55,14.23
08/09/2016,14.40,1660337,14.49,14.545,14.385
08/08/2016,14.44,2999929,14.45,14.52,14.43
08/05/2016,14.36,2201449,14.30,14.36,14.23
08/04/2016,14.30,1414638,14.14,14.355,14.09
08/03/2016,14.24,2559565,14.04,14.24,13.98
08/02/2016,14.01,3700342,14.18,14.23,13.96
08/01/2016,14.03,4540620,14.16,14.19,14.0036
07/29/2016,14.28,3017350,14.14,14.31,14.10
07/28/2016,14.16,1234980,14.22,14.25,14.1301
07/27/2016,14.20,2628932,14.36,14.419,14.15
07/26/2016,14.34,1451602,14.37,14.41,14.32
07/25/2016,14.40,1248359,14.46,14.47,14.38
07/22/2016,14.56,1728287,14.55,14.58,14.45
07/21/2016,14.59,1309034,14.72,14.73,14.59
07/20/2016,14.67,1813094,14.61,14.7684,14.58
07/19/2016,14.77,854286,14.84,14.855,14.7501
07/18/2016,14.86,1465052,14.80,14.89,14.75
07/15/2016,14.93,1406539,14.97,15.03,14.91
07/14/2016,14.97,1644964,15.03,15.06,14.9441
07/13/2016,14.91,2742579,15.13,15.20,14.85
07/12/2016,15.10,1414892,15.04,15.14,14.9401
07/11/2016,14.82,1756835,14.99,15.00,14.82
07/08/2016,14.88,1516755,14.82,14.90,14.765
07/07/2016,14.73,3347877,15.25,15.27,14.69
07/06/2016,15.16,2535348,14.94,15.1701,14.90
07/05/2016,15.10,4526763,15.55,15.55,15.00
07/01/2016,15.54,3913561,15.36,15.55,15.33
06/30/2016,15.35,2216115,15.36,15.44,15.26
06/29/2016,15.44,1671011,15.32,15.52,15.28
06/28/2016,15.22,1645774,15.19,15.2201,15.07
06/27/2016,14.98,2276948,15.00,15.00,14.85
06/24/2016,15.01,1582991,14.93,15.06,14.93
06/23/2016,15.32,1561522,15.25,15.33,15.17
06/22/2016,15.20,2251125,15.36,15.40,15.144
06/21/2016,15.29,1550514,15.28,15.33,15.195
06/20/2016,15.41,1654100,15.32,15.46,15.29
06/17/2016,15.27,2476254,15.14,15.29,15.1101
06/16/2016,14.92,1836490,15.15,15.15,14.89
06/15/2016,15.18,1829775,15.24,15.32,15.14
06/14/2016,15.26,1276513,15.25,15.31,15.18
06/13/2016,15.36,1594553,15.35,15.46,15.32
06/10/2016,15.36,2965654,15.43,15.4768,15.34
06/09/2016,15.55,3062151,15.44,15.57,15.42
06/08/2016,15.58,2748203,15.50,15.59,15.471
06/07/2016,15.32,1394171,15.19,15.32,15.18
06/06/2016,15.17,2936937,15.14,15.20,15.0899
06/03/2016,14.99,2211324,15.01,15.02,14.91
06/02/2016,14.89,6854413,14.79,14.99,14.76
06/01/2016,14.86,3179177,14.60,14.86,14.58
05/31/2016,14.71,10014960,14.81,14.89,14.70
05/27/2016,14.80,1472520,14.71,14.8299,14.67
05/26/2016,14.74,1422519,14.83,14.85,14.67
05/25/2016,14.75,1638538,14.62,14.76,14.60
05/24/2016,14.58,964187,14.53,14.69,14.53
05/23/2016,14.58,1290225,14.49,14.61,14.48
05/20/2016,14.66,3424840,14.68,14.74,14.57
05/19/2016,14.60,5004334,14.49,14.6199,14.3999
05/18/2016,14.64,1987253,14.65,14.82,14.62
05/17/2016,14.75,1425240,14.63,14.77,14.6167
05/16/2016,14.64,3273513,14.62,14.69,14.58
05/13/2016,14.48,1550842,14.41,14.51,14.38
05/12/2016,14.50,1270674,14.53,14.53,14.32
05/11/2016,14.48,1851090,14.21,14.50,14.16
05/10/2016,14.15,1420899,13.92,14.18,13.92
05/09/2016,13.81,2163340,13.96,13.99,13.80
05/06/2016,14.12,6854168,14.00,14.24,13.97
05/05/2016,14.03,1184157,14.34,14.34,13.96
05/04/2016,14.17,2021196,14.24,14.32,14.06
05/03/2016,14.16,2723550,14.29,14.2958,14.09
05/02/2016,14.38,6749044,14.52,14.52,14.35
04/29/2016,14.58,8719280,14.60,14.63,14.475
04/28/2016,14.44,1944179,14.37,14.51,14.345
04/27/2016,14.36,1682622,14.32,14.39,14.13
04/26/2016,14.23,1528322,14.11,14.25,14.07
04/25/2016,14.05,1574188,14.08,14.15,14.01
04/22/2016,14.06,2134911,14.15,14.27,14.025
04/21/2016,14.12,2701963,14.26,14.26,14.04
04/20/2016,14.18,2408153,13.85,14.24,13.823
04/19/2016,13.91,2226268,13.76,13.94,13.74
04/18/2016,13.62,1204652,13.41,13.675,13.375
04/15/2016,13.56,879415,13.49,13.6099,13.41
04/14/2016,13.61,1084591,13.71,13.7243,13.59
04/13/2016,13.72,1907918,13.68,13.77,13.645
04/12/2016,13.65,2560067,13.49,13.70,13.46
