Date,Close/Last,Volume,Open,High,Low
04/10/2026,109.20,22857040,109.47,109.545,109.145
04/09/2026,109.49,39122040,109.31,109.79,109.155
04/08/2026,109.49,63694710,109.98,110.00,109.29
04/07/2026,109.07,41258920,108.86,109.145,108.27
04/06/2026,108.95,29080520,108.87,109.26,108.865
04/02/2026,109.12,27148570,108.41,109.25,108.37
04/01/2026,108.66,37445320,108.49,108.945,108.49
03/31/2026,108.99,57883820,108.72,109.195,108.60
03/30/2026,108.31,42677000,108.44,108.585,108.20
03/27/2026,107.62,42578570,107.47,107.865,107.355
03/26/2026,107.88,42072740,108.28,108.58,107.84
03/25/2026,108.73,48616290,109.00,109.045,108.69
03/24/2026,108.34,46515350,108.07,108.63,107.9472
03/23/2026,108.56,54512830,108.195,108.905,108.045
03/20/2026,107.85,66609210,108.69,108.795,107.75
03/19/2026,109.19,60271160,108.31,109.345,108.31
03/18/2026,108.71,60359970,109.13,109.32,108.705
03/17/2026,109.30,53953870,109.01,109.33,108.99
03/16/2026,108.69,65429980,108.90,109.03,108.56
03/13/2026,108.17,54605100,108.79,108.99,108.02
03/12/2026,108.57,72750350,108.96,108.98,108.345
03/11/2026,109.16,66524080,109.64,109.76,109.01
03/10/2026,110.06,71501240,110.40,110.695,110.045
03/09/2026,110.82,44312130,109.84,110.87,109.84
03/06/2026,110.16,58242930,109.96,110.52,109.77
03/05/2026,110.53,47318950,110.42,110.595,110.29
03/04/2026,110.97,49023330,110.93,111.17,110.83
03/03/2026,110.87,78775100,110.17,111.13,110.17
03/02/2026,110.92,54854630,110.84,110.98,110.68
02/27/2026,111.68,48343690,111.70,111.93,111.66
02/26/2026,111.72,33031890,111.64,111.735,111.54
02/25/2026,111.65,33682280,111.60,111.77,111.565
02/24/2026,111.68,37797110,111.625,111.74,111.47
02/23/2026,111.71,33323620,111.62,111.83,111.58
02/20/2026,111.59,44837430,111.62,111.685,111.395
02/19/2026,111.68,30394460,111.41,111.68,111.40
02/18/2026,111.59,40087020,111.57,111.73,111.505
02/17/2026,111.70,33132620,111.57,111.74,111.49
02/13/2026,111.59,33609890,111.55,111.60,111.42
02/12/2026,111.22,39724170,110.99,111.29,110.97
02/11/2026,110.70,29955340,110.63,110.91,110.595
02/10/2026,110.82,34509810,110.90,111.035,110.77
02/09/2026,110.56,27356890,110.37,110.605,110.29
02/06/2026,110.56,29022330,110.47,110.60,110.31
02/05/2026,110.50,23929700,110.19,110.54,110.115
02/04/2026,109.97,31344400,109.97,110.045,109.825
02/03/2026,110.11,32761710,110.04,110.14,109.90
02/02/2026,110.06,35480380,110.15,110.32,110.03
01/30/2026,110.57,39631500,110.60,110.735,110.52
01/29/2026,110.68,45815470,110.43,110.705,110.32
01/28/2026,110.65,31045900,110.71,110.74,110.46
01/27/2026,110.81,27166190,110.84,110.9954,110.74
01/26/2026,110.93,23629810,111.05,111.12,110.89
01/23/2026,110.84,30615350,110.76,110.86,110.51
01/22/2026,110.77,36343020,110.58,110.87,110.48
01/21/2026,110.56,38616550,110.13,110.66,110.03
01/20/2026,109.90,43500400,109.85,110.15,109.81
01/16/2026,110.57,38762070,110.82,110.87,110.55
01/15/2026,110.89,34534790,111.18,111.1967,110.84
01/14/2026,111.03,27251960,110.80,111.04,110.77
01/13/2026,110.75,31139250,110.71,110.79,110.53
01/12/2026,110.51,28990070,110.37,110.65,110.315
01/09/2026,110.64,29660300,110.32,110.68,110.215
01/08/2026,110.24,26395660,110.20,110.39,110.19
01/07/2026,110.55,28107440,110.75,110.7999,110.525
01/06/2026,110.47,31037320,110.31,110.48,110.125
01/05/2026,110.47,27771020,110.30,110.51,110.17
01/02/2026,110.16,25676220,110.32,110.395,110.035
12/31/2025,110.19,19124710,110.53,110.625,110.185
12/30/2025,110.66,21486370,110.57,110.76,110.475
12/29/2025,110.79,18943860,110.69,110.79,110.59
12/26/2025,110.64,10589290,110.75,110.80,110.47
12/24/2025,110.65,6400631,110.43,110.65,110.34
12/23/2025,110.22,16137320,109.91,110.27,109.85
12/22/2025,110.11,17335280,110.18,110.205,110.01
12/19/2025,110.13,28594890,110.28,110.34,110.10
12/18/2025,110.85,31844290,110.85,110.935,110.635
12/17/2025,110.43,22248040,110.43,110.575,110.35
12/16/2025,110.55,31692620,110.18,110.585,110.115
12/15/2025,110.30,22151510,110.53,110.605,110.22
12/12/2025,110.17,39040130,110.30,110.41,110.10
12/11/2025,110.84,41927200,111.19,111.305,110.79
12/10/2025,111.00,34019500,110.46,111.06,110.425
12/09/2025,110.49,29239890,110.86,110.88,110.40
12/08/2025,110.63,28815220,110.88,110.885,110.41
12/05/2025,110.86,25470030,111.02,111.03,110.7023
12/04/2025,110.97,29846550,111.04,111.06,110.86
12/03/2025,111.17,20998020,111.00,111.265,110.95
12/02/2025,110.92,34955060,110.84,111.05,110.75
12/01/2025,110.85,24610140,110.77,110.89,110.66
11/28/2025,111.86,25471160,111.98,112.02,111.68
11/26/2025,112.05,24585380,111.67,112.06,111.54
11/25/2025,111.67,47560980,111.43,111.895,111.4001
11/24/2025,111.36,28437900,111.18,111.36,111.085
11/21/2025,110.92,41000510,110.90,110.96,110.61
11/20/2025,110.53,49362250,110.67,110.81,110.43
11/19/2025,110.38,29144990,110.60,110.67,110.32
11/18/2025,110.37,30566070,110.51,110.575,110.26
11/17/2025,110.32,34343350,110.31,110.58,110.25
11/14/2025,110.25,31437630,110.64,110.725,110.24
11/13/2025,110.55,34125890,110.79,110.91,110.55
11/12/2025,111.10,39067940,111.14,111.19,111.00
11/11/2025,111.21,11282570,111.05,111.29,110.98
11/10/2025,110.77,45229110,110.77,110.895,110.71
11/07/2025,110.71,42671620,110.65,110.84,110.59
11/06/2025,110.93,37815110,110.80,110.93,110.73
11/05/2025,110.35,43258250,110.65,110.72,110.33
11/04/2025,110.68,62636730,110.46,110.96,110.45
11/03/2025,110.53,53372130,110.59,110.615,110.395
10/31/2025,111.23,57255520,111.775,111.78,111.1942
10/30/2025,111.68,46045250,111.62,112.01,111.52
10/29/2025,112.28,36236250,112.86,112.89,112.185
10/28/2025,112.92,34236310,112.85,112.93,112.70
10/27/2025,112.91,23513400,112.71,112.93,112.55
10/24/2025,112.72,29474580,112.78,112.79,112.55
10/23/2025,112.53,27558500,112.52,112.685,112.455
10/22/2025,112.67,41003690,112.55,112.68,112.41
10/21/2025,112.56,27353850,112.82,112.885,112.55
10/20/2025,112.54,26361140,112.46,112.56,112.415
10/17/2025,112.20,35433550,112.29,112.32,112.11
10/16/2025,112.42,39858440,112.05,112.44,111.975
10/15/2025,112.10,45017330,112.26,112.50,111.91
10/14/2025,112.10,43975280,111.52,112.13,111.48
10/13/2025,111.73,11236010,111.40,111.80,111.33
10/10/2025,111.35,39146390,111.48,111.55,111.28
10/09/2025,111.04,29660690,111.17,111.21,110.9525
10/08/2025,111.26,22462140,111.61,111.62,111.25
10/07/2025,111.40,29459480,111.34,111.49,111.17
10/06/2025,111.19,19553970,111.24,111.465,111.155
10/03/2025,111.55,19971320,111.69,111.77,111.48
10/02/2025,111.69,18259450,111.49,111.73,111.405
10/01/2025,111.51,30262690,111.44,111.51,111.23
09/30/2025,111.47,34939760,111.65,111.855,111.38
09/29/2025,111.58,31961910,111.46,111.70,111.415
09/26/2025,111.21,31962180,111.15,111.39,110.985
09/25/2025,111.06,36991180,111.00,111.08,110.68
09/24/2025,111.26,34756680,111.49,111.52,111.17
09/23/2025,111.71,31575410,111.65,111.75,111.485
09/22/2025,111.49,25908610,111.64,111.70,111.43
09/19/2025,111.74,26845360,111.74,111.84,111.56
09/18/2025,111.83,37159310,111.72,111.875,111.515
09/17/2025,112.06,34970040,112.46,112.635,111.82
09/16/2025,112.26,28232640,112.29,112.395,112.16
09/15/2025,112.36,21863830,112.23,112.42,112.23
09/12/2025,112.01,26728500,111.97,112.04,111.71
09/11/2025,112.21,28405700,111.89,112.325,111.87
09/10/2025,111.69,30188050,111.58,111.985,111.55
09/09/2025,111.36,24412520,111.44,111.545,111.1235
09/08/2025,111.56,28998160,111.51,111.6335,111.42
09/05/2025,111.17,36249070,111.21,111.31,111.06
09/04/2025,110.45,43026670,110.08,110.46,109.97
09/03/2025,109.70,34520900,109.26,109.8254,109.24
09/02/2025,109.05,31044770,108.875,109.09,108.81
08/29/2025,109.80,32201130,109.99,110.01,109.75
08/28/2025,110.20,26892770,110.08,110.31,110.00
08/27/2025,110.03,25171730,109.68,110.06,109.59
08/26/2025,109.99,23246370,109.89,110.01,109.66
08/25/2025,109.91,18983100,109.97,110.14,109.88
08/22/2025,110.20,34562880,109.65,110.3073,109.56
08/21/2025,109.34,25158000,109.56,109.565,109.19
08/20/2025,109.76,25054760,109.67,109.87,109.59
08/19/2025,109.71,26744250,109.68,109.78,109.605
08/18/2025,109.54,19579900,109.82,109.84,109.435
08/15/2025,109.74,20932190,109.84,109.93,109.63
08/14/2025,109.88,18817750,110.00,110.055,109.75
08/13/2025,110.26,27701430,110.06,110.315,110.05
08/12/2025,109.68,26513710,109.39,109.70,109.2701
08/11/2025,109.58,24444320,109.57,109.72,109.445
08/08/2025,109.41,16946310,109.64,109.64,109.39
08/07/2025,109.76,29018100,109.91,110.08,109.69
08/06/2025,109.87,31825410,109.65,109.92,109.23
08/05/2025,109.90,25922890,109.63,109.93,109.61
08/04/2025,109.82,31779660,109.78,109.89,109.58
08/01/2025,109.63,46073840,109.32,109.695,109.12
07/31/2025,109.11,31745020,109.41,109.50,109.085
07/30/2025,109.08,23313280,109.09,109.45,108.98
07/29/2025,109.49,26131260,108.95,109.50,108.93
07/28/2025,108.77,21887900,108.86,108.935,108.725
07/25/2025,108.99,26008690,108.69,109.04,108.595
07/24/2025,108.64,23064800,108.44,108.8599,108.415
07/23/2025,108.80,20810420,108.76,108.88,108.65
07/22/2025,108.97,19568710,108.76,109.03,108.72
07/21/2025,108.71,17147060,108.86,108.99,108.68
07/18/2025,108.29,17446170,108.39,108.43,108.155
07/17/2025,108.09,19396900,108.04,108.21,107.95
07/16/2025,107.83,41794060,107.91,108.10,107.34
07/15/2025,107.66,31329430,108.28,108.28,107.62
07/14/2025,108.05,18216460,108.02,108.19,107.86
07/11/2025,108.08,23776030,108.26,108.285,108.00
07/10/2025,108.74,29758960,108.68,108.84,108.47
07/09/2025,108.72,33183210,108.35,108.74,108.245
07/08/2025,108.10,29375100,108.16,108.185,108.005
07/07/2025,108.41,18303340,108.86,108.86,108.29
07/03/2025,109.06,17340490,109.15,109.28,108.98
07/02/2025,109.32,24284510,108.98,109.32,108.895
07/01/2025,109.34,28691300,109.255,109.4099,109.03
06/30/2025,109.61,40575030,109.37,109.72,109.24
06/27/2025,109.01,24704780,109.00,109.395,108.88
06/26/2025,109.19,31026050,108.91,109.20,108.685
06/25/2025,108.79,30675210,108.71,108.85,108.525
06/24/2025,108.92,38185300,108.28,109.02,108.27
06/23/2025,108.41,34072450,108.39,108.70,108.31
06/20/2025,108.14,20437540,107.86,108.31,107.72
06/18/2025,108.05,29762360,108.22,108.42,107.845
06/17/2025,107.97,27241590,107.88,108.04,107.65
06/16/2025,107.60,21285980,107.80,108.12,107.575
06/13/2025,107.79,34794500,108.12,108.19,107.50
06/12/2025,108.44,26497300,108.23,108.44,108.075
06/11/2025,107.84,20584730,107.68,107.97,107.555
06/10/2025,107.50,20359000,107.65,107.69,107.26
06/09/2025,107.24,18850010,106.99,107.38,106.94
06/06/2025,106.92,31093070,107.22,107.35,106.91
06/05/2025,107.57,29760770,107.94,107.985,107.505
06/04/2025,107.90,28006470,107.63,108.045,107.52
06/03/2025,107.12,24080000,107.24,107.41,106.99
06/02/2025,107.07,24225880,106.99,107.08,106.69
05/30/2025,107.77,29890800,107.45,107.77,107.35
05/29/2025,107.46,31012830,107.33,107.56,107.195
05/28/2025,106.98,29079850,107.03,107.10,106.67
05/27/2025,107.24,29208430,106.92,107.33,106.52
05/23/2025,106.28,21447160,106.41,106.565,106.09
05/22/2025,106.20,34010720,105.54,106.25,105.39
05/21/2025,105.66,35452810,106.36,106.54,105.57
05/20/2025,106.85,23036240,106.80,106.9754,106.605
05/19/2025,107.11,33615570,106.16,107.17,106.06
05/16/2025,107.10,21888740,107.39,107.40,106.945
05/15/2025,106.90,30008270,106.385,106.96,106.32
05/14/2025,106.14,25340650,106.58,106.71,106.10
05/13/2025,106.68,32005730,106.69,106.82,106.47
05/12/2025,106.59,28270870,106.59,106.83,106.485
05/09/2025,106.61,18254750,106.93,107.0274,106.58
05/08/2025,106.65,25149710,107.35,107.43,106.65
05/07/2025,107.19,19892890,107.19,107.30,107.00
05/06/2025,106.97,29906480,106.46,106.98,106.37
05/05/2025,106.76,20005780,106.64,106.81,106.30
05/02/2025,106.91,20302140,106.84,107.04,106.70
05/01/2025,107.17,28056350,107.76,107.76,107.085
04/30/2025,107.98,35129280,108.13,108.29,107.805
04/29/2025,108.49,19346200,108.06,108.50,108.05
04/28/2025,108.24,18297970,107.89,108.35,107.88
04/25/2025,107.99,14575340,107.83,108.035,107.65
04/24/2025,107.42,23838680,107.06,107.48,106.87
04/23/2025,106.33,31155880,107.55,107.67,106.31
04/22/2025,105.86,20939650,106.18,106.23,105.82
04/21/2025,105.60,23506710,106.21,106.38,105.51
04/17/2025,106.75,11483700,106.91,106.995,106.57
04/16/2025,106.90,24639810,106.55,106.91,106.28
04/15/2025,106.45,20502640,105.93,106.61,105.875
04/14/2025,105.88,28111920,105.99,106.09,105.48
04/11/2025,105.23,41686890,104.53,105.43,103.45
04/10/2025,105.25,55825050,105.96,106.35,105.06
04/09/2025,107.07,77380650,104.09,107.11,103.77
04/08/2025,105.31,56747800,106.84,106.91,104.97
04/07/2025,106.66,62583300,107.77,108.27,106.36
04/04/2025,108.78,60793780,109.13,109.47,108.50
04/03/2025,108.90,41675720,109.11,109.54,108.745
04/02/2025,108.91,24768960,109.01,109.01,108.35
04/01/2025,108.66,22059220,108.53,108.90,108.48
03/31/2025,108.69,29834510,108.75,108.82,108.3035
03/28/2025,108.48,27257040,108.30,108.53,108.15
03/27/2025,107.83,22028930,107.77,107.87,107.64
03/26/2025,107.96,17115590,108.22,108.22,107.91
03/25/2025,108.40,22743990,108.29,108.62,108.19
03/24/2025,108.29,25243280,108.64,108.64,108.205
03/21/2025,108.76,26447410,108.98,109.10,108.685
03/20/2025,108.91,26937330,109.64,109.65,108.90
03/19/2025,109.07,27469800,108.45,109.175,108.28
03/18/2025,108.43,27948150,108.14,108.66,108.02
03/17/2025,108.17,17561380,108.345,108.56,108.115
03/14/2025,107.95,31358140,108.00,108.21,107.865
03/13/2025,108.00,43907990,107.29,108.03,107.18
03/12/2025,107.66,35875690,108.03,108.06,107.62
03/11/2025,107.98,42262560,108.61,108.675,107.95
03/10/2025,108.69,34294780,108.82,109.06,108.545
03/07/2025,108.32,30747150,109.03,109.03,108.20
03/06/2025,108.49,40519990,108.69,108.84,108.29
03/05/2025,108.83,45483510,109.33,109.45,108.73
03/04/2025,109.18,46053350,109.36,109.545,109.05
03/03/2025,109.54,42545340,108.94,109.54,108.87
02/28/2025,109.61,29596090,109.51,109.66,109.15
02/27/2025,109.13,27258150,109.28,109.45,109.065
02/26/2025,109.59,22983150,109.40,109.64,109.185
02/25/2025,109.36,26835200,109.21,109.40,109.06
02/24/2025,108.53,23399530,108.31,108.675,108.18
02/21/2025,108.25,30130770,108.02,108.58,107.985
02/20/2025,107.87,23814790,107.78,107.945,107.71
02/19/2025,107.61,26007440,107.51,107.77,107.40
02/18/2025,107.55,17639980,107.85,107.96,107.4728
02/14/2025,107.99,14409430,108.13,108.345,107.99
02/13/2025,107.57,20735520,107.32,107.76,107.28
02/12/2025,106.74,31480570,106.57,106.87,106.36
02/11/2025,107.32,19478770,107.23,107.40,107.20
02/10/2025,107.56,15302270,107.63,107.845,107.45
02/07/2025,107.53,23910970,107.64,107.715,107.4005
02/06/2025,108.00,22557700,108.13,108.285,107.89
02/05/2025,108.20,30119240,108.04,108.425,107.77
02/04/2025,107.45,25086180,106.98,107.5667,106.94
02/03/2025,107.24,21155030,107.36,107.68,107.015
01/31/2025,107.46,28454650,107.90,108.02,107.24
01/30/2025,107.81,22709260,107.86,108.005,107.66
01/29/2025,107.57,24969090,107.89,107.92,107.23
01/28/2025,107.71,22253060,107.58,107.77,107.475
01/27/2025,107.86,18954320,107.65,107.89,107.505
01/24/2025,107.12,13020320,106.87,107.24,106.76
01/23/2025,106.91,18118250,106.59,106.92,106.57
01/22/2025,107.06,18418870,107.40,107.51,107.05
01/21/2025,107.40,20670590,107.23,107.42,107.115
01/17/2025,106.78,18912030,106.98,107.01,106.71
01/16/2025,106.69,24583450,106.43,106.905,106.205
01/15/2025,106.48,32123640,106.42,106.64,106.2249
01/14/2025,105.22,27585230,105.20,105.28,104.9412
01/13/2025,105.10,18873300,105.35,105.37,105.03
01/10/2025,105.40,24613500,105.35,105.735,105.2242
01/08/2025,106.01,30143770,105.71,106.11,105.625
01/07/2025,105.84,25115670,106.19,106.31,105.67
01/06/2025,106.33,24302200,106.52,106.59,106.27
01/03/2025,106.60,22610550,107.00,107.06,106.535
01/02/2025,106.85,19098640,107.12,107.31,106.615
12/31/2024,106.84,10768680,107.29,107.385,106.665
12/30/2024,107.11,9141366,107.03,107.18,106.965
12/27/2024,106.65,13908390,106.91,107.035,106.61
12/26/2024,107.10,12454760,106.50,107.14,106.50
12/24/2024,107.00,6215326,106.46,107.01,106.418
12/23/2024,106.67,13091760,107.01,107.08,106.55
12/20/2024,106.98,27608260,107.09,107.47,106.81
12/19/2024,106.56,40480350,106.86,106.995,106.33
12/18/2024,107.14,36753890,108.36,108.59,107.05
12/17/2024,108.87,29945780,108.84,109.02,108.75
12/16/2024,108.86,18893010,109.03,109.06,108.70
12/13/2024,108.72,13195030,109.18,109.19,108.65
12/12/2024,109.33,24747650,109.69,109.72,109.25
12/11/2024,109.95,24516500,110.45,110.59,109.93
12/10/2024,110.25,19497650,110.17,110.40,110.105
12/09/2024,110.42,21149330,110.54,110.60,110.33
12/06/2024,110.70,16668800,110.92,110.93,110.435
12/05/2024,110.45,16792680,110.21,110.54,110.17
12/04/2024,110.48,22704100,109.75,110.59,109.70
12/03/2024,109.95,27394750,110.46,110.54,109.89
12/02/2024,110.34,33409420,110.35,110.43,109.81
11/29/2024,110.55,11838910,110.34,110.57,110.29
11/27/2024,109.87,23583980,109.79,109.98,109.555
11/26/2024,109.47,25005440,109.49,109.515,109.11
11/25/2024,109.75,21678020,109.56,109.81,109.4201
11/22/2024,108.40,13812970,108.48,108.59,108.22
11/21/2024,108.30,22507420,108.47,108.75,108.205
11/20/2024,108.43,24792230,108.31,108.5999,108.27
11/19/2024,108.69,21473200,108.72,108.905,108.61
11/18/2024,108.46,19399070,108.13,108.635,108.035
11/15/2024,108.26,27296420,107.91,108.52,107.60
11/14/2024,108.21,26889140,108.53,108.715,108.10
11/13/2024,108.24,22942490,109.24,109.25,108.17
11/12/2024,108.65,36203320,109.17,109.40,108.56
11/11/2024,109.64,7971121,109.65,109.73,109.455
11/08/2024,109.85,21113580,109.71,110.08,109.59
11/07/2024,109.47,24596650,108.83,109.59,108.72
11/06/2024,108.19,38097910,108.07,108.65,107.905
11/05/2024,109.33,23732500,108.76,109.35,108.50
11/04/2024,108.81,24713540,108.90,109.08,108.52
11/01/2024,108.01,25142220,108.90,109.07,107.96
10/31/2024,108.99,29424400,109.03,109.315,108.72
10/30/2024,109.21,25259110,109.68,109.95,109.16
10/29/2024,109.35,24075750,108.74,109.375,108.66
10/28/2024,109.22,20935190,109.43,109.49,108.9701
10/25/2024,109.31,16041030,109.88,109.94,109.245
10/24/2024,109.57,21021140,109.41,109.77,109.265
10/23/2024,109.24,25425830,109.24,109.46,109.08
10/22/2024,109.61,26001170,109.72,109.74,109.35
10/21/2024,109.62,28320420,110.21,110.28,109.58
10/18/2024,110.75,27372430,111.06,111.15,110.73
10/17/2024,110.88,31367340,111.28,111.315,110.83
10/16/2024,111.71,20474310,111.67,111.79,111.49
10/15/2024,111.36,28275240,111.05,111.47,111.05
10/14/2024,110.82,4335426,110.50,110.8365,110.37
10/11/2024,110.81,20078970,110.67,111.02,110.57
10/10/2024,110.83,25932550,110.73,110.89,110.50
10/09/2024,110.95,29951940,110.93,111.066,110.75
10/08/2024,111.17,27315990,110.82,111.17,110.665
10/07/2024,110.95,27106320,111.12,111.325,110.88
10/04/2024,111.52,33856640,111.55,111.64,111.39
10/03/2024,112.13,24163170,112.58,112.63,112.13
10/02/2024,112.86,29446700,112.44,112.88,112.385
10/01/2024,113.11,36591430,113.10,113.29,112.87
09/30/2024,112.98,22731250,113.20,113.32,112.825
09/27/2024,113.26,25231960,113.13,113.35,113.05
09/26/2024,112.81,20877080,113.01,113.09,112.515
09/25/2024,112.81,32881290,113.16,113.20,112.78
09/24/2024,113.48,24719870,113.00,113.565,112.90
09/23/2024,113.29,22635560,113.10,113.52,112.955
09/20/2024,113.45,29958880,113.18,113.50,112.99
09/19/2024,113.35,31099070,113.30,113.555,113.14
09/18/2024,113.25,35015470,113.44,114.07,113.215
09/17/2024,113.72,31732770,113.90,113.92,113.54
09/16/2024,113.71,25464790,113.35,113.79,113.22
09/13/2024,113.21,25536630,113.22,113.37,113.095
09/12/2024,112.86,30368280,112.86,112.95,112.56
09/11/2024,112.94,36948020,112.66,113.11,112.565
09/10/2024,112.89,30489500,112.63,112.91,112.51
09/09/2024,112.58,35440330,112.31,112.69,112.18
09/06/2024,112.33,42004640,112.40,113.055,112.13
09/05/2024,112.38,35538520,112.16,112.41,111.74
09/04/2024,111.83,31897860,111.21,111.865,111.19
09/03/2024,111.14,27734580,111.29,111.52,110.965
08/30/2024,111.21,25275520,111.66,111.81,111.165
08/29/2024,111.52,20079400,111.49,111.635,111.34
08/28/2024,111.71,21724820,111.87,111.96,111.64
08/27/2024,111.94,15922740,111.58,111.99,111.535
08/26/2024,112.03,15312660,112.40,112.40,111.985
08/23/2024,112.17,22650180,111.85,112.295,111.71
08/22/2024,111.53,17926330,111.74,111.815,111.285
08/21/2024,111.99,23819080,111.83,112.28,111.67
08/20/2024,111.74,27114140,111.64,111.80,111.45
08/19/2024,111.45,16004100,111.17,111.565,111.152
08/16/2024,111.19,21411550,110.98,111.26,110.42
08/15/2024,110.86,29441630,110.51,111.01,110.44
08/14/2024,111.20,28985600,110.84,111.34,110.83
08/13/2024,110.71,31245030,110.46,110.71,110.295
08/12/2024,109.94,24281810,109.66,110.055,109.545
08/09/2024,109.71,23199740,109.89,109.915,109.61
08/08/2024,109.15,23536780,109.04,109.22,108.84
08/07/2024,109.10,46819000,109.54,109.77,108.94
08/06/2024,109.60,47432500,110.20,110.235,109.58
08/05/2024,110.32,56991110,110.56,110.66,110.01
08/02/2024,110.60,46697930,110.11,110.69,110.11
08/01/2024,109.53,34564680,109.56,109.84,109.4528
07/31/2024,109.56,29226940,109.39,109.59,109.09
07/30/2024,108.93,14952040,108.92,108.99,108.685
07/29/2024,108.84,24734560,108.93,108.97,108.615
07/26/2024,108.61,21119900,108.61,108.655,108.345
07/25/2024,108.01,29760450,107.79,108.275,107.77
07/24/2024,107.58,27876350,108.37,108.47,107.58
07/23/2024,108.24,24425740,108.46,108.57,108.24
07/22/2024,108.32,22556790,108.72,108.76,108.20
07/19/2024,108.38,16576790,108.57,108.582,108.31
07/18/2024,108.78,28091700,108.99,109.24,108.74
07/17/2024,109.25,21313530,108.90,109.30,108.841
07/16/2024,109.20,20090700,108.83,109.22,108.74
07/15/2024,108.57,18291450,108.80,108.96,108.55
07/12/2024,109.17,20301350,108.83,109.17,108.725
07/11/2024,108.77,31412710,108.86,109.015,108.68
07/10/2024,108.19,17263190,108.06,108.21,107.90
07/09/2024,107.93,20384670,107.95,108.12,107.69
07/08/2024,108.13,18136670,108.22,108.3073,107.98
07/05/2024,108.14,18800320,107.99,108.195,107.70
07/03/2024,107.58,14318910,107.15,107.58,107.04
07/02/2024,106.79,19845730,106.65,106.815,106.405
07/01/2024,106.11,22429120,106.34,106.70,106.0529
06/28/2024,107.12,27395850,108.08,108.105,107.09
06/27/2024,107.81,19939420,107.93,107.975,107.78
06/26/2024,107.60,26381310,107.50,107.695,107.3915
06/25/2024,108.19,16359900,108.15,108.29,108.015
06/24/2024,108.23,18597580,108.23,108.42,108.17
06/21/2024,108.12,20988200,108.19,108.345,107.86
06/20/2024,108.09,21206310,107.84,108.11,107.78
06/18/2024,108.45,25576570,108.18,108.55,108.14
06/17/2024,107.95,24678710,107.82,108.01,107.725
06/14/2024,108.46,28561920,108.43,108.58,108.25
06/13/2024,108.37,26782660,108.35,108.55,108.055
06/12/2024,107.86,27209390,108.28,108.56,107.82
06/11/2024,107.20,19042640,106.80,107.27,106.73
06/10/2024,106.74,19537940,106.75,106.84,106.65
06/07/2024,106.96,26228650,107.03,107.195,106.8723
06/06/2024,107.93,22687050,107.83,108.03,107.785
06/05/2024,108.00,26584740,107.82,108.025,107.43
06/04/2024,107.64,24545220,107.52,107.80,107.3526
06/03/2024,107.22,20154860,106.81,107.24,106.76
05/31/2024,106.89,19901450,106.84,107.02,106.665
05/30/2024,106.42,21036460,106.20,106.45,106.13
05/29/2024,105.77,30016080,105.955,105.965,105.55
05/28/2024,106.34,15989600,107.13,107.13,106.27
05/24/2024,106.98,11189550,106.705,106.99,106.62
05/23/2024,106.69,24876090,107.30,107.332,106.57
05/22/2024,107.16,26735600,107.01,107.3199,107.00
05/21/2024,107.32,17412030,107.44,107.48,107.26
05/20/2024,107.14,17885200,107.11,107.225,107.06
05/17/2024,107.19,21862770,107.25,107.45,107.1633
05/16/2024,107.44,23586570,107.76,107.775,107.39
05/15/2024,107.61,33780940,107.50,107.78,107.25
05/14/2024,106.66,25440420,106.63,106.78,106.50
05/13/2024,106.35,20464160,106.56,106.65,106.32
05/10/2024,106.31,16291460,106.44,106.515,106.19
05/09/2024,106.65,25443670,106.40,106.77,106.29
05/08/2024,106.48,19757590,106.50,106.6455,106.41
05/07/2024,106.75,28680400,107.00,107.16,106.65
05/06/2024,106.70,18519820,106.52,106.705,106.45
05/03/2024,106.40,24166830,106.43,106.79,106.00
05/02/2024,105.66,28044340,105.09,105.72,104.93
05/01/2024,105.01,30342950,104.88,105.55,104.65
04/30/2024,104.99,26008080,105.14,105.40,104.90
04/29/2024,105.57,18052120,105.43,105.67,105.30
04/26/2024,105.13,11784060,105.13,105.32,105.06
04/25/2024,104.73,29826540,104.30,104.78,104.14
04/24/2024,105.04,24538380,105.22,105.275,104.74
04/23/2024,105.45,26338810,105.17,105.865,105.015
04/22/2024,105.27,26642440,104.97,105.3095,104.92
04/19/2024,105.01,20265570,105.27,105.29,104.9101
04/18/2024,104.90,25998030,105.18,105.21,104.725
04/17/2024,105.11,26726270,105.04,105.28,104.81
04/16/2024,104.54,34191580,104.46,104.66,104.18
04/15/2024,104.89,27018480,105.49,105.49,104.745
04/12/2024,106.06,35119720,106.285,106.33,106.02
04/11/2024,105.82,38047920,106.31,106.40,105.61
04/10/2024,106.04,45351670,106.74,106.74,105.88
04/09/2024,107.57,21967290,107.45,107.63,107.39
04/08/2024,107.02,37054450,106.93,107.22,106.855
04/05/2024,107.03,25134880,107.08,107.38,106.975
04/04/2024,107.50,31423840,107.78,107.78,107.29
04/03/2024,107.38,25198650,106.92,107.56,106.745
04/02/2024,107.31,32433910,106.93,107.36,106.68
04/01/2024,107.47,20817220,108.02,108.025,107.38
03/28/2024,108.92,23066240,108.89,109.19,108.80
03/27/2024,109.02,30600500,108.42,109.02,108.35
03/26/2024,108.27,27266670,108.49,108.49,108.13
03/25/2024,108.30,23291100,108.66,108.66,108.24
03/22/2024,108.67,20877590,108.89,108.92,108.62
03/21/2024,108.30,26546670,108.47,108.545,108.13
03/20/2024,108.14,41915440,107.98,108.33,107.53
03/19/2024,107.94,22720980,107.81,108.18,107.745
03/18/2024,107.63,18279960,107.87,107.92,107.61
03/15/2024,107.81,34525580,107.83,107.96,107.625
03/14/2024,107.78,48815400,108.25,108.25,107.70
03/13/2024,108.58,30789910,108.72,108.935,108.54
03/12/2024,108.69,30852140,108.87,108.96,108.59
03/11/2024,109.04,25360230,109.04,109.29,108.87
03/08/2024,109.02,29591110,109.09,109.30,108.92
03/07/2024,108.87,22875720,108.99,109.03,108.60
03/06/2024,108.60,33176940,108.55,108.96,108.52
03/05/2024,108.31,33394270,108.29,108.60,108.135
03/04/2024,107.72,31472000,107.63,107.87,107.545
03/01/2024,107.92,42971620,107.04,108.03,106.75
02/29/2024,107.66,45656380,107.72,108.149,107.52
02/28/2024,107.56,32713530,107.44,107.63,107.395
02/27/2024,107.57,33453790,107.65,107.84,107.505
02/26/2024,107.72,26696250,108.09,108.09,107.48
02/23/2024,108.06,29856380,107.79,108.215,107.73
02/22/2024,107.74,28705860,107.73,107.93,107.60
02/21/2024,107.57,23606160,107.915,107.92,107.42
02/20/2024,107.84,22386700,107.84,107.945,107.62
02/16/2024,107.48,26190030,107.36,107.59,107.24
02/15/2024,107.87,33255170,108.08,108.10,107.62
02/14/2024,107.48,41932190,107.10,107.52,107.08
02/13/2024,106.98,41494170,107.20,107.3857,106.865
02/12/2024,108.17,30378950,108.22,108.265,107.86
02/09/2024,108.16,19029160,108.02,108.235,108.00
02/08/2024,108.30,26063940,108.54,108.58,108.1925
02/07/2024,108.86,23574230,108.92,109.305,108.76
02/06/2024,109.18,26095190,108.75,109.36,108.72
02/05/2024,108.57,39266790,108.85,108.86,108.32
02/02/2024,109.62,39604960,109.468,109.71,109.215
02/01/2024,110.63,42478590,110.51,110.91,110.10
01/31/2024,110.17,44733050,110.36,110.64,109.87
01/30/2024,109.89,30459200,109.82,109.91,109.335
01/29/2024,109.54,26937650,109.53,109.78,109.3239
01/26/2024,109.09,26642320,109.435,109.45,109.055
01/25/2024,109.40,39484060,109.26,109.44,109.045
01/24/2024,108.68,26828270,109.39,109.45,108.585
01/23/2024,108.89,25439520,109.04,109.04,108.665
01/22/2024,109.29,17679890,109.49,109.57,109.16
01/19/2024,108.99,25621460,108.84,109.02,108.45
01/18/2024,108.88,28325150,109.26,109.325,108.755
01/17/2024,109.09,34413970,109.07,109.25,108.70
01/16/2024,109.32,27124580,109.85,109.99,109.10
01/12/2024,110.44,30479000,110.55,110.85,110.13
01/11/2024,110.20,50960890,109.73,110.34,109.39
01/10/2024,109.54,32323510,110.05,110.16,109.47
01/09/2024,109.68,55126300,109.32,109.785,109.265
01/08/2024,109.49,29182270,108.76,109.545,108.74
01/05/2024,108.66,24385520,108.72,109.57,108.58
01/04/2024,109.05,43111290,109.00,109.25,108.87
01/03/2024,109.66,35384950,109.10,109.7667,108.92
01/02/2024,109.91,20621990,109.94,110.165,109.79
12/29/2023,110.66,17956650,110.695,111.01,110.56
12/28/2023,111.07,14288800,111.21,111.39,110.915
12/27/2023,111.36,13646460,110.89,111.40,110.72
12/26/2023,110.33,5815964,110.14,110.40,110.09
12/22/2023,110.10,11037070,110.44,110.50,109.935
12/21/2023,110.29,24168330,110.59,110.71,110.03
12/20/2023,110.33,23942020,110.25,110.42,109.905
12/19/2023,110.04,18086970,110.11,110.37,109.96
12/18/2023,109.90,19714480,110.04,110.155,109.835
12/15/2023,110.36,17904110,110.42,110.57,110.14
12/14/2023,110.52,28202260,110.24,110.865,110.12
12/13/2023,109.75,33623570,108.35,109.945,108.13
12/12/2023,107.94,22111090,107.32,107.9758,107.14
12/11/2023,107.33,17714570,107.22,107.36,106.78
12/08/2023,107.36,21624190,107.335,107.63,107.18
12/07/2023,107.94,20253370,107.79,108.23,107.6803
12/06/2023,107.93,22544330,107.85,108.19,107.715
12/05/2023,107.53,33315190,107.16,107.67,107.03
12/04/2023,106.68,28914320,106.81,106.95,106.445
12/01/2023,107.17,27733670,106.04,107.22,105.90
11/30/2023,106.29,41950880,106.61,106.64,106.08
11/29/2023,106.85,20661850,106.54,106.91,106.40
11/28/2023,105.99,21320770,105.39,106.03,105.285
11/27/2023,105.57,17919480,105.06,105.59,104.875
11/24/2023,104.72,6391351,104.862,105.015,104.70
11/22/2023,105.26,18587990,105.24,105.375,104.8501
11/21/2023,104.84,20273260,104.83,104.97,104.55
11/20/2023,104.81,18529500,104.26,104.875,104.24
11/17/2023,104.39,25810180,104.45,104.575,104.145
11/16/2023,104.09,21223010,103.77,104.14,103.69
11/15/2023,103.24,23895030,103.42,103.45,102.965
11/14/2023,103.78,28387850,103.81,104.05,103.66
11/13/2023,102.18,21439200,101.83,102.25,101.65
11/10/2023,102.17,18498890,102.31,102.335,101.97
11/09/2023,101.66,23864120,102.56,102.56,101.48
11/08/2023,102.70,26997080,102.34,102.785,102.33
11/07/2023,102.18,25518160,101.75,102.40,101.675
11/06/2023,101.37,17827750,101.73,101.73,101.25
11/03/2023,101.91,38496180,102.58,102.90,101.875
11/02/2023,101.41,31295480,101.20,101.49,101.03
11/01/2023,100.22,32111810,99.27,100.26,99.22
10/31/2023,99.17,28805720,99.44,99.90,99.14
10/30/2023,99.31,20961740,99.33,99.53,99.01
10/27/2023,99.61,21362860,99.69,99.82,99.31
10/26/2023,99.81,28046130,99.18,99.865,99.03
10/25/2023,99.09,20957050,99.44,99.495,98.855
10/24/2023,100.00,24517560,99.59,100.06,99.42
10/23/2023,99.44,21103100,98.38,99.71,98.24
10/20/2023,98.67,27130840,98.36,98.76,98.36
10/19/2023,98.28,41211750,98.92,99.23,98.27
10/18/2023,99.08,31690820,99.51,99.57,98.95
10/17/2023,99.88,24273490,99.80,100.22,99.56
10/16/2023,100.68,25991990,100.82,100.95,100.63
10/13/2023,101.38,20716420,101.65,101.725,101.18
10/12/2023,100.82,27899890,101.73,101.835,100.595
10/11/2023,101.88,22655870,101.86,101.94,101.425
10/10/2023,101.26,23168140,100.76,101.66,100.5737
10/09/2023,101.22,6398571,100.48,101.25,100.31
10/06/2023,99.98,21668020,99.32,100.195,99.17
10/05/2023,100.28,21155710,100.54,100.75,100.12
10/04/2023,100.40,25863630,100.09,100.45,99.665
10/03/2023,99.53,30830270,100.37,100.53,99.39
10/02/2023,100.69,18787800,101.13,101.30,100.60
09/29/2023,102.02,28143010,102.78,102.92,101.78
09/28/2023,102.24,34650090,101.62,102.26,101.30
09/27/2023,102.06,35741170,103.02,103.11,101.70
09/26/2023,102.54,38946540,103.054,103.12,102.40
09/25/2023,102.83,25968610,103.06,103.355,102.80
09/22/2023,103.84,21849140,103.45,103.94,103.32
09/21/2023,103.21,30183780,103.41,103.43,103.125
09/20/2023,104.26,23736840,104.56,104.78,104.24
09/19/2023,104.22,14577790,104.32,104.425,104.18
09/18/2023,104.57,12182230,104.17,104.60,104.17
09/15/2023,104.37,21796370,104.43,104.48,104.15
09/14/2023,104.53,16820960,104.80,104.90,104.47
09/13/2023,104.72,19975310,104.38,104.815,104.32
09/12/2023,104.49,15839830,104.53,104.55,104.31
09/11/2023,104.52,13686290,104.59,104.64,104.385
09/08/2023,104.72,18608840,104.91,105.18,104.72
09/07/2023,104.64,17295620,104.31,104.65,104.21
09/06/2023,104.18,17733840,104.42,104.45,103.945
09/05/2023,104.28,16272780,104.71,104.75,104.25
09/01/2023,105.03,16514230,105.78,105.81,104.905
08/31/2023,106.16,20534830,106.16,106.40,106.07
08/30/2023,105.98,21533560,106.18,106.26,105.94
08/29/2023,106.13,21843260,105.23,106.165,105.15
08/28/2023,105.29,15210270,105.44,105.45,105.04
08/25/2023,104.96,18521450,104.86,105.29,104.51
08/24/2023,104.90,20129920,105.08,105.22,104.875
08/23/2023,105.26,22620400,104.48,105.28,104.48
08/22/2023,103.80,18361540,103.58,103.87,103.425
08/21/2023,103.48,19065250,103.64,103.71,103.26
08/18/2023,104.10,17884060,103.73,104.21,103.62
08/17/2023,103.71,29797480,103.86,103.945,103.40
08/16/2023,103.99,20773780,104.37,104.66,103.86
08/15/2023,104.46,17279940,104.77,104.95,104.46
08/14/2023,105.01,9829320,105.02,105.30,104.705
08/11/2023,105.05,12803160,105.04,105.41,104.98
08/10/2023,105.41,22056380,106.29,106.555,105.38
08/09/2023,106.16,11514150,106.20,106.31,106.055
08/08/2023,106.06,17616240,106.13,106.295,105.92
08/07/2023,105.64,10726340,105.81,105.86,105.495
08/04/2023,105.90,19998860,105.19,106.04,105.18
08/03/2023,104.81,27632720,104.91,104.95,104.56
08/02/2023,105.76,28516760,105.80,105.88,105.39
08/01/2023,106.41,22977750,106.80,106.97,106.32
07/31/2023,107.85,24906680,107.58,108.03,107.58
07/28/2023,107.55,18719320,107.33,107.60,107.135
07/27/2023,106.85,29142590,108.04,108.1299,106.72
07/26/2023,108.17,17816820,108.06,108.255,107.69
07/25/2023,107.67,15029840,107.56,107.89,107.54
07/24/2023,107.84,17999420,108.16,108.30,107.81
07/21/2023,107.97,16517760,108.18,108.205,107.88
07/20/2023,107.78,37868030,108.07,108.10,107.49
07/19/2023,108.51,20871580,108.26,108.52,108.08
07/18/2023,107.90,17440610,108.07,108.175,107.855
07/17/2023,107.63,12260070,107.43,107.715,107.35
07/14/2023,107.45,23783990,108.12,108.235,107.415
07/13/2023,108.29,21637480,107.99,108.325,107.87
07/12/2023,107.53,23217320,107.12,107.675,107.12
07/11/2023,106.59,21694280,106.34,106.66,106.21
07/10/2023,106.09,16360590,105.68,106.19,105.58
07/07/2023,105.54,17148040,105.67,105.985,105.52
07/06/2023,105.64,35240760,105.88,105.9374,105.35
07/05/2023,106.72,21463300,107.31,107.38,106.59
07/03/2023,107.49,11810760,107.87,108.16,107.49
06/30/2023,108.14,20938610,107.63,108.21,107.44
06/29/2023,107.35,25554520,107.37,107.46,107.01
06/28/2023,108.17,17806180,107.85,108.19,107.63
06/27/2023,107.70,15749310,107.93,108.13,107.46
06/26/2023,107.82,14642280,107.98,108.02,107.76
06/23/2023,107.70,13102780,108.12,108.12,107.495
06/22/2023,107.40,16007950,107.56,107.80,107.22
06/21/2023,107.96,17521730,107.63,108.09,107.31
06/20/2023,108.08,22272710,107.85,108.1992,107.85
06/16/2023,107.69,13184490,107.54,107.79,107.295
06/15/2023,107.88,23426240,107.51,107.90,107.27
06/14/2023,106.95,30280080,106.93,107.215,106.425
06/13/2023,106.62,19385200,107.27,107.385,106.449
06/12/2023,107.10,14229480,106.99,107.105,106.42
06/09/2023,106.76,12059960,106.81,106.915,106.58
06/08/2023,107.04,16579930,106.44,107.10,106.4142
06/07/2023,106.33,26526740,107.21,107.32,106.27
06/06/2023,107.29,25228380,107.11,107.32,106.82
06/05/2023,107.08,14211120,106.97,107.49,106.846
06/02/2023,107.31,17086640,107.69,107.76,107.22
06/01/2023,107.60,26084470,107.61,107.86,107.44
05/31/2023,107.62,24052320,107.236,107.735,107.07
05/30/2023,107.27,21581400,106.94,107.27,106.88
05/26/2023,106.47,15848540,106.04,106.51,105.96
05/25/2023,106.02,18743440,106.49,106.56,105.98
05/24/2023,106.37,16688860,106.85,106.89,106.31
05/23/2023,106.79,15529270,106.45,106.89,106.29
05/22/2023,106.57,15526850,106.68,106.93,106.50
05/19/2023,106.61,22194580,106.73,106.90,106.495
05/18/2023,106.74,21383490,106.93,106.93,106.59
05/17/2023,107.19,25387070,107.40,107.48,107.075
05/16/2023,107.20,25934840,107.28,107.385,107.09
05/15/2023,107.74,20334840,107.77,107.845,107.60
05/12/2023,108.32,10797190,108.99,109.07,108.3001
05/11/2023,108.99,12261770,109.24,109.25,108.855
05/10/2023,108.57,15815730,108.42,108.59,108.25
05/09/2023,107.72,15860270,107.78,107.99,107.69
05/08/2023,107.76,16424830,107.94,108.025,107.62
05/05/2023,108.54,12131000,108.68,108.82,108.34
05/04/2023,108.97,17811690,108.66,109.26,108.55
05/03/2023,109.27,15750830,109.30,109.55,108.84
05/02/2023,109.09,21547120,108.18,109.11,108.06
05/01/2023,107.79,20790010,108.94,108.975,107.61
04/28/2023,109.93,18882090,109.82,109.99,109.51
04/27/2023,109.08,14629660,109.30,109.385,109.03
04/26/2023,109.48,19635160,110.07,110.13,109.375
04/25/2023,109.96,17038770,109.95,110.23,109.91
04/24/2023,109.48,7974329,109.10,109.51,109.10
04/21/2023,109.00,18480670,109.35,109.4018,108.65
04/20/2023,108.93,16076090,108.77,109.10,108.7466
04/19/2023,108.52,14023700,108.78,108.795,108.46
04/18/2023,109.06,10522420,108.91,109.23,108.90
04/17/2023,108.70,11891450,109.06,109.165,108.58
04/14/2023,109.39,16218950,109.44,109.57,109.03
04/13/2023,109.75,18589080,109.90,110.045,109.55
04/12/2023,109.56,20049150,110.26,110.31,109.39
04/11/2023,109.79,14510120,109.84,109.95,109.55
04/10/2023,109.82,10825520,109.78,109.89,109.35
04/06/2023,110.33,14191320,110.49,110.60,110.23
04/05/2023,110.43,14674820,110.22,110.58,110.05
04/04/2023,110.07,20317730,109.42,110.20,109.29
04/03/2023,109.93,20093550,109.17,110.02,109.00
03/31/2023,109.61,19187430,109.10,109.685,108.855
03/30/2023,108.63,18267180,108.48,108.85,108.4601
03/29/2023,108.48,17505990,107.76,108.515,107.72
03/28/2023,107.98,14138030,108.04,108.21,107.7435
03/27/2023,108.16,16527900,108.48,108.99,108.13
03/24/2023,109.47,26204080,109.43,109.69,109.18
03/23/2023,109.13,28703820,108.71,109.22,108.38
03/22/2023,108.82,31434680,108.11,109.59,107.8078
03/21/2023,108.19,29109390,108.12,108.25,107.695
03/20/2023,107.67,24035090,108.08,108.28,107.56
03/17/2023,107.99,32011560,107.78,108.415,107.61
03/16/2023,107.45,37961940,108.06,108.30,107.125
03/15/2023,107.61,50591520,107.30,108.10,106.99
03/14/2023,106.59,49782090,106.84,107.57,106.425
03/13/2023,106.91,47445650,107.405,108.255,106.49
03/10/2023,106.82,36906040,106.50,107.135,106.245
03/09/2023,105.31,24552460,105.49,105.83,105.155
03/08/2023,105.41,29396510,105.90,106.17,105.15
03/07/2023,105.58,22431810,106.09,106.20,105.34
03/06/2023,105.88,14688600,106.50,106.54,105.82
03/03/2023,106.17,27316910,105.61,106.225,105.44
03/02/2023,104.98,23715120,104.43,104.98,104.325
03/01/2023,104.89,27249560,105.26,105.36,104.755
02/28/2023,105.92,18239110,105.44,106.00,105.27
02/27/2023,105.88,19660700,106.13,106.29,105.80
02/24/2023,105.85,26721100,105.845,106.05,105.58
02/23/2023,106.65,21144610,106.13,106.69,106.05
02/22/2023,105.82,20971720,105.94,106.27,105.77
02/21/2023,105.52,21136090,106.18,106.25,105.475
02/17/2023,107.04,18528940,106.27,107.04,106.22
02/16/2023,106.62,27910020,106.96,107.175,106.555
02/15/2023,107.48,24337610,107.715,107.79,107.205
02/14/2023,107.89,31922260,108.11,108.35,107.22
02/13/2023,108.16,32223580,107.86,108.16,107.77
02/10/2023,107.76,16092110,108.384,108.45,107.7222
02/09/2023,108.52,21637540,109.96,109.97,108.46
02/08/2023,109.44,16484350,109.43,109.64,108.95
02/07/2023,109.33,25191280,109.50,110.12,109.19
02/06/2023,109.69,18455450,109.98,110.01,109.615
02/03/2023,110.54,16053920,110.70,110.90,110.285
02/02/2023,111.81,18958920,112.36,112.51,111.70
02/01/2023,111.65,29127270,110.87,111.90,110.28
01/31/2023,110.87,27212330,110.67,110.97,110.075
01/30/2023,110.08,20019840,110.16,110.62,110.01
01/27/2023,110.50,8924933,110.37,110.66,110.28
01/26/2023,110.82,13250340,110.93,111.08,110.37
01/25/2023,110.86,15449980,110.71,110.96,110.33
01/24/2023,110.81,12419660,110.29,110.9375,109.92
01/23/2023,110.23,18814700,110.15,110.52,110.075
01/20/2023,110.55,15439990,110.58,110.68,110.12
01/19/2023,111.13,18085790,110.87,111.23,110.755
01/18/2023,111.36,27794610,111.68,111.9499,110.865
01/17/2023,110.07,20745090,110.01,110.41,109.92
01/13/2023,110.47,21077700,110.45,110.89,110.31
01/12/2023,110.83,18372680,109.88,110.85,109.24
01/11/2023,109.59,19541690,109.315,109.635,109.17
01/10/2023,108.66,19225230,108.51,108.83,108.245
01/09/2023,109.03,20449770,108.44,109.29,108.335
01/06/2023,108.60,20695580,107.03,108.765,106.89
01/05/2023,106.85,9848140,106.09,106.96,106.09
01/04/2023,106.93,13951910,107.03,107.10,106.52
01/03/2023,106.16,15589920,106.95,106.99,105.85
12/30/2022,105.43,8528240,105.81,105.94,105.17
12/29/2022,106.10,14253320,105.73,106.14,105.66
12/28/2022,105.35,10050850,106.07,106.23,105.35
12/27/2022,105.68,10456240,106.32,106.535,105.64
12/23/2022,107.06,5992373,106.96,107.31,106.83
12/22/2022,107.39,13957360,107.37,107.54,107.14
12/21/2022,107.42,15087960,107.375,107.52,107.01
12/20/2022,106.69,18678040,106.93,107.015,106.52
12/19/2022,107.96,14746160,108.43,108.45,107.70
12/16/2022,109.06,16643930,108.48,109.20,108.48
12/15/2022,109.53,16931210,109.525,109.715,109.16
12/14/2022,109.77,19894850,109.66,109.925,108.77
12/13/2022,109.67,19976180,110.76,110.89,109.475
12/12/2022,108.72,13988350,109.62,109.74,108.65
12/09/2022,108.86,15568810,109.30,109.40,108.82
12/08/2022,109.68,18285620,109.74,110.03,109.405
12/07/2022,110.03,22116740,109.39,110.08,109.28
12/06/2022,108.82,18220800,108.87,108.975,108.53
12/05/2022,108.49,19612020,108.71,108.71,108.02
12/02/2022,109.42,16908920,108.00,109.42,107.79
12/01/2022,108.76,30830240,107.92,108.81,107.61
11/30/2022,107.76,20930130,106.40,107.78,105.99
11/29/2022,106.46,23040030,106.51,106.81,106.24
11/28/2022,106.99,18815780,107.851,107.88,106.885
11/25/2022,107.77,4413866,107.72,107.79,107.50
11/23/2022,107.66,12511520,106.96,107.70,106.92
11/22/2022,106.59,15050370,106.19,106.73,106.055
11/21/2022,105.65,9664122,106.20,106.36,105.64
11/18/2022,105.81,14214140,106.13,106.29,105.61
11/17/2022,105.82,24106640,105.52,105.91,105.22
11/16/2022,106.39,24648840,105.80,106.60,105.58
11/15/2022,105.49,25504490,105.12,105.53,104.82
11/14/2022,104.04,22501590,104.21,104.45,104.01
11/11/2022,104.57,8578579,104.12,104.74,103.98
11/10/2022,104.29,28447720,103.10,104.39,103.07
11/09/2022,100.91,12204080,100.86,101.42,100.65
11/08/2022,101.17,19206010,101.00,101.485,100.85
11/07/2022,100.75,13428280,101.17,101.23,100.535
11/04/2022,101.12,16698160,101.21,101.55,100.66
11/03/2022,100.92,52723920,100.33,101.18,100.01
11/02/2022,101.28,23175390,101.91,102.92,101.02
11/01/2022,101.77,26415330,102.10,102.19,101.19
10/31/2022,101.35,21884110,101.54,101.675,100.97
10/28/2022,101.90,19532430,101.29,102.05,101.24
10/27/2022,101.69,21002880,101.57,102.09,101.20
10/26/2022,101.22,22201500,101.01,101.715,100.905
10/25/2022,100.76,23143140,100.29,101.185,100.29
10/24/2022,99.43,16517150,99.38,99.98,98.83
10/21/2022,99.48,18871720,98.73,99.64,98.41
10/20/2022,99.20,21437440,99.82,100.365,99.10
10/19/2022,100.07,16461790,100.54,100.84,99.94
10/18/2022,101.46,23532580,101.47,101.61,100.51
10/17/2022,100.86,16585730,101.26,101.67,100.79
10/14/2022,100.38,20682060,101.99,101.99,100.27
10/13/2022,101.35,20727750,99.195,101.635,99.18
10/12/2022,101.17,18941160,101.17,101.48,100.83
10/11/2022,101.29,30332930,101.77,102.17,101.0406
10/10/2022,101.50,6179438,102.39,102.45,101.085
10/07/2022,102.42,20895660,102.84,102.91,102.37
10/06/2022,103.45,22017310,103.68,103.94,103.20
10/05/2022,103.69,24999490,103.67,103.89,102.95
10/04/2022,104.48,21918790,104.81,105.12,104.36
10/03/2022,104.00,27200860,103.61,104.84,103.39
09/30/2022,102.45,24058320,103.06,103.568,102.44
09/29/2022,102.71,30873040,102.52,102.78,101.74
09/28/2022,103.48,39921320,102.49,103.57,102.27
09/27/2022,101.44,34683460,103.06,103.27,101.40
09/26/2022,102.99,27606540,104.39,104.59,102.94
09/23/2022,104.81,18671320,104.88,105.07,104.33
09/22/2022,105.11,20982550,105.62,105.63,104.81
09/21/2022,106.61,23883240,106.63,106.90,105.60
09/20/2022,106.21,30310470,106.34,106.645,106.06
09/19/2022,107.28,13679570,106.62,107.39,106.53
09/16/2022,107.10,13980900,106.75,108.16,106.73
09/15/2022,107.35,12947880,107.62,107.76,107.20
09/14/2022,107.87,19360490,107.325,108.06,107.295
09/13/2022,107.36,19563390,107.06,107.52,106.91
09/12/2022,108.14,11084610,108.80,109.02,107.92
09/09/2022,108.38,11911890,108.55,108.99,108.35
09/08/2022,108.13,16871070,108.34,108.67,108.045
09/07/2022,108.38,21874290,107.41,108.49,107.39
09/06/2022,106.92,16455720,107.86,107.94,106.92
09/02/2022,108.39,14458770,108.85,109.25,108.38
09/01/2022,108.31,26706590,108.19,108.42,107.35
08/31/2022,109.27,19484350,110.20,110.37,109.21
08/30/2022,110.43,19251290,110.58,110.80,109.85
08/29/2022,110.29,18372020,110.62,110.62,110.15
08/26/2022,111.11,13942300,111.45,111.74,111.01
08/25/2022,111.78,33579220,111.23,112.035,110.75
08/24/2022,110.64,14441010,110.73,110.80,110.425
08/23/2022,110.97,14517750,110.72,111.49,110.61
08/22/2022,110.85,10208580,111.29,111.30,110.73
08/19/2022,111.60,17996710,111.94,111.94,111.345
08/18/2022,112.94,13914250,113.01,113.32,112.88
08/17/2022,112.65,20836830,112.96,113.18,112.40
08/16/2022,113.72,15328860,113.81,113.87,113.13
08/15/2022,114.16,10750250,114.44,114.61,114.14
08/12/2022,114.24,16542940,113.54,114.26,113.27
08/11/2022,112.93,24970100,114.47,114.98,112.88
08/10/2022,114.03,25548180,113.555,114.31,113.54
08/09/2022,112.96,17809030,113.02,113.21,112.83
08/08/2022,113.47,11889780,113.58,113.94,113.41
08/05/2022,113.02,15893430,112.95,113.10,112.31
08/04/2022,114.57,22451040,114.26,114.63,113.91
08/03/2022,114.39,19416500,113.23,114.42,112.87
08/02/2022,113.16,22706470,114.53,114.68,113.07
08/01/2022,114.56,18348910,114.38,114.91,114.26
07/29/2022,114.61,14914100,114.28,115.075,114.14
07/28/2022,114.34,17266710,114.23,114.51,113.985
07/27/2022,113.40,16995230,113.16,114.05,113.13
07/26/2022,112.65,18514580,113.01,113.12,112.60
07/25/2022,112.67,25656670,112.84,113.005,112.395
07/22/2022,113.63,16062440,113.71,114.24,113.14
07/21/2022,112.76,25141920,111.51,112.77,111.51
07/20/2022,111.24,9888099,111.85,111.94,111.155
07/19/2022,111.36,15414530,111.21,111.47,110.82
07/18/2022,111.05,15665490,111.66,111.67,110.97
07/15/2022,111.83,15192540,110.86,112.05,110.86
07/14/2022,110.94,22978630,110.44,111.22,110.09
07/13/2022,111.65,25657330,109.72,111.78,109.71
07/12/2022,110.82,18053620,111.11,111.575,110.78
07/11/2022,110.66,9456917,110.82,111.16,110.50
07/08/2022,110.35,14384530,110.12,110.41,109.945
07/07/2022,110.53,15166040,110.96,111.14,110.325
07/06/2022,110.54,17291340,111.41,111.58,110.43
07/05/2022,111.09,16727990,111.20,111.30,110.84
07/01/2022,111.12,20179420,110.66,111.46,110.47
06/30/2022,110.03,16570810,109.77,110.90,109.77
06/29/2022,109.70,10747070,109.10,109.71,109.015
06/28/2022,109.05,18998420,108.90,109.11,108.52
06/27/2022,109.08,20847010,109.48,109.71,109.02
06/24/2022,110.09,18668910,109.88,110.67,109.85
06/23/2022,109.96,30742180,109.64,110.82,109.59
06/22/2022,109.12,18943270,109.46,109.67,109.06
06/21/2022,108.33,17031520,108.94,109.42,108.21
06/17/2022,109.43,17319660,109.52,109.71,108.77
06/16/2022,109.21,30588290,107.59,109.48,107.29
06/15/2022,109.09,31581510,108.66,109.19,107.739
06/14/2022,107.41,27320830,108.46,108.82,107.16
06/13/2022,107.97,34771940,108.37,108.85,107.095
06/10/2022,110.52,36297860,111.01,111.14,109.86
06/09/2022,111.60,24846720,112.06,112.34,111.54
06/08/2022,112.34,13730820,112.76,113.09,112.33
06/07/2022,112.99,11291420,112.69,113.29,112.605
06/06/2022,112.39,12213940,113.11,113.19,112.31
06/03/2022,113.19,11440920,112.74,113.20,112.74
06/02/2022,113.55,14823340,113.66,113.79,112.89
06/01/2022,113.50,22343890,114.66,114.90,113.085
05/31/2022,114.44,20336870,114.26,114.66,113.71
05/27/2022,115.29,9246068,115.17,115.66,114.87
05/26/2022,114.69,34022350,114.83,115.27,114.43
05/25/2022,114.66,25636970,114.02,114.68,113.9241
05/24/2022,113.49,17210430,112.49,113.605,112.41
05/23/2022,112.02,14892390,112.07,112.51,111.78
05/20/2022,112.42,13906730,112.18,112.455,111.98
05/19/2022,111.87,21212490,112.27,112.62,111.71
05/18/2022,111.57,16146360,110.89,111.62,110.89
05/17/2022,111.16,16562640,111.17,111.40,110.95
05/16/2022,111.80,11980550,111.85,112.31,111.74
05/13/2022,111.65,16107860,112.07,112.16,111.415
05/12/2022,112.24,22156360,112.46,112.88,112.16
05/11/2022,112.19,25053520,111.20,112.46,111.035
05/10/2022,111.67,25650780,112.08,112.36,111.57
05/09/2022,111.20,17185890,110.42,111.315,110.185
05/06/2022,110.81,15550450,110.85,111.52,110.66
05/05/2022,111.76,34356890,112.44,112.49,110.89
05/04/2022,113.50,34240690,112.39,113.86,111.78
05/03/2022,112.40,20914640,112.78,113.34,112.285
05/02/2022,111.68,17184330,111.69,111.92,111.30
04/29/2022,112.60,20257380,112.91,113.52,112.38
04/28/2022,113.86,19645510,113.27,113.87,113.02
04/27/2022,113.52,19426180,114.40,114.81,113.47
04/26/2022,114.62,22695330,115.24,115.27,114.48
04/25/2022,114.68,22261520,114.03,114.86,114.02
04/22/2022,113.42,19927260,113.11,113.71,112.81
04/21/2022,113.55,25288670,114.50,114.58,113.22
04/20/2022,114.77,21119390,114.33,115.0925,114.31
04/19/2022,113.59,19775470,113.93,114.165,113.52
04/18/2022,114.50,16576010,115.14,115.33,114.39
04/14/2022,115.38,19717780,116.67,116.70,115.27
04/13/2022,116.74,21276170,116.15,116.81,116.10
04/12/2022,116.14,25029070,116.84,117.17,116.13
04/11/2022,116.06,20685540,116.495,116.585,115.7793
04/08/2022,117.20,16072830,117.25,117.56,116.85
04/07/2022,118.13,21292700,118.53,118.62,117.9134
04/06/2022,118.68,25447410,118.11,119.24,117.80
04/05/2022,119.38,22750400,121.14,121.19,119.36
04/04/2022,121.51,19647880,121.17,121.55,120.78
04/01/2022,121.09,16506870,120.06,121.395,119.95
03/31/2022,120.94,19905260,121.27,121.56,120.72
03/30/2022,121.22,17696720,120.49,121.35,120.43
03/29/2022,120.94,23812420,120.55,121.01,120.285
03/28/2022,119.93,18691120,119.48,120.12,119.325
03/25/2022,119.27,23247410,119.78,119.81,118.84
03/24/2022,120.22,20466510,119.40,120.395,118.84
03/23/2022,120.17,16949330,120.05,120.33,119.65
03/22/2022,119.83,16780940,119.74,119.99,119.59
03/21/2022,120.12,17919340,120.89,121.155,119.955
03/18/2022,121.81,21675070,121.15,121.985,121.15
03/17/2022,121.57,23878300,121.01,121.875,120.83
03/16/2022,120.39,32561810,119.90,120.45,118.67
03/15/2022,119.37,24021970,119.01,119.47,118.82
03/14/2022,118.44,18624870,119.11,119.57,118.40
03/11/2022,120.18,20701320,120.30,120.42,120.07
03/10/2022,120.23,34185880,120.88,120.93,119.79
03/09/2022,121.62,27652200,121.56,121.995,121.415
03/08/2022,121.41,20045210,121.32,121.83,120.81
03/07/2022,122.14,16164900,122.887,123.29,122.00
03/04/2022,123.64,17514790,124.33,124.445,123.57
03/03/2022,123.52,14144570,123.53,123.86,123.24
03/02/2022,123.07,24849920,124.13,124.30,123.04
03/01/2022,124.97,28504620,124.84,125.835,124.80
02/28/2022,124.80,23474500,123.94,125.00,123.94
02/25/2022,123.48,19073670,123.32,124.08,123.02
02/24/2022,122.98,29244990,122.468,123.08,122.22
02/23/2022,122.40,16580050,123.23,123.35,122.37
02/22/2022,123.52,18010970,123.247,123.53,123.12
02/18/2022,123.68,19233800,123.76,124.14,123.26
02/17/2022,123.38,24384650,123.44,123.77,123.09
02/16/2022,123.29,27148760,123.47,123.485,122.615
02/15/2022,123.11,15673690,123.59,123.85,123.11
02/14/2022,123.73,22793550,124.15,124.30,123.66
02/11/2022,124.84,21553540,124.19,124.96,123.70
02/10/2022,123.92,39583910,124.96,125.19,123.895
02/09/2022,125.63,19616440,125.72,126.08,125.60
02/08/2022,125.21,22126120,125.54,125.68,125.21
02/07/2022,125.68,12756780,125.33,125.805,125.20
02/04/2022,125.45,26115790,125.68,125.795,125.11
02/03/2022,126.71,23396820,126.82,126.93,126.46
02/02/2022,127.74,22644800,127.94,128.30,127.61
02/01/2022,127.73,17587320,127.59,127.82,127.05
01/31/2022,127.76,20325090,127.54,127.8755,127.26
01/28/2022,127.70,21294220,126.86,127.75,126.851
01/27/2022,127.56,22292840,127.71,128.055,127.315
01/26/2022,127.27,23220800,128.48,128.62,127.15
01/25/2022,128.14,17247290,128.48,128.795,128.09
01/24/2022,128.50,22567070,128.94,129.00,128.41
01/21/2022,128.90,21504720,128.68,129.11,128.615
01/20/2022,128.06,22915750,128.29,128.50,127.93
01/19/2022,128.13,16057950,128.27,128.685,128.10
01/18/2022,127.93,15266620,128.42,128.49,127.87
01/14/2022,129.16,14308290,129.71,129.73,129.10
01/13/2022,130.31,13468490,130.11,130.32,129.685
01/12/2022,129.90,12733150,130.23,130.375,129.89
01/11/2022,129.99,17230970,129.61,130.075,129.48
01/10/2022,129.60,14253380,129.40,129.675,129.03
01/07/2022,129.72,17750840,130.11,130.20,129.47
01/06/2022,130.28,19336310,130.18,130.475,130.00
01/05/2022,130.45,16107540,131.48,131.48,130.42
01/04/2022,131.22,18748080,130.94,131.24,130.69
01/03/2022,131.11,18199490,131.78,131.79,131.11
12/31/2021,132.52,8514488,132.73,133.025,132.45
12/30/2021,132.72,5566952,132.38,132.75,132.10
12/29/2021,132.19,7263024,132.38,132.505,132.0023
12/28/2021,132.92,6864294,133.36,133.4102,132.745
12/27/2021,133.09,8744170,132.74,133.20,132.68
12/23/2021,132.70,8401171,132.77,132.82,132.42
12/22/2021,132.90,7850770,132.87,132.905,132.5646
12/21/2021,132.69,12933300,131.48,132.695,131.48
12/20/2021,132.43,12931380,132.77,132.905,132.35
12/17/2021,133.01,8753079,132.85,133.14,132.85
12/16/2021,132.70,9750195,132.78,133.10,132.52
12/15/2021,132.96,20585140,132.37,133.03,132.32
12/14/2021,132.79,17725390,133.03,133.17,132.61
12/13/2021,133.39,10264240,133.32,133.695,133.28
12/10/2021,132.79,12792290,133.29,133.33,132.73
12/09/2021,132.64,12348350,132.94,133.155,132.59
12/08/2021,132.75,17408000,133.30,133.36,132.54
12/07/2021,133.64,17338160,133.64,134.07,133.48
12/06/2021,133.58,25332020,134.21,134.235,133.51
12/03/2021,134.26,25740100,133.12,134.56,133.07
12/02/2021,133.15,17305870,132.87,133.23,132.60
12/01/2021,132.84,18070800,132.77,132.955,132.35
11/30/2021,133.06,28873420,133.23,133.73,132.77
11/29/2021,132.77,21231690,132.14,132.87,132.05
11/26/2021,132.68,14399310,132.02,132.74,131.81
11/24/2021,131.61,14019910,130.96,131.63,130.81
11/23/2021,130.98,10987340,131.61,131.695,130.98
11/22/2021,131.92,13745420,132.55,132.755,131.865
11/19/2021,133.08,17682910,132.90,133.21,132.89
11/18/2021,132.58,14086150,132.19,132.69,132.185
11/17/2021,132.28,14541070,131.60,132.32,131.49
11/16/2021,131.75,18709450,131.89,132.35,131.6801
11/15/2021,131.97,12353440,132.85,132.90,131.955
11/12/2021,132.98,11897110,133.30,133.42,132.795
11/11/2021,133.12,6168960,133.54,133.68,133.05
11/10/2021,133.50,23397260,134.67,134.69,133.245
11/09/2021,134.88,18075420,135.21,135.31,134.86
11/08/2021,134.52,8494187,134.69,134.71,134.34
11/05/2021,134.83,15840440,134.34,135.00,134.22
11/04/2021,133.85,20135510,133.30,134.0339,133.30
11/03/2021,133.15,11847700,133.63,133.735,132.905
11/02/2021,133.49,18047620,132.98,133.5696,132.98
11/01/2021,132.98,11894250,132.61,133.07,132.61
10/29/2021,133.48,17367820,133.01,133.715,132.9484
10/28/2021,133.55,18514350,133.71,133.88,133.29
10/27/2021,133.75,15928280,133.53,134.06,133.2423
10/26/2021,132.94,10100630,132.72,132.96,132.40
10/25/2021,132.37,8206837,132.30,132.635,132.26
10/22/2021,132.31,13735120,132.09,132.44,131.98
10/21/2021,131.78,13131000,132.00,132.0599,131.66
10/20/2021,132.06,13810180,132.31,132.505,132.03
10/19/2021,132.38,12213170,132.78,132.83,132.375
10/18/2021,133.11,11530290,133.00,133.295,132.71
10/15/2021,133.22,13131680,133.21,133.28,133.00
10/14/2021,133.70,15869960,133.31,133.70,133.22
10/13/2021,133.07,18260310,132.61,133.11,132.56
10/12/2021,132.40,19870410,132.09,132.45,131.84
10/11/2021,131.56,4336988,131.58,131.84,131.54
10/08/2021,131.81,9079400,132.28,132.31,131.71
10/07/2021,132.42,15805470,132.72,132.82,132.38
10/06/2021,133.01,13855630,133.00,133.13,132.78
10/05/2021,132.97,14635370,133.40,133.51,132.97
10/04/2021,133.52,12931100,133.43,133.67,133.25
10/01/2021,133.74,21381410,133.23,133.94,133.18
09/30/2021,133.03,21397070,133.31,133.38,132.97
09/29/2021,133.38,14956270,133.78,134.0699,133.25
09/28/2021,133.41,19987190,134.05,134.05,133.39
09/27/2021,134.85,13104120,134.63,134.955,134.54
09/24/2021,134.92,10797290,135.06,135.15,134.775
09/23/2021,135.21,14735490,135.71,135.71,135.00
09/22/2021,136.15,15898190,135.78,136.21,135.63
09/21/2021,135.77,15834640,135.80,135.89,135.67
09/20/2021,135.78,17519860,135.38,135.83,135.38
09/17/2021,135.36,15769650,135.29,135.40,135.10
09/16/2021,135.66,16282440,135.45,135.74,135.37
09/15/2021,135.85,14194420,135.96,136.00,135.6429
09/14/2021,136.01,16550290,135.77,136.26,135.675
09/13/2021,135.60,13159770,135.57,135.775,135.54
09/10/2021,135.27,10776620,135.52,135.60,135.09
09/09/2021,135.66,18014190,134.96,135.725,134.84
09/08/2021,134.78,16045040,134.58,134.88,134.40
09/07/2021,134.35,14271430,134.50,134.50,134.115
09/03/2021,134.99,7681262,134.91,135.09,134.82
09/02/2021,135.48,11822220,135.37,135.48,135.20
09/01/2021,135.24,16028060,135.33,135.39,134.88
08/31/2021,135.30,15644700,135.57,135.78,135.20
08/30/2021,135.61,9119883,135.25,135.66,135.22
08/27/2021,135.38,11670020,134.78,135.43,134.575
08/26/2021,134.63,14673650,134.83,134.85,134.45
08/25/2021,134.67,15533630,135.02,135.13,134.505
08/24/2021,135.02,13782970,135.20,135.30,134.91
08/23/2021,135.33,12064320,135.33,135.46,135.20
08/20/2021,135.23,10782110,135.29,135.385,135.05
08/19/2021,135.14,15681570,135.04,135.25,134.84
08/18/2021,134.83,9134583,134.93,135.1051,134.60
08/17/2021,134.92,15055870,134.94,135.13,134.825
08/16/2021,135.16,15203030,135.41,135.66,135.13
08/13/2021,135.08,17846570,134.51,135.12,134.40
08/12/2021,134.18,14593180,134.00,134.205,133.87
08/11/2021,133.99,15902190,133.78,134.33,133.57
08/10/2021,133.78,12103790,134.24,134.25,133.775
08/09/2021,134.08,14166740,134.69,134.805,134.08
08/06/2021,134.66,8641528,134.99,135.16,134.64
08/05/2021,135.77,13960880,136.11,136.135,135.74
08/04/2021,136.33,14426160,136.62,136.78,135.72
08/03/2021,136.30,13121740,136.19,136.40,136.14
08/02/2021,136.16,12042710,135.92,136.51,135.85
07/30/2021,136.01,11148080,135.96,136.18,135.93
07/29/2021,135.90,15828850,135.88,136.01,135.77
07/28/2021,136.29,12225670,135.76,136.30,135.63
07/27/2021,136.05,10506060,135.94,136.05,135.67
07/26/2021,135.47,8684605,135.89,135.89,135.38
07/23/2021,135.77,11455310,135.30,135.78,135.25
07/22/2021,135.83,6075016,135.38,135.895,135.27
07/21/2021,135.27,22384970,135.24,135.435,135.025
07/20/2021,135.75,24764830,136.37,136.5395,135.565
07/19/2021,135.94,21808520,135.65,136.0801,135.59
07/16/2021,134.97,9624562,134.80,135.1281,134.80
07/15/2021,135.16,15859130,135.22,135.29,134.77
07/14/2021,134.87,14420110,134.63,134.90,134.62
07/13/2021,134.25,19922430,134.90,134.96,134.025
07/12/2021,134.75,12577250,134.95,135.015,134.65
07/09/2021,134.82,13192610,134.80,134.88,134.72
07/08/2021,135.39,17494940,135.27,135.595,135.16
07/07/2021,135.32,16902420,135.13,135.495,134.98
07/06/2021,134.86,11499910,134.53,135.18,134.53
07/02/2021,134.37,6896231,134.03,134.38,133.95
07/01/2021,133.99,11062660,134.05,134.16,133.74
06/30/2021,134.36,17381490,134.43,134.6188,134.27
06/29/2021,134.21,11194380,133.81,134.22,133.77
06/28/2021,134.05,12359920,133.80,134.12,133.76
06/25/2021,133.48,10981630,133.84,133.93,133.14
06/24/2021,133.83,8241264,133.70,133.88,133.64
06/23/2021,133.57,12519110,133.59,133.80,133.45
06/22/2021,133.78,12098360,133.13,133.79,133.11
06/21/2021,133.56,22491960,133.75,133.92,133.47
06/18/2021,134.34,21169710,133.89,134.565,133.77
06/17/2021,133.64,22735770,133.22,134.26,133.22
06/16/2021,132.90,22698470,133.44,133.71,132.53
06/15/2021,133.28,17848180,133.06,133.315,132.9619
06/14/2021,133.18,8327233,133.49,133.51,133.00
06/11/2021,133.67,12707030,133.67,133.80,133.43
06/10/2021,133.56,16424150,132.74,133.57,132.64
06/09/2021,132.96,12152190,132.98,133.16,132.78
06/08/2021,132.48,10626820,132.32,132.53,132.32
06/07/2021,131.98,5000052,131.97,132.05,131.86
06/04/2021,132.09,11427270,131.59,132.10,131.54
06/03/2021,131.16,10028140,131.30,131.385,131.125
06/02/2021,131.68,8140395,131.56,131.76,131.55
06/01/2021,131.47,6390641,131.44,131.50,131.11
05/28/2021,131.71,10432410,131.69,132.06,131.66
05/27/2021,131.60,15033010,131.81,131.825,131.02
05/26/2021,132.00,28568480,131.88,132.125,131.74
05/25/2021,132.07,11427980,131.675,132.11,131.66
05/24/2021,131.58,5756406,131.50,131.65,131.36
05/21/2021,131.22,7826209,131.32,131.42,131.085
05/20/2021,131.13,10498140,130.64,131.17,130.64
05/19/2021,130.24,20069580,130.36,130.68,129.98
05/18/2021,130.47,8835329,130.67,130.7289,130.45
05/17/2021,130.90,6001588,131.05,131.06,130.82
05/14/2021,131.05,8987246,130.82,131.08,130.67
05/13/2021,130.34,9508186,130.13,130.545,130.13
05/12/2021,129.85,12569910,130.13,130.31,129.78
05/11/2021,130.56,12179350,130.54,130.79,130.42
05/10/2021,131.04,9704980,131.52,131.77,131.03
05/07/2021,131.75,11267320,132.08,132.3399,131.53
05/06/2021,131.70,9383635,131.50,131.76,131.37
05/05/2021,131.45,5722289,131.12,131.50,131.09
05/04/2021,131.29,14006840,131.48,131.61,131.09
05/03/2021,131.21,9029974,131.13,131.43,130.87
04/30/2021,131.15,11860240,130.96,131.235,130.87
04/29/2021,130.88,11697270,130.67,130.93,130.36
04/28/2021,131.04,15731060,131.01,131.11,130.58
04/27/2021,131.02,10418200,131.595,131.64,131.02
04/26/2021,131.61,10915240,131.70,131.88,131.59
04/23/2021,131.67,15221710,131.72,131.89,131.49
04/22/2021,131.56,16487140,131.55,131.67,131.265
04/21/2021,131.43,10473580,131.06,131.43,130.901
04/20/2021,130.98,11996240,130.69,131.185,130.65
04/19/2021,130.73,10868230,130.78,130.90,130.63
04/16/2021,131.07,21100230,131.28,131.68,131.05
04/15/2021,131.97,17234360,131.66,132.32,131.65
04/14/2021,131.16,10219320,131.16,131.29,130.935
04/13/2021,131.34,9582185,130.61,131.35,130.56
04/12/2021,130.76,10579800,130.70,130.77,130.52
04/09/2021,130.79,7568296,130.64,131.095,130.535
04/08/2021,131.06,7452813,130.75,131.08,130.672
04/07/2021,130.58,10976490,130.79,130.92,130.405
04/06/2021,130.84,15762030,130.16,130.875,130.16
04/05/2021,129.97,17015540,130.19,130.30,129.9211
04/01/2021,130.61,16390890,130.46,130.65,130.15
03/31/2021,130.05,23764640,129.91,130.38,129.83
03/30/2021,129.71,20219320,129.26,129.785,128.98
03/29/2021,129.31,11279890,129.665,129.71,129.11
03/26/2021,129.62,14315000,129.45,129.82,129.33
03/25/2021,129.71,12945960,129.932,130.02,129.45
03/24/2021,129.86,13435370,129.21,129.92,129.21
03/23/2021,129.47,32228000,129.09,129.59,129.09
03/22/2021,129.09,16677230,129.06,129.46,128.93
03/19/2021,128.63,19776140,128.43,128.72,128.24
03/18/2021,128.44,21368800,128.01,128.62,127.91
03/17/2021,129.18,19086150,128.48,129.46,128.305
03/16/2021,129.06,11356870,129.21,129.39,128.87
03/15/2021,129.15,10222170,128.83,129.28,128.83
03/12/2021,128.71,14352040,129.13,129.29,128.66
03/11/2021,130.21,20622120,130.29,130.55,130.06
03/10/2021,130.13,19440400,129.71,130.29,129.71
03/09/2021,129.52,21900250,129.21,129.62,129.16
03/08/2021,128.55,15029170,129.53,129.62,128.525
03/05/2021,129.76,23789390,129.59,129.925,129.27
03/04/2021,129.93,21771800,131.05,131.16,129.81
03/03/2021,131.00,24043350,131.29,131.85,130.935
03/02/2021,131.98,13633420,132.10,132.11,131.77
03/01/2021,132.13,23890800,131.64,132.17,131.64
02/26/2021,132.27,23284530,131.44,132.32,130.99
02/25/2021,130.54,35471210,131.73,131.91,129.78
02/24/2021,132.64,18120060,131.64,132.67,131.35
02/23/2021,132.44,23482690,131.91,132.47,131.76
02/22/2021,132.34,17978050,132.94,133.2181,132.25
02/19/2021,133.17,13678470,133.79,133.90,133.15
02/18/2021,134.14,15414080,134.126,134.355,133.84
02/17/2021,134.40,16195360,134.34,134.43,134.03
02/16/2021,133.73,21429310,134.02,134.29,133.71
02/12/2021,134.68,13717100,134.61,134.94,134.57
02/11/2021,135.12,9241061,135.54,135.56,135.04
02/10/2021,135.48,9414542,135.38,135.55,135.29
02/09/2021,135.16,11755120,135.47,135.49,134.88
02/08/2021,135.37,13460320,134.93,135.41,134.87
02/05/2021,134.79,12016340,135.24,135.3781,134.72
02/04/2021,135.15,10689560,134.81,135.215,134.6338
02/03/2021,134.92,13189650,135.00,135.08,134.87
02/02/2021,135.24,12710630,135.21,135.36,135.04
02/01/2021,135.60,10682300,135.37,135.699,135.31
01/29/2021,135.60,18131560,135.42,135.90,134.96
01/28/2021,135.81,16896870,136.04,136.1781,135.76
01/27/2021,136.03,13822680,136.42,136.44,135.98
01/26/2021,136.27,11926930,136.02,136.445,135.96
01/25/2021,136.28,14603690,135.95,136.365,135.93
01/22/2021,135.70,15998760,135.76,135.91,135.605
01/21/2021,135.80,25084340,135.77,135.93,135.6022
01/20/2021,136.34,12218520,136.35,136.51,136.27
01/19/2021,136.38,12807580,136.09,136.48,136.05
01/15/2021,136.14,13680770,136.24,136.51,136.04
01/14/2021,135.93,22050510,136.55,136.63,135.84
01/13/2021,136.52,16490690,135.76,136.635,135.73
01/12/2021,135.47,16766160,135.11,135.54,134.7367
01/11/2021,135.18,7567669,135.49,135.49,135.17
01/08/2021,135.76,13341440,135.78,135.89,135.45
01/07/2021,135.86,11886100,135.56,135.945,135.54
01/06/2021,135.88,19136590,135.78,135.9789,135.40
01/05/2021,136.99,16294450,137.06,137.06,136.55
01/04/2021,137.43,14891420,137.89,137.89,137.375
12/31/2020,138.13,6932337,138.04,138.215,137.96
12/30/2020,138.10,5343075,137.89,138.11,137.79
12/29/2020,137.92,6581765,137.61,137.93,137.60
12/28/2020,137.86,6279173,137.57,137.90,137.50
12/24/2020,137.77,3397020,137.48,137.83,137.48
12/23/2020,137.30,7553144,136.92,137.315,136.65
12/22/2020,137.27,10226790,137.19,137.29,136.9871
12/21/2020,136.89,11925030,137.13,137.1416,136.665
12/18/2020,137.16,8781940,137.48,137.52,137.01
12/17/2020,137.26,12338840,137.52,137.58,136.97
12/16/2020,137.34,12326050,137.17,137.6081,136.88
12/15/2020,137.45,12254540,137.17,137.475,137.094
12/14/2020,137.18,8004035,136.98,137.32,136.87
12/11/2020,137.28,9022995,137.14,137.31,136.9211
12/10/2020,137.14,13527560,136.57,137.16,136.56
12/09/2020,136.46,20824700,136.60,136.60,136.12
12/08/2020,136.96,12797670,137.37,137.445,136.90
12/07/2020,137.12,16697450,137.34,137.49,137.07
12/04/2020,137.00,12521220,137.14,137.3399,136.84
12/03/2020,137.76,18888670,137.65,138.03,137.48
12/02/2020,137.22,15637740,137.46,137.50,136.98
12/01/2020,137.68,18933740,138.05,138.27,137.48
11/30/2020,138.48,11856170,138.10,138.52,137.945
11/27/2020,138.00,3404832,137.82,138.07,137.75
11/25/2020,137.51,6709831,137.60,137.63,137.38
11/24/2020,137.43,11204390,137.70,137.78,137.40
11/23/2020,137.74,8648510,137.67,137.81,137.55
11/20/2020,137.57,18308640,137.40,137.75,137.17
11/19/2020,137.69,16107790,137.20,137.85,137.1138
11/18/2020,136.93,11878360,136.84,137.08,136.78
11/17/2020,136.64,11832350,136.39,136.76,136.26
11/16/2020,136.20,12742850,135.80,136.25,135.73
11/13/2020,135.76,8258122,135.77,135.935,135.62
11/12/2020,135.60,16891520,135.18,135.60,135.07
11/11/2020,135.06,3763335,135.00,135.09,134.71
11/10/2020,134.81,18849780,134.82,135.37,134.77
11/09/2020,135.16,21273930,136.19,136.3046,135.14
11/06/2020,136.19,11775950,136.27,136.33,135.9401
11/05/2020,136.62,14349870,136.54,136.82,136.35
11/04/2020,136.11,20019570,135.61,136.23,135.56
11/03/2020,134.10,11661910,133.91,134.14,133.78
11/02/2020,133.97,18496390,133.96,134.25,133.875
10/30/2020,133.73,19875660,134.27,134.54,133.72
10/29/2020,134.43,14744560,134.80,134.80,134.08
10/28/2020,134.78,13578300,135.41,135.48,134.74
10/27/2020,135.45,7023753,135.07,135.46,135.01
10/26/2020,134.90,9776567,134.78,135.01,134.72
10/23/2020,134.62,12010820,134.31,134.725,134.295
10/22/2020,134.28,9661795,134.50,134.5358,134.16
10/21/2020,134.58,8890069,134.59,134.875,134.54
10/20/2020,134.80,13413430,134.98,135.01,134.77
10/19/2020,135.08,8634524,135.25,135.3153,135.01
10/16/2020,135.34,8742433,135.51,135.87,135.32
10/15/2020,135.57,13255880,135.70,135.76,135.49
10/14/2020,135.71,12994640,135.79,135.90,135.495
10/13/2020,135.58,9228233,135.67,135.79,135.39
10/12/2020,135.71,5465387,135.11,135.75,135.10
10/09/2020,134.93,9979739,134.52,134.98,134.445
10/08/2020,134.62,12101950,134.66,134.85,134.51
10/07/2020,134.29,14745580,134.26,134.74,134.11
10/06/2020,134.25,22370640,134.45,134.95,133.95
10/05/2020,134.36,10078670,134.49,134.76,134.32
10/02/2020,134.81,10829600,134.66,134.89,134.40
10/01/2020,134.79,12642650,134.26,134.93,134.21
09/30/2020,134.71,11634670,134.65,134.785,134.4219
09/29/2020,134.73,8428623,135.06,135.18,134.71
09/28/2020,134.90,8579799,134.52,134.92,134.39
09/25/2020,134.22,9793104,134.28,134.45,134.04
09/24/2020,134.36,20595030,134.68,134.805,134.23
09/23/2020,134.70,17759950,135.66,135.73,134.62
09/22/2020,135.68,8295968,135.71,135.80,135.52
09/21/2020,135.60,12081120,135.97,135.97,135.47
09/18/2020,135.73,9967982,136.06,136.1163,135.69
09/17/2020,135.98,12190390,136.27,136.30,135.79
09/16/2020,135.95,8868226,136.17,136.27,135.755
09/15/2020,135.86,9388467,135.74,135.99,135.73
09/14/2020,135.71,13896230,135.60,135.98,135.5766
09/11/2020,135.37,9772962,135.33,135.60,135.18
09/10/2020,135.27,12624760,135.05,135.42,134.875
09/09/2020,135.17,11639960,135.11,135.69,135.01
09/08/2020,135.08,13932310,135.14,135.43,134.99
09/04/2020,134.95,13177980,136.01,136.12,134.87
09/03/2020,136.40,16452800,136.87,136.90,136.33
09/02/2020,136.70,14236650,136.05,136.81,135.9985
09/01/2020,136.16,13289880,135.25,136.20,135.10
08/31/2020,135.60,11873980,135.12,135.79,135.0581
08/28/2020,135.00,7907472,134.83,135.07,134.62
08/27/2020,134.59,12251100,135.86,135.8907,134.56
08/26/2020,135.67,6259006,135.40,135.675,135.13
08/25/2020,135.62,12191070,135.71,136.00,135.23
08/24/2020,136.21,13093520,136.46,136.67,136.12
08/21/2020,136.45,6353926,136.28,136.49,135.98
08/20/2020,136.20,12065250,136.24,136.35,136.02
08/19/2020,135.72,12168690,136.28,136.35,135.60
08/18/2020,136.08,12198040,135.86,136.24,135.74
08/17/2020,135.69,9523060,135.75,135.92,135.5721
08/14/2020,135.41,12409380,135.85,136.12,135.28
08/13/2020,136.01,20754790,137.15,137.23,135.75
08/12/2020,137.25,11902610,137.50,137.7284,137.10
08/11/2020,137.59,12870520,138.00,138.09,137.485
08/10/2020,138.46,6137147,138.98,138.99,138.41
08/07/2020,138.76,7405328,139.29,139.38,138.72
08/06/2020,139.15,8067832,138.99,139.2585,138.93
08/05/2020,138.56,11601950,138.54,138.80,138.43
08/04/2020,138.75,10101940,138.49,138.75,138.41
08/03/2020,138.24,10916290,137.95,138.34,137.8099
07/31/2020,138.35,11788730,138.14,138.46,137.93
07/30/2020,138.16,8939909,138.23,138.31,137.96
07/29/2020,138.31,7625173,137.69,138.31,137.57
07/28/2020,137.56,12922620,137.92,137.99,137.51
07/27/2020,137.70,6347615,138.19,138.29,137.61
07/24/2020,138.12,9106546,138.17,138.39,137.95
07/23/2020,138.43,9544263,138.47,138.52,138.17
07/22/2020,138.33,6229892,138.28,138.34,138.10
07/21/2020,137.88,7712515,137.92,138.10,137.7809
07/20/2020,137.70,7244318,137.62,137.70,137.40
07/17/2020,137.32,6078603,137.32,137.409,136.94
07/16/2020,136.95,7761820,136.72,137.0299,136.60
07/15/2020,136.57,8815671,136.48,136.58,136.24
07/14/2020,136.30,12505560,135.85,136.438,135.80
07/13/2020,135.51,22457240,135.89,136.08,135.43
07/10/2020,135.87,9043081,136.31,136.42,135.68
07/09/2020,136.12,9808983,135.64,136.25,135.42
07/08/2020,135.36,10032990,135.67,135.71,135.23
07/07/2020,135.58,11645120,135.40,135.675,135.225
07/06/2020,135.40,12706810,135.16,135.515,134.9647
07/02/2020,135.05,9733182,134.96,135.11,134.79
07/01/2020,134.72,11872560,134.15,134.94,133.88
06/30/2020,134.50,11598980,134.31,134.53,133.82
06/29/2020,134.12,10954610,133.51,134.12,133.18
06/26/2020,133.50,7304904,133.40,133.60,133.15
06/25/2020,133.38,19115280,133.37,133.49,133.08
06/24/2020,133.24,12357270,133.34,133.40,132.70
06/23/2020,133.61,9381382,133.70,134.065,133.56
06/22/2020,133.86,10134040,133.99,134.31,133.60
06/19/2020,133.99,13741430,133.96,134.195,133.625
06/18/2020,133.89,9306610,133.62,133.92,133.36
06/17/2020,133.59,20132870,134.00,134.11,132.81
06/16/2020,133.85,16301540,134.89,134.90,133.48
06/15/2020,134.22,24006370,131.89,134.829,131.82
06/12/2020,132.34,16203130,132.729,132.97,131.79
06/11/2020,131.70,28279690,132.59,132.81,131.13
06/10/2020,133.29,16866250,132.66,133.51,132.10
06/09/2020,132.42,17982200,132.77,132.85,132.35
06/08/2020,132.70,15872240,132.49,132.92,132.31
06/05/2020,132.26,22147360,132.09,132.45,131.50
06/04/2020,131.58,9777423,132.14,132.30,131.50
06/03/2020,131.98,15198190,132.07,132.28,131.5989
06/02/2020,132.06,11585440,131.82,132.3098,131.73
06/01/2020,131.64,15415570,131.40,131.65,131.25
05/29/2020,132.02,14092630,131.36,132.04,131.16
05/28/2020,131.17,12360950,130.93,131.375,130.60
05/27/2020,131.06,10204500,130.93,131.11,130.70
05/26/2020,130.52,12865020,130.92,131.15,130.47
05/22/2020,130.70,12546910,130.72,130.98,130.52
05/21/2020,130.70,11059200,130.99,130.995,130.55
05/20/2020,130.80,15068590,129.76,130.86,129.6501
05/19/2020,129.38,13528990,129.33,129.66,128.90
05/18/2020,129.28,15298980,128.86,130.00,128.86
05/15/2020,128.55,17987450,128.10,128.61,127.97
05/14/2020,128.10,16978460,127.50,128.12,127.00
05/13/2020,127.05,13404060,127.29,127.56,126.94
05/12/2020,126.76,18760510,127.17,127.20,126.185
05/11/2020,125.55,12334980,126.38,126.53,125.52
05/08/2020,126.66,12287240,126.82,127.08,126.368
05/07/2020,127.27,11194400,127.29,127.50,126.89
05/06/2020,126.93,10662940,127.89,127.95,126.71
05/05/2020,128.37,7268785,128.39,128.72,128.16
05/04/2020,128.54,9466733,128.53,128.95,128.36
05/01/2020,128.34,15442360,128.70,128.936,127.83
04/30/2020,129.17,14583200,129.73,130.15,129.11
04/29/2020,130.05,7399117,129.84,130.23,129.70
04/28/2020,129.20,9233154,129.40,129.56,129.07
04/27/2020,128.85,11794700,129.98,130.0999,128.82
04/24/2020,129.90,14985480,129.78,130.20,129.214
04/23/2020,129.99,5833602,129.92,130.24,129.70
04/22/2020,129.44,19956650,129.36,129.598,128.91
04/21/2020,129.36,16146120,129.70,130.13,128.69
04/20/2020,129.82,12057520,130.03,130.13,129.23
04/17/2020,130.56,11187920,131.33,131.47,129.94
04/16/2020,130.13,12582190,130.62,131.07,130.04
04/15/2020,130.78,13687860,129.40,130.88,129.40
04/14/2020,129.91,14791630,131.40,131.50,129.84
04/13/2020,130.55,20599780,131.19,131.4599,129.81
04/09/2020,131.83,53586240,129.41,132.00,129.10
04/08/2020,125.91,15484290,124.33,126.01,123.88
04/07/2020,123.68,17457700,124.30,124.4799,123.47
04/06/2020,123.49,15631780,122.63,123.50,122.23
04/03/2020,121.10,10754430,122.02,122.24,120.68
04/02/2020,121.73,22929520,121.66,123.50,121.51
04/01/2020,121.41,21859490,122.55,122.60,121.315
03/31/2020,123.51,23903060,124.09,124.91,122.99
03/30/2020,123.92,19272730,122.84,125.00,122.84
03/27/2020,122.43,27730550,121.58,122.62,120.56
03/26/2020,122.68,21893500,122.50,123.33,121.25
03/25/2020,122.58,45180990,117.89,123.60,117.1855
03/24/2020,116.98,43049880,115.54,118.72,114.8502
03/23/2020,114.63,36918780,111.07,115.1399,110.83
03/20/2020,106.74,29390250,108.87,110.64,105.797
03/19/2020,105.05,29077080,109.08,110.00,104.95
03/18/2020,110.51,23808700,112.72,114.705,108.32
03/17/2020,116.33,19074050,119.45,121.05,115.39
03/16/2020,121.30,19929050,116.32,122.05,115.21
03/13/2020,123.05,33470630,121.49,124.00,119.24
03/12/2020,117.94,41021360,121.43,125.80,115.72
03/11/2020,123.85,37310310,128.08,128.2699,123.20
03/10/2020,128.06,30024740,130.91,131.36,128.06
03/09/2020,131.01,27165960,131.295,133.22,130.35
03/06/2020,134.27,30099910,134.20,134.53,133.49
03/05/2020,133.34,22089500,133.72,133.87,133.06
03/04/2020,133.39,23701970,133.61,134.06,133.25
03/03/2020,133.20,39141050,131.83,133.99,131.75
03/02/2020,131.70,15922630,131.87,132.51,131.60
02/28/2020,132.18,25096450,131.01,132.29,130.76
02/27/2020,130.71,29687920,131.63,131.90,130.69
02/26/2020,131.41,23073370,131.50,132.04,131.40
02/25/2020,131.90,19930730,131.90,132.20,131.75
02/24/2020,131.77,17894800,132.02,132.16,131.76
02/21/2020,131.75,12192720,131.78,132.05,131.67
02/20/2020,131.49,13706010,131.16,131.49,131.14
02/19/2020,131.05,10731530,131.12,131.29,131.01
02/18/2020,131.23,9650892,131.13,131.35,131.03
02/14/2020,130.98,8254582,131.06,131.135,130.85
02/13/2020,130.66,5437403,130.75,130.905,130.635
02/12/2020,130.75,7069148,130.70,130.81,130.60
02/11/2020,130.81,10052720,130.89,131.07,130.79
02/10/2020,131.00,10405800,130.90,131.06,130.80
02/07/2020,130.69,11517180,130.72,130.89,130.58
02/06/2020,130.19,11028940,130.29,130.44,130.18
02/05/2020,130.25,9587467,130.17,130.31,130.085
02/04/2020,130.33,16799490,130.42,130.50,130.13
02/03/2020,130.65,12579230,130.58,130.81,130.42
01/31/2020,131.09,20194800,130.96,131.16,130.7735
01/30/2020,130.75,14619160,130.72,130.95,130.47
01/29/2020,130.67,11174730,130.60,130.88,130.59
01/28/2020,130.25,12055930,130.45,130.56,130.12
01/27/2020,130.32,10461230,130.19,130.45,130.14
01/24/2020,130.07,11604560,130.13,130.22,129.96
01/23/2020,129.85,13623230,129.91,130.00,129.74
01/22/2020,129.68,9928595,129.84,129.88,129.67
01/21/2020,129.61,16807320,129.36,129.67,129.07
01/17/2020,128.99,13727850,128.93,129.09,128.60
01/16/2020,129.01,13926100,128.90,129.1133,128.75
01/15/2020,128.83,8712362,128.80,128.87,128.64
01/14/2020,128.55,11066340,128.36,128.565,128.32
01/13/2020,128.39,4477390,128.52,128.55,128.33
01/10/2020,128.70,8263544,128.47,128.845,128.41
01/09/2020,128.34,14415120,127.70,128.39,127.66
01/08/2020,127.73,12268470,128.01,128.32,127.67
01/07/2020,127.91,8213289,128.17,128.18,127.84
01/06/2020,128.24,13894270,128.69,128.86,128.1399
01/03/2020,128.67,10110850,128.40,128.71,128.27
01/02/2020,128.23,15348660,128.34,128.575,128.06
12/31/2019,127.96,5499447,128.01,128.25,127.89
12/30/2019,128.49,9993813,127.90,128.50,127.775
12/27/2019,128.26,8752092,128.35,128.3966,128.26
12/26/2019,128.08,3879905,128.04,128.10,127.80
12/24/2019,127.85,2638011,127.56,127.96,127.50
12/23/2019,127.72,3827501,127.80,127.855,127.47
12/20/2019,127.66,9286921,127.63,127.73,127.4835
12/19/2019,127.70,9355434,127.57,127.84,127.50
12/18/2019,127.91,10205510,128.01,128.11,127.81
12/17/2019,128.00,10886790,128.22,128.3481,127.97
12/16/2019,128.10,8062586,128.24,128.31,127.97
12/13/2019,128.39,12474060,128.04,128.46,127.70
12/12/2019,127.56,10375000,128.09,128.13,127.165
12/11/2019,128.15,4417101,127.88,128.29,127.83
12/10/2019,127.65,6425455,127.82,127.93,127.5263
12/09/2019,127.65,4731458,127.98,127.99,127.62
12/06/2019,127.67,6149912,127.37,127.86,127.30
12/05/2019,127.74,5700604,127.68,127.85,127.47
12/04/2019,127.88,11177560,127.85,128.02,127.46
12/03/2019,128.05,9406824,127.64,128.17,127.51
12/02/2019,127.07,15142040,127.07,127.15,126.795
11/29/2019,127.97,5260890,128.18,128.255,127.84
11/27/2019,128.23,7264021,127.99,128.28,127.98
11/26/2019,128.24,8688791,128.05,128.33,128.03
11/25/2019,127.91,6808610,127.64,127.98,127.63
11/22/2019,127.47,5466561,127.42,127.51,127.23
11/21/2019,127.12,8425713,127.17,127.30,127.01
11/20/2019,127.42,5424843,127.41,127.545,127.31
11/19/2019,127.24,4118845,127.08,127.28,127.04
11/18/2019,126.99,10070010,127.04,127.17,126.91
11/15/2019,126.85,5411935,126.74,126.9899,126.60
11/14/2019,126.83,10163610,126.64,126.91,126.64
11/13/2019,126.17,10480170,126.23,126.34,126.11
11/12/2019,125.87,9936607,125.86,125.97,125.61
11/11/2019,125.75,4749642,125.956,125.988,125.66
11/08/2019,125.71,6262583,125.86,126.17,125.71
11/07/2019,125.88,14954700,126.32,126.44,125.74
11/06/2019,126.87,8621661,126.51,126.895,126.50
11/05/2019,126.16,10433650,126.34,126.56,126.02
11/04/2019,126.89,10222760,127.15,127.18,126.85
11/01/2019,127.49,11367930,127.38,127.83,127.30
10/31/2019,127.71,18151490,127.41,127.79,127.26
10/30/2019,126.94,12262740,126.46,127.01,126.43
10/29/2019,126.49,9236668,126.77,126.88,126.48
10/28/2019,126.82,9081558,126.80,126.94,126.7201
10/25/2019,127.20,6263049,127.48,127.48,127.03
10/24/2019,127.42,9282915,127.27,127.56,127.27
10/23/2019,127.14,4986108,127.31,127.3686,127.09
10/22/2019,127.07,5830038,127.24,127.26,126.875
10/21/2019,126.85,6458034,126.90,127.00,126.80
10/18/2019,127.14,6061351,127.14,127.34,127.05
10/17/2019,126.98,5847498,126.82,127.19,126.71
10/16/2019,126.80,7793762,126.74,126.91,126.51
10/15/2019,126.66,13251270,127.05,127.05,126.57
10/14/2019,127.00,2276490,126.90,127.05,126.70
10/11/2019,126.58,11061450,126.49,126.77,126.0546
10/10/2019,126.81,8172490,127.14,127.20,126.6623
10/09/2019,127.56,9929472,127.78,127.78,127.2831
10/08/2019,127.51,8635497,127.91,127.99,127.475
10/07/2019,127.62,7168137,127.91,128.00,127.61
10/04/2019,128.27,9257941,128.03,128.27,127.95
10/03/2019,127.74,13985700,127.43,127.92,127.43
10/02/2019,127.24,11377020,127.25,127.3451,126.9703
10/01/2019,127.29,13299760,126.56,127.66,126.56
09/30/2019,127.48,10821040,126.96,127.51,126.86
09/27/2019,127.06,8667841,127.15,127.22,126.93
09/26/2019,127.03,8385458,127.19,127.27,127.00
09/25/2019,126.76,14352310,127.28,127.36,126.63
09/24/2019,127.48,12638790,127.41,127.65,127.29
09/23/2019,127.08,9526688,127.39,127.575,127.05
09/20/2019,127.17,10454940,126.69,127.23,126.56
09/19/2019,126.30,9042833,126.41,126.612,126.21
09/18/2019,125.94,9162338,126.07,126.46,125.53
09/17/2019,125.63,12480740,125.26,125.805,125.16
09/16/2019,125.31,11464730,125.13,125.43,124.93
09/13/2019,124.68,8984588,125.36,125.59,124.68
09/12/2019,125.81,11506040,126.66,126.76,125.73
09/11/2019,125.98,8165761,126.00,126.32,125.91
09/10/2019,126.08,9863405,126.97,126.99,126.07
09/09/2019,127.15,7218991,127.47,127.56,127.15
09/06/2019,128.09,8914754,127.84,128.19,127.78
09/05/2019,127.63,19042770,127.95,128.24,127.42
09/04/2019,128.57,8502586,128.07,128.71,128.07
09/03/2019,128.33,22683570,128.37,128.715,127.935
08/30/2019,128.80,8653744,128.67,128.84,128.42
08/29/2019,128.82,17900820,129.06,129.10,128.35
08/28/2019,129.10,8935823,129.395,129.46,129.005
08/27/2019,129.10,12729100,128.75,129.20,128.75
08/26/2019,128.41,6305853,128.48,128.715,128.21
08/23/2019,128.40,7998586,127.79,128.71,127.77
08/22/2019,127.93,7053974,128.25,128.50,127.88
08/21/2019,128.40,9343957,127.87,128.73,127.87
08/20/2019,128.17,11402370,127.85,128.22,127.7201
08/19/2019,127.43,7226223,127.17,127.615,127.0007
08/16/2019,127.85,10849350,127.32,127.895,127.065
08/15/2019,127.62,11866990,127.15,128.00,127.05
08/14/2019,127.00,9071242,127.10,127.20,126.83
08/13/2019,126.63,10955000,126.82,126.95,126.45
08/12/2019,126.73,8075103,126.30,126.83,126.26
08/09/2019,125.94,6375878,126.31,126.3506,125.89
08/08/2019,126.31,8353775,125.78,126.36,125.53
08/07/2019,125.97,24644140,126.47,126.66,125.86
08/06/2019,125.99,14920200,125.58,126.04,125.33
08/05/2019,125.21,12715460,125.51,125.51,125.13
08/02/2019,125.12,14629490,124.95,125.15,124.84
08/01/2019,124.99,16216800,124.31,125.31,124.22
07/31/2019,124.33,17422740,124.35,124.73,123.811
07/30/2019,124.22,12111960,124.22,124.31,123.92
07/29/2019,124.26,7379625,124.49,124.51,124.245
07/26/2019,124.34,7285060,124.43,124.49,124.17
07/25/2019,124.17,9943140,124.41,124.49,123.87
07/24/2019,124.57,11851210,124.39,124.58,124.22
07/23/2019,124.22,7013576,124.24,124.2401,123.97
07/22/2019,124.15,4464839,124.25,124.27,124.09
07/19/2019,123.77,8789335,123.83,124.06,123.65
07/18/2019,123.96,10357420,123.61,124.09,123.36
07/17/2019,123.67,6620350,123.15,123.68,123.15
07/16/2019,123.02,9867521,122.85,123.04,122.71
07/15/2019,123.28,7705017,123.20,123.34,123.0932
07/12/2019,123.07,6363589,122.90,123.14,122.84
07/11/2019,122.95,7101305,123.45,123.6361,122.85
07/10/2019,123.68,9551841,123.55,123.84,123.48
07/09/2019,123.40,15877090,123.59,123.62,123.34
07/08/2019,123.66,9239219,124.00,124.05,123.66
07/05/2019,123.83,7889884,124.04,124.15,123.34
07/03/2019,124.93,6947326,124.65,124.96,124.59
07/02/2019,124.59,15843770,124.32,124.65,124.20
07/01/2019,124.25,19215780,124.21,124.54,123.94
06/28/2019,124.37,9512064,124.11,124.44,124.085
06/27/2019,124.05,10314460,123.64,124.14,123.54
06/26/2019,123.33,24436700,123.84,123.84,123.28
06/25/2019,123.58,17843720,123.95,123.99,123.47
06/24/2019,123.95,15241640,123.95,124.17,123.78
06/21/2019,123.64,18566440,123.68,123.89,123.4831
06/20/2019,124.09,24937970,123.90,124.155,123.7001
06/19/2019,123.42,17597920,122.35,123.45,122.23
06/18/2019,122.64,19575020,122.46,122.77,122.34
06/17/2019,121.83,6213240,121.69,121.93,121.62
06/14/2019,121.77,4652307,121.55,121.8201,121.46
06/13/2019,121.72,6665763,121.45,121.75,121.45
06/12/2019,121.41,11814500,121.24,121.43,121.15
06/11/2019,121.23,17076690,121.20,121.32,121.03
06/10/2019,121.12,13072380,121.34,121.47,121.11
06/07/2019,121.56,11912920,121.50,121.85,121.425
06/06/2019,121.02,14133550,120.96,121.12,120.82
06/05/2019,120.79,10423120,120.97,121.18,120.68
06/04/2019,120.87,20566080,120.53,120.93,120.53
06/03/2019,120.83,12525220,120.75,120.91,120.4131
05/31/2019,120.83,11611680,120.62,120.84,120.39
05/30/2019,120.55,11946550,120.10,120.59,120.01
05/29/2019,119.86,8777962,119.88,120.03,119.82
05/28/2019,119.81,9039113,119.93,120.00,119.77
05/24/2019,119.73,5981653,119.64,119.75,119.52
05/23/2019,119.48,9983368,119.27,119.61,119.185
05/22/2019,119.22,9526219,119.14,119.31,119.04
05/21/2019,119.07,3610052,119.09,119.11,118.93
05/20/2019,118.97,2890893,119.22,119.313,118.96
05/17/2019,119.25,7746063,119.38,119.435,119.23
05/16/2019,119.24,11716340,119.34,119.3401,119.21
05/15/2019,119.43,10804430,119.41,119.45,119.18
05/14/2019,119.10,7993523,119.00,119.12,118.915
05/13/2019,118.93,16744930,118.86,119.13,118.78
05/10/2019,118.86,8155559,118.75,118.92,118.71
05/09/2019,118.79,11586180,118.93,118.95,118.61
05/08/2019,118.68,11843130,119.15,119.20,118.64
05/07/2019,119.08,11575490,119.28,119.29,119.00
05/06/2019,119.09,8077413,119.03,119.23,118.88
05/03/2019,118.93,7481015,118.65,118.97,118.65
05/02/2019,118.40,11748210,118.70,118.74,118.29
05/01/2019,118.83,12804330,119.00,119.57,118.83
04/30/2019,119.22,9753332,119.15,119.35,119.10
04/29/2019,119.17,5847498,119.38,119.43,119.105
04/26/2019,119.64,3406080,119.62,119.71,119.50
04/25/2019,119.22,4404016,119.17,119.27,119.025
04/24/2019,119.28,6463168,119.16,119.40,119.13
04/23/2019,118.88,7389706,118.56,118.88,118.54
04/22/2019,118.39,6581939,118.46,118.5299,118.34
04/18/2019,118.58,8059959,118.75,118.80,118.55
04/17/2019,118.48,6062323,118.62,118.72,118.47
04/16/2019,118.50,10302690,118.79,118.79,118.49
04/15/2019,118.83,12427320,119.01,119.08,118.83
04/12/2019,119.02,11083840,118.99,119.12,118.89
04/11/2019,119.09,7769547,119.06,119.205,119.01
04/10/2019,119.21,5765258,118.87,119.27,118.86
04/09/2019,118.63,7749028,118.69,118.83,118.58
04/08/2019,118.38,8564818,118.52,118.57,118.35
04/05/2019,118.55,9326222,118.34,118.685,118.26
04/04/2019,118.36,7510618,118.20,118.36,118.11
04/03/2019,118.17,6048390,118.15,118.29,118.11
04/02/2019,118.42,7733308,118.28,118.45,118.19
04/01/2019,118.26,9567444,118.45,118.62,118.195
03/29/2019,119.06,8373110,118.83,119.15,118.79
03/28/2019,119.15,4621214,119.03,119.15,118.91
03/27/2019,119.00,7274092,119.00,119.22,118.92
03/26/2019,118.84,7436491,118.74,118.93,118.59
03/25/2019,118.79,7096120,118.57,119.00,118.37
03/22/2019,118.55,10576910,118.21,118.64,118.21
03/21/2019,117.83,14163200,117.52,117.91,117.52
03/20/2019,117.61,16202610,116.89,117.66,116.78
03/19/2019,116.82,8074677,116.63,116.93,116.63
03/18/2019,116.80,4308285,116.78,116.89,116.75
03/15/2019,116.86,8537001,116.76,117.02,116.70
03/14/2019,116.44,5395277,116.63,116.64,116.34
03/13/2019,116.67,5833974,116.54,116.708,116.54
03/12/2019,116.86,7994599,116.57,116.94,116.5601
03/11/2019,116.54,7813644,116.39,116.54,116.31
03/08/2019,116.41,7386626,116.11,116.43,115.91
03/07/2019,116.26,7355491,116.10,116.30,116.03
03/06/2019,115.88,6278731,115.81,115.9575,115.74
03/05/2019,115.77,8997926,115.69,115.79,115.57
03/04/2019,115.73,9453625,115.81,115.86,115.68
03/01/2019,115.47,12714090,115.74,115.88,115.42
02/28/2019,116.03,12208410,116.25,116.3699,115.96
02/27/2019,116.19,7008456,116.37,116.37,116.105
02/26/2019,116.52,6360585,116.51,116.59,116.41
02/25/2019,116.34,6026157,116.26,116.445,116.2501
02/22/2019,116.38,4110552,115.97,116.48,115.97
02/21/2019,115.86,6311048,115.76,115.9799,115.735
02/20/2019,116.19,8577443,116.19,116.23,115.99
02/19/2019,116.29,6920274,116.44,116.44,116.17
02/15/2019,116.22,8298035,116.03,116.26,116.03
02/14/2019,116.08,14906080,116.24,116.24,115.94
02/13/2019,115.95,9595179,116.01,116.095,115.89
02/12/2019,116.25,10686900,116.08,116.25,116.03
02/11/2019,116.09,5353772,116.28,116.28,116.00
02/08/2019,116.35,5502499,116.15,116.38,116.11
02/07/2019,116.06,12973200,116.00,116.08,115.78
02/06/2019,116.08,7083571,116.38,116.395,116.04
02/05/2019,116.30,9298056,116.10,116.475,116.09
02/04/2019,115.83,7375484,115.87,115.89,115.61
02/01/2019,115.99,15158420,116.12,116.31,115.92
01/31/2019,116.62,11950120,116.21,116.70,116.19
01/30/2019,115.81,17275490,115.32,115.81,115.17
01/29/2019,115.28,9111253,115.17,115.28,115.07
01/28/2019,115.03,7830487,114.95,115.12,114.89
01/25/2019,115.05,8529215,114.90,115.05,114.8838
01/24/2019,114.95,8874693,115.05,115.11,114.86
01/23/2019,114.65,11707160,114.46,114.74,114.39
01/22/2019,114.36,9101563,114.32,114.58,114.32
01/18/2019,114.17,12589750,113.96,114.275,113.96
01/17/2019,113.97,8756215,113.66,113.98,113.66
01/16/2019,113.74,17911840,113.52,113.90,113.46
01/15/2019,113.52,10536550,113.54,113.68,113.445
01/14/2019,113.45,4511448,113.62,113.79,113.415
01/11/2019,113.75,6890765,113.79,113.79,113.59
01/10/2019,113.54,10336950,113.73,113.77,113.43
01/09/2019,113.84,10534870,113.50,113.89,113.50
01/08/2019,113.41,7961370,113.21,113.44,113.21
01/07/2019,113.16,16150100,113.39,113.46,113.145
01/04/2019,113.15,12080670,112.88,113.20,112.81
01/03/2019,113.22,11199120,113.00,113.30,112.95
01/02/2019,113.17,9506180,112.82,113.19,112.78
12/31/2018,112.82,7008354,112.52,112.92,112.43
12/28/2018,112.51,4334519,112.10,112.53,112.10
12/27/2018,111.98,7627325,112.16,112.2899,111.98
12/26/2018,111.98,7659268,112.08,112.21,111.79
12/24/2018,112.07,4384768,112.32,112.41,111.99
12/21/2018,112.33,11850720,112.58,112.68,112.14
12/20/2018,112.44,20942150,113.08,113.1529,112.27
12/19/2018,112.81,10049240,113.05,113.31,112.81
12/18/2018,112.90,5923214,112.70,112.94,112.61
12/17/2018,112.85,6480543,112.77,112.985,112.77
12/14/2018,112.73,6037920,112.91,113.01,112.71
12/13/2018,112.85,6911243,112.74,112.91,112.725
12/12/2018,112.55,10001610,112.45,112.68,112.45
12/11/2018,112.43,10241120,112.38,112.56,112.26
12/10/2018,112.23,6886539,112.20,112.24,111.91
12/07/2018,111.89,11791900,112.00,112.06,111.74
12/06/2018,111.88,12752210,111.61,111.99,111.6044
12/04/2018,111.54,13521540,111.72,111.9796,111.53
12/03/2018,111.52,12740520,111.31,111.60,111.25
11/30/2018,111.46,14816800,111.55,111.575,111.25
11/29/2018,111.53,10939120,111.75,111.865,111.42
11/28/2018,111.85,13861320,111.51,111.95,111.29
11/27/2018,111.55,8581260,111.61,111.66,111.52
11/26/2018,111.69,5938896,111.77,111.8189,111.64
11/23/2018,111.64,2924700,111.94,111.98,111.63
11/21/2018,111.59,10704560,111.62,111.72,111.45
11/20/2018,111.35,16168160,111.38,111.5969,111.33
11/19/2018,111.62,9773690,111.47,111.65,111.42
11/16/2018,111.73,13503660,111.47,111.76,111.41
11/15/2018,111.51,15158270,111.59,111.67,111.3157
11/14/2018,111.72,11595070,111.73,111.9399,111.6775
11/13/2018,112.02,7778431,112.06,112.12,111.955
11/12/2018,112.17,2876475,112.41,112.41,112.08
11/09/2018,112.18,8836778,112.18,112.33,112.09
11/08/2018,112.10,10933870,112.41,112.46,112.10
11/07/2018,112.43,13257540,112.63,112.71,112.38
11/06/2018,112.14,5787139,112.03,112.18,112.0104
11/05/2018,111.95,5064037,111.85,112.04,111.85
11/02/2018,111.75,7738360,112.07,112.18,111.73
11/01/2018,112.20,14262010,111.71,112.21,111.67
10/31/2018,112.23,13156340,112.39,112.61,112.23
10/30/2018,112.55,7669584,112.59,112.67,112.44
10/29/2018,112.80,6573295,112.86,112.92,112.72
10/26/2018,112.93,4955342,112.97,113.075,112.92
10/25/2018,112.74,5653072,112.73,112.85,112.72
10/24/2018,112.88,7219326,112.95,113.05,112.815
10/23/2018,112.72,10277870,112.81,112.9573,112.66
10/22/2018,112.56,7282861,112.83,112.85,112.53
10/19/2018,112.70,6355669,112.75,112.86,112.595
10/18/2018,112.84,10417990,112.73,112.98,112.60
10/17/2018,112.84,6880580,113.31,113.40,112.84
10/16/2018,113.40,9018217,113.16,113.48,113.06
10/15/2018,113.11,6636545,113.26,113.3611,113.10
10/12/2018,113.32,8956697,113.34,113.5264,113.16
10/11/2018,113.30,18587650,113.08,113.485,113.05
10/10/2018,112.83,12316550,112.86,113.01,112.59
10/09/2018,113.14,8416247,113.00,113.1667,112.91
10/08/2018,112.82,1355174,113.00,113.01,112.795
10/05/2018,112.94,8785774,113.15,113.2557,112.76
10/04/2018,113.38,9843799,113.56,113.655,113.23
10/03/2018,113.85,8400462,114.41,114.53,113.655
10/02/2018,114.52,11207830,114.56,114.75,114.52
10/01/2018,114.42,7550559,114.50,114.64,114.42
09/28/2018,114.93,12547520,115.14,115.14,114.895
09/27/2018,115.01,6323437,114.85,115.035,114.77
09/26/2018,114.86,7433602,114.65,114.93,114.53
09/25/2018,114.45,4087105,114.33,114.47,114.23
09/24/2018,114.45,10749420,114.48,114.60,114.37
09/21/2018,114.71,9404279,114.60,114.79,114.595
09/20/2018,114.69,6152428,114.41,114.81,114.39
09/19/2018,114.39,5220762,114.53,114.54,114.23
09/18/2018,114.56,5160861,114.81,114.81,114.5241
09/17/2018,115.03,2667082,114.91,115.11,114.885
09/14/2018,115.10,7003534,115.01,115.16,114.95
09/13/2018,115.24,5584100,115.25,115.33,115.13
09/12/2018,115.00,5515518,114.97,115.12,114.96
09/11/2018,114.77,5976876,114.80,114.89,114.72
09/10/2018,115.03,5512725,114.74,115.03,114.74
09/07/2018,114.65,4529131,114.76,114.76,114.63
09/06/2018,115.13,6918089,114.99,115.21,114.95
09/05/2018,114.81,6103161,114.84,114.879,114.78
09/04/2018,114.88,6468677,114.86,114.99,114.68
08/31/2018,115.44,4415772,115.81,115.835,115.43
08/30/2018,115.61,5682294,115.74,115.81,115.52
08/29/2018,115.50,10473540,115.73,115.75,115.41
08/28/2018,115.62,4026949,115.87,115.98,115.601
08/27/2018,116.06,3762199,116.02,116.16,116.01
08/24/2018,116.24,5152454,115.89,116.29,115.85
08/23/2018,116.01,5693856,116.14,116.18,115.94
08/22/2018,115.97,6877691,116.22,116.24,115.95
08/21/2018,115.98,5479164,116.22,116.22,115.96
08/20/2018,116.27,2686834,116.25,116.37,116.18
08/17/2018,115.97,3871856,115.96,116.0658,115.885
08/16/2018,115.87,5997875,115.82,115.89,115.70
08/15/2018,115.72,5208087,115.65,115.76,115.55
08/14/2018,115.48,7052531,115.49,115.53,115.41
08/13/2018,115.33,3145801,115.26,115.375,115.22
08/10/2018,115.36,4765934,115.10,115.50,115.03
08/09/2018,115.17,7273479,115.25,115.36,115.09
08/08/2018,115.08,7435297,115.17,115.23,115.075
08/07/2018,115.26,5397680,115.59,115.59,115.195
08/06/2018,115.62,3059768,115.59,115.755,115.59
08/03/2018,115.51,2711162,115.29,115.545,115.16
08/02/2018,115.15,6751477,115.05,115.166,114.88
08/01/2018,115.01,7256039,114.90,115.15,114.85
07/31/2018,115.76,6081644,115.71,115.86,115.64
07/30/2018,115.40,6467562,115.32,115.49,115.31
07/27/2018,115.56,5497574,115.75,115.75,115.46
07/26/2018,115.41,5860907,115.42,115.55,115.28
07/25/2018,115.30,7376469,115.40,115.40,115.20
07/24/2018,115.15,4446234,114.81,115.17,114.81
07/23/2018,114.79,4716294,115.05,115.12,114.715
07/20/2018,115.25,5218775,115.34,115.39,115.12
07/19/2018,115.59,5098580,115.40,115.74,115.37
07/18/2018,115.41,3527602,115.54,115.541,115.35
07/17/2018,115.43,6156964,115.52,115.58,115.38
07/16/2018,115.51,2653746,115.50,115.63,115.29
07/13/2018,115.70,4273796,115.71,115.81,115.63
07/12/2018,115.61,3324865,115.40,115.61,115.32
07/11/2018,115.36,4071435,115.27,115.39,115.12
07/10/2018,115.13,6624011,115.24,115.37,115.11
07/09/2018,115.26,5161639,115.09,115.30,115.03
07/06/2018,115.18,2465551,115.24,115.28,115.09
07/05/2018,115.02,4730580,114.77,115.03,114.75
07/03/2018,114.66,2518058,114.31,114.73,114.31
07/02/2018,114.24,4806225,114.41,114.41,114.16
06/29/2018,114.57,7855643,114.64,114.84,114.51
06/28/2018,114.51,6241259,114.57,114.57,114.27
06/27/2018,114.66,9776541,114.59,114.66,114.48
06/26/2018,114.27,10345330,113.98,114.29,113.89
06/25/2018,113.89,3244079,114.04,114.11,113.87
06/22/2018,114.00,6729039,113.80,114.09,113.75
06/21/2018,113.86,15921570,113.90,114.09,113.86
06/20/2018,113.95,7731547,114.61,114.61,113.90
06/19/2018,114.59,4278775,114.56,114.6632,114.47
06/18/2018,114.53,4723215,114.64,114.66,114.42
06/15/2018,114.65,5887076,114.98,115.06,114.5901
06/14/2018,114.81,4915845,114.68,114.82,114.49
06/13/2018,114.29,4906450,114.44,114.575,113.98
06/12/2018,114.40,3396516,114.25,114.50,114.22
06/11/2018,114.39,2905127,114.30,114.40,114.23
06/08/2018,114.50,2935640,114.60,114.65,114.4308
06/07/2018,114.69,7185232,114.25,115.06,114.25
06/06/2018,114.31,4754868,114.41,114.47,114.16
06/05/2018,114.73,3901460,114.93,114.95,114.69
06/04/2018,114.65,3714919,114.90,114.97,114.65
06/01/2018,114.91,4479711,114.87,115.14,114.81
05/31/2018,115.49,6285317,115.66,115.77,115.355
05/30/2018,115.54,5083905,115.61,115.82,115.27
05/29/2018,115.99,6831697,115.43,116.205,115.26
05/25/2018,115.38,3997700,115.38,115.4194,115.23
05/24/2018,115.04,4431437,114.98,115.08,114.89
05/23/2018,114.72,5771113,114.41,114.795,114.33
05/22/2018,114.23,3230010,114.26,114.39,114.13
05/21/2018,114.35,2593261,114.15,114.35,114.10
05/18/2018,114.28,4154719,113.99,114.33,113.96
05/17/2018,113.81,3272442,114.00,114.06,113.7231
05/16/2018,114.03,4210777,114.24,114.35,113.99
05/15/2018,114.18,5969922,114.51,114.76,114.00
05/14/2018,115.05,4808286,115.13,115.27,115.05
05/11/2018,115.26,4253956,115.23,115.28,115.08
05/10/2018,115.06,5103079,114.84,115.07,114.72
05/09/2018,114.48,3906598,114.32,114.6262,114.28
05/08/2018,114.50,5069347,114.43,114.535,114.2601
05/07/2018,114.54,3870880,114.71,114.75,114.50
05/04/2018,114.67,3733802,114.86,114.86,114.47
05/03/2018,114.51,4122563,114.77,114.82,114.47
05/02/2018,114.49,3608074,114.73,114.75,114.49
05/01/2018,114.58,6051545,114.83,114.8745,114.49
04/30/2018,115.22,6388529,115.37,115.4599,115.17
04/27/2018,115.32,3369758,115.25,115.37,115.2247
04/26/2018,115.06,6027159,115.02,115.18,114.92
04/25/2018,114.72,3756060,114.82,114.84,114.55
04/24/2018,115.08,5984695,115.31,115.44,114.99
04/23/2018,115.42,4380027,115.44,115.47,115.25
04/20/2018,115.47,4679869,115.79,115.83,115.46
04/19/2018,115.94,4058863,116.04,116.07,115.76
04/18/2018,116.38,6888043,116.94,116.945,116.36
04/17/2018,116.98,6702881,116.98,117.15,116.91
04/16/2018,116.97,2323599,116.75,116.99,116.71
04/13/2018,116.96,4427765,116.84,117.0562,116.84
04/12/2018,116.92,2588107,117.12,117.20,116.90
04/11/2018,117.24,2483845,117.36,117.40,117.114
04/10/2018,117.16,5201306,117.21,117.44,117.01
04/09/2018,117.13,3611434,116.85,117.18,116.85
04/06/2018,117.07,4772613,116.93,117.07,116.81
04/05/2018,116.72,5170997,116.61,116.75,116.50
04/04/2018,116.68,5259570,116.73,116.86,116.64
04/03/2018,116.68,3773475,116.94,116.94,116.63
04/02/2018,116.99,4393546,116.90,117.07,116.715
03/29/2018,117.39,5930838,117.11,117.47,116.95
03/28/2018,116.86,4771559,116.78,116.98,116.66
03/27/2018,116.55,5000157,116.06,116.62,116.06
03/26/2018,116.13,5834826,116.06,116.20,116.00
03/23/2018,115.72,6120847,115.97,116.025,115.71
03/22/2018,116.09,10966960,116.19,116.29,115.99
03/21/2018,115.89,7312616,115.76,116.23,115.52
03/20/2018,115.96,6444959,116.03,116.19,115.92
03/19/2018,116.37,8095296,116.50,116.60,116.36
03/16/2018,116.76,10754740,116.41,116.83,116.36
03/15/2018,116.63,5268524,116.48,116.71,116.44
03/14/2018,116.51,5744224,116.27,116.695,116.26
03/13/2018,116.25,8625910,116.35,116.40,116.1126
03/12/2018,116.24,8555640,116.19,116.28,116.095
03/09/2018,116.09,7774244,116.32,116.37,116.04
03/08/2018,116.50,6410043,116.49,116.70,116.34
03/07/2018,116.27,4070441,116.50,116.53,116.23
03/06/2018,116.31,8363458,116.64,116.68,116.29
03/05/2018,116.21,10168380,116.51,116.58,116.10
03/02/2018,116.25,5334953,116.36,116.49,116.1908
03/01/2018,116.62,11636370,116.56,116.81,116.3737
02/28/2018,117.07,7963405,117.01,117.16,116.95
02/27/2018,116.85,7279509,117.51,117.52,116.70
02/26/2018,117.36,5071950,117.59,117.75,117.33
02/23/2018,117.21,8005557,117.05,117.24,116.88
02/22/2018,116.67,7227083,116.84,117.065,116.6421
02/21/2018,116.51,6387210,117.20,117.31,116.44
02/20/2018,117.15,8786197,117.35,117.41,117.13
02/16/2018,117.65,6319802,117.58,117.76,117.4638
02/15/2018,117.30,4953439,117.18,117.4567,117.06
02/14/2018,116.75,11013300,116.81,117.0011,116.66
02/13/2018,117.18,8730611,117.09,117.21,116.79
02/12/2018,117.22,7814752,117.29,117.62,117.20
02/09/2018,117.22,8718996,117.45,117.47,117.20
02/08/2018,117.60,10956970,117.94,118.10,117.56
02/07/2018,118.11,8862326,118.80,118.8462,118.08
02/06/2018,118.44,10467450,118.59,118.82,118.39
02/05/2018,118.68,14486010,118.24,119.33,118.22
02/02/2018,118.61,8681492,119.00,119.00,118.47
02/01/2018,119.22,12272410,119.91,119.96,119.14
01/31/2018,120.07,6833938,120.17,120.2236,119.705
01/30/2018,119.82,6662558,120.00,120.08,119.70
01/29/2018,120.23,5732380,120.20,120.38,120.00
01/26/2018,120.55,6391343,120.62,120.62,120.34
01/25/2018,120.71,7042064,120.02,120.71,120.00
01/24/2018,120.10,5678923,119.94,120.12,119.83
01/23/2018,120.18,6143896,119.97,120.19,119.91
01/22/2018,119.66,5096650,119.77,120.00,119.63
01/19/2018,119.77,6797813,119.99,120.11,119.715
01/18/2018,120.14,6399425,120.17,120.41,120.01
01/17/2018,120.61,11240750,120.96,121.02,120.4949
01/16/2018,120.94,7410204,121.18,121.18,120.82
01/12/2018,120.83,4463052,120.60,120.91,120.55
01/11/2018,120.81,5192586,120.49,120.95,120.49
01/10/2018,120.52,6050495,120.05,120.65,119.91
01/09/2018,120.44,7621727,120.73,120.77,120.42
01/08/2018,120.88,3897191,121.02,121.03,120.7732
01/05/2018,120.89,5796472,121.09,121.09,120.76
01/04/2018,120.93,7710116,120.78,121.01,120.73
01/03/2018,120.97,5087608,120.94,121.05,120.70
01/02/2018,120.75,8480804,121.32,121.46,120.50
12/29/2017,121.56,3003285,121.26,121.625,121.26
12/28/2017,121.40,2493203,121.47,121.48,121.22
12/27/2017,121.48,3179283,121.08,121.49,120.95
12/26/2017,120.81,1872961,120.68,120.86,120.60
12/22/2017,120.65,2934885,120.57,120.67,120.485
12/21/2017,120.56,6210433,120.29,120.59,120.27
12/20/2017,120.49,9805737,120.55,120.70,120.40
12/19/2017,120.81,6029152,121.17,121.19,120.65
12/18/2017,121.43,6371108,121.72,121.77,121.41
12/15/2017,121.79,5846107,121.70,121.85,121.49
12/14/2017,121.62,8004146,121.29,121.66,121.22
12/13/2017,121.40,7205808,121.18,121.54,121.09
12/12/2017,120.98,10153030,120.95,120.99,120.78
12/11/2017,121.07,4521496,121.12,121.215,121.03
12/08/2017,120.98,5090136,121.02,121.105,120.91
12/07/2017,121.13,8295236,121.49,121.57,120.94
12/06/2017,121.37,4801451,121.48,121.54,121.34
12/05/2017,121.14,4541854,120.93,121.17,120.83
12/04/2017,120.91,5766859,120.78,120.92,120.58
12/01/2017,120.72,13958310,120.81,121.38,120.40
11/30/2017,120.67,6119627,120.93,120.94,120.471
11/29/2017,120.81,7454165,120.81,120.87,120.62
11/28/2017,121.29,5121284,121.24,121.39,121.17
11/27/2017,121.12,5949834,121.16,121.26,121.04
11/24/2017,121.19,1359663,121.25,121.37,121.17
11/22/2017,121.33,4007574,121.05,121.365,120.975
11/21/2017,120.86,4305786,120.90,120.94,120.665
11/20/2017,120.46,3116933,120.42,120.60,120.38
11/17/2017,120.46,5521512,120.51,120.58,120.38
11/16/2017,120.31,5051247,120.36,120.52,120.27
11/15/2017,120.45,7141854,120.065,120.48,119.85
11/14/2017,119.94,6112487,119.98,120.095,119.875
11/13/2017,119.91,3646383,120.10,120.12,119.905
11/10/2017,119.89,5816636,120.09,120.15,119.78
11/09/2017,120.58,7232296,120.61,120.75,120.51
11/08/2017,120.90,7111441,121.08,121.11,120.88
11/07/2017,121.06,7643241,121.02,121.11,120.96
11/06/2017,121.16,9576913,121.19,121.25,121.05
11/03/2017,121.13,5307520,121.10,121.19,120.91
11/02/2017,120.99,13253920,121.15,121.15,120.90
11/01/2017,121.01,5967418,121.05,121.15,120.85
10/31/2017,121.14,5932779,121.36,121.36,121.12
10/30/2017,121.31,5236618,121.16,121.35,121.09
10/27/2017,120.91,6915923,120.71,120.945,120.675
10/26/2017,120.55,9420138,120.80,120.80,120.54
10/25/2017,120.56,8866587,120.58,120.64,120.40
10/24/2017,120.88,4686198,120.88,121.06,120.851
10/23/2017,121.18,2675782,121.24,121.31,121.14
10/20/2017,121.06,7280417,120.98,121.16,120.90
10/19/2017,121.39,4143263,121.55,121.55,121.30
10/18/2017,121.21,3272480,121.10,121.285,121.04
10/17/2017,121.39,4476889,121.27,121.49,121.26
10/16/2017,121.41,4886075,121.54,121.56,121.29
10/13/2017,121.58,5755794,121.57,121.65,121.40
10/12/2017,121.10,10302630,121.11,121.19,120.95
10/11/2017,121.07,7170869,121.31,121.31,121.00
10/10/2017,121.13,3873377,121.09,121.40,121.05
10/09/2017,121.05,1312163,121.02,121.07,120.87
10/06/2017,120.95,5901273,120.68,120.99,120.57
10/05/2017,121.05,3932820,121.15,121.15,120.915
10/04/2017,121.22,5376431,121.30,121.30,120.98
10/03/2017,121.29,7569409,120.98,121.29,120.9201
10/02/2017,121.02,7218144,120.96,121.105,120.7743
09/29/2017,121.23,7627168,121.20,121.30,120.95
09/28/2017,121.12,6350817,120.79,121.14,120.75
09/27/2017,120.94,6695458,120.85,121.0092,120.64
09/26/2017,121.41,10290710,121.30,121.4599,121.205
09/25/2017,121.43,3489895,121.12,121.46,121.07
09/22/2017,120.98,2099239,121.06,121.12,120.895
09/21/2017,120.82,3410003,120.85,121.0665,120.81
09/20/2017,120.82,6603279,121.07,121.09,120.54
09/19/2017,120.97,5296844,120.95,121.06,120.844
09/18/2017,120.90,4971726,120.96,120.98,120.76
09/15/2017,121.02,4631309,120.99,121.05,120.79
09/14/2017,120.92,4333511,120.56,120.92,120.56
09/13/2017,120.62,5671338,120.82,120.84,120.60
09/12/2017,120.74,4615817,120.82,120.82,120.55
09/11/2017,120.87,4220271,120.99,121.185,120.85
09/08/2017,121.24,6776599,121.52,121.52,121.23
09/07/2017,121.60,7698798,121.37,121.81,121.35
09/06/2017,121.13,8863659,121.54,121.60,121.08
09/05/2017,121.56,7356961,121.22,121.655,121.17
09/01/2017,120.81,7945950,121.19,121.22,120.80
08/31/2017,121.61,4549449,121.46,121.66,121.445
08/30/2017,121.40,2573677,121.29,121.40,121.24
08/29/2017,121.30,3499654,121.65,121.70,121.23
08/28/2017,121.21,5200458,121.18,121.26,121.00
08/25/2017,121.21,5487990,121.01,121.29,120.95
08/24/2017,120.93,2929758,121.00,121.13,120.885
08/23/2017,121.16,4590242,120.95,121.17,120.87
08/22/2017,120.70,2390073,120.78,120.79,120.64
08/21/2017,120.82,3666217,120.84,120.87,120.72
08/18/2017,120.65,4350906,121.03,121.04,120.61
08/17/2017,120.73,8973840,120.60,120.84,120.48
08/16/2017,120.61,5190152,120.30,120.7969,120.29
08/15/2017,120.27,4709988,120.17,120.35,120.11
08/14/2017,120.41,3051496,120.42,120.645,120.36
08/11/2017,120.49,10861990,120.30,120.51,120.09
08/10/2017,120.27,8053368,120.34,120.44,120.06
08/09/2017,120.31,7465815,120.57,120.62,120.295
08/08/2017,120.19,9992800,120.65,120.67,120.17
08/07/2017,120.77,10816430,120.75,120.83,120.59
08/04/2017,120.74,5090710,120.90,120.92,120.58
08/03/2017,121.21,6520483,121.11,121.27,121.09
08/02/2017,121.04,6728623,121.17,121.29,121.00
08/01/2017,121.23,7390477,120.63,121.23,120.57
07/31/2017,121.11,3689850,120.91,121.12,120.91
07/28/2017,121.11,2312162,120.84,121.11,120.79
07/27/2017,120.79,2769092,120.84,120.93,120.70
07/26/2017,121.09,9355480,120.68,121.19,120.6425
07/25/2017,120.69,7043066,120.94,120.975,120.66
07/24/2017,121.41,2647853,121.47,121.495,121.31
07/21/2017,121.55,3634002,121.44,121.61,121.4328
07/20/2017,121.27,1925200,121.42,121.4678,121.19
07/19/2017,121.16,4144240,121.19,121.30,121.09
07/18/2017,121.20,4775283,121.05,121.20,120.92
07/17/2017,120.68,5899020,120.57,120.75,120.45
07/14/2017,120.57,5301965,120.72,120.80,120.38
07/13/2017,120.29,3977407,120.38,120.4275,120.12
07/12/2017,120.50,6779562,120.50,120.62,120.38
07/11/2017,119.97,4340941,119.90,119.9872,119.73
07/10/2017,119.92,2234474,119.89,119.95,119.74
07/07/2017,119.72,9803906,119.70,119.77,119.60
07/06/2017,119.82,11548020,119.78,119.89,119.50
07/05/2017,120.13,5406932,120.03,120.15,119.90
07/03/2017,119.93,5759530,120.34,120.34,119.93
06/30/2017,120.51,4567743,120.66,120.69,120.47
06/29/2017,120.61,6954179,120.37,120.705,120.34
06/28/2017,120.98,3934009,120.91,120.98,120.63
06/27/2017,120.85,4736503,121.13,121.1472,120.82
06/26/2017,121.40,3808619,121.45,121.56,121.3701
06/23/2017,121.18,5495715,121.11,121.19,121.05
06/22/2017,121.12,3520789,121.19,121.2288,120.98
06/21/2017,121.02,5462716,120.95,121.08,120.83
06/20/2017,120.96,6906491,120.86,121.08,120.74
06/19/2017,120.69,7827730,120.85,120.85,120.63
06/16/2017,120.84,4314833,120.84,120.91,120.755
06/15/2017,120.74,6624662,120.87,120.87,120.59
06/14/2017,121.03,6852817,120.99,121.31,120.79
06/13/2017,120.21,4821989,119.96,120.21,119.96
06/12/2017,120.08,4075123,119.96,120.28,119.92
06/09/2017,120.05,6884719,119.95,120.14,119.85
06/08/2017,120.17,3895232,120.39,120.39,120.00
06/07/2017,120.38,5702351,120.47,120.60,120.32
06/06/2017,120.53,1806671,120.66,120.66,120.45
06/05/2017,120.18,3198470,120.26,120.37,120.17
06/02/2017,120.52,5130059,120.46,120.58,120.30
06/01/2017,119.96,9429967,119.69,119.97,119.67
05/31/2017,120.25,4428704,120.11,120.26,120.0235
05/30/2017,120.11,3898258,120.00,120.12,119.96
05/26/2017,119.83,2054823,119.82,119.91,119.72
05/25/2017,119.74,2806232,119.77,119.77,119.545
05/24/2017,119.69,5291558,119.57,119.76,119.38
05/23/2017,119.50,5154199,120.01,120.01,119.46
05/22/2017,119.87,2688115,119.88,119.93,119.80
05/19/2017,119.97,2895112,119.83,119.97,119.70
05/18/2017,119.90,4825397,119.91,119.95,119.70
05/17/2017,119.92,7168788,119.59,119.979,119.59
05/16/2017,119.19,3996368,119.09,119.3576,119.05
05/15/2017,119.02,3752623,118.96,119.08,118.88
05/12/2017,119.03,3050385,118.80,119.06,118.78
05/11/2017,118.43,2263516,118.20,118.47,118.15
05/10/2017,118.37,4282580,118.53,118.53,118.23
05/09/2017,118.21,3012378,118.12,118.21,118.05
05/08/2017,118.19,3808062,118.37,118.37,118.101
05/05/2017,118.40,2887108,118.38,118.40,118.13
05/04/2017,118.36,1540500,118.25,118.36,118.17
05/03/2017,118.59,2854862,118.87,118.90,118.50
05/02/2017,118.65,2857719,118.36,118.68,118.29
05/01/2017,118.30,3480215,118.57,118.71,118.18
04/28/2017,118.99,4477964,118.71,119.01,118.595
04/27/2017,118.85,4390955,118.74,118.94,118.605
04/26/2017,118.74,3320432,118.47,118.779,118.435
04/25/2017,118.45,3541067,118.75,118.81,118.41
04/24/2017,118.92,3166857,118.93,119.03,118.7389
04/21/2017,119.08,3885498,119.28,119.29,119.07
04/20/2017,119.08,3263971,119.10,119.19,118.90
04/19/2017,119.25,1839355,119.37,119.43,119.16
04/18/2017,119.61,3416793,119.28,119.66,119.1528
04/17/2017,118.91,2933683,119.19,119.21,118.85
04/13/2017,119.14,3286749,119.06,119.21,118.89
04/12/2017,118.94,2886251,118.81,118.94,118.51
04/11/2017,118.55,3534177,118.26,118.62,118.26
04/10/2017,118.00,2766170,117.99,118.15,117.91
04/07/2017,117.78,2121697,118.34,118.4401,117.75
04/06/2017,118.07,2012595,118.08,118.12,117.8065
04/05/2017,117.96,6753900,117.88,118.07,117.70
04/04/2017,117.81,3016225,117.99,118.03,117.81
04/03/2017,118.12,3713723,117.64,118.12,117.61
03/31/2017,117.91,5772256,117.87,117.94,117.79
03/30/2017,117.79,2667698,117.93,118.0399,117.74
03/29/2017,118.10,3457068,117.92,118.10,117.82
03/28/2017,117.72,4834914,117.93,118.09,117.69
03/27/2017,117.97,3492089,118.09,118.09,117.80
03/24/2017,117.72,3158345,117.52,117.82,117.52
03/23/2017,117.60,4504918,117.76,117.78,117.45
03/22/2017,117.68,3905715,117.71,117.799,117.47
03/21/2017,117.38,5032340,117.10,117.47,117.03
03/20/2017,117.1044,2939587,116.86,117.13,116.82
03/17/2017,116.82,4440476,116.75,116.919,116.675
03/16/2017,116.55,3116974,116.73,116.74,116.50
03/15/2017,116.72,7841914,116.04,116.805,115.91
03/14/2017,115.72,3598469,115.71,115.80,115.63
03/13/2017,115.62,3171616,115.90,116.00,115.62
03/10/2017,116.01,4789093,116.07,116.07,115.76
03/09/2017,115.72,5065163,115.99,116.02,115.66
03/08/2017,116.35,7933305,116.48,116.48,116.16
03/07/2017,116.71,5999383,117.01,117.13,116.6036
03/06/2017,117.29,3464402,117.48,117.50,117.21
03/03/2017,117.50,4926300,117.52,117.53,117.13
03/02/2017,117.38,4687914,117.45,117.48,117.25
03/01/2017,117.56,6524606,117.61,117.62,117.39
02/28/2017,118.58,4290564,118.62,118.775,118.50
02/27/2017,118.50,5083369,118.76,118.76,118.455
02/24/2017,118.78,5388864,118.62,118.87,118.4438
02/23/2017,118.18,4247898,118.16,118.21,118.05
02/22/2017,117.88,4259136,118.05,118.169,117.54
02/21/2017,117.79,3656173,117.57,117.92,117.50
02/17/2017,117.74,3104823,117.86,117.8651,117.63
02/16/2017,117.44,4037734,117.32,117.57,117.21
02/15/2017,117.11,3632699,116.95,117.11,116.87
02/14/2017,117.20,4404209,117.52,117.52,116.805
02/13/2017,117.48,3723545,117.41,117.48,117.2601
02/10/2017,117.53,4881558,117.35,117.62,117.26
02/09/2017,117.56,4692823,117.91,117.91,117.48
02/08/2017,118.03,6287234,118.01,118.14,117.84
02/07/2017,117.62,3228959,117.42,117.83,117.29
02/06/2017,117.42,4494455,117.43,117.53,117.17
02/03/2017,117.05,5243246,117.26,117.43,116.80
02/02/2017,116.92,7145589,117.14,117.29,116.88
02/01/2017,116.89,3626928,116.78,117.05,116.53
01/31/2017,117.35,4982506,117.18,117.56,117.08
01/30/2017,117.14,3650995,117.29,117.34,117.10
01/27/2017,117.34,3816741,117.35,117.42,117.2169
01/26/2017,117.20,4080151,117.06,117.25,116.82
01/25/2017,117.06,5886426,117.17,117.25,116.8584
01/24/2017,117.51,5129798,117.67,117.76,117.34
01/23/2017,117.86,8747447,117.54,118.05,117.32
01/20/2017,117.32,4570616,117.13,117.36,116.90
01/19/2017,117.11,3370523,117.30,117.3499,116.915
01/18/2017,117.51,6026212,117.95,118.01,117.415
01/17/2017,118.29,8443107,118.43,118.54,118.10
01/13/2017,117.78,4045310,117.82,117.9699,117.39
01/12/2017,118.02,3922583,118.42,118.43,118.01
01/11/2017,118.03,7133642,117.90,118.39,117.69
01/10/2017,117.85,4259553,117.92,117.97,117.77
01/09/2017,117.92,3561351,118.01,118.07,117.87
01/06/2017,117.69,4496022,117.87,117.98,117.62
01/05/2017,118.31,7071051,117.80,118.34,117.71
01/04/2017,117.68,4999151,117.53,117.68,117.33
01/03/2017,117.28,5822644,116.95,117.40,116.521
12/30/2016,117.18,2388445,117.00,117.36,116.95
12/29/2016,117.00,3309602,116.79,117.138,116.66
12/28/2016,116.55,1731670,116.33,116.68,116.13
12/27/2016,116.12,2542797,116.10,116.17,116.00
12/23/2016,116.33,1291655,116.24,116.38,116.22
12/22/2016,116.15,3773390,115.99,116.21,115.89
12/21/2016,116.46,4199568,116.12,116.48,116.12
12/20/2016,116.09,3750008,115.93,116.125,115.82
12/19/2016,116.16,5777415,116.20,116.22,115.95
12/16/2016,115.60,7852037,115.87,116.00,115.55
12/15/2016,115.69,9352848,115.84,116.05,115.56
12/14/2016,115.61,6133787,116.87,116.87,115.58
12/13/2016,116.35,6232717,116.57,116.57,116.14
12/12/2016,116.09,7302755,116.06,116.215,115.87
12/09/2016,116.20,8875111,116.54,116.70,116.05
12/08/2016,116.65,5941459,116.82,116.85,116.57
12/07/2016,117.13,8069285,116.91,117.27,116.86
12/06/2016,116.64,9040134,116.70,116.78,116.61
12/05/2016,116.65,4107515,116.28,116.865,116.11
12/02/2016,116.40,7533542,116.16,116.69,116.16
12/01/2016,115.87,11597710,115.98,116.16,115.60
11/30/2016,116.84,11333400,116.56,116.925,116.481
11/29/2016,117.28,3926198,117.04,117.32,116.945
11/28/2016,117.12,3125189,116.97,117.17,116.87
11/25/2016,116.59,876143,116.87,116.87,116.46
11/23/2016,116.58,6098253,116.30,116.76,116.04
11/22/2016,117.01,3693315,117.10,117.11,116.78
11/21/2016,116.71,5077176,116.79,116.95,116.59
11/18/2016,116.59,9801354,117.41,117.45,116.52
11/17/2016,117.25,6106245,117.71,117.776,117.12
11/16/2016,118.00,5417760,117.69,118.0637,117.65
11/15/2016,117.83,4840261,117.66,118.045,117.57
11/14/2016,117.47,7148652,117.32,118.01,117.1785
11/11/2016,118.08,6011875,118.54,118.65,118.02
11/10/2016,118.59,9063923,118.51,119.08,118.41
11/09/2016,118.69,9216217,119.47,119.69,118.51
11/08/2016,120.46,3632409,120.69,120.78,120.33
11/07/2016,120.73,4352375,120.68,120.77,120.56
11/04/2016,120.81,4243123,120.63,120.8967,120.63
11/03/2016,120.45,6320503,120.51,120.605,120.36
11/02/2016,120.69,4798130,120.60,120.81,120.51
11/01/2016,120.51,9303137,120.43,120.67,120.18
10/31/2016,120.98,5377344,121.16,121.20,120.94
10/28/2016,120.87,5629790,120.95,121.14,120.84
10/27/2016,121.01,11643240,121.32,121.32,120.73
10/26/2016,121.56,10256010,121.88,121.92,121.545
10/25/2016,122.07,6611625,122.09,122.29,121.98
10/24/2016,122.16,3816453,122.55,122.55,122.02
10/21/2016,122.51,3502517,122.52,122.58,122.30
10/20/2016,122.44,2646812,122.77,122.77,122.42
10/19/2016,122.48,5010531,122.24,122.57,122.16
10/18/2016,122.32,2944094,121.92,122.32,121.9099
10/17/2016,122.02,2698844,121.80,122.0661,121.80
10/14/2016,121.62,2208889,121.86,122.10,121.61
10/13/2016,122.19,4204259,122.10,122.33,122.06
10/12/2016,121.89,2327840,121.80,121.93,121.58
10/11/2016,121.73,3416550,121.75,122.01,121.69
10/10/2016,122.11,2246107,121.77,122.115,121.77
10/07/2016,122.11,2545869,121.99,122.20,121.6899
10/06/2016,121.82,5909212,121.81,122.13,121.65
10/05/2016,121.81,4168845,122.04,122.15,121.67
10/04/2016,121.94,6890050,122.43,122.57,121.94
10/03/2016,122.51,5555881,122.92,122.95,122.51
09/30/2016,123.18,5224623,123.45,123.45,122.84
09/29/2016,123.40,5409109,123.19,123.44,123.08
09/28/2016,123.45,8094655,123.49,123.51,123.245
09/27/2016,123.37,4571879,123.34,123.44,123.07
09/26/2016,123.07,5027048,122.95,123.21,122.895
09/23/2016,122.88,6284642,122.96,123.04,122.84
09/22/2016,122.97,8544275,122.72,123.11,122.70
09/21/2016,122.47,4651365,121.88,122.50,121.62
09/20/2016,121.85,5026114,121.98,122.21,121.805
09/19/2016,121.69,5997099,121.81,121.91,121.61
09/16/2016,121.73,6832350,121.75,121.82,121.50
09/15/2016,121.59,3441145,121.49,121.70,121.20
09/14/2016,121.51,4444049,121.49,121.72,121.345
09/13/2016,121.43,13637120,121.99,121.99,121.05
09/12/2016,121.83,5164069,121.72,122.06,121.5513
09/09/2016,121.82,8136038,122.11,122.38,121.75
09/08/2016,122.74,4632338,123.25,123.395,122.665
09/07/2016,123.61,2983284,123.95,124.0399,123.61
09/06/2016,123.78,6387436,123.47,123.90,123.18
09/02/2016,123.35,4155998,123.58,123.59,123.10
09/01/2016,123.57,10146270,123.20,123.6265,123.08
08/31/2016,123.89,5300028,124.01,124.045,123.77
08/30/2016,123.94,10626530,124.08,124.10,123.81
08/29/2016,124.10,2668007,123.80,124.25,123.71
08/26/2016,123.40,3388063,124.05,124.45,123.32
08/25/2016,123.79,3679334,123.92,124.0735,123.76
08/24/2016,123.91,3871400,124.17,124.248,123.899
08/23/2016,123.99,5398848,124.05,124.23,123.90
08/22/2016,123.85,5220975,123.84,123.97,123.64
08/19/2016,123.43,5271491,123.54,123.70,123.26
08/18/2016,123.80,4237884,123.74,123.935,123.50
08/17/2016,123.50,4566865,123.25,123.66,123.178
08/16/2016,123.16,4526328,123.52,123.53,123.11
08/15/2016,123.38,2980736,123.62,123.64,123.38
08/12/2016,123.76,6585116,123.76,124.06,123.675
08/11/2016,123.20,4227595,123.70,123.76,123.055
08/10/2016,123.61,6338790,123.60,123.7168,123.28
08/09/2016,123.26,4259135,122.88,123.32,122.75
08/08/2016,122.54,4161326,122.34,122.77,122.23
08/05/2016,122.46,3888331,122.87,122.96,122.41
08/04/2016,122.96,3413293,122.85,123.23,122.73
08/03/2016,122.44,6037642,122.53,122.65,122.18
08/02/2016,122.28,4526686,122.43,122.67,122.11
08/01/2016,122.97,4827733,123.32,123.44,122.95
07/29/2016,123.99,4226177,123.50,124.04,123.50
07/28/2016,123.54,5276110,123.39,123.62,123.25
07/27/2016,123.66,5976791,123.39,123.74,123.20
07/26/2016,123.15,4929297,123.56,123.56,122.97
07/25/2016,123.27,3295594,123.52,123.52,123.20
07/22/2016,123.34,3748200,123.17,123.6068,123.10
07/21/2016,123.41,3570149,122.88,123.45,122.7961
07/20/2016,123.27,3676757,123.19,123.31,122.94
07/19/2016,123.31,7196268,123.41,123.41,123.02
07/18/2016,123.09,4661508,123.41,123.45,122.83
07/15/2016,123.09,4442632,123.27,123.50,123.00
07/14/2016,123.56,7254895,123.23,123.68,123.21
07/13/2016,123.86,3738461,123.89,124.0577,123.725
07/12/2016,123.38,4363041,123.83,123.8424,123.37
07/11/2016,124.08,3000200,124.28,124.48,124.06
07/08/2016,124.40,3835292,124.05,124.42,123.86
07/07/2016,123.71,2597108,123.63,123.86,123.46
07/06/2016,123.69,6770299,123.64,123.75,123.40
07/05/2016,123.47,4414993,123.46,123.58,123.20
07/01/2016,123.05,4396312,122.99,123.17,122.755
06/30/2016,122.735,5398340,122.44,122.84,122.30
06/29/2016,122.31,5325796,122.52,122.69,122.22
06/28/2016,122.35,5555734,121.83,122.39,121.82
06/27/2016,121.68,7454604,121.59,121.99,121.59
06/24/2016,121.17,5295032,120.88,121.50,120.88
06/23/2016,120.60,3942117,120.65,120.70,120.495
06/22/2016,120.72,4090405,120.53,120.73,120.50
06/21/2016,120.50,4396354,120.71,120.765,120.41
06/20/2016,120.61,4549675,120.68,120.70,120.475
06/17/2016,120.76,2673192,121.08,121.08,120.69
06/16/2016,121.12,4550657,120.92,121.26,120.86
06/15/2016,120.94,5589546,120.90,121.09,120.645
06/14/2016,120.49,6301065,120.92,121.02,120.45
06/13/2016,120.76,3980260,121.15,121.15,120.68
06/10/2016,120.94,4209237,120.90,121.15,120.88
06/09/2016,120.80,2885363,120.91,120.97,120.73
06/08/2016,120.63,2478759,120.38,120.64,120.33
06/07/2016,120.23,3663373,120.32,120.45,120.18
06/06/2016,120.05,6401472,120.31,120.31,120.02
06/03/2016,120.34,2998754,120.05,120.34,119.93
06/02/2016,119.38,2709355,119.28,119.5999,119.225
06/01/2016,119.14,5528705,119.28,119.42,119.04
05/31/2016,119.39,3170592,119.00,119.495,118.91
05/27/2016,119.18,2762763,119.28,119.41,119.03
05/26/2016,119.27,4768587,118.96,119.4461,118.96
05/25/2016,118.93,4793811,118.73,118.96,118.70
05/24/2016,118.72,3498140,118.99,118.99,118.56
05/23/2016,118.92,2842097,118.92,118.98,118.71
05/20/2016,118.92,2977681,118.93,118.9899,118.69
05/19/2016,118.84,5759919,118.62,118.92,118.62
05/18/2016,118.56,7022120,119.45,119.45,118.44
05/17/2016,119.58,3386104,119.61,119.80,119.51
05/16/2016,119.62,2968436,120.02,120.02,119.60
05/13/2016,120.02,4328545,119.91,120.06,119.78
05/12/2016,119.80,2681947,120.10,120.10,119.67
05/11/2016,120.05,3416609,119.84,120.24,119.75
05/10/2016,119.92,5469913,119.81,119.97,119.67
05/09/2016,119.72,6202773,119.95,119.95,119.61
05/06/2016,119.84,3044971,120.05,120.05,119.69
05/05/2016,120.10,4466057,119.96,120.13,119.62
05/04/2016,119.86,4228188,120.00,120.01,119.721
05/03/2016,120.06,3732711,120.04,120.24,119.9006
05/02/2016,119.85,6771294,119.95,120.0475,119.77
04/29/2016,120.33,2924553,120.08,120.42,119.85
04/28/2016,120.20,3503230,119.90,120.27,119.82
04/27/2016,120.09,3091488,119.59,120.09,119.422
04/26/2016,119.33,3286577,119.50,119.50,119.12
04/25/2016,119.38,2923614,119.68,119.69,119.30
04/22/2016,119.66,1651842,119.91,119.91,119.55
04/21/2016,119.53,3579582,119.66,119.69,119.33
04/20/2016,119.58,3041140,120.06,120.39,119.55
04/19/2016,119.91,2577128,119.73,119.92,119.57
04/18/2016,119.69,2827319,119.34,119.69,119.34
04/15/2016,119.56,3789527,119.30,119.62,119.14
04/14/2016,119.06,1863981,119.18,119.23,118.91
04/13/2016,119.14,2502212,118.77,119.16,118.7001
04/12/2016,118.73,3553440,118.88,119.04,118.605
