Date,Close/Last,Volume,Open,High,Low
04/10/2026,34.89,47199,35.06,35.06,34.8599
04/09/2026,34.85,54208,34.79,34.92,34.749
04/08/2026,34.85,50710,34.79,34.92,34.735
04/07/2026,34.44,59055,34.48,34.48,34.27
04/06/2026,34.3932,35164,34.23,34.42,34.23
04/02/2026,34.35,38238,34.17,34.35,33.98
04/01/2026,34.25,48888,34.34,34.34,34.1976
03/31/2026,34.12,48870,33.94,34.12,33.78
03/30/2026,33.70,89415,33.73,33.83,33.60
03/27/2026,33.71,69902,34.00,34.00,33.69
03/26/2026,33.82,41861,34.02,34.09,33.82
03/25/2026,34.15,37757,34.14,34.21,34.095
03/24/2026,34.00,43775,33.92,34.09,33.9002
03/23/2026,34.06,19959,34.03,34.16,33.98
03/20/2026,33.85,37117,34.115,34.115,33.77
03/19/2026,34.22,36657,34.19,34.249,34.00
03/18/2026,34.24,81489,34.29,34.435,34.24
03/17/2026,34.45,57487,34.50,34.51,34.395
03/16/2026,34.33,22998,34.37,34.38,34.275
03/13/2026,34.14,28818,34.39,34.39,34.11
03/12/2026,34.20,44365,34.49,34.49,34.179
03/11/2026,34.47,33756,34.47,34.52,34.362
03/10/2026,34.447,51302,34.34,34.6158,34.34
03/09/2026,34.3862,71132,34.23,34.41,34.0156
03/06/2026,34.25,49336,34.10,34.309,34.10
03/05/2026,34.42,69291,34.70,34.70,34.27
03/04/2026,34.61,38998,34.62,34.63,34.4842
03/03/2026,34.45,337911,34.50,34.50,34.12
03/02/2026,34.80,147741,34.70,34.8887,34.685
02/27/2026,34.90,75711,34.96,34.96,34.82
02/26/2026,34.98,37737,35.00,35.00,34.83
02/25/2026,35.00,54497,34.98,35.02,34.93
02/24/2026,34.86,159761,34.86,34.88,34.75
02/23/2026,34.69,42069,34.83,34.85,34.6731
02/20/2026,34.86,47311,34.58,34.90,34.58
02/19/2026,34.74,86471,34.58,34.74,34.58
02/18/2026,34.75,80245,34.56,34.8607,34.43
02/17/2026,34.59,78760,34.46,34.66,34.45
02/13/2026,34.62,99713,34.48,34.70,34.40
02/12/2026,34.54,41314,34.86,34.86,34.5082
02/11/2026,34.767,141083,34.72,34.8291,34.64
02/10/2026,34.71,61497,34.74,34.80,34.62
02/09/2026,34.67,36024,34.54,34.72,34.50
02/06/2026,34.525,69484,34.16,34.525,34.16
02/05/2026,34.12,68693,34.08,34.2693,34.08
02/04/2026,34.33,182513,34.36,34.51,34.21
02/03/2026,34.45,108850,34.48,34.56,34.26
02/02/2026,34.39,88970,34.41,34.43,34.29
01/30/2026,34.291,50185,34.5125,34.5125,34.18
01/29/2026,34.623,200701,34.70,34.71,34.42
01/28/2026,34.63,40926,34.53,34.63,34.53
01/27/2026,34.56,34126,34.33,34.57,34.33
01/26/2026,34.3904,59224,34.40,34.46,34.3882
01/23/2026,34.39,64802,34.39,34.44,34.31
01/22/2026,34.39,55272,34.27,34.42,34.27
01/21/2026,34.27,56496,34.20,34.33,34.14
01/20/2026,34.08,51170,34.12,34.1901,34.06
01/16/2026,34.32,52846,34.18,34.33,34.18
01/15/2026,34.317,97725,34.15,34.39,34.15
01/14/2026,34.23,76263,34.06,34.23,34.06
01/13/2026,34.20,47262,34.25,34.25,34.16
01/12/2026,34.215,66352,34.13,34.2186,34.13
01/09/2026,34.14,49401,34.16,34.16,34.04
01/08/2026,33.985,87129,33.90,34.00,33.90
01/07/2026,33.9679,122758,34.18,34.18,33.95
01/06/2026,34.14,211565,33.63,34.14,33.63
01/05/2026,33.913,245044,33.89,33.95,33.87
01/02/2026,33.74,106626,33.67,33.75,33.64
12/31/2025,33.51,79491,33.64,33.64,33.51
12/30/2025,33.613,65495,33.65,33.6711,33.605
12/29/2025,34.11,126163,34.14,34.14,34.08
12/26/2025,34.183,39268,34.17,34.20,34.16
12/24/2025,34.17,29210,33.99,34.18,33.99
12/23/2025,34.12,80454,34.00,34.14,34.00
12/22/2025,34.08,1963194,34.08,34.1215,34.08
12/19/2025,34.04,41453,34.03,34.05,33.97
12/18/2025,33.88,68990,33.87,33.9479,33.85
12/17/2025,33.75,56874,33.88,33.892,33.7299
12/16/2025,33.857,44715,33.77,33.8972,33.77
12/15/2025,33.88,85953,34.07,34.07,33.88
12/12/2025,33.941,37277,34.09,34.14,33.92
12/11/2025,34.12,118096,34.11,34.15,34.03
12/10/2025,34.05,60820,33.72,34.12,33.72
12/09/2025,33.92,40646,33.73,33.965,33.73
12/08/2025,33.88,53204,33.80,33.935,33.80
12/05/2025,33.89,229689,33.91,33.98,33.89
12/04/2025,33.85,21652,33.81,33.8897,33.81
12/03/2025,33.84,51665,33.77,33.84,33.71
12/02/2025,33.765,42141,33.74,33.79,33.72
12/01/2025,33.72,29897,33.51,33.785,33.51
11/28/2025,33.83,29604,33.74,33.83,33.7395
11/26/2025,33.72,77536,33.40,33.76,33.40
11/25/2025,33.56,103188,33.26,33.56,33.26
11/24/2025,33.43,351837,33.36,33.43,33.26
11/21/2025,33.2341,25131,33.01,33.292,33.01
11/20/2025,33.11,47739,33.41,33.555,33.11
11/19/2025,33.38,93242,33.38,33.47,33.31
11/18/2025,33.3746,92605,33.20,33.44,33.00
11/17/2025,33.41,67125,33.55,33.59,33.37
11/14/2025,33.55,44443,33.54,33.65,33.49
11/13/2025,33.58,40185,33.86,33.86,33.56
11/12/2025,33.875,21598,34.02,34.02,33.86
11/11/2025,33.92,117227,33.77,33.92,33.77
11/10/2025,33.91,37805,33.78,33.9172,33.78
11/07/2025,33.68,28006,33.5794,33.6836,33.47
11/06/2025,33.64,244587,33.83,33.83,33.60
11/05/2025,33.83,390746,33.72,33.85,33.69
11/04/2025,33.663,25687,33.66,33.80,33.66
11/03/2025,33.88,30767,33.80,33.92,33.80
10/31/2025,33.863,134606,33.87,33.955,33.80
10/30/2025,33.872,172334,33.96,33.96,33.8401
10/29/2025,33.95,26891,33.90,34.0791,33.90
10/28/2025,33.96,29880,33.975,34.0297,33.96
10/27/2025,34.0294,25190,33.90,34.045,33.90
10/24/2025,33.97,32317,33.91,33.9798,33.91
10/23/2025,33.84,31528,33.76,33.8995,33.76
10/22/2025,33.755,27725,33.98,33.98,33.66
10/21/2025,33.84,27665,33.94,33.94,33.81
10/20/2025,33.90,18267,33.73,33.92,33.73
10/17/2025,33.7413,122600,33.71,33.755,33.6616
10/16/2025,33.7579,54930,33.80,33.90,33.7062
10/15/2025,33.806,32522,33.74,33.86,33.72
10/14/2025,33.6998,24228,33.71,33.7668,33.46
10/13/2025,33.6755,25200,33.66,33.685,33.54
10/10/2025,33.3461,68489,33.80,33.80,33.34
10/09/2025,33.7406,22546,33.91,33.91,33.70
10/08/2025,33.81,85289,33.67,33.8413,33.67
10/07/2025,33.7405,20425,33.82,33.86,33.7021
10/06/2025,33.8225,51141,33.84,33.86,33.80
10/03/2025,33.72,20671,33.89,33.89,33.72
10/02/2025,33.72,982702,33.84,33.84,33.669
10/01/2025,33.6647,20773,33.74,34.0825,33.5715
09/30/2025,33.63,30478,33.51,33.63,33.51
09/29/2025,33.5979,30365,33.56,33.6287,33.56
09/26/2025,33.5577,87927,33.64,33.64,33.51
09/25/2025,33.52,72609,33.45,33.5299,33.4206
09/24/2025,33.5651,35263,33.63,33.68,33.5501
09/23/2025,33.6396,17909,33.61,33.75,33.61
09/22/2025,33.6849,42199,33.58,33.69,33.58
09/19/2025,33.65,19298,33.63,33.65,33.59
09/18/2025,33.64,27705,33.86,33.86,33.56
09/17/2025,33.5456,80046,33.55,33.6089,33.53
09/16/2025,33.55,22821,33.68,33.68,33.51
09/15/2025,33.5697,40708,33.51,33.5894,33.51
09/12/2025,33.4897,18778,33.49,33.52,33.44
09/11/2025,33.5038,20196,33.42,33.5065,33.42
09/10/2025,33.352,9234,33.40,33.40,33.30
09/09/2025,33.26,13328,33.26,33.2863,33.213
09/08/2025,33.2503,22485,33.5499,33.5499,33.18
09/05/2025,33.1447,23913,33.27,33.27,33.0738
09/04/2025,33.08,25935,32.99,33.0899,32.93
09/03/2025,33.0146,15153,32.97,33.05,32.97
09/02/2025,33.02,24805,33.02,33.27,32.90
08/29/2025,33.03,16379,33.00,33.0702,33.00
08/28/2025,33.11,21363,33.20,33.20,33.06
08/27/2025,33.10,44549,32.91,33.10,32.91
08/26/2025,33.0569,16626,33.04,33.0697,33.02
08/25/2025,33.04,22045,33.0983,33.1113,33.03
08/22/2025,33.13,198086,32.87,33.13,32.87
08/21/2025,32.8358,18511,32.93,32.93,32.79
08/20/2025,32.8672,20643,32.77,32.8672,32.77
08/19/2025,32.85,21043,32.91,33.10,32.83
08/18/2025,32.915,33202,32.83,32.915,32.83
08/15/2025,32.8571,19028,32.85,32.88,32.83
08/14/2025,32.89,26450,32.99,32.99,32.8202
08/13/2025,32.945,42448,33.26,33.26,32.8735
08/12/2025,32.86,25274,33.65,33.65,32.7495
08/11/2025,32.6795,32933,32.73,32.73,32.6657
08/08/2025,32.6687,14523,32.74,32.74,32.66
08/07/2025,32.67,65184,32.79,32.79,32.61
08/06/2025,32.59,17798,32.59,32.61,32.57
08/05/2025,32.55,38563,32.68,32.68,32.5201
08/04/2025,32.57,65672,32.48,32.77,32.48
08/01/2025,32.53,39890,32.56,32.56,32.345
07/31/2025,32.5402,40130,32.59,32.65,32.54
07/30/2025,32.61,224987,32.56,32.81,32.56
07/29/2025,32.65,445419,32.81,32.81,32.62
07/28/2025,32.67,28012,32.61,32.69,32.61
07/25/2025,32.6808,27846,32.55,32.69,32.55
07/24/2025,32.65,28498,32.77,32.77,32.65
07/23/2025,32.7345,14164,32.83,32.83,32.67
07/22/2025,32.6289,33203,32.62,32.6319,32.55
07/21/2025,32.6071,42414,32.53,32.677,32.53
07/18/2025,32.5619,18552,32.64,32.64,32.55
07/17/2025,32.5902,252845,32.41,32.60,32.32
07/16/2025,32.52,11301,32.63,32.63,32.42
07/15/2025,32.4491,52845,32.54,32.54,32.4491
07/14/2025,32.51,26862,32.47,32.53,32.46
07/11/2025,32.47,56362,32.5134,32.5134,32.46
07/10/2025,32.5524,21437,32.53,32.63,32.51
07/09/2025,32.52,31243,32.45,32.52,32.4401
07/08/2025,32.4148,32194,32.41,32.44,32.39
07/07/2025,32.39,38056,32.54,32.54,32.34
07/03/2025,32.4734,13700,32.42,32.507,32.42
07/02/2025,32.40,19526,32.36,32.409,32.21
07/01/2025,32.305,103385,32.17,32.35,32.05
06/30/2025,32.32,21637,32.42,32.42,32.29
06/27/2025,32.29,30578,32.31,32.35,32.25
06/26/2025,32.27,26916,32.07,33.09,32.07
06/25/2025,32.13,19382,32.19,32.19,32.11
06/24/2025,32.16,55627,32.01,32.73,32.01
06/23/2025,32.04,26076,31.95,32.06,31.91
06/20/2025,31.92,21639,31.91,32.015,31.91
06/18/2025,31.98,30700,31.9799,32.05,31.9799
06/17/2025,31.97,35479,31.92,32.035,31.81
06/16/2025,32.09,324450,32.01,32.10,32.01
06/13/2025,31.93,89195,31.96,32.02,31.92
06/12/2025,32.08,41166,32.06,32.1084,32.06
06/11/2025,32.10,37768,32.15,32.18,32.08
06/10/2025,32.11,39683,32.12,32.635,32.09
06/09/2025,32.11,48240,32.08,32.14,32.0624
06/06/2025,32.07,91672,32.15,32.15,32.02
06/05/2025,31.99,42107,32.04,32.04,31.935
06/04/2025,31.965,95999,31.98,31.99,31.9106
06/03/2025,31.885,31890,31.83,31.9099,31.82
06/02/2025,31.825,137709,31.78,31.85,31.78
05/30/2025,31.8328,50646,31.71,31.8441,31.71
05/29/2025,31.84,46863,32.00,32.00,31.7601
05/28/2025,31.8117,176121,31.96,32.06,31.81
05/27/2025,31.97,74929,32.14,32.14,31.77
05/23/2025,31.76,21902,31.62,31.7729,31.62
05/22/2025,31.79,22974,31.79,31.81,31.69
05/21/2025,31.80,38791,31.88,31.94,31.70
05/20/2025,31.97,35407,32.01,32.01,31.91
05/19/2025,32.00,40590,31.91,32.00,31.71
05/16/2025,32.00,45482,31.95,32.00,31.8711
05/15/2025,31.92,63108,31.72,31.92,31.7113
05/14/2025,31.83,34484,31.95,31.95,31.7735
05/13/2025,31.88,131306,31.69,31.88,31.69
05/12/2025,31.54,108291,31.77,31.80,31.54
05/09/2025,31.49,92110,31.56,31.56,31.48
05/08/2025,31.46,100152,31.50,31.5397,31.43
05/07/2025,31.4296,34313,31.36,31.4483,31.36
05/06/2025,31.42,43176,31.46,31.47,31.397
05/05/2025,31.46,141824,31.34,31.4988,31.34
05/02/2025,31.47,43987,31.50,31.50,31.40
05/01/2025,31.25,53856,31.25,31.34,31.25
04/30/2025,31.23,147653,31.04,31.26,31.04
04/29/2025,31.25,81583,31.12,31.29,31.12
04/28/2025,31.18,60764,31.21,31.229,31.1101
04/25/2025,31.15,44638,31.02,31.19,31.02
04/24/2025,31.11,43279,30.88,31.12,30.88
04/23/2025,30.90,127497,31.13,31.13,30.8731
04/22/2025,30.765,36578,30.68,30.781,30.6301
04/21/2025,30.49,59184,30.55,30.60,30.38
04/17/2025,30.66,71887,30.49,30.7093,30.49
04/16/2025,30.54,50642,30.49,30.635,30.435
04/15/2025,30.62,64760,30.51,30.69,30.51
04/14/2025,30.52,76217,30.57,30.6198,30.4347
04/11/2025,30.39,83483,30.02,30.40,30.02
04/10/2025,30.25,167974,30.44,30.44,29.995
04/09/2025,30.70,125314,29.57,30.70,29.57
04/08/2025,29.76,191629,30.29,30.295,29.64
04/07/2025,29.93,145860,29.78,30.34,29.57
04/04/2025,30.12,88448,30.50,30.50,30.11
04/03/2025,30.96,54926,31.14,31.14,30.90
04/02/2025,31.47,33232,31.27,31.5098,31.27
04/01/2025,31.4092,64855,31.30,31.4381,31.2799
03/31/2025,31.31,36141,31.35,31.3646,31.17
03/28/2025,31.3484,59857,31.486,31.49,31.33
03/27/2025,31.62,102249,31.5234,31.679,31.5234
03/26/2025,31.57,72036,31.70,31.7199,31.55
03/25/2025,31.78,31211,31.71,31.78,31.71
03/24/2025,31.77,30495,31.81,31.81,31.65
03/21/2025,31.65,37732,31.42,31.65,31.42
03/20/2025,31.57,41694,31.53,31.66,31.53
03/19/2025,31.67,51332,31.47,31.68,31.47
03/18/2025,31.46,85972,31.51,31.58,31.46
03/17/2025,31.61,98149,31.40,31.61,31.40
03/14/2025,31.405,45726,31.25,31.42,31.25
03/13/2025,31.185,115489,31.18,31.2899,31.14
03/12/2025,31.26,39709,31.39,31.39,31.17
03/11/2025,31.17,59596,31.17,31.26,31.091
03/10/2025,31.16,266663,31.50,31.50,31.08
03/07/2025,31.5065,48476,31.57,31.57,31.35
03/06/2025,31.48,37659,31.53,31.59,31.43
03/05/2025,31.66,21431,31.49,31.66,31.49
03/04/2025,31.489,46939,31.59,31.61,31.3239
03/03/2025,31.56,27941,31.91,31.91,31.53
02/28/2025,31.73,22154,31.63,31.78,31.61
02/27/2025,31.68,29835,31.82,31.845,31.68
02/26/2025,31.82,31181,31.94,31.94,31.82
02/25/2025,31.77,36738,31.89,31.89,31.71
02/24/2025,31.849,45207,31.92,31.925,31.80
02/21/2025,31.89,75777,32.16,32.16,31.89
02/20/2025,32.10,143303,32.31,32.31,32.0291
02/19/2025,32.16,31614,32.21,32.21,32.16
02/18/2025,32.27,56093,32.17,32.27,32.17
02/14/2025,32.15,41138,32.17,32.23,32.15
02/13/2025,32.15,21459,32.04,32.15,32.04
02/12/2025,32.00,76755,31.88,32.02,31.88
02/11/2025,32.02,40958,32.09,32.09,32.0009
02/10/2025,32.07,53047,32.07,32.11,32.0326
02/07/2025,31.99,27824,32.10,32.10,31.94
02/06/2025,32.03,40737,32.02,32.0678,31.98
02/05/2025,32.02,33644,31.84,32.035,31.84
02/04/2025,31.93,58153,31.895,31.9562,31.895
02/03/2025,31.88,45059,31.67,31.90,31.67
01/31/2025,31.92,36453,32.01,32.075,31.92
01/30/2025,32.01,47372,31.89,32.0699,31.89
01/29/2025,31.91,81424,31.89,31.95,31.85
01/28/2025,31.85,90389,31.799,31.8999,31.799
01/27/2025,31.80,399063,31.66,31.8389,31.66
01/24/2025,31.94,398898,32.05,32.05,31.94
01/23/2025,31.99,88776,31.91,31.99,31.88
01/22/2025,31.86,67293,31.90,31.94,31.86
01/21/2025,31.88,218560,31.88,31.91,31.8301
01/17/2025,31.80,127068,31.70,31.805,31.70
01/16/2025,31.63,485922,31.76,31.76,31.62
01/15/2025,31.61,56638,31.53,31.66,31.53
01/14/2025,31.46,85374,31.31,31.46,31.31
01/13/2025,31.39,154850,31.29,31.39,31.26
01/10/2025,31.40,99430,31.47,31.47,31.34
01/08/2025,31.51,805310,31.52,31.56,31.4622
01/07/2025,31.60,32999,31.72,31.74,31.5499
01/06/2025,31.67,71698,31.77,31.77,31.63
01/03/2025,31.65,79159,31.61,31.65,31.5399
01/02/2025,31.48,91092,31.40,31.5698,31.40
12/31/2024,31.41,90179,31.33,31.558,31.33
12/30/2024,31.38,82093,31.43,31.46,31.35
12/27/2024,32.16,314825,32.10,32.2602,32.10
12/26/2024,32.28,39469,32.18,32.33,32.18
12/24/2024,32.28,21670,32.36,32.36,32.2027
12/23/2024,32.17,267757,32.28,32.28,32.11
12/20/2024,32.13,46120,31.94,32.23,31.94
12/19/2024,32.03,121450,32.33,32.33,32.03
12/18/2024,32.17,86436,32.59,32.59,32.13
12/17/2024,32.45,87613,32.50,32.54,32.45
12/16/2024,32.54,365503,32.67,32.67,32.54
12/13/2024,32.53,34419,32.59,32.62,32.53
12/12/2024,32.57,104699,32.73,32.73,32.57
12/11/2024,32.70,72058,32.65,32.71,32.6284
12/10/2024,32.61,40317,32.72,32.72,32.5709
12/09/2024,32.71,738739,32.69,32.7959,32.66
12/06/2024,32.72,34177,32.66,32.72,32.66
12/05/2024,32.68,99549,32.75,32.75,32.65
12/04/2024,32.70,36042,32.65,32.70,32.62
12/03/2024,32.65,131928,32.66,32.66,32.5901
12/02/2024,32.64,205403,32.66,32.66,32.575
11/29/2024,32.62,12001,32.54,32.62,32.54
11/27/2024,32.57,25907,32.46,32.59,32.46
11/26/2024,32.55,46495,32.57,32.57,32.5018
11/25/2024,32.5638,20491,32.61,32.6198,32.5118
11/22/2024,32.54,38420,32.41,32.54,32.41
11/21/2024,32.40,37930,32.24,32.4199,32.24
11/20/2024,32.2852,25999,32.17,32.2852,32.17
11/19/2024,32.2576,31360,32.13,32.27,32.13
11/18/2024,32.24,29187,32.16,32.24,32.16
11/15/2024,32.16,71009,32.20,32.20,32.11
11/14/2024,32.20,31183,32.21,32.29,32.1744
11/13/2024,32.24,26210,32.33,32.33,32.21
11/12/2024,32.27,92785,32.36,32.37,32.22
11/11/2024,32.40,35349,32.33,32.43,32.33
11/08/2024,32.35,16498,32.25,32.37,32.25
11/07/2024,32.39,60511,32.30,32.4082,32.30
11/06/2024,32.28,36299,32.20,32.28,32.1501
11/05/2024,32.06,27121,32.0099,32.10,32.0099
11/04/2024,31.9464,23693,31.88,32.005,31.88
11/01/2024,31.96,16007,31.90,32.02,31.90
10/31/2024,31.89,77218,31.93,32.01,31.89
10/30/2024,32.07,24922,31.96,32.09,31.96
10/29/2024,32.10,72954,31.99,32.10,31.99
10/28/2024,32.12,16782,31.96,32.12,31.96
10/25/2024,32.03,75106,32.00,32.085,31.98
10/24/2024,32.01,31983,31.97,32.0591,31.97
10/23/2024,32.01,91987,32.10,32.10,31.9601
10/22/2024,32.1236,22527,32.15,32.15,32.0912
10/21/2024,32.1681,34119,32.27,32.27,32.12
10/18/2024,32.2496,33390,32.18,32.30,32.18
10/17/2024,32.23,38476,32.14,32.23,32.14
10/16/2024,32.25,55874,32.21,32.26,32.1744
10/15/2024,32.12,47441,32.195,32.195,32.12
10/14/2024,32.26,69518,32.20,32.26,32.20
10/11/2024,32.22,311814,32.11,32.22,32.11
10/10/2024,32.07,211814,31.98,32.08,31.98
10/09/2024,32.06,50183,31.99,32.06,31.99
10/08/2024,31.97,70175,31.96,32.0094,31.96
10/07/2024,32.06,88191,31.98,32.07,31.98
10/04/2024,32.08,64538,32.11,32.11,32.01
10/03/2024,31.99,90218,32.02,32.02,31.92
10/02/2024,32.06,86881,31.94,32.07,31.94
10/01/2024,32.00,104056,32.10,32.10,31.95
09/30/2024,32.08,148933,32.14,32.14,32.02
09/27/2024,32.09,129793,32.12,32.163,32.084
09/26/2024,32.13,86558,32.05,32.13,32.05
09/25/2024,31.93,145364,31.91,31.9889,31.91
09/24/2024,31.99,68928,31.98,32.0171,31.94
09/23/2024,31.92,108810,31.91,31.93,31.88
09/20/2024,31.83,43700,31.88,31.88,31.792
09/19/2024,31.91,75567,31.94,31.94,31.81
09/18/2024,31.68,206388,31.65,31.7959,31.645
09/17/2024,31.70,271284,31.70,31.74,31.66
09/16/2024,31.65,422508,31.61,31.71,31.58
09/13/2024,31.60,430857,31.49,31.61,31.4701
09/12/2024,31.48,327610,31.31,31.50,31.31
09/11/2024,31.39,264318,31.19,31.40,31.14
09/10/2024,31.28,390306,31.24,31.38,31.1601
09/09/2024,31.24,315356,31.16,31.29,31.16
09/06/2024,31.11,421708,31.34,31.34,31.08
09/05/2024,31.33,1370043,31.32,31.38,31.26
09/04/2024,31.30,17342,31.29,31.38,31.29
09/03/2024,31.32,179597,31.63,31.63,31.32
08/30/2024,31.62,568291,31.59,31.62,31.5298
08/29/2024,31.56,228412,31.44,31.5799,31.44
08/28/2024,31.47,38250,31.45,31.54,31.43
08/27/2024,31.55,29087,31.52,31.56,31.495
08/26/2024,31.5239,50193,31.55,31.5699,31.51
08/23/2024,31.57,38931,31.41,31.57,31.41
08/22/2024,31.36,38557,31.46,31.46,31.3319
08/21/2024,31.405,41619,31.27,31.41,31.27
08/20/2024,31.30,49198,31.45,31.45,31.30
08/19/2024,31.39,47051,31.20,31.39,31.20
08/16/2024,31.29,33474,31.10,31.29,31.10
08/15/2024,31.19,28369,31.13,31.2262,31.11
08/14/2024,31.05,49499,31.04,31.05,30.9827
08/13/2024,31.04,33691,30.83,31.05,30.34
08/12/2024,30.92,52358,30.84,30.94,30.84
08/09/2024,30.93,26257,30.79,30.93,30.79
08/08/2024,30.86,60304,30.62,30.86,30.62
08/07/2024,30.63,362018,30.69,30.82,30.61
08/06/2024,30.64,163651,30.48,30.72,30.48
08/05/2024,30.50,71259,30.34,30.5714,30.2523
08/02/2024,30.80,30117,30.92,30.92,30.745
08/01/2024,31.14,53650,31.31,31.35,31.06
07/31/2024,31.38,36625,31.345,31.4219,31.27
07/30/2024,31.185,42584,31.25,31.26,31.13
07/29/2024,31.204,33208,31.26,31.26,31.1711
07/26/2024,31.26,34416,31.20,31.26,31.175
07/25/2024,31.1014,39131,31.14,31.21,31.05
07/24/2024,31.1078,63287,31.17,31.29,31.1078
07/23/2024,31.33,159169,31.34,31.36,31.30
07/22/2024,31.39,661369,31.25,31.39,31.25
07/19/2024,31.21,131941,31.19,31.29,31.19
07/18/2024,31.33,47604,31.36,31.46,31.275
07/17/2024,31.39,61699,31.38,31.4999,31.38
07/16/2024,31.59,63382,31.4699,31.59,31.4599
07/15/2024,31.43,55468,31.36,31.4998,31.36
07/12/2024,31.47,71463,31.43,31.48,31.40
07/11/2024,31.39,25802,31.34,31.39,31.32
07/10/2024,31.24,44361,31.21,31.24,31.16
07/09/2024,31.16,328314,31.17,31.21,30.95
07/08/2024,31.18,157698,31.10,31.23,31.10
07/05/2024,31.22,37911,31.15,31.22,31.15
07/03/2024,31.23,28578,31.18,31.26,31.1422
07/02/2024,31.10,23715,31.065,31.10,31.0201
07/01/2024,31.22,101736,31.02,31.23,30.96
06/28/2024,31.03,31345,30.85,31.0696,30.805
06/27/2024,30.97,40835,30.89,30.9899,30.89
06/26/2024,30.95,76187,30.85,30.95,30.85
06/25/2024,30.91,62974,30.97,30.97,30.88
06/24/2024,30.92,58859,30.938,30.99,30.92
06/21/2024,30.95,55600,30.89,30.9589,30.89
06/20/2024,30.95,81977,31.05,31.05,30.93
06/18/2024,31.01,161299,30.89,31.02,30.89
06/17/2024,30.97,41946,30.82,30.97,30.82
06/14/2024,30.92,48268,30.84,30.94,30.84
06/13/2024,30.97,85624,31.09,31.09,30.9314
06/12/2024,31.03,36124,30.96,31.09,30.96
06/11/2024,30.87,45062,30.81,30.87,30.79
06/10/2024,31.05,83133,30.93,31.07,30.87
06/07/2024,30.88,46625,30.83,31.01,30.83
06/06/2024,30.99,42632,30.89,31.11,30.89
06/05/2024,30.90,21580,30.82,30.9456,30.82
06/04/2024,30.84,24663,30.92,30.97,30.75
06/03/2024,30.94,28459,30.91,30.97,30.83
05/31/2024,30.9314,50459,31.03,31.03,30.75
05/30/2024,30.90,29446,30.81,30.93,30.81
05/29/2024,30.90,118536,30.82,30.90,30.82
05/28/2024,30.9332,50901,30.93,30.98,30.90
05/24/2024,30.92,28076,30.86,30.94,30.86
05/23/2024,30.86,34292,30.96,31.01,30.82
05/22/2024,30.90,71925,30.94,30.9637,30.87
05/21/2024,30.9923,59479,31.04,31.04,30.99
05/20/2024,31.04,57283,31.0099,31.12,30.9801
05/17/2024,31.00,38289,30.99,31.00,30.96
05/16/2024,30.97,61029,30.96,31.06,30.955
05/15/2024,31.02,87108,30.95,31.02,30.94
05/14/2024,30.895,31614,30.85,30.8999,30.85
05/13/2024,30.82,76908,30.68,30.8799,30.68
05/10/2024,30.84,35563,30.82,30.8601,30.7601
05/09/2024,30.78,83965,30.78,30.83,30.7781
05/08/2024,30.80,42054,30.74,30.80,30.74
05/07/2024,30.791,44044,30.78,30.85,30.78
05/06/2024,30.82,35348,30.78,30.82,30.75
05/03/2024,30.72,32740,30.64,30.72,30.64
05/02/2024,30.575,33208,30.5201,30.58,30.51
05/01/2024,30.4605,49422,30.43,30.589,30.42
04/30/2024,30.52,30894,30.595,30.6174,30.505
04/29/2024,30.6592,488771,30.74,30.74,30.6299
04/26/2024,30.68,29065,30.69,30.69,30.63
04/25/2024,30.53,24080,30.41,30.56,30.41
04/24/2024,30.61,32061,30.43,30.6335,30.43
04/23/2024,30.57,50578,30.52,30.62,30.46
04/22/2024,30.50,63156,30.40,30.5199,30.40
04/19/2024,30.40,41392,30.34,30.44,30.34
04/18/2024,30.4021,35564,30.398,30.48,30.39
04/17/2024,30.36,48798,30.53,30.53,30.36
04/16/2024,30.41,73277,30.46,30.47,30.4031
04/15/2024,30.5357,55753,30.77,30.77,30.5101
04/12/2024,30.62,52330,30.70,30.79,30.6101
04/11/2024,30.829,93546,30.85,30.85,30.69
04/10/2024,30.72,274876,30.75,30.785,30.70
04/09/2024,30.92,38242,30.84,30.92,30.8128
04/08/2024,30.83,35087,30.78,30.89,30.78
04/05/2024,30.79,631207,30.71,30.86,30.71
04/04/2024,30.79,80864,30.87,30.96,30.765
04/03/2024,30.86,36487,30.86,30.88,30.8001
04/02/2024,30.80,42069,30.77,30.86,30.77
04/01/2024,30.86,226450,30.94,30.94,30.86
03/28/2024,30.89,41738,30.46,30.89,30.46
03/27/2024,30.77,686370,30.72,30.81,30.40
03/26/2024,30.745,44931,30.72,30.79,30.72
03/25/2024,30.80,54968,30.32,30.80,30.32
03/22/2024,30.715,32258,30.77,30.81,30.71
03/21/2024,30.85,49528,30.85,30.86,30.7991
03/20/2024,30.78,54400,30.82,30.82,30.61
03/19/2024,30.55,146823,30.65,30.66,30.55
03/18/2024,30.63,64107,30.6603,30.6603,30.6285
03/15/2024,30.60,178348,30.64,30.64,30.58
03/14/2024,30.64,93592,30.67,30.6823,30.59
03/13/2024,30.68,36933,30.71,30.71,30.645
03/12/2024,30.71,46239,30.59,30.71,30.59
03/11/2024,30.65,57875,30.64,30.66,30.60
03/08/2024,30.66,39367,30.72,30.72,30.6307
03/07/2024,30.67,55397,30.66,30.67,30.6001
03/06/2024,30.58,38345,30.63,30.63,30.5432
03/05/2024,30.53,79463,30.49,30.5501,30.48
03/04/2024,30.55,49325,30.50,30.59,30.50
03/01/2024,30.55,19960,30.44,30.58,30.44
02/29/2024,30.45,55641,30.4779,30.48,30.4199
02/28/2024,30.37,315373,30.42,30.425,30.355
02/27/2024,30.41,32907,30.37,30.46,30.37
02/26/2024,30.36,58158,30.31,30.42,30.31
02/23/2024,30.36,29123,30.35,30.41,30.35
02/22/2024,30.40,209376,30.26,30.40,30.26
02/21/2024,30.23,306421,30.31,30.31,30.19
02/20/2024,30.20,98711,30.27,30.31,30.18
02/16/2024,30.30,57917,30.26,30.35,30.26
02/15/2024,30.28,149452,30.26,30.32,30.24
02/14/2024,30.14,94743,30.22,30.235,30.14
02/13/2024,30.08,28858,30.073,30.11,30.02
02/12/2024,30.21,66718,30.17,30.28,30.14
02/09/2024,30.2064,62575,30.12,30.21,30.12
02/08/2024,30.14,101040,30.14,30.17,30.105
02/07/2024,30.13,351752,30.08,30.13,29.83
02/06/2024,30.04,27656,29.84,30.0799,29.84
02/05/2024,29.91,65699,29.88,30.00,29.8701
02/02/2024,29.99,59103,29.9793,30.05,29.9028
02/01/2024,30.04,83265,30.09,30.09,29.9931
01/31/2024,29.9834,85340,30.06,30.1199,29.94
01/30/2024,30.08,167490,30.15,30.15,30.05
01/29/2024,30.15,165122,30.17,30.17,30.05
01/26/2024,30.10,35417,30.12,30.12,30.05
01/25/2024,30.04,29128,30.02,30.0803,30.02
01/24/2024,30.02,112285,29.98,30.08,29.98
01/23/2024,29.92,38717,29.94,30.00,29.90
01/22/2024,29.941,74916,29.90,30.0299,29.90
01/19/2024,29.92,73330,29.85,29.98,29.85
01/18/2024,29.84,50136,29.89,29.89,29.81
01/17/2024,29.82,51346,29.79,29.855,29.79
01/16/2024,29.91,106047,29.93,29.99,29.91
01/12/2024,30.01,40921,30.04,30.06,30.01
01/11/2024,29.99,427363,30.09,30.09,29.895
01/10/2024,30.20,80864,29.99,30.20,29.94
01/09/2024,29.975,199060,29.94,29.9994,29.94
01/08/2024,30.07,107798,29.92,30.07,29.92
01/05/2024,29.97,374978,29.95,30.0101,29.934
01/04/2024,29.97,170147,29.98,30.03,29.9523
01/03/2024,29.94,769034,29.94,30.04,29.94
01/02/2024,30.08,141399,29.99,30.16,29.99
12/29/2023,30.10,92989,30.09,30.19,30.09
12/28/2023,30.11,65959,30.14,30.1899,30.05
12/27/2023,31.335,163179,31.33,31.35,31.305
12/26/2023,31.26,45616,31.19,31.30,31.19
12/22/2023,31.2402,37333,31.32,31.32,31.2014
12/21/2023,31.23,68364,31.21,31.23,31.13
12/20/2023,31.04,37840,31.20,31.20,31.02
12/19/2023,31.19,210082,31.16,31.26,31.03
12/18/2023,31.14,98034,30.95,31.15,30.89
12/15/2023,31.02,91972,31.15,31.15,31.02
12/14/2023,31.09,183364,31.15,31.18,31.06
12/13/2023,31.07,141757,30.78,31.14,30.7682
12/12/2023,30.76,46843,30.74,30.7875,30.74
12/11/2023,30.77,360753,30.65,30.78,30.65
12/08/2023,30.73,75979,30.74,30.74,30.50
12/07/2023,30.75,47733,30.62,30.75,30.62
12/06/2023,30.611,50425,30.45,30.68,30.45
12/05/2023,30.68,74059,30.49,30.68,30.431
12/04/2023,30.63,129910,30.61,30.70,30.512
12/01/2023,30.75,70122,30.62,30.75,30.3853
11/30/2023,30.63,165216,30.48,30.63,30.40
11/29/2023,30.562,48183,30.59,30.62,30.56
11/28/2023,30.54,92034,30.54,30.55,30.4418
11/27/2023,30.48,92857,30.44,30.51,30.4301
11/24/2023,30.49,24625,30.4985,30.52,30.4803
11/22/2023,30.49,56623,30.51,30.51,30.4552
11/21/2023,30.479,79370,30.51,30.51,30.45
11/20/2023,30.49,75550,30.38,30.51,30.38
11/17/2023,30.37,72228,30.41,30.422,30.37
11/16/2023,30.31,47571,30.34,30.36,30.31
11/15/2023,30.38,85313,30.36,30.41,30.35
11/14/2023,30.32,65570,30.23,30.36,30.23
11/13/2023,30.13,59117,30.19,30.20,30.0699
11/10/2023,30.08,45365,30.01,30.09,30.01
11/09/2023,30.01,440686,30.00,30.1399,30.00
11/08/2023,30.11,57271,30.119,30.12,30.06
11/07/2023,30.11,44588,30.16,30.16,30.055
11/06/2023,30.085,48191,30.09,30.1704,30.07
11/03/2023,30.10,58070,29.96,30.14,29.96
11/02/2023,29.97,35424,29.80,29.9899,29.80
11/01/2023,29.7528,56167,29.685,29.7528,29.6731
10/31/2023,29.66,54449,29.67,29.70,29.61
10/30/2023,29.70,44946,29.66,29.70,29.5833
10/27/2023,29.50,37613,29.48,29.65,29.48
10/26/2023,29.53,56128,29.59,29.68,29.53
10/25/2023,29.67,161425,29.68,29.69,29.62
10/24/2023,29.80,58717,29.63,29.80,29.63
10/23/2023,29.66,35501,29.59,29.74,29.59
10/20/2023,29.71,77365,29.65,29.89,29.65
10/19/2023,29.87,120561,29.76,29.94,29.76
10/18/2023,29.93,189805,30.0093,30.0133,29.875
10/17/2023,30.12,70639,30.08,30.13,30.02
10/16/2023,30.1007,300548,29.99,30.12,29.99
10/13/2023,30.02,57748,29.95,30.07,29.95
10/12/2023,30.00,248544,30.06,30.08,30.00
10/11/2023,30.06,34139,30.04,30.1149,30.04
10/10/2023,30.08,234732,29.95,30.20,29.95
10/09/2023,29.9444,40963,29.83,29.96,29.83
10/06/2023,29.94,176586,29.77,29.98,29.77
10/05/2023,29.8641,16671,29.86,29.8999,29.793
10/04/2023,29.83,38287,29.79,29.855,29.77
10/03/2023,29.82,76664,29.86,29.97,29.805
10/02/2023,29.98,35865,30.08,30.08,29.95
09/29/2023,30.03,79818,30.14,30.14,30.03
09/28/2023,30.08,38373,30.04,30.1055,30.00
09/27/2023,29.99,90446,30.03,30.0568,29.93
09/26/2023,30.01,27271,30.0719,30.0719,30.00
09/25/2023,30.13,37301,30.06,30.15,30.06
09/22/2023,30.1037,55037,30.165,30.1861,30.1001
09/21/2023,30.07,82196,30.14,30.2199,30.07
09/20/2023,30.25,37283,30.31,30.3699,30.24
09/19/2023,30.32,83130,30.28,30.36,30.26
09/18/2023,30.33,22051,30.31,30.3943,30.31
09/15/2023,30.3353,79480,30.40,30.4059,30.31
09/14/2023,30.4236,23570,30.31,30.4599,30.31
09/13/2023,30.28,40376,30.27,30.3481,30.2633
09/12/2023,30.30,57127,30.24,30.34,30.24
09/11/2023,30.35,34974,30.23,30.375,30.23
09/08/2023,30.26,24721,30.20,30.31,30.20
09/07/2023,30.231,153879,30.16,30.27,30.16
09/06/2023,30.2954,312603,30.08,30.31,30.08
09/05/2023,30.14,40029,30.13,30.315,30.13
09/01/2023,30.32,18183,30.23,30.355,30.23
08/31/2023,30.23,25264,30.26,30.325,30.23
08/30/2023,30.35,39418,30.22,30.35,30.22
08/29/2023,30.32,59908,30.22,30.32,30.13
08/28/2023,30.1369,51915,30.02,30.15,29.97
08/25/2023,30.055,23062,29.97,30.06,29.97
08/24/2023,29.975,21443,30.15,30.15,29.975
08/23/2023,30.13,98283,29.96,30.13,29.96
08/22/2023,29.94,343479,29.95,30.03,29.93
08/21/2023,29.95,31142,29.88,29.9999,29.88
08/18/2023,29.935,41786,29.93,29.95,29.886
08/17/2023,29.96,91056,29.87,30.17,29.87
08/16/2023,29.92,95001,30.10,30.10,29.86
08/15/2023,30.05,194858,30.01,30.0697,29.91
08/14/2023,30.0615,39498,30.08,30.08,30.0127
08/11/2023,30.05,50576,30.17,30.1899,30.05
08/10/2023,30.1427,44243,30.18,30.28,30.05
08/09/2023,30.1614,136874,30.17,30.27,30.1296
08/08/2023,30.17,75884,30.14,30.1907,30.12
08/07/2023,30.287,72734,30.26,30.287,30.2101
08/04/2023,30.21,151205,30.19,30.29,30.18
08/03/2023,30.20,434438,30.13,30.24,30.12
08/02/2023,30.165,70224,30.20,30.2377,30.14
08/01/2023,30.36,55456,30.3539,30.3785,30.31
07/31/2023,30.4099,129961,30.35,30.43,30.35
07/28/2023,30.35,25996,30.28,30.3986,30.28
07/27/2023,30.23,42527,30.38,30.38,30.23
07/26/2023,30.35,42355,30.33,30.35,30.27
07/25/2023,30.31,516066,30.27,30.33,30.27
07/24/2023,30.2779,74032,30.249,30.29,30.20
07/21/2023,30.24,37452,30.21,30.24,30.18
07/20/2023,30.20,92517,30.22,30.23,30.13
07/19/2023,30.27,53970,29.85,30.29,29.85
07/18/2023,30.26,309968,30.17,30.26,30.15
07/17/2023,30.19,24240,30.15,30.24,30.15
07/14/2023,30.15,46894,30.16,30.30,30.14
07/13/2023,30.17,23329,30.08,30.1909,30.08
07/12/2023,30.12,44563,30.15,30.15,30.0516
07/11/2023,30.11,107551,30.00,30.11,29.881
07/10/2023,29.86,23625,29.78,29.8758,29.78
07/07/2023,29.80,36429,29.73,29.90,29.73
07/06/2023,29.77,89666,29.18,29.77,29.18
07/05/2023,29.82,134725,29.20,29.89,29.20
07/03/2023,29.85,37650,29.73,29.93,29.73
06/30/2023,29.83,152728,29.70,29.8599,29.70
06/29/2023,29.70,28492,29.67,29.72,29.6495
06/28/2023,29.62,81654,29.581,29.6612,29.581
06/27/2023,29.60,48535,29.62,29.63,29.58
06/26/2023,29.59,44325,29.599,29.61,29.54
06/23/2023,29.52,68586,29.49,29.5799,29.49
06/22/2023,29.6607,68325,29.68,29.68,29.6188
06/21/2023,29.68,159074,29.67,29.76,29.66
06/20/2023,29.68,34834,29.78,29.78,29.66
06/16/2023,29.75,72674,29.77,29.82,29.75
06/15/2023,29.79,70375,29.6775,29.82,29.6775
06/14/2023,29.73,699576,29.73,29.73,29.60
06/13/2023,29.7152,161878,29.33,29.72,29.33
06/12/2023,29.58,75372,29.49,29.58,29.49
06/09/2023,29.51,51516,29.43,29.5699,29.43
06/08/2023,29.53,114228,29.39,29.53,29.36
06/07/2023,29.45,22399,29.46,29.58,29.45
06/06/2023,29.46,39742,29.46,29.51,29.36
06/05/2023,29.48,27503,29.38,29.48,29.38
06/02/2023,29.43,57989,29.37,29.4799,29.37
06/01/2023,29.36,39178,29.18,29.37,29.18
05/31/2023,29.17,29265,29.12,29.23,29.12
05/30/2023,29.20,39318,29.23,29.25,29.17
05/26/2023,29.18,116069,29.06,29.20,29.06
05/25/2023,29.08,56999,29.17,29.20,29.07
05/24/2023,29.13,31190,29.24,29.24,29.12
05/23/2023,29.23,25591,29.36,29.36,29.23
05/22/2023,29.33,24649,29.28,29.39,29.28
05/19/2023,29.3016,19668,29.28,29.34,29.28
05/18/2023,29.33,25307,29.27,29.33,29.25
05/17/2023,29.36,25759,29.23,29.36,29.23
05/16/2023,29.275,49539,29.41,29.41,29.275
05/15/2023,29.41,40614,29.27,29.41,29.27
05/12/2023,29.29,23611,29.31,29.3301,29.27
05/11/2023,29.36,26074,29.33,29.48,29.33
05/10/2023,29.4165,38724,29.36,29.46,29.36
05/09/2023,29.35,24883,29.27,29.39,29.27
05/08/2023,29.38,33852,29.35,29.42,29.35
05/05/2023,29.43,22921,29.28,29.43,29.28
05/04/2023,29.30,33758,29.26,29.3399,29.26
05/03/2023,29.29,31560,29.26,29.3599,29.26
05/02/2023,29.26,26800,29.24,29.285,29.21
05/01/2023,29.30,170226,29.33,29.39,29.29
04/28/2023,29.36,185751,29.15,29.4489,29.15
04/27/2023,29.31,49840,29.20,29.31,29.11
04/26/2023,29.20,100459,29.16,29.2818,29.16
04/25/2023,29.26,40343,29.33,29.33,29.205
04/24/2023,29.34,48698,29.33,29.35,29.29
04/21/2023,29.33,44321,29.27,29.33,29.212
04/20/2023,29.325,58784,29.25,29.37,29.23
04/19/2023,29.34,60464,29.31,29.38,29.29
04/18/2023,29.44,82824,29.39,29.45,29.35
04/17/2023,29.44,113079,29.31,29.44,29.31
04/14/2023,29.42,352078,29.425,29.435,29.325
04/13/2023,29.42,58857,29.35,29.48,29.35
04/12/2023,29.37,70631,29.363,29.40,29.305
04/11/2023,29.38,109710,29.26,29.38,29.26
04/10/2023,29.33,38785,29.18,29.33,29.18
04/06/2023,29.33,40536,29.26,29.33,29.22
04/05/2023,29.33,149959,29.22,29.3399,29.22
04/04/2023,29.29,115584,29.20,29.63,29.20
04/03/2023,29.25,298758,29.24,29.29,29.21
03/31/2023,29.21,145862,29.09,29.24,29.09
03/30/2023,29.10,44400,28.98,29.1371,28.98
03/29/2023,29.05,52672,28.96,29.05,28.96
03/28/2023,28.93,94993,28.83,28.96,28.83
03/27/2023,28.89,41041,28.93,28.95,28.89
03/24/2023,28.93,68789,28.89,28.98,28.88
03/23/2023,28.94,364610,28.89,29.06,28.89
03/22/2023,28.8819,69935,28.83,29.0774,28.67
03/21/2023,28.86,52038,28.76,28.89,28.76
03/20/2023,28.76,53948,28.64,28.8119,28.64
03/17/2023,28.77,171214,28.68,28.77,28.68
03/16/2023,28.71,98566,28.58,28.7485,28.58
03/15/2023,28.63,146411,28.65,28.65,28.56
03/14/2023,28.75,593788,28.75,28.80,28.6787
03/13/2023,28.67,66914,28.74,28.825,28.66
03/10/2023,28.70,88013,28.78,28.804,28.67
03/09/2023,28.74,37384,28.88,28.89,28.72
03/08/2023,28.8401,25782,28.85,28.8835,28.80
03/07/2023,28.87,65725,29.03,29.03,28.83
03/06/2023,29.04,188504,29.10,29.10,28.9499
03/03/2023,29.08,216782,28.93,29.08,28.93
03/02/2023,28.91,62990,28.92,28.93,28.83
03/01/2023,28.86,148490,28.92,28.945,28.8017
02/28/2023,29.04,105764,28.95,29.04,28.7856
02/27/2023,29.10,49685,28.98,29.10,28.7858
02/24/2023,28.98,101411,28.78,28.98,28.72
02/23/2023,29.09,88199,29.04,29.18,28.85
02/22/2023,28.90,426498,29.00,29.105,28.84
02/21/2023,28.87,158505,28.99,29.05,28.86
02/17/2023,29.13,185606,29.20,29.28,28.94
02/16/2023,29.35,187743,29.08,29.35,29.0447
02/15/2023,29.16,60526,29.12,29.36,29.0175
02/14/2023,29.24,57455,29.16,29.24,29.10
02/13/2023,29.26,446629,29.15,29.58,29.126
02/10/2023,29.19,184485,28.61,29.19,28.61
02/09/2023,29.23,108216,29.25,29.34,29.14
02/08/2023,29.21,79583,29.14,29.3028,29.14
02/07/2023,29.295,124244,29.26,29.34,29.1563
02/06/2023,29.21,82998,29.28,29.30,29.15
02/03/2023,29.29,409690,28.83,29.44,28.83
02/02/2023,29.63,144351,29.43,29.63,29.42
02/01/2023,29.47,355204,29.30,29.56,29.22
01/31/2023,29.29,226237,29.27,29.38,29.23
01/30/2023,29.17,490130,29.41,29.47,29.15
01/27/2023,29.38,79856,29.35,29.43,29.35
01/26/2023,29.40,152021,29.37,29.44,29.34
01/25/2023,29.35,810082,29.25,29.3633,29.20
01/24/2023,29.30,111087,29.30,29.33,29.24
01/23/2023,29.24,269128,29.23,29.3063,29.23
01/20/2023,29.22,126772,29.11,29.22,29.11
01/19/2023,29.11,105136,29.10,29.16,29.09
01/18/2023,29.19,191651,29.22,29.27,29.1306
01/17/2023,29.14,368328,29.12,29.18,29.11
01/13/2023,29.16,119268,29.06,29.17,29.05
01/12/2023,29.09,113964,29.05,29.10,28.93
01/11/2023,28.97,192832,28.89,28.98,28.89
01/10/2023,28.90,87427,28.85,28.94,28.8477
01/09/2023,28.89,192801,28.90,28.93,28.85
01/06/2023,28.83,187481,28.66,28.83,28.59
01/05/2023,28.54,130147,28.59,28.62,28.54
01/04/2023,28.69,314482,28.57,28.8765,28.5601
01/03/2023,28.46,268915,28.55,28.61,28.4362
12/30/2022,28.46,375120,28.65,28.65,28.38
12/29/2022,28.54,236926,28.37,28.55,28.37
12/28/2022,28.88,650331,29.03,29.11,28.88
12/27/2022,29.06,195903,31.45,31.45,29.01
12/23/2022,29.02,242616,28.98,29.08,28.96
12/22/2022,29.00,453438,29.11,29.11,28.91
12/21/2022,29.13,134659,29.04,29.14,29.0132
12/20/2022,28.92,509782,28.92,29.03,28.8839
12/19/2022,28.92,485070,29.12,29.12,28.9076
12/16/2022,28.95,197638,29.04,29.0851,28.95
12/15/2022,29.08,306858,29.26,29.26,29.08
12/14/2022,29.44,438390,29.34,29.4787,29.29
12/13/2022,29.35,284282,29.46,29.5738,29.35
12/12/2022,29.30,228032,29.11,29.30,29.11
12/09/2022,29.16,247791,29.18,29.26,29.13
12/08/2022,29.17,365510,29.14,29.2499,29.14
12/07/2022,29.17,194795,29.08,29.17,29.08
12/06/2022,29.08,181864,29.19,29.19,29.06
12/05/2022,29.18,245193,29.16,29.31,29.16
12/02/2022,29.40,273981,29.32,29.46,29.24
12/01/2022,29.4027,205087,29.33,29.43,29.3101
11/30/2022,29.27,173354,29.04,29.29,29.01
11/29/2022,28.955,620517,28.92,29.0407,28.92
11/28/2022,28.86,224185,28.92,29.02,28.85
11/25/2022,28.98,22749,28.96,29.03,28.96
11/23/2022,28.98,87078,28.93,29.00,28.90
11/22/2022,28.92,161213,28.73,28.9286,28.72
11/21/2022,28.83,284076,28.8178,28.8435,28.7406
11/18/2022,28.87,148509,28.90,28.97,28.85
11/17/2022,28.89,201140,28.86,28.93,28.81
11/16/2022,29.01,120022,29.04,29.04,28.929
11/15/2022,29.11,656781,29.12,29.1639,29.00
11/14/2022,28.9021,165211,28.93,29.02,28.90
11/11/2022,28.97,108265,28.64,28.995,28.64
11/10/2022,28.76,55603,28.50,28.84,28.50
11/09/2022,28.21,131225,28.274,28.37,28.09
11/08/2022,28.375,165602,28.33,28.46,28.235
11/07/2022,28.3129,175646,27.97,28.36,27.97
11/04/2022,28.23,100815,27.77,28.26,27.77
11/03/2022,27.92,247186,27.88,28.05,27.83
11/02/2022,28.00,121380,28.20,28.36,28.00
11/01/2022,28.25,520368,26.94,28.31,26.94
10/31/2022,28.15,232946,27.40,28.19,27.40
10/28/2022,28.25,242147,28.13,28.25,27.6898
10/27/2022,28.17,104011,28.16,28.2149,28.095
10/26/2022,28.23,239725,28.15,28.30,28.1153
10/25/2022,28.10,143393,27.99,28.14,27.99
10/24/2022,27.92,640813,27.95,27.99,27.765
10/21/2022,28.15,116159,27.62,28.15,27.62
10/20/2022,27.80,74868,27.90,27.95,27.72
10/19/2022,27.84,122736,27.88,27.88,27.7231
10/18/2022,27.98,84843,28.00,28.06,27.88
10/17/2022,27.84,136421,27.70,28.02,27.70
10/14/2022,27.71,219327,27.88,27.8835,27.48
10/13/2022,27.88,93899,27.46,27.92,27.46
10/12/2022,27.81,737253,27.77,27.87,27.7639
10/11/2022,27.78,101054,27.85,27.96,27.7553
10/10/2022,27.90,76502,28.03,28.03,27.86
10/07/2022,28.05,131565,28.20,28.20,28.04
10/06/2022,28.34,73411,28.38,28.40,28.3007
10/05/2022,28.41,48694,28.35,28.4302,28.25
10/04/2022,28.36,51007,28.17,28.4299,28.17
10/03/2022,28.03,262272,27.92,28.15,27.8416
09/30/2022,27.74,81277,27.81,27.9437,27.74
09/29/2022,27.82,214746,27.84,27.89,27.77
09/28/2022,28.09,138713,27.85,28.09,27.805
09/27/2022,27.81,154433,27.88,27.9823,27.7329
09/26/2022,27.83,125781,27.93,27.973,27.78
09/23/2022,27.97,90240,28.13,28.1399,27.93
09/22/2022,28.25,56002,28.358,28.36,28.25
09/21/2022,28.38,798455,28.38,28.626,28.295
09/20/2022,28.54,111024,28.57,28.57,28.25
09/19/2022,28.67,76311,28.50,28.69,28.50
09/16/2022,28.69,109941,28.6386,28.69,28.5801
09/15/2022,28.73,152276,28.78,28.85,28.72
09/14/2022,28.89,75017,28.89,28.89,28.7713
09/13/2022,28.83,116840,29.01,29.01,28.75
09/12/2022,29.195,166341,29.07,29.2299,29.07
09/09/2022,29.06,239252,28.99,29.079,28.94
09/08/2022,28.86,71992,28.77,28.91,28.67
09/07/2022,28.88,535390,28.51,28.88,28.51
09/06/2022,28.59,118817,28.85,28.85,28.54
09/02/2022,28.74,43331,28.67,28.94,28.67
09/01/2022,28.89,119608,28.58,28.89,28.58
08/31/2022,28.89,130378,28.96,29.0277,28.89
08/30/2022,28.98,123954,29.08,29.1221,28.9432
08/29/2022,29.07,105439,29.03,29.1364,29.03
08/26/2022,29.11,93467,29.40,29.40,29.10
08/25/2022,29.35,66257,29.23,29.37,29.23
08/24/2022,29.18,118726,29.13,29.2488,29.13
08/23/2022,29.15,37817,29.13,29.2464,29.13
08/22/2022,29.14,59836,29.16,29.23,29.14
08/19/2022,29.293,140890,29.4369,29.4369,29.29
08/18/2022,29.54,70797,29.47,29.55,29.45
08/17/2022,29.48,116679,29.53,29.5773,29.45
08/16/2022,29.64,149272,29.61,29.6448,29.5601
08/15/2022,29.70,103642,29.64,29.70,29.5764
08/12/2022,29.70,56485,29.61,29.70,29.5401
08/11/2022,29.56,66808,29.60,29.63,29.5144
08/10/2022,29.49,60153,29.43,29.55,29.43
08/09/2022,29.30,123494,29.34,29.375,29.29
08/08/2022,29.39,83246,29.32,29.45,29.32
08/05/2022,29.27,146761,29.20,29.3299,29.20
08/04/2022,29.41,134106,29.27,29.41,29.27
08/03/2022,29.26,114394,29.215,29.28,29.15
08/02/2022,29.14,419095,29.23,29.26,29.14
08/01/2022,29.225,136255,29.29,29.29,29.2093
07/29/2022,29.23,107652,29.15,29.2699,29.145
07/28/2022,29.23,181664,29.11,29.23,29.0204
07/27/2022,29.06,203916,28.84,29.0699,28.84
07/26/2022,28.82,99568,28.87,28.91,28.7801
07/25/2022,28.885,124846,28.90,28.9572,28.8601
07/22/2022,28.96,83232,28.96,29.0225,28.851
07/21/2022,28.94,99570,28.78,28.95,28.78
07/20/2022,28.84,675360,28.75,28.88,28.75
07/19/2022,28.80,136582,28.73,28.83,28.7079
07/18/2022,28.62,166527,28.70,28.72,28.5601
07/15/2022,28.56,305490,28.48,28.59,28.4501
07/14/2022,28.50,252304,28.38,28.51,28.31
07/13/2022,28.50,530398,28.40,28.562,28.40
07/12/2022,28.60,85530,28.6614,28.6614,28.53
07/11/2022,28.63,136384,28.70,28.70,28.60
07/08/2022,28.77,156042,28.70,28.7996,28.6401
07/07/2022,28.7651,104748,28.65,28.79,28.65
07/06/2022,28.64,153470,28.63,28.80,28.58
07/05/2022,28.66,869054,28.64,28.72,28.5202
07/01/2022,28.79,83072,28.65,28.79,28.605
06/30/2022,28.69,101351,28.65,28.71,28.5733
06/29/2022,28.78,178730,28.72,28.7954,28.70
06/28/2022,28.73,98799,28.97,28.97,28.73
06/27/2022,28.91,194006,28.883,28.94,28.862
06/24/2022,28.86,206709,28.80,28.8866,28.74
06/23/2022,28.72,437030,28.59,28.72,28.5438
06/22/2022,28.56,104925,28.49,28.68,28.49
06/21/2022,28.62,246041,28.56,28.68,28.56
06/17/2022,28.53,407916,28.43,28.53,28.3818
06/16/2022,28.46,245876,28.48,28.48,28.3684
06/15/2022,28.71,380803,28.56,28.849,28.53
06/14/2022,28.47,323660,28.54,28.66,28.41
06/13/2022,28.49,247780,28.80,28.8299,28.49
06/10/2022,29.14,620567,29.31,29.31,29.101
06/09/2022,29.44,74579,29.61,29.61,29.42
06/08/2022,29.71,86927,29.70,29.76,29.6487
06/07/2022,29.75,183526,29.57,29.78,29.57
06/06/2022,29.67,91914,29.77,29.77,29.62
06/03/2022,29.66,98458,29.62,29.7017,29.6116
06/02/2022,29.81,188898,29.67,29.81,29.62
06/01/2022,29.56,356739,29.68,29.74,29.52
05/31/2022,29.69,81522,29.685,29.78,29.6613
05/27/2022,29.74,101007,29.60,29.78,29.60
05/26/2022,29.55,92340,29.42,29.61,29.42
05/25/2022,29.43,94237,29.34,29.44,29.292
05/24/2022,29.34,38124,29.29,29.34,29.23
05/23/2022,29.39,93907,29.40,29.42,29.31
05/20/2022,29.32,159538,29.30,29.35,29.1433
05/19/2022,29.27,722338,29.13,29.32,29.13
05/18/2022,29.18,122102,29.34,29.34,29.13
05/17/2022,29.40,183179,29.36,29.40,29.281
05/16/2022,29.20,70587,29.14,29.2676,29.14
05/13/2022,29.18,147534,29.03,29.2147,29.03
05/12/2022,28.9832,485401,28.93,29.0155,28.84
05/11/2022,29.01,108150,29.12,29.22,28.96
05/10/2022,29.12,104099,29.24,29.32,29.08
05/09/2022,29.14,1486355,29.35,29.37,29.10
05/06/2022,29.50,80299,29.55,29.61,29.4301
05/05/2022,29.68,203513,29.93,29.93,29.55
05/04/2022,30.05,39592,29.72,30.06,29.62
05/03/2022,29.76,147508,29.65,29.86,29.63
05/02/2022,29.74,93577,29.74,29.745,29.5485
04/29/2022,29.81,179445,29.99,30.0164,29.69
04/28/2022,29.96,104067,29.83,30.01,29.7595
04/27/2022,29.80,70001,29.88,29.9354,29.79
04/26/2022,29.87,55861,30.06,30.06,29.8231
04/25/2022,30.04,109790,29.96,30.07,29.91
04/22/2022,30.04,55017,30.29,30.29,30.04
04/21/2022,30.34,796964,30.56,30.69,30.28
04/20/2022,30.53,114245,30.57,30.59,30.4948
04/19/2022,30.46,626696,30.43,30.52,30.43
04/18/2022,30.43,65920,30.50,30.538,30.41
04/14/2022,30.5499,36081,30.60,30.70,30.53
04/13/2022,30.62,87296,30.52,30.63,30.52
04/12/2022,30.52,87227,30.65,30.6793,30.46
04/11/2022,30.47,87908,30.65,30.65,30.47
04/08/2022,30.65,45965,30.72,30.7461,30.60
04/07/2022,30.69,365356,30.57,30.76,30.57
04/06/2022,30.68,180349,30.70,30.7331,30.566
04/05/2022,30.79,107398,31.10,31.11,30.78
04/04/2022,31.01,142665,30.95,31.06,30.95
04/01/2022,30.8815,236381,30.83,30.96,30.83
03/31/2022,30.84,101625,30.91,31.02,30.84
03/30/2022,30.95,126242,31.00,31.06,30.92
03/29/2022,30.97,148800,30.90,30.9998,30.88
03/28/2022,30.74,139635,30.72,30.8199,30.64
03/25/2022,30.71,154106,30.75,30.8199,30.67
03/24/2022,30.81,102633,30.75,30.8492,30.74
03/23/2022,30.69,182902,30.69,30.8038,30.66
03/22/2022,30.75,162495,30.67,30.83,30.65
03/21/2022,30.62,134144,30.81,30.81,30.59
03/18/2022,30.80,168412,30.66,30.81,30.61
03/17/2022,30.69,132502,30.54,30.70,30.52
03/16/2022,30.46,50285,30.25,30.48,30.12
03/15/2022,30.07,201768,29.97,30.1296,29.865
03/14/2022,30.01,161535,30.08,30.1603,29.891
03/11/2022,30.16,74591,30.39,30.40,30.16
03/10/2022,30.36,121332,30.41,30.52,30.33
03/09/2022,30.56,101876,30.42,30.56,30.39
03/08/2022,30.26,739058,30.30,30.4019,30.1818
03/07/2022,30.24,408086,30.41,30.50,30.17
03/04/2022,30.60,84382,30.60,30.64,30.5246
03/03/2022,30.72,431312,30.95,30.9625,30.64
03/02/2022,30.90,144039,30.93,30.97,30.8201
03/01/2022,30.80,469005,30.95,31.03,30.79
02/28/2022,30.9179,521801,30.97,30.98,30.82
02/25/2022,31.00,105919,30.74,31.00,30.74
02/24/2022,30.67,75595,30.77,30.77,30.37
02/23/2022,30.69,98674,30.96,30.96,30.69
02/22/2022,30.86,88289,31.0559,31.0559,30.8059
02/18/2022,30.97,35880,31.11,31.17,30.96
02/17/2022,31.05,115176,31.26,31.26,31.05
02/16/2022,31.23,117183,31.24,31.32,31.1991
02/15/2022,31.26,52029,31.16,31.33,31.08
02/14/2022,31.06,57900,31.08,31.10,30.95
02/11/2022,31.17,45037,31.28,31.36,31.10
02/10/2022,31.28,51384,31.03,31.48,31.03
02/09/2022,31.45,77559,31.30,31.45,31.27
02/08/2022,31.23,197974,31.19,31.24,30.97
02/07/2022,31.16,90808,31.12,31.2062,31.0626
02/04/2022,31.07,91149,31.04,31.14,30.9701
02/03/2022,31.07,476813,31.10,31.122,30.87
02/02/2022,31.18,244425,31.26,31.29,31.13
02/01/2022,31.14,244547,31.12,31.20,31.068
01/31/2022,31.13,248370,30.94,31.13,30.85
01/28/2022,30.73,375395,30.78,30.78,30.617
01/27/2022,30.70,101553,30.87,30.9699,30.70
01/26/2022,30.81,121043,31.21,31.21,30.81
01/25/2022,30.98,314317,31.06,31.10,30.8621
01/24/2022,31.03,243963,31.06,31.07,30.73
01/21/2022,31.15,76788,31.40,31.40,31.1101
01/20/2022,31.26,131232,31.47,31.56,31.26
01/19/2022,31.40,91495,31.44,31.47,31.36
01/18/2022,31.35,258143,31.72,31.72,31.32
01/14/2022,31.62,80263,31.65,31.65,31.4861
01/13/2022,31.60,152468,31.90,31.94,31.60
01/12/2022,31.80,110780,31.97,31.97,31.702
01/11/2022,31.70,142283,31.56,31.70,31.45
01/10/2022,31.50,185150,31.56,31.6166,31.372
01/07/2022,31.55,49151,31.65,31.65,31.52
01/06/2022,31.64,157491,31.56,31.64,31.47
01/05/2022,31.50,89989,31.73,31.73,31.4901
01/04/2022,31.76,111075,31.78,31.81,31.66
01/03/2022,31.73,136343,31.77,31.77,31.6331
12/31/2021,31.79,160489,31.75,31.91,31.68
12/30/2021,31.67,168426,31.99,31.99,31.67
12/29/2021,31.69,183233,31.72,31.72,31.62
12/28/2021,31.81,296368,31.98,31.98,31.7801
12/27/2021,31.92,199280,31.73,31.92,31.72
12/23/2021,31.78,63017,31.68,31.78,31.63
12/22/2021,31.74,647570,31.66,31.74,31.625
12/21/2021,31.65,177874,31.64,31.67,31.5501
12/20/2021,31.47,98747,31.43,31.53,31.43
12/17/2021,31.54,123965,31.58,31.59,31.48
12/16/2021,31.55,252557,31.67,31.7095,31.54
12/15/2021,31.60,101874,31.47,31.60,31.41
12/14/2021,31.51,71108,31.46,31.52,31.43
12/13/2021,31.61,78579,31.5901,31.61,31.5301
12/10/2021,31.65,127223,31.73,31.73,31.60
12/09/2021,31.65,114619,31.69,31.69,31.60
12/08/2021,31.73,117350,31.68,31.73,31.5903
12/07/2021,31.68,175973,31.63,31.69,31.56
12/06/2021,31.47,216474,31.54,31.56,31.41
12/03/2021,31.53,77113,31.61,31.61,31.42
12/02/2021,31.48,117259,31.55,31.59,31.46
12/01/2021,31.54,89779,31.75,31.75,31.48
11/30/2021,31.62,71650,31.78,31.78,31.51
11/29/2021,31.71,41235,31.75,31.79,31.659
11/26/2021,31.6436,25201,31.74,31.74,31.61
11/24/2021,31.86,49546,31.76,31.86,31.75
11/23/2021,31.89,57428,31.92,31.93,31.825
11/22/2021,31.90,60845,32.00,32.0429,31.90
11/19/2021,32.11,47806,32.17,32.17,32.06
11/18/2021,32.16,43020,32.22,32.22,32.10
11/17/2021,32.25,111940,32.29,32.29,32.194
11/16/2021,32.27,53110,32.26,32.27,32.21
11/15/2021,32.30,69384,32.34,32.34,32.2443
11/12/2021,32.25,31097,32.31,32.31,32.2401
11/11/2021,32.27,51879,32.27,32.29,32.23
11/10/2021,32.1551,56593,32.33,32.33,32.12
11/09/2021,32.33,266300,32.37,32.37,32.23
11/08/2021,32.28,48820,32.35,32.35,32.28
11/05/2021,32.31,56122,32.30,32.31,32.2196
11/04/2021,32.23,116724,32.17,32.2499,32.12
11/03/2021,32.13,57368,32.14,32.1753,32.06
11/02/2021,32.09,76897,32.1599,32.1599,32.09
11/01/2021,32.21,65149,32.14,32.21,32.1059
10/29/2021,32.10,34669,32.05,32.1084,32.01
10/28/2021,32.09,36637,32.10,32.14,32.07
10/27/2021,32.08,30143,32.15,32.15,32.0668
10/26/2021,32.15,63278,32.23,32.23,32.08
10/25/2021,32.175,41831,32.20,32.2189,32.101
10/22/2021,32.16,50295,32.19,32.20,32.06
10/21/2021,32.15,131712,32.17,32.17,32.07
10/20/2021,32.22,44403,32.20,32.22,32.12
10/19/2021,32.17,59539,32.07,32.17,32.07
10/18/2021,32.01,47512,32.02,32.046,31.9657
10/15/2021,32.07,39948,32.11,32.11,32.02
10/14/2021,32.02,34406,31.99,32.06,31.99
10/13/2021,31.92,54108,31.82,31.92,31.82
10/12/2021,31.83,63171,31.77,31.8496,31.77
10/11/2021,31.79,37247,31.80,31.8699,31.77
10/08/2021,31.8473,33433,31.86,31.91,31.8199
10/07/2021,31.82,58280,31.85,31.9199,31.79
10/06/2021,31.78,90296,31.66,31.78,31.65
10/05/2021,31.80,33156,31.71,31.82,31.70
10/04/2021,31.68,46399,31.87,31.87,31.67
10/01/2021,31.88,494617,31.78,31.89,31.77
09/30/2021,31.76,69561,31.84,31.84,31.7339
09/29/2021,31.70,60267,31.81,31.8299,31.70
09/28/2021,31.83,51919,31.94,31.94,31.78
09/27/2021,32.04,34608,31.94,32.04,31.94
09/24/2021,32.03,51681,31.97,32.03,31.9593
09/23/2021,32.10,32602,32.10,32.10,32.04
09/22/2021,32.05,47157,31.97,32.10,31.97
09/21/2021,31.96,84202,31.99,31.99,31.90
09/20/2021,31.89,225436,31.87,31.92,31.7828
09/17/2021,32.09,411012,32.08,32.11,32.0118
09/16/2021,32.10,85833,32.10,32.13,32.04
09/15/2021,32.17,69407,32.22,32.22,32.14
09/14/2021,32.18,38207,32.26,32.26,32.16
09/13/2021,32.24,59032,32.30,32.30,32.1801
09/10/2021,32.21,34785,32.33,32.33,32.20
09/09/2021,32.26,45175,32.21,32.28,32.21
09/08/2021,32.26,56629,32.34,32.34,32.21
09/07/2021,32.34,53918,32.37,32.42,32.3301
09/03/2021,32.43,105319,32.29,32.43,32.29
09/02/2021,32.35,25997,32.32,32.35,32.30
09/01/2021,32.34,38301,32.27,32.3498,32.27
08/31/2021,32.19,31500,32.17,32.29,32.17
08/30/2021,32.21,47151,32.14,32.21,32.14
08/27/2021,32.20,76306,32.05,32.20,32.0413
08/26/2021,32.04,61586,32.15,32.37,32.01
08/25/2021,32.108,119682,32.05,32.12,32.05
08/24/2021,32.10,32906,32.05,32.15,31.99
08/23/2021,31.93,35279,31.80,32.19,31.80
08/20/2021,31.81,78979,31.77,31.82,31.7434
08/19/2021,31.78,97963,31.99,31.99,31.73
08/18/2021,31.88,126995,31.93,31.96,31.86
08/17/2021,31.90,42239,32.08,32.08,31.84
08/16/2021,31.99,39248,32.04,32.06,31.961
08/13/2021,32.06,30323,32.09,32.13,32.05
08/12/2021,32.06,73067,32.06,32.06,32.0043
08/11/2021,32.09,55943,32.03,32.10,32.0201
08/10/2021,32.04,95721,32.06,32.105,32.00
08/09/2021,32.05,50702,32.02,32.17,32.02
08/06/2021,32.13,34182,32.21,32.21,32.0633
08/05/2021,32.23,23610,32.23,32.25,32.189
08/04/2021,32.18,54141,32.16,32.22,32.14
08/03/2021,32.16,113599,32.1728,32.20,32.1101
08/02/2021,32.14,21996,32.11,32.24,32.11
07/30/2021,32.15,32028,32.188,32.1898,32.09
07/29/2021,32.21,14605,32.23,32.239,32.17
07/28/2021,32.15,72095,32.05,32.16,32.028
07/27/2021,31.99,22567,32.08,32.08,31.88
07/26/2021,32.09,51941,32.11,32.1699,32.06
07/23/2021,32.18,43462,32.14,32.204,32.1101
07/22/2021,32.19,63082,32.15,32.21,32.15
07/21/2021,32.14,63670,32.0593,32.16,32.0593
07/20/2021,32.02,22242,31.91,32.06,31.91
07/19/2021,31.97,41918,32.01,32.01,31.85
07/16/2021,32.07,83175,32.19,32.19,32.03
07/15/2021,32.14,28390,32.19,32.1999,32.08
07/14/2021,32.19,72319,32.32,32.32,32.16
07/13/2021,32.20,53160,32.33,32.33,32.17
07/12/2021,32.26,42291,32.27,32.27,32.205
07/09/2021,32.26,35354,32.18,32.2744,32.1575
07/08/2021,32.14,68945,32.08,32.15,32.04
07/07/2021,32.25,46330,32.26,32.3299,32.215
07/06/2021,32.2573,47664,32.25,32.34,32.2401
07/02/2021,32.30,37854,32.36,32.36,32.275
07/01/2021,32.32,54593,32.29,32.3441,32.11
06/30/2021,32.26,158259,32.30,32.3218,32.25
06/29/2021,32.36,44271,32.36,32.41,32.315
06/28/2021,32.38,47260,32.40,32.43,32.3303
06/25/2021,32.34,132401,32.31,32.37,32.31
06/24/2021,32.28,54805,32.29,32.32,32.27
06/23/2021,32.21,52029,32.236,32.27,32.20
06/22/2021,32.19,45910,32.15,32.19,32.1096
06/21/2021,32.18,120385,32.08,32.20,32.04
06/18/2021,32.04,47879,32.05,32.11,32.04
06/17/2021,32.19,51680,32.17,32.19,32.105
06/16/2021,32.13,33380,32.23,32.29,32.083
06/15/2021,32.24,198980,32.36,32.36,32.23
06/14/2021,32.34,22681,32.40,32.40,32.30
06/11/2021,32.31,31844,32.36,32.36,32.27
06/10/2021,32.31,21140,32.25,32.34,32.25
06/09/2021,32.24,485744,32.36,32.36,32.23
06/08/2021,32.2784,36124,32.25,32.30,32.23
06/07/2021,32.30,42492,32.27,32.30,32.20
06/04/2021,32.29,77236,32.18,32.29,32.18
06/03/2021,32.11,30378,32.20,32.20,32.11
06/02/2021,32.26,35833,32.29,32.31,32.2501
06/01/2021,32.29,283291,32.33,32.33,32.22
05/28/2021,32.18,45302,32.15,32.21,32.12
05/27/2021,32.12,35570,32.17,32.215,32.085
05/26/2021,32.12,38983,32.02,32.13,32.02
05/25/2021,32.00,38059,32.09,32.1027,32.00
05/24/2021,31.96,49491,32.07,32.07,31.96
05/21/2021,31.95,41570,31.91,32.0399,31.90
05/20/2021,31.9256,20913,31.81,31.9594,31.81
05/19/2021,31.825,52086,31.76,31.88,31.7588
05/18/2021,31.91,152067,31.90,31.9699,31.8325
05/17/2021,31.845,27799,31.79,31.8699,31.7556
05/14/2021,31.85,89210,31.72,31.88,31.71
05/13/2021,31.65,81275,31.6995,31.7393,31.5701
05/12/2021,31.61,81763,31.70,31.78,31.6095
05/11/2021,31.85,121219,31.71,31.89,31.71
05/10/2021,31.88,126643,32.11,32.11,31.83
05/07/2021,32.08,71450,31.95,32.14,31.95
05/06/2021,31.99,47009,31.89,31.99,31.86
05/05/2021,31.945,42912,31.96,31.9771,31.90
05/04/2021,31.81,70524,31.98,31.98,31.75
05/03/2021,32.05,237333,32.07,32.0897,31.98
04/30/2021,31.99,99462,32.00,32.06,31.92
04/29/2021,32.10,212609,32.27,32.29,32.02
04/28/2021,32.18,196388,32.15,32.21,32.08
04/27/2021,32.16,59076,32.17,32.2199,32.14
04/26/2021,32.16,166592,32.00,32.20,32.00
04/23/2021,32.12,74613,32.04,32.12,32.04
04/22/2021,31.97,41594,32.03,32.08,31.9542
04/21/2021,32.03,37136,31.89,32.04,31.84
04/20/2021,31.89,89219,31.99,31.99,31.84
04/19/2021,32.02,60735,32.00,32.05,31.955
04/16/2021,32.0408,63752,32.15,32.15,32.0369
04/15/2021,32.08,59948,32.03,32.11,32.02
04/14/2021,31.98,81834,31.98,32.05,31.9539
04/13/2021,32.01,61305,31.88,32.02,31.88
04/12/2021,31.90,104001,31.87,31.91,31.82
04/09/2021,31.90,1002260,31.96,31.96,31.86
04/08/2021,31.96,43730,31.89,32.029,31.89
04/07/2021,31.78,104069,31.91,31.95,31.78
04/06/2021,31.97,144287,31.88,32.12,31.88
04/05/2021,31.92,45308,31.92,31.98,31.86
04/01/2021,31.88,92392,31.84,31.919,31.84
03/31/2021,31.80,43824,31.74,31.81,31.70
03/30/2021,31.71,36568,31.69,31.72,31.63
03/29/2021,31.70,70978,31.76,31.76,31.6101
03/26/2021,31.755,50687,31.69,31.80,31.6001
03/25/2021,31.64,292404,31.65,31.67,31.52
03/24/2021,31.68,120911,31.77,31.81,31.65
03/23/2021,31.82,202110,31.85,31.94,31.80
03/22/2021,31.99,98310,31.98,31.99,31.8794
03/19/2021,31.88,63050,31.85,31.92,31.79
03/18/2021,31.80,130001,31.89,31.9397,31.80
03/17/2021,32.05,63844,31.90,32.0811,31.85
03/16/2021,32.02,46769,32.07,32.07,31.965
03/15/2021,31.98,81804,31.91,32.01,31.91
03/12/2021,31.97,45135,31.96,31.97,31.89
03/11/2021,32.12,56041,32.00,32.129,32.00
03/10/2021,31.87,38402,31.89,31.92,31.815
03/09/2021,31.88,65623,31.71,31.90,31.71
03/08/2021,31.63,193255,31.81,31.82,31.62
03/05/2021,31.96,213666,31.87,31.96,31.63
03/04/2021,31.795,123003,32.08,32.09,31.7301
03/03/2021,32.09,93725,32.22,32.24,32.03
03/02/2021,32.13,65655,32.28,32.28,32.13
03/01/2021,32.30,79386,32.24,32.30,32.16
02/26/2021,32.03,131554,32.083,32.10,31.97
02/25/2021,32.11,56506,32.40,32.40,32.10
02/24/2021,32.39,51807,32.205,32.39,32.205
02/23/2021,32.41,73169,32.34,32.42,32.06
02/22/2021,32.39,65909,32.50,32.52,32.38
02/19/2021,32.55,74456,32.65,32.66,32.54
02/18/2021,32.52,70012,32.60,32.60,32.4342
02/17/2021,32.67,103379,32.60,32.67,32.55
02/16/2021,32.59,95058,32.75,32.75,32.58
02/12/2021,32.65,127548,32.60,32.69,32.60
02/11/2021,32.65,54493,32.70,32.71,32.62
02/10/2021,32.57,1331743,32.70,32.7583,32.52
02/09/2021,32.62,95163,32.58,32.67,32.52
02/08/2021,32.51,1267689,32.46,32.55,32.46
02/05/2021,32.48,70673,32.40,32.48,32.3806
02/04/2021,32.36,62607,32.46,32.46,32.31
02/03/2021,32.32,129904,32.41,32.41,32.31
02/02/2021,32.37,312725,32.38,32.40,32.19
02/01/2021,32.25,124728,32.08,32.2798,32.08
01/29/2021,31.97,72763,32.13,32.1399,31.97
01/28/2021,32.14,246972,32.11,32.21,32.10
01/27/2021,32.085,86555,32.32,32.32,32.06
01/26/2021,32.39,135790,32.41,32.41,32.32
01/25/2021,32.43,64546,32.37,32.4398,32.305
01/22/2021,32.39,65128,32.27,32.40,32.27
01/21/2021,32.42,144596,32.30,32.43,32.30
01/20/2021,32.38,79464,32.39,32.4174,32.355
01/19/2021,32.27,76735,32.28,32.29,32.24
01/15/2021,32.13,60093,32.22,32.22,32.1059
01/14/2021,32.21,139437,32.27,32.30,32.21
01/13/2021,32.18,71299,32.31,32.31,32.17
01/12/2021,32.17,64320,32.14,32.18,32.10
01/11/2021,32.06,146752,32.19,32.19,32.05
01/08/2021,32.25,116426,32.21,32.27,32.13
01/07/2021,32.15,82160,32.08,32.15,32.03
01/06/2021,32.07,72594,32.23,32.23,32.0069
01/05/2021,32.10,110690,31.91,32.10,31.91
01/04/2021,31.97,117149,32.02,32.06,31.8915
12/31/2020,31.93,84477,31.94,31.96,31.89
12/30/2020,31.96,121824,32.12,32.12,31.85
12/29/2020,32.45,69504,32.57,32.64,32.4466
12/28/2020,32.44,88289,32.63,32.63,32.41
12/24/2020,32.43,39130,32.34,32.43,32.34
12/23/2020,32.42,88860,32.33,32.4299,32.33
12/22/2020,32.35,154805,32.39,32.39,32.31
12/21/2020,32.34,80292,32.29,32.40,32.265
12/18/2020,32.47,93671,32.42,32.47,32.39
12/17/2020,32.47,89785,32.4235,32.48,32.4001
12/16/2020,32.37,100174,32.38,32.39,32.305
12/15/2020,32.34,127686,32.29,32.34,32.25
12/14/2020,32.25,94206,32.16,32.28,32.16
12/11/2020,32.20,70051,32.19,32.25,32.16
12/10/2020,32.27,1246420,32.21,32.34,32.17
12/09/2020,32.16,48369,32.29,32.32,32.11
12/08/2020,32.24,90980,32.30,32.30,32.225
12/07/2020,32.22,53133,32.24,32.253,32.21
12/04/2020,32.19,53076,32.23,32.235,32.16
12/03/2020,32.12,100996,32.37,32.37,32.12
12/02/2020,32.05,225434,32.05,32.10,31.98
12/01/2020,32.03,106178,32.05,32.11,31.99
11/30/2020,31.88,52117,31.96,32.0267,31.88
11/27/2020,32.02,18971,32.00,32.0633,32.00
11/25/2020,31.97,89276,31.98,31.98,31.87
11/24/2020,31.92,52401,31.95,31.95,31.88
11/23/2020,31.84,78332,31.82,31.8723,31.77
11/20/2020,31.78,60838,31.81,31.85,31.77
11/19/2020,31.755,204014,31.54,31.78,31.54
11/18/2020,31.64,94976,31.7337,31.7399,31.62
11/17/2020,31.61,290362,31.66,31.74,31.58
11/16/2020,31.72,108137,31.71,31.7273,31.648
11/13/2020,31.61,42571,31.63,31.63,31.52
11/12/2020,31.52,45615,31.63,31.75,31.45
11/11/2020,31.52,39945,31.54,31.56,31.48
11/10/2020,31.44,97242,31.50,31.5384,31.41
11/09/2020,31.53,72598,31.91,31.91,31.53
11/06/2020,31.49,34510,31.52,31.537,31.4584
11/05/2020,31.51,65221,31.44,31.51,31.4007
11/04/2020,31.30,76415,31.17,31.3128,31.10
11/03/2020,31.02,65669,31.07,31.08,30.98
11/02/2020,30.92,92327,30.99,30.99,30.87
10/30/2020,30.85,83985,30.89,30.93,30.81
10/29/2020,30.95,49107,30.97,30.9905,30.90
10/28/2020,30.91,49241,30.96,31.00,30.91
10/27/2020,31.13,417209,31.08,31.18,31.08
10/26/2020,31.09,49851,31.10,31.20,31.075
10/23/2020,31.22,46784,31.221,31.2471,31.18
10/22/2020,31.18,42536,31.19,31.23,31.155
10/21/2020,31.19,47051,31.21,31.2799,31.19
10/20/2020,31.21,662080,31.20,31.27,31.13
10/19/2020,31.16,49580,31.22,31.27,31.15
10/16/2020,31.23,57614,31.13,31.2642,31.13
10/15/2020,31.15,57736,31.04,31.1962,30.9501
10/14/2020,31.23,47592,31.15,31.30,31.15
10/13/2020,31.31,87224,31.35,31.35,31.22
10/12/2020,31.31,45038,31.29,31.395,31.2839
10/09/2020,31.22,163226,31.25,31.2619,31.17
10/08/2020,31.15,46630,31.18,31.20,31.14
10/07/2020,31.15,47806,31.02,31.18,31.02
10/06/2020,31.03,113358,31.04,31.1575,31.02
10/05/2020,31.07,65999,30.99,31.0996,30.99
10/02/2020,30.93,96044,30.90,31.03,30.90
10/01/2020,31.08,75456,31.00,31.09,31.00
09/30/2020,30.99,48656,30.96,31.00,30.93
09/29/2020,30.86,678089,30.87,30.9934,30.83
09/28/2020,30.85,52729,30.93,30.93,30.82
09/25/2020,30.78,53109,30.80,30.80,30.6122
09/24/2020,30.78,814721,30.68,30.90,30.63
09/23/2020,30.75,107639,30.92,30.93,30.72
09/22/2020,30.92,122863,30.93,30.97,30.87
09/21/2020,30.95,57199,30.97,30.97,30.82
09/18/2020,31.09,54387,31.16,31.19,31.05
09/17/2020,31.14,81688,31.10,31.18,31.07
09/16/2020,31.19,48607,31.22,31.2652,31.18
09/15/2020,31.20,47551,31.28,31.288,31.157
09/14/2020,31.13,48086,31.00,31.1467,31.00
09/11/2020,30.93,314883,31.02,31.06,30.93
09/10/2020,30.94,69234,31.15,31.15,30.94
09/09/2020,31.06,54791,31.02,31.1096,31.0101
09/08/2020,30.89,80309,30.99,31.016,30.88
09/04/2020,31.14,78636,31.23,31.3201,30.97
09/03/2020,31.19,81250,31.435,31.435,31.14
09/02/2020,31.35,798298,31.44,31.47,31.31
09/01/2020,31.31,81530,31.27,31.35,31.27
08/31/2020,31.25,412043,31.19,31.30,31.19
08/28/2020,31.23,67069,31.17,31.28,31.17
08/27/2020,31.21,40657,31.22,31.2293,31.14
08/26/2020,31.26,44127,31.16,31.26,31.16
08/25/2020,31.15,124035,31.19,31.19,31.10
08/24/2020,31.13,34589,31.23,31.23,31.1071
08/21/2020,31.08,31299,31.11,31.11,31.05
08/20/2020,31.14,62072,31.01,31.14,31.01
08/19/2020,31.09,80950,31.24,31.2632,31.07
08/18/2020,31.20,206253,31.14,31.22,31.11
08/17/2020,31.15,52495,31.11,31.15,31.0901
08/14/2020,31.03,51727,31.08,31.08,31.0101
08/13/2020,31.08,67150,31.11,31.1378,31.05
08/12/2020,31.08,148737,31.08,31.17,31.07
08/11/2020,30.96,74308,31.06,31.1397,30.96
08/10/2020,31.02,53218,31.09,31.09,31.0012
08/07/2020,31.00,67214,31.0561,31.0899,30.97
08/06/2020,31.1258,105134,31.05,31.24,31.05
08/05/2020,31.115,89048,31.06,31.15,31.06
08/04/2020,31.01,280512,30.98,31.04,30.96
08/03/2020,30.99,53064,30.87,30.99,30.87
07/31/2020,30.86,52048,30.87,30.915,30.81
07/30/2020,30.92,115292,30.97,30.97,30.841
07/29/2020,30.98,50835,30.89,30.98,30.89
07/28/2020,30.87,76120,30.90,30.91,30.87
07/27/2020,30.95,72315,30.77,30.96,30.77
07/24/2020,30.825,82886,30.78,30.8561,30.7596
07/23/2020,30.79,83018,30.98,30.98,30.79
07/22/2020,30.91,62650,30.91,30.951,30.87
07/21/2020,30.905,44673,30.80,30.96,30.7514
07/20/2020,30.835,82511,30.72,30.85,30.705
07/17/2020,30.7321,60821,30.73,30.7382,30.66
07/16/2020,30.6755,66576,30.6835,30.71,30.67
07/15/2020,30.74,128282,30.68,30.78,30.68
07/14/2020,30.65,43442,30.62,30.665,30.56
07/13/2020,30.61,89095,30.61,30.75,30.57
07/10/2020,30.61,87035,30.58,30.6344,30.495
07/09/2020,30.62,81012,30.67,30.67,30.52
07/08/2020,30.62,110842,30.54,30.64,30.54
07/07/2020,30.55,82604,30.63,30.656,30.54
07/06/2020,30.67,83814,30.55,30.67,30.55
07/02/2020,30.44,115054,30.36,30.55,30.36
07/01/2020,30.22,448500,30.33,30.3913,30.22
06/30/2020,30.32,76183,30.25,30.35,30.25
06/29/2020,30.27,513741,30.23,30.33,30.21
06/26/2020,30.205,117350,30.36,30.36,30.185
06/25/2020,30.36,145438,30.29,30.3899,30.2823
06/24/2020,30.34,129860,30.47,30.47,30.27
06/23/2020,30.47,97033,30.49,30.54,30.47
06/22/2020,30.42,69248,30.35,30.4459,30.35
06/19/2020,30.36,118831,30.34,30.45,30.21
06/18/2020,30.3788,63087,30.36,30.44,30.2705
06/17/2020,30.39,347794,30.39,30.47,30.38
06/16/2020,30.35,87068,30.35,30.48,30.34
06/15/2020,30.29,48134,30.12,30.36,30.03
06/12/2020,30.22,151223,30.32,30.32,30.12
06/11/2020,30.10,91834,30.24,30.285,30.07
06/10/2020,30.5338,79517,30.51,30.57,30.42
06/09/2020,30.47,1688834,30.40,30.5199,30.40
06/08/2020,30.53,1092722,30.50,30.57,30.47
06/05/2020,30.48,261739,30.47,30.5699,30.3601
06/04/2020,30.34,196492,30.31,30.3815,30.30
06/03/2020,30.39,174731,30.27,30.3999,30.27
06/02/2020,30.22,50393,30.16,30.2427,30.15
06/01/2020,30.09,115191,29.94,30.11,29.94
05/29/2020,29.93,60341,29.97,29.98,29.85
05/28/2020,29.88,87208,29.93,30.00,29.87
05/27/2020,29.86,58570,29.87,29.8999,29.7501
05/26/2020,29.81,113459,29.86,29.90,29.81
05/22/2020,29.71,63005,29.71,29.71,29.62
05/21/2020,29.71,90774,29.75,29.77,29.67
05/20/2020,29.75,139315,29.73,29.77,29.66
05/19/2020,29.5745,143869,29.53,29.64,29.5111
05/18/2020,29.59,360481,29.53,29.61,29.47
05/15/2020,29.32,538862,29.30,29.37,29.29
05/14/2020,29.28,138773,29.15,29.33,29.12
05/13/2020,29.31,131157,29.36,29.42,29.26
05/12/2020,29.37,360717,29.40,29.51,29.37
05/11/2020,29.38,482993,29.43,29.46,29.37
05/08/2020,29.46,152105,29.46,29.49,29.41
05/07/2020,29.34,417045,29.33,29.36,29.28
05/06/2020,29.21,72816,29.25,29.29,29.19
05/05/2020,29.27,1256539,29.27,29.32,29.22
05/04/2020,29.18,210926,29.13,29.19,29.1263
05/01/2020,29.20,137428,29.21,29.25,29.13
04/30/2020,29.35,266895,29.27,29.4899,29.2201
04/29/2020,29.50,89300,29.29,29.50,29.28
04/28/2020,29.21,343599,29.12,29.31,29.12
04/27/2020,29.12,157507,29.21,29.21,29.12
04/24/2020,29.11,124717,29.11,29.15,29.03
04/23/2020,29.06,148070,29.01,29.2309,28.9943
04/22/2020,28.97,402214,29.01,29.08,28.93
04/21/2020,28.87,683903,28.92,29.0156,28.80
04/20/2020,29.11,224785,28.99,29.19,28.94
04/17/2020,29.22,503084,29.23,29.23,29.02
04/16/2020,28.91,114993,29.01,29.0392,28.88
04/15/2020,28.91,93470,28.75,28.9799,28.75
04/14/2020,29.06,265903,29.21,29.22,29.06
04/13/2020,28.96,640624,28.98,29.0524,28.85
04/09/2020,28.99,177112,28.91,29.1394,28.89
04/08/2020,28.69,183068,28.68,28.79,28.6092
04/07/2020,28.53,147523,28.39,28.752,28.39
04/06/2020,28.42,247843,28.43,28.53,28.1708
04/03/2020,27.98,125475,28.11,28.19,27.94
04/02/2020,28.25,167341,28.07,28.28,28.07
04/01/2020,28.10,299109,28.18,28.35,28.05
03/31/2020,28.47,140679,28.37,28.5658,28.37
03/30/2020,28.43,131445,28.32,28.47,28.25
03/27/2020,28.29,143841,28.16,28.3659,28.099
03/26/2020,28.44,840197,28.01,28.61,28.01
03/25/2020,27.97,159821,27.50,28.12,27.50
03/24/2020,27.41,309424,27.04,27.50,26.91
03/23/2020,26.67,252698,26.89,27.00,26.59
03/20/2020,26.81,184315,26.99,27.1735,26.81
03/19/2020,26.68,268903,26.95,27.07,26.58
03/18/2020,27.09,357767,27.20,27.65,26.58
03/17/2020,27.91,199810,27.80,27.96,27.4599
03/16/2020,27.67,247991,27.57,27.97,27.01
03/13/2020,28.57,196339,28.69,28.70,28.29
03/12/2020,28.07,253735,28.32,28.5146,27.38
03/11/2020,29.12,263243,29.55,29.55,29.10
03/10/2020,29.75,109079,29.77,29.79,29.5148
03/09/2020,29.45,147501,29.38,29.7199,29.228
03/06/2020,30.27,78467,30.21,30.27,30.16
03/05/2020,30.35,92747,30.36,30.47,30.33
03/04/2020,30.53,258135,30.43,30.5585,30.43
03/03/2020,30.37,143907,30.41,30.6066,30.15
03/02/2020,30.36,134649,30.20,30.36,30.14
02/28/2020,30.17,173853,30.01,30.19,29.95
02/27/2020,30.23,1290642,30.34,30.4056,30.2059
02/26/2020,30.50,141388,30.52,30.598,30.468
02/25/2020,30.50,45140,30.64,30.6536,30.47
02/24/2020,30.59,85876,30.63,30.66,30.59
02/21/2020,30.91,61087,30.945,30.9475,30.90
02/20/2020,30.95,69784,30.96,31.0098,30.91
02/19/2020,31.00,57898,30.96,31.03,30.96
02/18/2020,30.96,124980,30.99,30.99,30.93
02/14/2020,30.9997,680267,31.07,31.07,30.97
02/13/2020,30.97,216602,31.01,31.02,30.97
02/12/2020,31.025,98209,30.99,31.05,30.99
02/11/2020,30.99,31846,31.00,31.0256,30.965
02/10/2020,30.89,47428,30.86,30.92,30.86
02/07/2020,30.87,52506,30.87,30.90,30.85
02/06/2020,30.93,58369,31.00,31.00,30.914
02/05/2020,30.94,87356,30.99,30.99,30.90
02/04/2020,30.88,159790,30.85,30.90,30.84
02/03/2020,30.71,97172,30.64,30.7299,30.64
01/31/2020,30.62,133982,30.72,30.72,30.60
01/30/2020,30.7806,97048,30.7451,30.7806,30.692
01/29/2020,30.8162,111401,30.87,30.87,30.815
01/28/2020,30.7998,47678,30.81,30.8201,30.74
01/27/2020,30.705,117096,30.75,30.76,30.6866
01/24/2020,30.91,187922,30.98,31.0099,30.88
01/23/2020,30.9753,203980,30.94,30.98,30.92
01/22/2020,30.99,148569,31.01,31.055,30.99
01/21/2020,30.95,341467,31.04,31.04,30.95
01/17/2020,31.05,35463,31.04,31.0869,31.04
01/16/2020,31.04,108727,31.04,31.0591,31.0121
01/15/2020,30.98,220235,31.04,31.04,30.98
01/14/2020,31.02,75339,31.01,31.02,30.95
01/13/2020,30.99,95636,30.93,31.02,30.93
01/10/2020,30.9213,108881,30.91,30.98,30.91
01/09/2020,30.94,95234,30.95,30.95,30.9201
01/08/2020,30.8802,48974,30.88,30.92,30.83
01/07/2020,30.87,222690,30.83,30.89,30.83
01/06/2020,30.88,283472,30.87,30.88,30.8001
01/03/2020,30.85,101977,30.90,30.92,30.85
01/02/2020,30.97,194253,30.88,30.9798,30.88
12/31/2019,30.80,93710,30.75,30.85,30.75
12/30/2019,30.80,112739,30.83,31.0505,30.79
12/27/2019,31.44,238547,31.41,31.54,31.41
12/26/2019,31.41,38291,32.01,32.01,31.3401
12/24/2019,31.35,44446,31.40,31.40,31.3112
12/23/2019,31.34,109079,31.32,31.35,31.30
12/20/2019,31.33,97320,31.33,31.35,31.16
12/19/2019,31.31,344469,31.30,31.33,31.262
12/18/2019,31.26,58158,31.28,31.49,31.2421
12/17/2019,31.29,89820,31.29,31.30,31.2546
12/16/2019,31.28,347419,31.23,31.30,31.23
12/13/2019,31.19,34705,31.19,31.1997,31.1501
12/12/2019,31.15,472425,31.05,31.16,31.05
12/11/2019,31.03,63755,31.01,31.065,30.99
12/10/2019,31.00,59881,30.98,31.00,30.9585
12/09/2019,30.95,65489,31.00,31.02,30.95
12/06/2019,31.0002,69129,30.96,31.02,30.96
12/05/2019,30.9285,55888,30.94,30.94,30.8869
12/04/2019,30.90,68258,30.86,30.92,30.86
12/03/2019,30.84,75269,30.80,30.84,30.72
12/02/2019,30.80,34636,30.84,30.85,30.78
11/29/2019,30.86,28284,30.94,30.94,30.86
11/27/2019,30.95,53783,30.96,30.97,30.92
11/26/2019,30.92,128896,30.93,30.93,30.8908
11/25/2019,30.94,46972,30.87,30.94,30.87
11/22/2019,30.84,197402,30.81,30.84,30.80
11/21/2019,30.81,112375,30.83,30.83,30.7724
11/20/2019,30.81,88834,30.86,30.88,30.79
11/19/2019,30.8747,28938,30.89,30.89,30.853
11/18/2019,30.87,75289,30.86,30.88,30.8336
11/15/2019,30.84,65133,30.78,30.87,30.78
11/14/2019,30.78,36718,30.80,30.81,30.77
11/13/2019,30.79,42555,30.75,30.82,30.75
11/12/2019,30.82,55219,30.83,30.8605,30.81
11/11/2019,30.87,151673,30.80,30.87,30.80
11/08/2019,30.86,34395,30.89,30.89,30.85
11/07/2019,30.88,43016,30.90,30.93,30.88
11/06/2019,30.8595,52392,30.8916,30.8916,30.84
11/05/2019,30.8679,56777,30.90,30.90,30.85
11/04/2019,30.87,182006,30.85,30.901,30.85
11/01/2019,30.84,52405,30.76,30.84,30.76
10/31/2019,30.71,51957,30.71,30.75,30.68
10/30/2019,30.72,65387,30.72,30.7298,30.66
10/29/2019,30.7005,114377,30.71,30.72,30.69
10/28/2019,30.74,28702,30.74,30.75,30.73
10/25/2019,30.71,34020,30.70,30.72,30.67
10/24/2019,30.6861,51014,30.66,30.7204,30.66
10/23/2019,30.655,31152,30.66,30.6612,30.6424
10/22/2019,30.62,52166,30.63,30.67,30.62
10/21/2019,30.64,83902,30.65,30.6577,30.63
10/18/2019,30.6077,21561,30.64,30.65,30.5802
10/17/2019,30.64,64886,30.66,30.66,30.60
10/16/2019,30.58,30934,30.52,30.59,30.52
10/15/2019,30.5963,61663,30.50,30.6036,30.50
10/14/2019,30.50,27530,30.49,30.54,30.49
10/11/2019,30.56,33439,30.53,30.58,30.53
10/10/2019,30.4202,125853,30.43,30.4573,30.40
10/09/2019,30.41,41083,30.39,30.42,30.39
10/08/2019,30.345,69933,30.32,30.3831,30.32
10/07/2019,30.4096,64661,30.44,30.45,30.395
10/04/2019,30.45,30597,30.37,30.467,30.37
10/03/2019,30.38,70075,30.33,30.39,30.31
10/02/2019,30.29,53846,30.37,30.37,30.28
10/01/2019,30.37,40919,30.43,30.4405,30.37
09/30/2019,30.42,30452,30.40,30.44,30.40
09/27/2019,30.38,25028,30.50,30.50,30.38
09/26/2019,30.46,55925,30.52,30.52,30.46
09/25/2019,30.45,39976,30.47,30.49,30.44
09/24/2019,30.50,62804,30.56,30.56,30.50
09/23/2019,30.53,137951,30.49,30.56,30.49
09/20/2019,30.57,85971,30.51,30.59,30.51
09/19/2019,30.52,104694,30.52,30.58,30.52
09/18/2019,30.54,42036,30.49,30.54,30.46
09/17/2019,30.52,48857,30.45,30.52,30.45
09/16/2019,30.49,39832,30.48,30.5179,30.48
09/13/2019,30.52,41218,30.54,30.57,30.52
09/12/2019,30.51,45113,30.51,30.59,30.5073
09/11/2019,30.478,28778,30.45,30.48,30.45
09/10/2019,30.40,42364,30.44,30.46,30.40
09/09/2019,30.44,58247,30.44,30.49,30.43
09/06/2019,30.44,54287,30.42,30.4699,30.42
09/05/2019,30.43,109836,30.42,30.47,30.42
09/04/2019,30.41,53323,30.34,30.41,30.34
09/03/2019,30.29,48638,30.25,30.30,30.25
08/30/2019,30.29,31545,30.29,30.3181,30.2701
08/29/2019,30.27,65272,30.26,30.3085,30.26
08/28/2019,30.26,64965,30.20,30.26,30.20
08/27/2019,30.235,66717,30.22,30.2596,30.22
08/26/2019,30.20,55417,30.21,30.2398,30.20
08/23/2019,30.15,174386,30.17,30.2566,30.15
08/22/2019,30.24,77307,30.28,30.28,30.2001
08/21/2019,30.26,52153,30.30,30.30,30.25
08/20/2019,30.19,73587,30.20,30.22,30.19
08/19/2019,30.185,48793,30.23,30.23,30.18
08/16/2019,30.15,52514,30.16,30.1729,30.1134
08/15/2019,30.084,80111,30.08,30.0899,30.04
08/14/2019,30.03,50889,30.08,30.0931,30.03
08/13/2019,30.20,74320,30.14,30.2227,30.12
08/12/2019,30.12,51746,30.16,30.19,30.115
08/09/2019,30.18,40215,30.25,30.25,30.17
08/08/2019,30.26,48630,30.24,30.26,30.20
08/07/2019,30.20,58562,30.12,30.21,30.12
08/06/2019,30.13,212151,30.15,30.18,30.09
08/05/2019,30.05,135056,30.12,30.1342,30.03
08/02/2019,30.25,64877,30.28,30.2837,30.23
08/01/2019,30.32,63280,30.36,30.44,30.31
07/31/2019,30.38,120186,30.44,30.44,30.28
07/30/2019,30.40,54374,30.44,30.44,30.39
07/29/2019,30.47,111174,30.49,30.49,30.46
07/26/2019,30.48,54886,30.48,30.5265,30.47
07/25/2019,30.48,108540,30.52,30.52,30.46
07/24/2019,30.53,139038,30.50,30.5465,30.50
07/23/2019,30.5167,42824,30.50,30.52,30.49
07/22/2019,30.4744,92725,30.47,30.49,30.47
07/19/2019,30.451,208304,30.46,30.51,30.451
07/18/2019,30.49,62807,30.44,30.49,30.40
07/17/2019,30.44,63428,30.48,30.48,30.4277
07/16/2019,30.43,133870,30.47,30.47,30.42
07/15/2019,30.4625,27169,30.48,30.48,30.45
07/12/2019,30.43,50160,30.418,30.45,30.41
07/11/2019,30.41,62816,30.43,30.45,30.40
07/10/2019,30.4261,90350,30.45,30.4635,30.4181
07/09/2019,30.41,111600,30.42,30.42,30.3727
07/08/2019,30.43,45110,30.49,30.49,30.41
07/05/2019,30.49,57502,30.50,30.50,30.43
07/03/2019,30.58,61865,30.54,30.58,30.52
07/02/2019,30.5335,55097,30.52,30.54,30.51
07/01/2019,30.53,75539,30.55,30.5611,30.51
06/28/2019,30.42,60349,30.41,30.45,30.41
06/27/2019,30.40,55292,30.37,30.41,30.37
06/26/2019,30.3242,106657,30.33,30.3599,30.32
06/25/2019,30.33,54962,30.41,30.41,30.3155
06/24/2019,30.3837,587872,30.37,30.39,30.35
06/21/2019,30.35,606060,30.361,30.38,30.34
06/20/2019,30.40,1463708,30.40,30.4599,30.38
06/19/2019,30.315,44184,30.26,30.3158,30.23
06/18/2019,30.2298,70138,30.13,30.238,30.13
06/17/2019,30.08,1091157,30.06,30.11,30.06
06/14/2019,30.0755,116786,30.10,30.1099,30.06
06/13/2019,30.13,88494,30.13,30.1509,30.11
06/12/2019,30.10,65254,30.13,30.1472,30.10
06/11/2019,30.18,66206,30.19,30.23,30.15
06/10/2019,30.14,46732,30.10,30.16,30.10
06/07/2019,30.10,62529,30.04,30.1283,30.04
06/06/2019,30.00,71027,30.00,30.00,29.97
06/05/2019,29.97,103349,30.01,30.01,29.95
06/04/2019,30.01,40232,29.96,30.01,29.92
06/03/2019,29.88,110138,29.88,29.90,29.86
05/31/2019,29.875,46786,29.84,29.88,29.84
05/30/2019,29.90,142387,29.89,29.9299,29.8873
05/29/2019,29.87,149617,29.86,29.90,29.85
05/28/2019,29.90,58981,29.92,29.9499,29.90
05/24/2019,29.90,88162,29.95,29.95,29.90
05/23/2019,29.8861,395956,29.87,29.90,29.842
05/22/2019,29.93,75694,29.94,29.98,29.93
05/21/2019,29.96,48033,29.97,29.99,29.9399
05/20/2019,29.92,551281,29.91,29.9399,29.885
05/17/2019,29.955,48295,29.96,30.01,29.951
05/16/2019,30.03,102268,30.06,30.09,30.03
05/15/2019,30.04,73990,29.97,30.04,29.96
05/14/2019,30.00,78433,29.91,30.01,29.91
05/13/2019,29.87,276387,29.98,29.98,29.86
05/10/2019,30.08,105559,29.99,30.0837,29.9897
05/09/2019,30.02,140626,30.06,30.06,29.96
05/08/2019,30.08,251835,30.15,30.15,30.08
05/07/2019,30.12,61558,30.19,30.20,30.0901
05/06/2019,30.26,168795,30.18,30.26,30.14
05/03/2019,30.33,74812,30.27,30.33,30.27
05/02/2019,30.21,202860,30.22,30.26,30.19
05/01/2019,30.22,137881,30.29,30.33,30.22
04/30/2019,30.27,56911,30.27,30.2993,30.25
04/29/2019,30.30,62382,30.30,30.30,30.26
04/26/2019,30.26,112571,30.25,30.29,30.24
04/25/2019,30.24,100211,30.26,30.26,30.21
04/24/2019,30.27,246896,30.28,30.2903,30.24
04/23/2019,30.32,103484,30.29,30.33,30.275
04/22/2019,30.27,69767,30.28,30.29,30.2542
04/18/2019,30.27,107031,30.28,30.2979,30.25
04/17/2019,30.29,97669,30.30,30.30,30.27
04/16/2019,30.28,167937,30.31,30.31,30.27
04/15/2019,30.29,136399,30.29,30.30,30.24
04/12/2019,30.26,61772,30.26,30.2899,30.26
04/11/2019,30.23,49813,30.26,30.26,30.22
04/10/2019,30.26,97880,30.22,30.27,30.21
04/09/2019,30.21,71607,30.21,30.25,30.21
04/08/2019,30.27,59780,30.26,30.27,30.23
04/05/2019,30.24,326904,30.22,30.26,30.22
04/04/2019,30.2065,72715,30.18,30.22,30.17
04/03/2019,30.18,57370,30.16,30.23,30.16
04/02/2019,30.14,57383,30.17,30.17,30.11
04/01/2019,30.13,156740,30.09,30.16,30.09
03/29/2019,30.07,122700,30.06,30.07,30.04
03/28/2019,30.03,176036,30.02,30.04,29.98
03/27/2019,30.03,218318,30.03,30.05,29.98
03/26/2019,30.02,70215,30.05,30.07,30.01
03/25/2019,29.99,128046,29.97,30.01,29.95
03/22/2019,29.97,97117,30.04,30.08,29.97
03/21/2019,30.14,168495,30.08,30.15,30.08
03/20/2019,30.14,153845,30.08,30.16,30.04
03/19/2019,30.07,104405,30.10,30.11,30.0601
03/18/2019,30.07,256035,30.02,30.07,30.02
03/15/2019,30.02,149131,29.98,30.0399,29.98
03/14/2019,29.96,84720,29.98,29.98,29.95
03/13/2019,29.98,134884,29.98,30.00,29.9538
03/12/2019,29.93,77361,29.92,29.96,29.92
03/11/2019,29.90,843830,29.86,29.92,29.86
03/08/2019,29.82,113837,29.81,29.82,29.7899
03/07/2019,29.85,193402,29.93,29.93,29.84
03/06/2019,29.94,55972,29.98,29.9899,29.93
03/05/2019,29.98,117919,29.96,29.99,29.9462
03/04/2019,29.95,91486,29.98,29.98,29.91
03/01/2019,29.97,96809,29.98,29.9832,29.94
02/28/2019,29.94,169215,29.96,29.9699,29.92
02/27/2019,29.96,131448,29.99,30.00,29.9301
02/26/2019,29.9991,74158,29.95,30.01,29.95
02/25/2019,29.95,117914,29.97,29.9968,29.95
02/22/2019,29.95,229671,29.89,29.95,29.89
02/21/2019,29.85,503049,29.90,29.90,29.83
02/20/2019,29.87,975854,29.87,29.90,29.85
02/19/2019,29.85,218651,29.81,29.86,29.81
02/15/2019,29.81,197000,29.76,29.83,29.76
02/14/2019,29.75,770888,29.72,29.76,29.71
02/13/2019,29.71,90118,29.742,29.75,29.71
02/12/2019,29.72,174827,29.71,29.76,29.71
02/11/2019,29.63,447126,29.65,29.68,29.63
02/08/2019,29.655,197788,29.66,29.69,29.625
02/07/2019,29.67,244355,29.70,29.73,29.64
02/06/2019,29.76,347435,29.77,29.7799,29.73
02/05/2019,29.79,6007775,29.70,29.81,29.70
02/04/2019,29.71,486111,29.65,29.72,29.65
02/01/2019,29.69,294041,29.69,29.7099,29.635
01/31/2019,29.68,303549,29.67,29.74,29.66
01/30/2019,29.64,320305,29.53,29.6499,29.5153
01/29/2019,29.51,802690,29.52,29.54,29.4966
01/28/2019,29.48,969335,29.47,29.4973,29.4415
01/25/2019,29.56,254561,29.56,29.5779,29.51
01/24/2019,29.48,122966,29.44,29.48,29.43
01/23/2019,29.40,272445,29.43,29.457,29.36
01/22/2019,29.37,205144,29.37,29.45,29.35
01/18/2019,29.47,219454,29.35,29.50,29.35
01/17/2019,29.40,246707,29.34,29.429,29.3154
01/16/2019,29.36,169689,29.33,29.39,29.33
01/15/2019,29.311,180477,29.28,29.35,29.27
01/14/2019,29.25,261930,29.29,29.32,29.24
01/11/2019,29.32,424341,29.28,29.33,29.28
01/10/2019,29.34,179050,29.30,29.3599,29.28
01/09/2019,29.34,138249,29.28,29.37,29.28
01/08/2019,29.24,101319,29.19,29.26,29.19
01/07/2019,29.19,213405,29.01,29.2479,29.01
01/04/2019,29.13,130624,28.96,29.20,28.96
01/03/2019,28.88,349172,28.92,28.9599,28.83
01/02/2019,28.91,418741,28.81,28.99,28.81
12/31/2018,28.88,943301,28.97,28.995,28.77
12/28/2018,28.94,934487,28.88,29.005,28.8198
12/27/2018,28.81,990345,28.88,28.89,28.73
12/26/2018,29.40,612669,29.18,29.40,29.142
12/24/2018,29.19,241685,29.21,29.28,29.16
12/21/2018,29.27,2101663,29.35,29.41,29.25
12/20/2018,29.36,1466799,29.40,29.46,29.2702
12/19/2018,29.44,456693,29.60,29.6215,29.3901
12/18/2018,29.57,529835,29.58,29.62,29.52
12/17/2018,29.58,486919,29.76,29.76,29.5292
12/14/2018,29.65,220146,29.76,30.7541,29.65
12/13/2018,29.74,197982,29.80,29.8067,29.735
12/12/2018,29.76,210133,29.74,29.825,29.74
12/11/2018,29.70,768446,29.78,29.78,29.62
12/10/2018,29.67,611676,29.65,29.7069,29.57
12/07/2018,29.70,316598,29.81,29.88,29.69
12/06/2018,29.8201,247429,29.82,29.84,29.6701
12/04/2018,29.91,639495,30.12,30.12,29.8901
12/03/2018,30.12,270355,30.14,30.17,30.07
11/30/2018,29.95,344224,29.98,29.98,29.92
11/29/2018,29.97,357303,29.94,30.00,29.9212
11/28/2018,29.98,121397,29.90,30.00,29.8105
11/27/2018,29.83,891268,29.81,29.85,29.7558
11/26/2018,29.84,86012,29.78,29.87,29.78
11/23/2018,29.71,35161,29.77,29.7899,29.69
11/21/2018,29.795,92054,29.77,29.85,29.75
11/20/2018,29.72,114115,29.69,29.78,29.69
11/19/2018,29.79,138868,29.86,29.92,29.79
11/16/2018,29.92,163314,29.86,29.96,29.86
11/15/2018,29.92,192687,29.87,29.9764,29.80
11/14/2018,29.90,177656,29.91,29.9699,29.83
11/13/2018,29.89,269840,29.85,29.96,29.8011
11/12/2018,29.83,122775,29.98,29.98,29.83
11/09/2018,29.97,64434,30.00,30.055,29.94
11/08/2018,30.10,146094,30.12,30.15,30.05
11/07/2018,30.15,275596,30.13,30.17,30.0601
11/06/2018,30.0336,101696,30.03,30.04,29.6263
11/05/2018,30.02,121327,30.10,30.10,29.1071
11/02/2018,30.02,93866,30.06,30.15,29.98
11/01/2018,30.02,239850,29.91,30.06,29.9031
10/31/2018,29.8699,149458,29.82,29.92,29.82
10/30/2018,29.7401,108184,29.63,29.748,29.63
10/29/2018,29.66,127729,29.80,29.83,29.512
10/26/2018,29.69,123612,29.54,29.81,29.54
10/25/2018,29.78,413814,29.75,29.8443,29.745
10/24/2018,29.72,127616,29.93,29.93,29.2644
10/23/2018,29.91,197836,29.89,29.9699,29.02
10/22/2018,30.04,70584,30.03,30.5817,29.9863
10/19/2018,30.0289,51397,30.05,30.1247,30.00
10/18/2018,30.00,95880,30.16,30.16,29.9965
10/17/2018,30.20,111356,30.21,30.2313,30.16
10/16/2018,30.25,170904,30.13,30.26,30.07
10/15/2018,30.04,154574,30.03,30.2214,30.00
10/12/2018,30.02,344389,30.05,30.1197,29.95
10/11/2018,29.97,184387,30.00,30.07,29.9452
10/10/2018,30.02,151951,30.25,30.25,30.02
10/09/2018,30.30,90571,30.29,30.34,30.26
10/08/2018,30.32,62193,30.36,30.4254,30.26
10/05/2018,30.38,87224,30.46,30.4736,30.34
10/04/2018,30.47,77910,30.61,30.61,30.4419
10/03/2018,30.64,85667,30.74,30.74,30.61
10/02/2018,30.68,274792,30.69,30.7167,30.64
10/01/2018,30.69,92483,30.74,30.7799,30.69
09/28/2018,30.72,147672,30.70,30.76,30.70
09/27/2018,30.7146,155055,30.75,30.78,30.7129
09/26/2018,30.74,79536,30.74,30.81,30.7113
09/25/2018,30.73,83150,30.72,30.7599,30.70
09/24/2018,30.67,156234,30.67,30.7199,30.6117
09/21/2018,30.76,386171,30.77,30.78,30.72
09/20/2018,30.75,215954,30.70,30.75,30.6898
09/19/2018,30.63,79265,30.62,30.68,30.62
09/18/2018,30.65,219648,30.62,30.65,30.60
09/17/2018,30.58,85432,30.62,30.81,30.5501
09/14/2018,30.63,137516,30.64,30.66,30.59
09/13/2018,30.58,108319,30.60,30.7299,30.58
09/12/2018,30.5428,87727,30.51,30.55,30.45
09/11/2018,30.51,530712,30.47,30.52,30.4001
09/10/2018,30.47,557691,30.52,30.5274,30.47
09/07/2018,30.4734,121691,30.50,30.53,30.45
09/06/2018,30.54,109221,30.59,30.6099,30.5001
09/05/2018,30.57,155171,30.66,30.66,30.53
09/04/2018,30.68,104824,30.72,30.72,30.61
08/31/2018,30.74,54678,30.70,30.76,30.6801
08/30/2018,30.71,95999,30.78,30.82,30.70
08/29/2018,30.81,81991,30.74,30.81,30.74
08/28/2018,30.77,242837,30.82,30.82,30.74
08/27/2018,30.80,74134,30.75,30.80,30.7482
08/24/2018,30.69,57119,30.61,30.7099,30.61
08/23/2018,30.60,67003,30.62,30.6717,30.58
08/22/2018,30.6301,62554,30.59,30.6699,30.59
08/21/2018,30.64,83473,30.60,30.65,30.59
08/20/2018,30.56,87093,30.54,30.73,30.4952
08/17/2018,30.4867,107339,30.45,30.5074,30.439
08/16/2018,30.45,69200,30.47,30.49,30.4401
08/15/2018,30.38,83747,30.45,30.45,30.3501
08/14/2018,30.50,124413,30.53,30.54,30.48
08/13/2018,30.4801,99038,30.56,30.56,30.47
08/10/2018,30.59,83638,30.56,30.6099,30.53
08/09/2018,30.65,92892,30.62,30.70,30.62
08/08/2018,30.66,59503,30.68,30.7296,30.62
08/07/2018,30.66,88414,30.66,30.7179,30.66
08/06/2018,30.64,89007,30.67,30.67,30.5792
08/03/2018,30.66,86390,30.60,30.66,30.59
08/02/2018,30.60,69738,30.63,30.63,30.5432
08/01/2018,30.60,171475,30.59,30.7027,30.5685
07/31/2018,30.66,55036,30.66,30.69,30.6168
07/30/2018,30.61,91524,30.68,30.68,30.59
07/27/2018,30.67,111127,30.73,30.7799,30.64
07/26/2018,30.7268,63294,30.68,30.75,30.68
07/25/2018,30.72,89439,30.67,30.73,30.64
07/24/2018,30.61,151824,30.65,30.71,30.61
07/23/2018,30.5966,73665,30.62,30.62,30.5412
07/20/2018,30.61,53491,30.63,30.63,30.593
07/19/2018,30.5899,123355,30.61,30.6124,30.5502
07/18/2018,30.61,109151,30.61,30.64,30.5875
07/17/2018,30.61,44018,30.53,30.64,30.53
07/16/2018,30.58,230330,30.64,30.64,30.55
07/13/2018,30.613,47716,30.57,30.63,30.57
07/12/2018,30.58,151429,30.54,30.61,30.54
07/11/2018,30.49,84360,30.57,30.577,30.47
07/10/2018,30.61,76376,30.60,30.63,30.5801
07/09/2018,30.59,362378,30.56,30.62,30.56
07/06/2018,30.53,79395,30.41,30.53,30.41
07/05/2018,30.41,100992,30.31,30.4205,30.31
07/03/2018,30.35,69789,30.42,30.42,30.33
07/02/2018,30.35,130864,30.30,30.35,30.26
06/29/2018,30.39,60596,30.38,30.4855,30.36
06/28/2018,30.33,71371,30.31,30.3681,30.2501
06/27/2018,30.29,188058,30.48,30.48,30.29
06/26/2018,30.44,191463,30.43,30.469,30.3868
06/25/2018,30.38,94034,30.55,30.55,30.3565
06/22/2018,30.57,92869,30.61,30.61,30.54
06/21/2018,30.53,198708,30.62,30.62,30.52
06/20/2018,30.64,231736,30.69,30.69,30.5468
06/19/2018,30.64,81648,30.65,30.65,30.53
06/18/2018,30.71,119152,30.68,30.71,30.62
06/15/2018,30.72,77636,30.70,30.73,30.67
06/14/2018,30.76,89417,30.76,30.82,30.7501
06/13/2018,30.7587,104360,30.78,30.82,30.71
06/12/2018,30.81,88501,30.80,30.81,30.76
06/11/2018,30.80,631629,30.76,30.81,30.76
06/08/2018,30.77,130532,30.75,30.77,30.695
06/07/2018,30.76,196696,30.77,30.82,30.7018
06/06/2018,30.79,82489,30.77,30.79,30.7201
06/05/2018,30.71,86667,30.64,30.73,30.64
06/04/2018,30.68,85889,30.68,30.72,30.67
06/01/2018,30.66,98929,30.64,30.68,30.628
05/31/2018,30.60,73054,30.62,30.6399,30.55
05/30/2018,30.63,66997,30.61,30.64,30.5602
05/29/2018,30.55,91086,30.55,30.56,30.49
05/25/2018,30.63,58832,30.57,30.63,30.57
05/24/2018,30.61,84142,30.64,30.66,30.5698
05/23/2018,30.61,59441,30.65,30.65,30.5302
05/22/2018,30.60,116517,30.67,30.6742,30.5546
05/21/2018,30.62,77025,30.65,30.65,30.60
05/18/2018,30.5557,64067,30.60,30.60,30.53
05/17/2018,30.59,57900,30.55,30.6588,30.53
05/16/2018,30.59,89129,30.51,30.6099,30.51
05/15/2018,30.52,144471,30.56,30.57,30.49
05/14/2018,30.65,57281,30.73,30.73,30.64
05/11/2018,30.67,109794,30.62,30.69,30.61
05/10/2018,30.615,61672,30.61,30.65,30.40
05/09/2018,30.55,145228,30.46,30.56,30.45
05/08/2018,30.49,115488,30.47,30.49,30.4158
05/07/2018,30.47,126199,30.48,30.4899,30.395
05/04/2018,30.40,71960,30.35,30.45,30.28
05/03/2018,30.32,142024,30.31,30.3799,30.24
05/02/2018,30.35,64288,30.41,30.5224,30.33
05/01/2018,30.39,148679,30.39,30.68,30.29
04/30/2018,30.40,77523,30.38,30.515,30.38
04/27/2018,30.46,124013,30.42,30.46,30.4001
04/26/2018,30.40,66452,30.35,30.45,30.35
04/25/2018,30.31,74002,30.39,30.39,30.261
04/24/2018,30.35,96349,30.49,30.51,30.31
04/23/2018,30.44,61757,30.57,30.57,30.41
04/20/2018,30.47,83450,30.60,30.60,30.4674
04/19/2018,30.58,140809,30.66,30.66,30.551
04/18/2018,30.68,79087,30.74,30.74,30.65
04/17/2018,30.67,264173,30.57,30.69,30.56
04/16/2018,30.59,118311,30.65,30.65,30.51
04/13/2018,30.58,190924,30.65,30.65,30.535
04/12/2018,30.60,140932,30.58,30.619,30.5326
04/11/2018,30.50,76784,30.43,30.60,30.43
04/10/2018,30.52,82662,30.43,30.57,30.27
04/09/2018,30.40,94265,30.39,30.5199,30.37
04/06/2018,30.31,154896,30.46,30.899,30.27
04/05/2018,30.48,55241,30.48,30.608,30.44
04/04/2018,30.42,114372,30.24,30.46,30.2347
04/03/2018,30.39,242152,30.56,30.56,30.2831
04/02/2018,30.3099,274041,30.40,30.51,30.23
03/29/2018,30.48,100096,30.29,30.5499,30.13
03/28/2018,30.33,91275,30.35,30.4299,30.31
03/27/2018,30.39,179500,30.51,30.57,30.32
03/26/2018,30.48,60332,30.42,30.51,30.3001
03/23/2018,30.21,123442,30.40,30.43,30.21
03/22/2018,30.45,135706,30.58,30.6679,30.43
03/21/2018,30.66,133669,30.67,30.72,30.61
03/20/2018,30.68,586171,30.69,30.709,30.63
03/19/2018,30.66,99018,30.74,30.86,30.58
03/16/2018,30.75,142463,30.74,30.82,30.74
03/15/2018,30.80,206301,30.84,30.87,30.73
03/14/2018,30.77,123803,30.81,30.84,30.74
03/13/2018,30.78,73056,30.94,30.94,30.75
03/12/2018,30.83,141936,30.89,30.91,30.8083
03/09/2018,30.81,63981,30.73,30.8331,30.73
03/08/2018,30.68,110991,30.72,30.7853,30.64
03/07/2018,30.66,80603,30.61,30.67,30.56
03/06/2018,30.62,267617,30.61,30.6612,30.55
03/05/2018,30.57,73897,30.48,30.5999,30.4601
03/02/2018,30.51,136260,30.40,30.54,30.40
03/01/2018,30.50,266305,30.70,30.70,30.47
02/28/2018,30.63,105051,30.78,30.78,30.6121
02/27/2018,30.71,115793,30.86,30.86,30.69
02/26/2018,30.82,179299,30.79,30.85,30.77
02/23/2018,30.72,66802,30.64,30.75,30.59
02/22/2018,30.57,174638,30.62,30.6899,30.57
02/21/2018,30.57,218446,30.64,30.7611,30.57
02/20/2018,30.63,253499,30.62,30.68,30.5811
02/16/2018,30.67,281062,30.61,30.75,30.561
02/15/2018,30.68,275485,30.59,30.68,30.54
02/14/2018,30.49,245522,30.32,30.5895,30.32
02/13/2018,30.40,273853,30.36,30.43,30.3333
02/12/2018,30.41,242651,30.22,30.45,30.22
02/09/2018,30.26,201728,30.27,30.30,30.01
02/08/2018,30.22,101655,30.53,30.53,30.21
02/07/2018,30.48,97972,30.61,30.659,30.48
02/06/2018,30.62,178234,30.34,30.69,30.34
02/05/2018,30.46,145790,30.72,30.74,30.39
02/02/2018,30.80,143944,31.01,31.01,30.7248
02/01/2018,30.97,268207,31.01,31.2062,30.94
01/31/2018,31.05,148828,31.07,31.0799,30.99
01/30/2018,31.00,189013,31.04,31.083,31.00
01/29/2018,31.13,118702,31.19,31.1999,31.11
01/26/2018,31.25,108409,31.18,31.25,31.17
01/25/2018,31.12,124859,31.16,31.179,31.08
01/24/2018,31.12,163694,31.18,31.19,31.095
01/23/2018,31.11,381735,31.06,31.14,31.06
01/22/2018,31.08,285639,31.01,31.08,30.91
01/19/2018,30.98,279216,30.95,30.99,30.9431
01/18/2018,30.90,204437,30.95,30.9684,30.89
01/17/2018,30.97,355047,30.95,30.98,30.85
01/16/2018,30.89,945701,31.02,31.0557,30.85
01/12/2018,30.93,189184,30.84,30.93,30.75
01/11/2018,30.80,203813,30.74,30.83,30.74
01/10/2018,30.71,196531,30.75,30.76,30.69
01/09/2018,30.77,172038,30.84,30.879,30.72
01/08/2018,30.78,105851,30.73,30.78,30.72
01/05/2018,30.76,112034,30.73,30.76,30.68
01/04/2018,30.69,94328,30.69,30.79,30.65
01/03/2018,30.62,143800,30.54,30.63,30.54
01/02/2018,30.55,171260,30.50,30.61,30.48
12/29/2017,30.44,176560,30.48,30.5119,30.44
12/28/2017,30.47,200051,30.53,30.53,30.44
12/27/2017,30.45,119121,30.46,30.46,30.40
12/26/2017,30.40,108064,30.55,30.55,30.31
12/22/2017,30.41,106518,31.91,33.13,30.15
12/21/2017,30.40,547850,30.43,30.43,30.35
12/20/2017,30.30,113869,30.37,30.37,30.30
12/19/2017,30.35,160285,30.42,30.42,30.3231
12/18/2017,30.43,106140,30.39,30.44,30.39
12/15/2017,30.31,95918,30.29,30.379,30.23
12/14/2017,30.2999,126747,30.33,30.3499,30.27
12/13/2017,30.3263,238615,30.33,30.36,30.2724
12/12/2017,30.28,90607,30.27,30.3431,30.208
12/11/2017,30.27,868093,30.27,30.32,30.26
12/08/2017,30.27,114428,30.28,30.289,30.2001
12/07/2017,30.23,179275,30.17,30.2505,30.17
12/06/2017,30.20,89759,30.23,30.23,30.18
12/05/2017,30.229,53870,30.22,30.28,30.20
12/04/2017,30.24,62247,30.33,30.33,30.2218
12/01/2017,30.26,834807,30.26,30.30,30.17
11/30/2017,30.31,102571,30.31,30.33,30.24
11/29/2017,30.28,54059,30.33,30.3311,30.2267
11/28/2017,30.35,56675,30.26,30.4743,30.23
11/27/2017,30.27,64052,30.30,30.30,30.24
11/24/2017,30.28,15960,30.30,30.32,30.28
11/22/2017,30.28,43015,30.23,30.29,30.22
11/21/2017,30.20,66145,30.17,30.4832,30.17
11/20/2017,30.1101,79430,30.08,30.14,30.072
11/17/2017,30.08,114236,30.08,30.135,30.07
11/16/2017,30.1101,115920,30.04,30.15,30.04
11/15/2017,30.03,94991,30.00,30.03,29.92
11/14/2017,30.02,73454,30.01,30.05,30.01
11/13/2017,30.07,63091,30.05,30.07,30.0092
11/10/2017,30.07,78533,30.07,30.19,30.03
11/09/2017,30.10,122158,30.29,30.29,30.04
11/08/2017,30.20,48299,30.17,30.20,30.13
11/07/2017,30.17,45294,30.20,30.2721,30.1301
11/06/2017,30.18,66349,30.18,30.21,30.16
11/03/2017,30.19,55650,30.15,30.2091,30.13
11/02/2017,30.15,164625,30.14,30.18,30.13
11/01/2017,30.17,95006,30.21,30.219,30.14
10/31/2017,30.13,101572,30.12,30.17,30.101
10/30/2017,30.14,112748,30.13,30.1499,30.10
10/27/2017,30.09,91046,30.04,30.39,30.04
10/26/2017,30.04,65946,30.06,30.0695,30.0001
10/25/2017,30.04,100521,30.07,30.08,30.00
10/24/2017,30.09,140124,30.04,30.11,30.03
10/23/2017,30.08,64907,30.08,30.1399,30.05
10/20/2017,30.09,48786,30.11,30.11,30.0597
10/19/2017,30.04,59451,30.03,30.0856,30.0201
10/18/2017,30.12,117438,30.09,30.13,30.041
10/17/2017,30.08,130610,30.07,30.11,30.07
10/16/2017,30.12,114585,30.16,30.16,30.0601
10/13/2017,30.11,81588,30.12,30.15,30.09
10/12/2017,30.05,84781,30.05,30.08,30.03
10/11/2017,30.03,119941,30.06,30.08,30.015
10/10/2017,30.03,73973,30.06,30.07,30.02
10/09/2017,30.01,75224,30.05,30.05,29.97
10/06/2017,30.02,67628,30.01,30.03,29.949
10/05/2017,30.01,70966,30.01,30.04,29.97
10/04/2017,30.00,79756,29.99,30.02,29.961
10/03/2017,30.01,107911,29.96,30.01,29.96
10/02/2017,29.91,111013,29.92,29.95,29.89
09/29/2017,29.88,222164,29.82,29.93,29.82
09/28/2017,29.82,117328,29.80,29.8454,29.7842
09/27/2017,29.83,160590,29.82,29.84,29.76
09/26/2017,29.78,92040,29.81,29.83,29.759
09/25/2017,29.81,99319,29.81,29.85,29.7796
09/22/2017,29.85,107144,29.85,29.89,29.83
09/21/2017,29.87,89022,29.86,29.89,29.828
09/20/2017,29.87,86437,29.90,29.93,29.81
09/19/2017,29.90,60569,29.91,29.92,29.86
09/18/2017,29.84,80583,29.89,29.9099,29.80
09/15/2017,29.84,144454,29.80,29.8899,29.78
09/14/2017,29.81,93301,29.81,29.8499,29.80
09/13/2017,29.81,61493,29.88,29.88,29.80
09/12/2017,29.87,56388,29.88,29.8812,29.8225
09/11/2017,29.86,59782,29.84,29.89,29.84
09/08/2017,29.78,57500,29.80,29.84,29.7704
09/07/2017,29.82,92197,29.85,29.87,29.702
09/06/2017,29.77,51833,29.80,29.82,29.7501
09/05/2017,29.75,102421,29.58,29.82,29.58
09/01/2017,29.84,101734,29.79,29.88,29.75
08/31/2017,29.83,81234,29.76,29.839,29.76
08/30/2017,29.72,62147,29.68,29.7599,29.676
08/29/2017,29.65,66092,29.63,29.68,29.6001
08/28/2017,29.64,73765,29.69,29.69,29.631
08/25/2017,29.65,65516,29.64,29.7299,29.64
08/24/2017,29.64,68553,29.60,29.68,29.60
08/23/2017,29.64,133268,29.64,29.68,29.4388
08/22/2017,29.66,113026,29.59,29.67,29.42
08/21/2017,29.58,108846,29.58,29.61,29.53
08/18/2017,29.56,57694,29.65,29.65,29.55
08/17/2017,29.58,68882,29.61,29.6847,29.58
08/16/2017,29.66,70766,29.66,29.685,29.6154
08/15/2017,29.57,94312,29.61,29.62,29.5501
08/14/2017,29.58,74640,29.59,29.7256,29.58
08/11/2017,29.49,79447,29.47,29.5399,29.4505
08/10/2017,29.46,137652,29.64,29.64,29.46
08/09/2017,29.68,53999,29.67,29.79,29.6201
08/08/2017,29.66,65142,29.74,29.7999,29.66
08/07/2017,29.75,164177,29.79,29.79,29.67
08/04/2017,29.70,130030,29.80,29.80,29.6492
08/03/2017,29.68,88701,29.68,29.74,29.66
08/02/2017,29.68,139164,29.71,29.7688,29.65
08/01/2017,29.72,162796,29.74,29.75,29.68
07/31/2017,29.68,61957,29.70,29.7399,29.63
07/28/2017,29.70,59081,29.65,29.70,29.63
07/27/2017,29.69,70320,29.78,29.78,29.6301
07/26/2017,29.74,82155,29.67,29.75,29.67
07/25/2017,29.67,62045,29.67,29.71,29.6401
07/24/2017,29.64,48972,29.65,29.69,29.6201
07/21/2017,29.70,88963,29.71,29.71,29.6301
07/20/2017,29.69,101269,29.74,29.7664,29.69
07/19/2017,29.71,94697,29.67,29.73,29.66
07/18/2017,29.63,76377,29.57,29.65,29.57
07/17/2017,29.61,94412,29.62,29.6682,29.60
07/14/2017,29.65,66013,29.66,29.67,29.59
07/13/2017,29.58,61724,29.59,29.70,29.5042
07/12/2017,29.61,151352,29.55,29.62,29.53
07/11/2017,29.45,120696,29.43,29.48,29.42
07/10/2017,29.45,149663,29.39,29.46,29.39
07/07/2017,29.37,190353,29.35,29.43,29.34
07/06/2017,29.32,311552,29.53,29.53,29.31
07/05/2017,29.48,101222,29.50,29.50,29.38
07/03/2017,29.43,121641,29.39,29.4999,29.36
06/30/2017,29.41,102663,29.52,29.52,29.38
06/29/2017,29.35,163221,29.53,29.53,29.34
06/28/2017,29.52,130894,29.51,29.55,29.44
06/27/2017,29.46,80910,29.56,29.6947,29.42
06/26/2017,29.60,134588,29.60,29.64,29.5501
06/23/2017,29.53,98842,29.54,29.56,29.4995
06/22/2017,29.53,100111,29.51,29.5899,29.47
06/21/2017,29.47,100616,29.57,29.57,29.4634
06/20/2017,29.50,88545,29.52,29.63,29.47
06/19/2017,29.55,79321,29.51,29.59,29.51
06/16/2017,29.425,71734,29.45,29.4548,29.41
06/15/2017,29.42,326957,29.38,29.42,29.32
06/14/2017,29.48,62528,29.51,29.55,29.4163
06/13/2017,29.47,132329,29.43,29.5199,29.43
06/12/2017,29.44,88398,29.47,29.47,29.36
06/09/2017,29.48,64638,29.53,29.5858,29.40
06/08/2017,29.53,56592,29.46,29.53,29.4423
06/07/2017,29.46,126056,29.46,29.50,29.25
06/06/2017,29.46,72018,29.43,29.48,29.40
06/05/2017,29.45,96948,29.48,29.5099,29.441
06/02/2017,29.51,115502,29.47,29.52,29.42
06/01/2017,29.42,179749,29.33,29.42,29.3164
05/31/2017,29.29,164611,29.32,29.62,29.25
05/30/2017,29.31,79661,29.28,29.34,29.27
05/26/2017,29.30,53671,29.27,29.3426,29.27
05/25/2017,29.32,99268,29.32,29.3399,29.27
05/24/2017,29.26,92751,29.25,29.2799,29.2114
05/23/2017,29.22,79336,29.27,29.27,29.20
05/22/2017,29.20,334006,29.17,29.25,29.17
05/19/2017,29.18,126354,29.16,29.2358,29.13
05/18/2017,29.11,61227,29.07,29.16,29.0401
05/17/2017,29.09,133598,29.14,29.2285,29.09
05/16/2017,29.28,133014,29.30,29.3299,29.25
05/15/2017,29.30,90151,29.23,29.30,29.2241
05/12/2017,29.23,102408,29.17,29.23,29.1401
05/11/2017,29.19,114987,29.17,29.19,29.1104
05/10/2017,29.18,96723,29.17,29.21,29.1601
05/09/2017,29.13,107987,29.14,29.19,29.0415
05/08/2017,29.14,129457,29.14,29.18,29.10
05/05/2017,29.19,99385,29.09,29.19,29.0501
05/04/2017,29.10,205836,29.13,29.13,29.04
05/03/2017,29.15,63032,29.20,29.23,29.103
05/02/2017,29.21,192547,29.19,29.22,29.15
05/01/2017,29.18,120748,29.19,29.2329,29.14
04/28/2017,29.16,119567,29.19,29.19,29.13
04/27/2017,29.18,749823,29.18,29.19,29.12
04/26/2017,29.16,159852,29.15,29.2199,29.1381
04/25/2017,29.15,125295,29.09,29.19,29.09
04/24/2017,29.12,227187,29.08,29.12,29.05
04/21/2017,28.97,85927,28.99,29.0795,28.95
04/20/2017,28.99,84803,28.95,29.02,28.9456
04/19/2017,28.91,121081,28.97,29.00,28.90
04/18/2017,28.94,129597,28.95,28.98,28.90
04/17/2017,28.97,95819,28.97,29.00,28.9353
04/13/2017,28.94,177283,28.97,29.0272,28.92
04/12/2017,29.00,146487,29.02,29.10,28.96
04/11/2017,28.995,493015,29.02,29.0765,28.95
04/10/2017,29.04,141474,29.02,29.07,28.9956
04/07/2017,28.99,118392,29.02,29.08,28.99
04/06/2017,29.02,189936,29.05,29.06,28.99
04/05/2017,29.06,143671,29.08,29.16,29.04
04/04/2017,29.0965,132742,29.10,29.14,29.02
04/03/2017,29.12,403995,29.09,29.14,29.0635
03/31/2017,29.09,182649,29.09,29.14,29.06
03/30/2017,29.08,97315,29.09,29.1237,29.07
03/29/2017,29.11,148043,29.08,29.11,29.0432
03/28/2017,29.04,92688,29.04,29.099,29.00
03/27/2017,29.03,103924,28.93,29.06,28.93
03/24/2017,29.00,182307,28.96,29.04,28.96
03/23/2017,28.98,467491,28.96,29.0159,28.9462
03/22/2017,28.98,99463,28.92,28.9899,28.9101
03/21/2017,28.92,108896,29.06,29.07,28.92
03/20/2017,29.0399,93085,29.03,29.0599,28.98
03/17/2017,29.03,107939,29.03,29.0668,29.02
03/16/2017,29.01,276883,29.03,29.063,28.9954
03/15/2017,29.01,156804,28.95,29.0399,28.92
03/14/2017,28.90,94662,28.92,28.92,28.8732
03/13/2017,28.96,131019,28.97,29.0416,28.92
03/10/2017,28.98,287799,28.95,29.32,28.92
03/09/2017,28.90,191605,28.92,28.968,28.875
03/08/2017,28.93,186143,28.95,28.9685,28.845
03/07/2017,28.95,253852,28.98,29.00,28.93
03/06/2017,29.01,293260,29.12,29.12,28.98
03/03/2017,29.07,199820,29.10,29.11,29.0305
03/02/2017,29.05,336813,29.11,29.15,29.05
03/01/2017,29.14,170898,29.13,29.2174,29.01
02/28/2017,29.0913,190249,29.13,29.15,29.06
02/27/2017,29.11,77874,29.20,29.20,29.10
02/24/2017,29.12,101154,29.09,29.14,29.0601
02/23/2017,29.08,115324,29.12,29.1297,29.04
02/22/2017,29.10,196725,29.07,29.12,29.04
02/21/2017,29.07,157615,29.05,29.09,29.0282
02/17/2017,29.00,118883,28.98,29.0372,28.97
02/16/2017,28.97,138732,28.95,28.99,28.80
02/15/2017,28.93,280976,28.70,28.97,28.70
02/14/2017,28.94,168640,28.93,28.9661,28.85
02/13/2017,28.91,546589,28.90,28.98,28.90
02/10/2017,28.89,527689,28.92,29.03,28.8601
02/09/2017,28.93,99948,28.92,28.9499,28.88
02/08/2017,28.89,167624,28.87,28.92,28.84
02/07/2017,28.88,212098,28.82,28.89,28.82
02/06/2017,28.81,141665,28.78,28.85,28.78
02/03/2017,28.81,255439,28.77,28.8599,28.68
02/02/2017,28.76,200528,28.81,28.83,28.73
02/01/2017,28.76,120193,28.71,28.8058,28.71
01/31/2017,28.73,276977,28.65,28.76,28.65
01/30/2017,28.73,212530,28.81,28.81,28.69
01/27/2017,28.80,166117,28.79,28.82,28.722
01/26/2017,28.78,334822,28.76,28.83,28.7414
01/25/2017,28.80,618456,28.79,28.82,28.6935
01/24/2017,28.74,185497,28.72,28.829,28.70
01/23/2017,28.74,178936,28.69,28.79,28.65
01/20/2017,28.73,249944,28.70,28.7961,28.6501
01/19/2017,28.6774,208416,28.70,28.7599,28.66
01/18/2017,28.74,82675,28.80,28.80,28.71
01/17/2017,28.78,341150,28.77,28.85,28.75
01/13/2017,28.82,128428,28.78,28.84,28.7652
01/12/2017,28.79,81491,28.89,28.89,28.7768
01/11/2017,28.83,402540,28.79,28.85,28.79
01/10/2017,28.80,173281,28.82,28.83,28.7601
01/09/2017,28.81,236306,28.80,28.83,28.751
01/06/2017,28.77,225929,28.82,28.82,28.76
01/05/2017,28.81,327789,28.75,28.8498,28.75
01/04/2017,28.77,404979,28.71,29.15,28.71
01/03/2017,28.68,244234,28.71,28.76,28.61
12/30/2016,28.67,91733,28.71,28.71,28.64
12/29/2016,28.67,170249,28.68,28.75,28.62
12/28/2016,28.64,255768,28.65,28.74,28.6244
12/27/2016,28.71,148083,28.72,28.72,28.65
12/23/2016,28.71,167685,28.65,28.71,28.65
12/22/2016,28.67,312634,28.63,28.68,28.62
12/21/2016,28.69,596422,28.63,28.69,28.61
12/20/2016,28.66,245070,28.67,28.7473,28.5617
12/19/2016,28.62,246044,28.58,28.63,28.4883
12/16/2016,28.55,164926,28.58,28.80,28.5097
12/15/2016,28.54,211410,28.57,28.61,28.53
12/14/2016,28.54,262115,28.62,28.8764,28.51
12/13/2016,28.66,256676,28.61,28.7861,28.48
12/12/2016,28.56,135353,28.62,28.7992,28.55
12/09/2016,28.66,132490,28.66,28.9166,28.50
12/08/2016,28.66,401085,28.66,28.6929,28.61
12/07/2016,28.63,526846,28.48,28.669,28.47
12/06/2016,28.53,269286,28.50,28.55,28.45
12/05/2016,28.51,256934,28.44,28.53,28.42
12/02/2016,28.45,158557,28.44,28.4899,28.41
12/01/2016,28.416,179297,28.52,28.8363,28.37
11/30/2016,28.51,72585,28.53,28.55,28.47
11/29/2016,28.55,121225,28.46,28.5654,28.46
11/28/2016,28.49,210612,28.50,28.56,28.46
11/25/2016,28.515,46492,28.55,28.55,28.467
11/23/2016,28.51,95043,28.45,28.53,28.41
11/22/2016,28.52,129875,28.52,28.5989,28.49
11/21/2016,28.49,112041,28.47,28.52,28.4334
11/18/2016,28.48,111071,28.57,28.5788,28.44
11/17/2016,28.56,102565,28.54,28.60,28.3994
11/16/2016,28.53,106646,28.52,28.59,28.51
11/15/2016,28.56,217284,28.49,28.61,28.46
11/14/2016,28.50,86738,28.55,28.55,28.45
11/11/2016,28.58,66243,28.63,28.63,28.50
11/10/2016,28.61,105220,28.63,28.71,28.53
11/09/2016,28.65,118334,28.74,28.745,28.60
11/08/2016,28.73,87728,28.68,28.7641,28.63
11/07/2016,28.74,228550,28.66,28.76,28.66
11/04/2016,28.65,156615,28.66,28.70,28.61
11/03/2016,28.69,145836,28.80,28.80,28.67
11/02/2016,28.76,151874,28.84,28.84,28.71
11/01/2016,28.8101,187325,28.88,28.96,28.7615
10/31/2016,28.90,176351,28.89,28.92,28.85
10/28/2016,28.88,77302,28.90,28.93,28.84
10/27/2016,28.91,103265,28.95,28.98,28.87
10/26/2016,28.95,82130,28.97,29.09,28.93
10/25/2016,29.03,92475,29.07,29.07,28.99
10/24/2016,29.05,113260,29.05,29.0899,29.01
10/21/2016,29.00,177434,28.98,29.03,28.98
10/20/2016,29.02,106009,29.02,29.0512,28.981
10/19/2016,29.01,81042,28.94,29.06,28.9137
10/18/2016,29.00,96238,29.01,29.04,28.9304
10/17/2016,28.91,241283,28.90,29.019,28.90
10/14/2016,28.93,99273,29.00,29.05,28.9074
10/13/2016,28.95,143287,28.91,29.0061,28.89
10/12/2016,28.99,90918,29.05,29.05,28.9401
10/11/2016,28.982,218798,29.11,29.1616,28.9524
10/10/2016,29.17,174324,29.12,29.17,29.096
10/07/2016,29.1199,106470,29.22,29.25,29.04
10/06/2016,29.17,122133,29.17,29.19,29.12
10/05/2016,29.21,190871,29.24,29.24,29.18
10/04/2016,29.23,142453,29.28,29.3877,29.16
10/03/2016,29.28,112916,29.26,29.34,29.25
09/30/2016,29.30,84027,29.29,29.34,29.2802
09/29/2016,29.28,255488,29.37,29.424,29.25
09/28/2016,29.34,100560,29.35,29.4379,29.3024
09/27/2016,29.35,144006,29.26,29.3507,29.26
09/26/2016,29.30,112622,29.28,29.34,29.27
09/23/2016,29.32,155296,29.36,29.37,29.32
09/22/2016,29.36,101136,29.28,29.39,29.28
09/21/2016,29.22,138360,29.21,29.26,29.14
09/20/2016,29.16,198896,29.20,29.21,29.10
09/19/2016,29.16,163170,29.16,29.2999,29.1101
09/16/2016,29.14,94532,29.12,29.1845,29.0901
09/15/2016,29.18,211652,29.22,29.45,29.10
09/14/2016,29.15,72025,29.18,29.18,29.10
09/13/2016,29.13,75931,29.16,29.185,29.067
09/12/2016,29.24,191620,29.16,29.24,29.0708
09/09/2016,29.14,120865,29.27,29.27,29.11
09/08/2016,29.33,193032,29.39,29.4199,29.31
09/07/2016,29.41,69927,29.38,29.44,29.37
09/06/2016,29.42,104060,29.41,29.45,29.35
09/02/2016,29.35,113446,29.39,29.3999,29.33
09/01/2016,29.36,171157,29.37,29.38,29.2924
08/31/2016,29.31,290233,29.35,29.45,29.2867
08/30/2016,29.31,339865,29.36,29.38,29.28
08/29/2016,29.34,169285,29.37,29.37,29.28
08/26/2016,29.28,89957,29.28,29.4174,29.23
08/25/2016,29.32,75892,29.39,29.39,29.30
08/24/2016,29.378,85354,29.39,29.4403,29.3501
08/23/2016,29.39,321942,29.41,29.4499,29.39
08/22/2016,29.34,276443,29.30,29.38,29.2901
08/19/2016,29.29,252356,29.31,29.37,29.2593
08/18/2016,29.35,163855,29.31,29.38,29.29
08/17/2016,29.34,236751,29.33,29.35,29.2071
08/16/2016,29.29,128673,29.35,29.38,29.29
08/15/2016,29.36,99812,29.36,29.40,29.33
08/12/2016,29.36,106951,29.33,29.41,29.33
08/11/2016,29.30,121098,29.39,29.39,29.29
08/10/2016,29.33,141927,29.31,29.35,29.2701
08/09/2016,29.279,148612,29.24,29.305,29.21
08/08/2016,29.20,67622,29.25,29.25,29.16
08/05/2016,29.18,296340,29.24,29.306,29.18
08/04/2016,29.25,412906,29.20,29.32,29.20
08/03/2016,29.18,202354,29.20,29.28,29.12
08/02/2016,29.24,591722,29.27,29.29,29.2068
08/01/2016,29.32,134931,29.36,29.40,29.3001
07/29/2016,29.39,99356,29.31,29.41,29.31
07/28/2016,29.32,83305,29.36,29.36,29.28
07/27/2016,29.33,278530,29.26,29.35,29.24
07/26/2016,29.25,121447,29.22,29.319,29.1901
07/25/2016,29.23,246781,29.24,29.28,29.2201
07/22/2016,29.27,313441,29.26,29.28,29.12
07/21/2016,29.24,124737,29.28,29.28,29.1801
07/20/2016,29.27,85594,29.29,29.29,29.02
07/19/2016,29.23,187841,29.22,29.255,29.19
07/18/2016,29.21,201228,29.24,29.30,29.19
07/15/2016,29.00,113931,29.34,29.34,29.00
07/14/2016,29.30,135959,29.31,29.34,29.23
07/13/2016,29.307,69141,29.28,29.37,29.28
07/12/2016,29.29,162532,29.35,29.35,29.25
07/11/2016,29.32,327345,29.30,29.35,29.28
07/08/2016,29.26,79406,29.23,29.31,29.191
07/07/2016,29.20,108173,29.23,29.23,29.15
07/06/2016,29.21,146722,29.21,29.3699,29.12
07/05/2016,29.19,114886,29.13,29.2199,29.0501
07/01/2016,29.21,75305,29.12,29.2299,29.12
06/30/2016,29.16,88366,29.07,29.16,29.02
06/29/2016,29.04,93364,28.96,29.07,28.96
06/28/2016,28.95,162462,28.95,28.97,28.89
06/27/2016,28.87,110370,28.83,28.90,28.7724
06/24/2016,28.89,93076,28.82,28.9999,28.82
06/23/2016,29.13,60237,29.11,29.15,29.09
06/22/2016,29.05,119730,29.05,29.1404,29.01
06/21/2016,29.04,127195,29.07,29.195,29.026
06/20/2016,29.04,108400,29.10,29.10,29.02
06/17/2016,29.00,78500,29.02,29.04,28.97
06/16/2016,29.11,113200,28.98,29.11,28.97
06/15/2016,29.04,81011,28.99,29.06,28.99
06/14/2016,28.97,238172,29.03,29.06,28.90
06/13/2016,29.08,197197,29.03,29.09,29.03
06/10/2016,29.0798,90432,29.16,29.16,29.04
06/09/2016,29.16,125350,29.13,29.18,29.08
06/08/2016,29.13,102741,29.13,29.16,29.0901
06/07/2016,29.11,193284,29.11,29.15,29.08
06/06/2016,29.0759,98423,29.07,29.11,29.02
06/03/2016,29.09,165107,29.05,29.1201,29.03
06/02/2016,29.01,216458,28.95,29.04,28.95
06/01/2016,28.98,109063,28.92,29.00,28.91
05/31/2016,28.96,94551,28.95,29.00,28.8761
05/27/2016,28.97,43551,28.95,29.02,28.95
05/26/2016,28.99,229457,28.93,29.04,28.93
05/25/2016,28.97,85489,28.96,28.98,28.65
05/24/2016,28.90,240216,28.81,28.92,28.81
05/23/2016,28.83,80106,28.87,28.8801,28.7901
05/20/2016,28.87,168364,28.80,28.89,28.80
05/19/2016,28.80,98882,28.72,28.8715,28.72
05/18/2016,28.81,126921,28.81,28.9099,28.77
05/17/2016,28.894,111946,28.90,29.0101,28.86
05/16/2016,28.92,103252,28.96,29.0501,28.91
05/13/2016,28.91,132753,28.84,28.99,28.84
05/12/2016,28.93,83274,29.00,29.01,28.92
05/11/2016,28.96,179400,28.99,29.04,28.76
05/10/2016,29.03,182892,28.97,29.03,28.94
05/09/2016,28.91,177991,28.86,28.9699,28.86
05/06/2016,28.91,286603,28.88,28.97,28.86
05/05/2016,28.93,175828,29.02,29.02,28.90
05/04/2016,28.96,154579,29.00,29.1001,28.90
05/03/2016,29.0301,319200,28.99,29.08,28.98
05/02/2016,29.11,206246,29.09,29.12,29.05
04/29/2016,29.06,105277,29.07,29.20,28.99
04/28/2016,29.0625,86053,29.03,29.11,29.00
04/27/2016,29.11,95949,29.01,29.1516,29.01
04/26/2016,29.03,197234,29.01,29.0799,28.9901
04/25/2016,29.02,482825,29.12,29.12,29.00
04/22/2016,29.12,132479,29.06,29.14,29.05
04/21/2016,29.08,205183,29.05,29.10,29.04
04/20/2016,29.07,175989,29.14,29.20,29.07
04/19/2016,29.12,130913,29.02,29.13,29.02
04/18/2016,29.02,139023,28.96,29.05,28.84
04/15/2016,28.95,101641,28.91,28.99,28.87
04/14/2016,28.95,427377,28.98,28.99,28.92
04/13/2016,28.96,123377,28.85,28.98,28.85
04/12/2016,28.86,197187,28.79,28.86,28.77
