Date,Close/Last,Volume,Open,High,Low
04/10/2026,111.02,2252159,110.99,111.11,110.915
04/09/2026,110.96,1862283,110.85,111.06,110.75
04/08/2026,110.91,2723942,111.07,111.08,110.795
04/07/2026,110.89,1765954,110.71,110.96,110.3916
04/06/2026,110.76,1532987,110.64,110.835,110.595
04/02/2026,110.81,1976736,110.53,110.83,110.475
04/01/2026,110.36,3328371,110.31,110.52,110.275
03/31/2026,110.36,5512481,110.64,110.68,110.335
03/30/2026,110.35,3452839,110.36,110.52,110.295
03/27/2026,109.67,3071257,109.65,109.865,109.58
03/26/2026,109.76,3267925,110.12,110.21,109.76
03/25/2026,110.16,4294542,110.11,110.17,109.925
03/24/2026,109.83,4523784,109.88,110.07,109.675
03/23/2026,110.19,5753598,110.09,110.385,110.00
03/20/2026,110.22,4004090,110.72,110.73,110.19
03/19/2026,111.11,4816213,111.02,111.225,110.945
03/18/2026,111.24,3350751,111.51,111.5602,111.21
03/17/2026,111.45,1821691,111.27,111.48,111.22
03/16/2026,111.06,2260639,111.015,111.09,110.875
03/13/2026,110.71,2274854,110.88,110.94,110.655
03/12/2026,110.93,2417737,111.08,111.19,110.80
03/11/2026,111.07,2860659,111.26,111.26,111.03
03/10/2026,111.24,2975359,111.53,111.545,111.205
03/09/2026,111.61,4620208,111.52,111.695,111.345
03/06/2026,111.43,2774460,111.32,111.71,111.28
03/05/2026,111.22,2495642,111.08,111.315,111.04
03/04/2026,111.25,1761119,111.47,111.48,111.24
03/03/2026,111.50,2735121,111.31,111.6276,111.275
03/02/2026,111.57,3321735,111.83,111.83,111.3201
02/27/2026,111.88,2462658,111.98,111.98,111.7901
02/26/2026,111.71,1545207,111.53,111.7199,111.515
02/25/2026,111.41,1549052,111.28,111.46,111.255
02/24/2026,111.31,1227205,111.33,111.355,111.2122
02/23/2026,111.29,2315634,111.29,111.4603,111.245
02/20/2026,111.19,3085106,111.31,111.31,110.99
02/19/2026,111.25,2665282,111.13,111.34,111.115
02/18/2026,111.16,1939689,111.22,111.29,111.13
02/17/2026,111.23,1844025,111.32,111.325,111.195
02/13/2026,111.39,4662721,111.38,111.435,111.25
02/12/2026,111.25,2401299,110.90,111.27,110.88
02/11/2026,110.81,1771816,110.84,110.995,110.7723
02/10/2026,110.99,2026356,111.00,111.085,110.9101
02/09/2026,110.76,2712499,110.60,110.78,110.55
02/06/2026,110.67,2478574,110.59,110.67,110.48
02/05/2026,110.56,2319243,110.41,110.58,110.335
02/04/2026,110.25,4072202,110.22,110.345,110.21
02/03/2026,110.37,1651300,110.24,110.4076,110.235
02/02/2026,110.19,4416418,110.43,110.435,110.163
01/30/2026,110.48,2285253,110.46,110.55,110.38
01/29/2026,110.52,2024160,110.49,110.685,110.47
01/28/2026,110.44,2449005,110.43,110.46,110.235
01/27/2026,110.39,2042262,110.42,110.4913,110.38
01/26/2026,110.38,2785782,110.34,110.42,110.275
01/23/2026,110.23,5141467,110.03,110.26,110.005
01/22/2026,110.01,4034163,110.02,110.185,109.965
01/21/2026,110.12,4361949,109.82,110.125,109.7546
01/20/2026,109.69,2445277,109.71,109.87,109.68
01/16/2026,110.02,2318604,110.26,110.295,110.02
01/15/2026,110.23,2645890,110.43,110.44,110.23
01/14/2026,110.40,1879885,110.38,110.54,110.375
01/13/2026,110.28,2589908,110.30,110.36,110.19
01/12/2026,110.18,1558739,110.15,110.255,110.12
01/09/2026,110.18,2589241,110.08,110.255,110.005
01/08/2026,110.03,2414071,110.07,110.145,110.0189
01/07/2026,110.25,3603495,110.28,110.3118,110.11
01/06/2026,110.08,3738095,110.12,110.165,109.9499
01/05/2026,110.16,2084766,109.97,110.175,109.93
01/02/2026,109.86,2787896,110.00,110.01,109.85
12/31/2025,109.91,2927801,109.99,110.1716,109.89
12/30/2025,110.13,1723244,110.10,110.22,110.0699
12/29/2025,110.15,1572136,110.135,110.19,110.0921
12/26/2025,110.05,1357112,110.18,110.1999,109.98
12/24/2025,110.06,877761,110.01,110.095,109.97
12/23/2025,109.83,1914939,109.58,109.8696,109.57
12/22/2025,109.78,2115960,109.87,109.8856,109.73
12/19/2025,109.94,2940559,110.10,110.10,109.87
12/18/2025,110.50,4253818,110.34,110.51,110.185
12/17/2025,110.29,1831129,110.15,110.30,110.13
12/16/2025,110.17,5094453,110.01,110.26,109.99
12/15/2025,110.15,2229436,110.35,110.415,110.15
12/12/2025,110.23,2379121,110.18,110.24,110.125
12/11/2025,110.40,3661249,110.62,110.68,110.355
12/10/2025,110.45,3503036,110.03,110.4668,110.015
12/09/2025,110.09,5181738,110.34,110.365,110.09
12/08/2025,110.23,2101187,110.44,110.44,110.1515
12/05/2025,110.45,3672346,110.70,110.7074,110.45
12/04/2025,110.63,2243373,110.69,110.70,110.595
12/03/2025,110.78,2541179,110.67,110.81,110.6286
12/02/2025,110.53,4068213,110.53,110.6293,110.51
12/01/2025,110.50,3198543,110.62,110.68,110.50
11/28/2025,111.26,1830013,111.48,111.5158,111.23
11/26/2025,111.51,3805926,111.28,111.51,111.135
11/25/2025,111.27,3404331,111.06,111.31,111.04
11/24/2025,111.07,2619495,111.14,111.14,111.02
11/21/2025,111.02,2651000,111.04,111.045,110.88
11/20/2025,110.76,3091736,110.83,110.9231,110.645
11/19/2025,110.71,2472486,110.89,110.91,110.6801
11/18/2025,110.85,4616948,110.91,110.975,110.725
11/17/2025,110.77,2044061,110.85,110.87,110.76
11/14/2025,110.75,3059230,111.09,111.125,110.73
11/13/2025,110.88,2215528,111.00,111.09,110.875
11/12/2025,111.13,3297963,111.15,111.24,111.075
11/11/2025,111.37,3902049,111.15,111.37,111.09
11/10/2025,110.92,2354235,110.88,110.935,110.82
11/07/2025,110.90,3097568,110.70,110.985,110.70
11/06/2025,110.88,2394500,110.85,110.955,110.82
11/05/2025,110.58,3908719,110.83,110.87,110.55
11/04/2025,110.99,4858731,110.955,111.09,110.93
11/03/2025,110.94,3887154,110.94,111.03,110.84
10/31/2025,111.38,2249280,111.32,111.41,111.26
10/30/2025,111.20,3977067,111.16,111.395,111.15
10/29/2025,111.44,2976459,111.93,112.035,111.39
10/28/2025,112.03,2608709,111.94,112.04,111.91
10/27/2025,111.94,2753681,111.92,111.975,111.78
10/24/2025,111.97,1706681,111.91,112.02,111.76
10/23/2025,111.98,2645931,112.11,112.1701,111.94
10/22/2025,112.20,2898237,112.12,112.24,112.03
10/21/2025,112.02,2702397,112.04,112.105,112.00
10/20/2025,111.78,2108492,111.77,111.795,111.695
10/17/2025,111.68,1739728,111.91,111.92,111.645
10/16/2025,111.90,2687270,111.57,111.915,111.54
10/15/2025,111.64,3018703,111.81,111.8888,111.505
10/14/2025,111.67,4469208,111.60,111.7556,111.565
10/13/2025,111.79,2206487,111.56,111.79,111.45
10/10/2025,111.51,4018883,111.42,111.655,111.365
10/09/2025,111.12,2491596,111.24,111.2699,111.09
10/08/2025,111.25,2273256,111.37,111.375,111.21
10/07/2025,111.17,2714908,110.99,111.24,110.95
10/06/2025,110.86,2262443,110.92,111.055,110.84
10/03/2025,111.05,2184023,111.26,111.29,111.0449
10/02/2025,111.17,3162417,111.20,111.305,111.145
10/01/2025,111.22,3796449,111.295,111.355,111.105
09/30/2025,111.22,2985169,111.26,111.40,111.175
09/29/2025,111.25,2524807,111.21,111.30,111.1639
09/26/2025,111.11,2790024,111.16,111.2902,111.0102
09/25/2025,111.09,4019946,111.11,111.17,110.935
09/24/2025,111.27,2236508,111.41,111.425,111.225
09/23/2025,111.47,2856948,111.30,111.47,111.195
09/22/2025,111.17,2076355,111.33,111.36,111.15
09/19/2025,111.44,1336694,111.48,111.54,111.31
09/18/2025,111.50,4223125,111.57,111.705,111.325
09/17/2025,111.81,5676200,111.94,112.26,111.655
09/16/2025,111.88,5346508,111.86,111.9562,111.8045
09/15/2025,111.78,3586995,111.74,111.89,111.74
09/12/2025,111.67,2049147,111.70,111.7193,111.5732
09/11/2025,111.82,4158739,111.77,111.96,111.76
09/10/2025,111.64,4601177,111.57,111.785,111.48
09/09/2025,111.47,4938854,111.67,111.755,111.4525
09/08/2025,111.69,3818251,111.64,111.72,111.55
09/05/2025,111.46,4068818,111.37,111.46,111.33
09/04/2025,110.97,3919519,110.91,110.99,110.78
09/03/2025,110.80,4699656,110.55,110.9201,110.535
09/02/2025,110.55,5710695,110.48,110.595,110.44
08/29/2025,111.17,2847316,111.32,111.34,111.155
08/28/2025,111.29,3876141,111.24,111.35,111.20
08/27/2025,111.22,2106748,110.96,111.27,110.8905
08/26/2025,110.97,5345713,110.76,111.03,110.70
08/25/2025,110.71,4332665,110.74,110.815,110.67
08/22/2025,110.92,3388320,110.30,110.95,110.27
08/21/2025,110.17,3562969,110.10,110.22,109.93
08/20/2025,110.15,2369353,110.05,110.255,110.045
08/19/2025,110.03,2263585,110.03,110.11,110.01
08/18/2025,109.92,1721338,110.06,110.063,109.785
08/15/2025,110.04,1745896,110.24,110.2799,109.945
08/14/2025,110.25,2203528,110.45,110.49,110.24
08/13/2025,110.58,1598300,110.50,110.65,110.485
08/12/2025,110.16,2526074,110.03,110.225,109.95
08/11/2025,110.35,1624667,110.43,110.5293,110.35
08/08/2025,110.35,1831596,110.26,110.4165,110.13
08/07/2025,110.42,1606304,110.34,110.42,110.23
08/06/2025,110.30,1856219,110.30,110.4459,110.08
08/05/2025,110.39,1800349,110.40,110.53,110.37
08/04/2025,110.49,3015037,110.25,110.5783,110.195
08/01/2025,110.17,3766791,110.02,110.20,109.8001
07/31/2025,109.67,3608814,109.99,110.0765,109.655
07/30/2025,109.85,3846779,110.05,110.24,109.81
07/29/2025,110.28,2326815,109.82,110.28,109.81
07/28/2025,109.69,1656396,109.71,109.835,109.665
07/25/2025,109.83,1093419,109.73,109.885,109.65
07/24/2025,109.73,2321146,109.52,109.815,109.30
07/23/2025,109.65,2282956,109.84,109.875,109.61
07/22/2025,110.08,3951320,110.00,110.185,109.9845
07/21/2025,109.98,3055951,109.98,110.15,109.90
07/18/2025,109.70,1720366,109.87,109.8825,109.645
07/17/2025,109.58,1618152,109.57,109.68,109.53
07/16/2025,109.48,4479192,109.16,109.49,109.12
07/15/2025,109.11,2408183,109.715,109.715,109.03
07/14/2025,109.40,1530526,109.30,109.455,109.2342
07/11/2025,109.33,2269774,109.34,109.365,109.24
07/10/2025,109.51,2378211,109.47,109.55,109.3399
07/09/2025,109.54,3659635,109.18,109.54,109.16
07/08/2025,109.13,1577278,109.05,109.16,109.03
07/07/2025,109.22,1758683,109.21,109.255,109.10
07/03/2025,109.36,1776139,109.39,109.465,109.24
07/02/2025,109.55,3416770,109.45,109.555,109.40
07/01/2025,109.60,5945038,109.60,109.78,109.48
06/30/2025,110.04,4253027,110.00,110.16,109.8884
06/27/2025,109.76,1547147,109.72,110.04,109.67
06/26/2025,109.90,2620833,109.70,109.92,109.6196
06/25/2025,109.58,2096200,109.46,109.63,109.16
06/24/2025,109.52,2604664,109.22,109.60,109.125
06/23/2025,109.38,2846567,109.50,109.7766,109.375
06/20/2025,109.29,1740832,108.99,109.375,108.93
06/18/2025,109.10,2168804,109.16,109.2156,108.98
06/17/2025,109.02,3579184,108.68,109.0631,108.57
06/16/2025,108.45,1684521,108.50,108.755,108.44
06/13/2025,108.60,1633728,109.04,109.04,108.38
06/12/2025,108.76,2207691,108.75,108.84,108.645
06/11/2025,108.45,1820518,108.25,108.54,108.175
06/10/2025,108.27,1757133,108.44,108.45,108.19
06/09/2025,108.22,2846287,108.14,108.35,108.0839
06/06/2025,108.07,2031650,108.42,108.58,108.07
06/05/2025,108.65,2596737,109.02,109.09,108.63
06/04/2025,108.97,2432160,108.78,109.07,108.72
06/03/2025,108.55,3669845,108.78,108.84,108.435
06/02/2025,108.65,2797090,108.643,108.80,108.4845
05/30/2025,109.29,3950250,108.96,109.3551,108.90
05/29/2025,108.93,1714494,108.70,108.9659,108.645
05/28/2025,108.62,2367927,108.71,108.79,108.53
05/27/2025,108.87,2875531,108.75,108.96,108.665
05/23/2025,108.56,1596853,108.62,108.66,108.44
05/22/2025,108.46,2654458,108.05,108.48,107.98
05/21/2025,108.14,1870063,108.47,108.565,108.07
05/20/2025,108.73,1851626,108.62,108.785,108.475
05/19/2025,108.89,2179251,108.45,108.95,108.395
05/16/2025,108.88,1120872,108.98,109.00,108.7499
05/15/2025,108.69,1667990,108.51,108.78,108.3899
05/14/2025,108.38,1815233,108.49,108.50,108.275
05/13/2025,108.49,2724232,108.22,108.49,108.075
05/12/2025,108.23,1481012,108.49,108.665,108.21
05/09/2025,109.08,867220,109.18,109.3299,109.01
05/08/2025,108.98,1132490,109.44,109.45,108.905
05/07/2025,109.37,2185866,109.41,109.63,109.26
05/06/2025,109.26,1772158,108.97,109.28,108.89
05/05/2025,108.93,1751481,108.94,109.00,108.665
05/02/2025,109.04,1794176,109.37,109.395,108.99
05/01/2025,109.61,2383625,110.02,110.225,109.46
04/30/2025,110.52,2729564,110.36,110.63,110.24
04/29/2025,110.39,1106091,110.15,110.41,110.14
04/28/2025,110.20,1204849,109.88,110.23,109.86
04/25/2025,109.82,1930711,109.94,109.97,109.755
04/24/2025,109.77,1658280,109.55,109.77,109.475
04/23/2025,109.19,1740529,109.82,109.88,109.01
04/22/2025,108.87,2639755,108.85,108.99,108.735
04/21/2025,108.47,2079171,108.81,109.17,108.43
04/17/2025,109.03,1941965,108.82,109.09,108.76
04/16/2025,108.78,2294430,108.56,108.88,108.425
04/15/2025,108.48,2982046,108.48,108.755,108.39
04/14/2025,108.49,3639233,108.63,108.7353,108.25
04/11/2025,107.97,2989303,107.10,107.97,106.4699
04/10/2025,107.93,4609014,108.90,109.08,107.87
04/09/2025,109.23,4559104,108.35,109.255,107.79
04/08/2025,109.00,3549340,109.50,109.825,108.95
04/07/2025,109.27,5648026,110.30,110.49,109.23
04/04/2025,110.60,4725968,111.43,111.505,110.56
04/03/2025,110.97,3547469,111.22,111.45,110.90
04/02/2025,110.28,1679803,110.79,110.79,110.09
04/01/2025,110.45,3953270,110.49,110.81,110.38
03/31/2025,111.09,2755569,111.07,111.229,110.935
03/28/2025,110.65,1558477,110.42,110.765,110.41
03/27/2025,110.09,2945743,109.95,110.14,109.87
03/26/2025,109.86,1548137,109.92,110.036,109.81
03/25/2025,110.00,1165278,109.86,110.05,109.8148
03/24/2025,109.82,1977537,110.00,110.03,109.7635
03/21/2025,110.10,1228410,110.43,110.465,110.10
03/20/2025,110.23,2287121,110.46,110.4799,110.08
03/19/2025,110.13,1391774,109.50,110.13,109.395
03/18/2025,109.57,1172248,109.40,109.68,109.39
03/17/2025,109.45,1838464,109.55,109.695,109.39
03/14/2025,109.42,1042876,109.49,109.58,109.38
03/13/2025,109.68,2152174,109.43,109.76,109.3403
03/12/2025,109.52,3293316,109.56,109.787,109.495
03/11/2025,109.65,2341308,109.94,110.145,109.58
03/10/2025,109.95,1903452,109.97,110.1302,109.8599
03/07/2025,109.46,2422204,109.92,109.985,109.37
03/06/2025,109.64,1945028,109.52,109.7107,109.2008
03/05/2025,109.69,2822039,110.26,110.33,109.66
03/04/2025,110.25,3752150,110.89,110.895,110.17
03/03/2025,110.64,2632507,110.362,110.685,110.02
02/28/2025,110.34,2418603,109.99,110.41,109.885
02/27/2025,109.58,1194378,109.55,109.755,109.5049
02/26/2025,109.71,1728204,109.65,109.835,109.525
02/25/2025,109.62,1630066,109.60,109.715,109.53
02/24/2025,109.16,1137741,108.865,109.18,108.865
02/21/2025,108.92,1114454,108.81,109.12,108.7824
02/20/2025,108.70,2129340,108.59,108.82,108.56
02/19/2025,108.48,1030561,108.32,108.52,108.29
02/18/2025,108.26,1330149,108.41,108.54,108.25
02/14/2025,108.61,2046826,108.69,108.79,108.57
02/13/2025,108.41,1669584,108.20,108.462,108.03
02/12/2025,107.81,1680961,108.08,108.09,107.79
02/11/2025,108.46,1493220,108.36,108.46,108.30
02/10/2025,108.49,1028533,108.61,108.685,108.41
02/07/2025,108.44,3189530,108.42,108.57,108.24
02/06/2025,108.73,1366027,108.86,108.895,108.635
02/05/2025,108.92,2186534,108.73,108.98,108.68
02/04/2025,108.44,3018855,107.90,108.46,107.86
02/03/2025,108.26,5060490,108.65,108.87,108.1258
01/31/2025,108.01,2856514,107.93,108.0452,107.71
01/30/2025,107.93,1530494,107.98,108.11,107.805
01/29/2025,107.82,941402,108.00,108.05,107.52
01/28/2025,107.95,1363412,107.80,107.97,107.685
01/27/2025,107.88,3059065,107.89,107.95,107.70
01/24/2025,107.43,1654957,107.14,107.45,107.11
01/23/2025,107.24,2548936,106.84,107.24,106.82
01/22/2025,107.14,1549946,107.30,107.32,107.065
01/21/2025,107.26,2552587,107.27,107.38,107.14
01/17/2025,107.18,1068073,107.23,107.335,107.10
01/16/2025,107.14,2669412,107.03,107.325,106.89
01/15/2025,107.00,2803434,106.90,107.045,106.795
01/14/2025,106.26,1100809,106.29,106.30,106.1221
01/13/2025,106.22,1671795,106.34,106.345,106.09
01/10/2025,106.22,4238628,106.30,106.43,106.0928
01/08/2025,106.60,2661815,106.38,106.72,106.34
01/07/2025,106.32,6720599,106.44,106.52,106.19
01/06/2025,106.49,4278018,106.40,106.56,106.34
01/03/2025,106.49,2283791,106.74,106.795,106.48
01/02/2025,106.71,3753629,106.78,106.97,106.625
12/31/2024,106.55,2971828,106.85,106.92,106.54
12/30/2024,106.68,6392511,106.74,106.82,106.5701
12/27/2024,106.37,1359219,106.55,106.65,106.34
12/26/2024,106.64,1175831,106.39,106.71,106.38
12/24/2024,106.64,704408,106.27,106.64,106.26
12/23/2024,106.40,2272457,106.50,106.5387,106.3222
12/20/2024,106.54,3304939,106.68,106.835,106.52
12/19/2024,106.33,5926430,106.65,106.70,106.04
12/18/2024,106.76,2634497,107.48,107.67,106.74
12/17/2024,107.60,1375650,107.58,107.74,107.55
12/16/2024,107.66,2852430,107.85,107.89,107.64
12/13/2024,107.78,1480284,108.10,108.1059,107.73
12/12/2024,108.08,1836723,108.28,108.365,108.04
12/11/2024,108.43,1200534,108.59,108.70,108.365
12/10/2024,108.59,1925162,108.45,108.66,108.39
12/09/2024,108.63,1239243,108.71,108.73,108.57
12/06/2024,108.83,1557444,109.05,109.105,108.75
12/05/2024,108.74,1712903,108.63,108.8164,108.595
12/04/2024,108.87,2743513,108.46,108.95,108.45
12/03/2024,108.56,2072545,108.67,108.7262,108.48
12/02/2024,108.51,10473330,108.25,108.76,108.25
11/29/2024,108.76,2221374,108.70,108.77,108.5427
11/27/2024,108.45,2106657,108.49,108.53,108.28
11/26/2024,108.11,2612454,108.32,108.38,108.05
11/25/2024,108.36,2028450,108.28,108.40,108.0501
11/22/2024,107.77,1541953,107.70,107.90,107.62
11/21/2024,107.69,2007319,107.83,107.98,107.59
11/20/2024,107.83,2465151,107.78,108.095,107.74
11/19/2024,107.88,1349343,107.93,108.0602,107.835
11/18/2024,107.71,1572027,107.43,107.77,107.37
11/15/2024,107.45,3513241,107.21,107.64,107.06
11/14/2024,107.42,2095562,107.73,107.86,107.37
11/13/2024,107.44,2857856,108.00,108.09,107.35
11/12/2024,107.64,3034541,108.02,108.19,107.57
11/11/2024,108.21,1465489,108.28,108.325,108.1201
11/08/2024,108.57,2767175,108.54,108.685,108.37
11/07/2024,108.27,4425604,107.99,108.37,107.97
11/06/2024,107.87,1828555,107.42,108.11,107.38
11/05/2024,108.04,3188100,107.85,108.145,107.625
11/04/2024,107.94,1901927,108.23,108.2895,107.80
11/01/2024,107.76,2613396,108.36,108.49,107.665
10/31/2024,108.31,3683841,108.33,108.485,108.08
10/30/2024,108.43,1174909,108.33,108.76,108.31
10/29/2024,108.22,8300225,107.84,108.24,107.71
10/28/2024,108.06,1848319,108.21,108.22,107.8757
10/25/2024,108.27,1677483,108.69,108.69,108.221
10/24/2024,108.56,1504955,108.51,108.76,108.44
10/23/2024,108.45,1310953,108.48,108.53,108.31
10/22/2024,108.72,1464082,108.80,108.87,108.6201
10/21/2024,108.57,1783143,109.06,109.09,108.54
10/18/2024,109.36,964817,109.33,109.479,109.33
10/17/2024,109.18,1163929,109.24,109.33,109.11
10/16/2024,109.51,680980,109.63,109.6458,109.48
10/15/2024,109.49,911170,109.45,109.643,109.41
10/14/2024,109.37,1095766,109.10,109.40,109.085
10/11/2024,109.48,1716153,109.42,109.68,109.35
10/10/2024,109.47,1854503,109.27,109.49,109.19
10/09/2024,109.25,2538557,109.14,109.28,109.005
10/08/2024,109.45,1951234,109.08,109.47,109.035
10/07/2024,109.27,1643938,109.205,109.36,109.16
10/04/2024,109.39,1920678,109.59,109.72,109.365
10/03/2024,110.14,1590598,110.38,110.63,110.12
10/02/2024,110.61,2561647,110.39,110.68,110.305
10/01/2024,110.71,3069002,110.66,111.025,110.6201
09/30/2024,110.47,1592472,110.55,110.59,110.27
09/27/2024,110.54,892414,110.48,110.645,110.40
09/26/2024,110.27,2141741,110.39,110.43,110.1143
09/25/2024,110.41,1181601,110.62,110.63,110.39
09/24/2024,110.83,1880415,110.47,110.885,110.375
09/23/2024,110.56,1208900,110.36,110.68,110.19
09/20/2024,110.55,1088705,110.51,110.6801,110.315
09/19/2024,110.70,1789687,110.33,110.73,110.275
09/18/2024,110.37,1191415,110.59,111.06,110.33
09/17/2024,110.78,2195673,110.85,110.91,110.72
09/16/2024,110.82,944609,110.66,110.87,110.5704
09/13/2024,110.44,1689440,110.52,110.53,110.31
09/12/2024,110.07,1787260,109.98,110.135,109.86
09/11/2024,110.05,1549960,110.02,110.33,109.97
09/10/2024,109.98,2782211,109.69,110.015,109.65
09/09/2024,109.74,1377536,109.56,109.81,109.46
09/06/2024,109.49,2264284,109.65,109.99,109.43
09/05/2024,109.42,6292460,109.55,109.55,109.255
09/04/2024,109.35,2176738,109.05,109.40,108.995
09/03/2024,109.06,2892611,109.12,109.37,109.00
08/30/2024,108.87,1160860,109.17,109.2481,108.80
08/29/2024,109.22,746076,109.23,109.285,109.13
08/28/2024,109.37,687625,109.44,109.506,109.305
08/27/2024,109.38,1599419,109.16,109.46,109.13
08/26/2024,109.38,1096654,109.56,109.605,109.38
08/23/2024,109.37,790400,108.93,109.485,108.86
08/22/2024,108.79,1018100,108.82,108.82,108.47
08/21/2024,109.13,2223566,108.99,109.1975,108.79
08/20/2024,108.89,1449494,108.70,108.945,108.652
08/19/2024,108.46,1159297,108.37,108.64,108.37
08/16/2024,108.39,840135,108.61,108.625,108.34
08/15/2024,108.43,443825,108.21,108.43,108.14
08/14/2024,108.66,516130,108.79,108.95,108.6017
08/13/2024,108.72,717874,108.73,108.75,108.575
08/12/2024,108.49,611328,108.11,108.525,108.0603
08/09/2024,108.20,804909,108.31,108.31,108.11
08/08/2024,107.92,1189930,107.79,107.9481,107.65
08/07/2024,108.02,1239901,108.19,108.3705,107.95
08/06/2024,108.35,2115107,108.72,108.75,108.33
08/05/2024,108.98,3172488,108.72,109.125,108.425
08/02/2024,108.67,1393929,108.59,108.81,108.3841
08/01/2024,108.15,3247978,108.19,108.4601,108.12
07/31/2024,108.18,1585769,107.89,108.20,107.64
07/30/2024,107.59,693478,107.61,107.71,107.45
07/29/2024,107.51,973281,107.59,107.60,107.42
07/26/2024,107.40,1458949,107.36,107.44,107.225
07/25/2024,107.06,1073154,106.94,107.24,106.93
07/24/2024,106.80,1252933,107.23,107.336,106.80
07/23/2024,107.12,2039619,107.20,107.345,107.105
07/22/2024,107.18,2347865,107.29,107.35,107.01
07/19/2024,107.31,1948197,107.46,107.4799,107.29
07/18/2024,107.57,1272886,107.68,107.83,107.56
07/17/2024,107.81,956044,107.75,107.90,107.65
07/16/2024,107.77,818192,107.59,107.8555,107.53
07/15/2024,107.44,930158,107.42,107.57,107.3301
07/12/2024,107.51,1678805,107.41,107.52,107.28
07/11/2024,107.34,1321075,107.43,107.52,107.26
07/10/2024,107.02,1476024,106.90,107.04,106.855
07/09/2024,106.82,4961650,106.90,106.96,106.6939
07/08/2024,106.98,1156452,106.94,107.09,106.83
07/05/2024,107.02,1192509,106.88,107.14,106.74
07/03/2024,106.54,854299,106.27,106.6351,106.27
07/02/2024,106.12,2341945,106.25,106.30,105.99
07/01/2024,105.92,4132841,105.99,106.31,105.85
06/28/2024,106.78,1960867,107.35,107.38,106.76
06/27/2024,107.11,779910,107.14,107.24,107.0849
06/26/2024,106.91,1982210,106.86,106.965,106.784
06/25/2024,107.23,2228711,107.03,107.23,107.02
06/24/2024,107.10,950074,107.07,107.12,106.96
06/21/2024,107.04,1022817,107.29,107.37,107.0205
06/20/2024,107.20,3173475,106.81,107.205,106.80
06/18/2024,107.18,1401809,106.99,107.24,106.935
06/17/2024,106.75,1020404,106.65,106.76,106.5744
06/14/2024,106.90,1395643,106.87,106.995,106.77
06/13/2024,106.77,1906088,106.63,107.00,106.58
06/12/2024,106.35,1989825,106.78,106.91,106.30
06/11/2024,106.19,2400368,105.99,106.25,105.895
06/10/2024,105.90,2040237,105.98,106.015,105.86
06/07/2024,106.05,2165234,106.30,106.30,106.05
06/06/2024,106.93,1778482,106.86,106.99,106.7835
06/05/2024,107.02,2253446,106.85,107.02,106.58
06/04/2024,106.75,1787878,106.60,106.795,106.52
06/03/2024,106.42,1880218,106.03,106.43,104.6878
05/31/2024,106.70,1867598,106.61,106.72,106.45
05/30/2024,106.28,1055233,106.16,106.3202,106.15
05/29/2024,105.87,1884036,105.92,105.94,105.66
05/28/2024,106.12,1829800,106.59,106.61,106.1001
05/24/2024,106.44,592939,106.28,106.50,106.28
05/23/2024,106.31,1413629,106.78,106.78,106.235
05/22/2024,106.72,2187681,106.58,106.79,106.58
05/21/2024,106.74,1827915,106.78,106.835,106.71
05/20/2024,106.54,2841881,106.48,106.61,106.455
05/17/2024,106.58,2103092,106.60,106.73,106.57
05/16/2024,106.68,1492419,106.90,106.91,106.68
05/15/2024,106.83,2707681,106.62,106.92,106.54
05/14/2024,106.29,1609502,106.14,106.315,106.095
05/13/2024,106.09,1493112,106.19,106.24,106.04
05/10/2024,106.05,1922092,106.16,106.215,105.98
05/09/2024,106.22,2047073,105.84,106.25,105.84
05/08/2024,105.84,1508062,105.85,105.94,105.79
05/07/2024,105.96,2088690,106.29,106.29,105.915
05/06/2024,105.98,1027390,105.94,106.035,105.855
05/03/2024,105.93,2388261,106.03,106.12,105.67
05/02/2024,105.39,2093049,105.04,105.4673,105.02
05/01/2024,105.01,3188295,105.02,105.36,104.67
04/30/2024,105.53,3238405,105.72,105.84,105.49
04/29/2024,106.04,1333870,105.94,106.1199,105.8902
04/26/2024,105.78,1382555,105.71,105.91,105.71
04/25/2024,105.51,2417567,105.28,105.56,105.25
04/24/2024,105.67,1970909,105.73,105.77,105.51
04/23/2024,105.89,2243096,105.67,106.0601,105.595
04/22/2024,105.79,1561194,105.59,105.8302,105.59
04/19/2024,105.78,1484749,105.83,105.915,105.74
04/18/2024,105.62,1491929,105.73,105.74,105.45
04/17/2024,105.76,2567481,105.47,105.84,105.45
04/16/2024,105.35,4094595,105.46,105.62,105.31
04/15/2024,105.78,1793889,105.73,105.78,105.455
04/12/2024,106.12,5867181,106.22,106.40,106.12
04/11/2024,105.75,5224129,106.04,106.07,105.65
04/10/2024,105.84,2194344,106.36,106.43,105.83
04/09/2024,106.87,1309456,106.80,106.92,106.75
04/08/2024,106.59,1830212,106.50,106.645,106.42
04/05/2024,106.63,1608842,106.76,106.96,106.62
04/04/2024,107.08,1971071,106.86,107.09,106.65
04/03/2024,106.68,1396213,106.38,106.70,106.30
04/02/2024,106.68,1899632,106.43,106.7073,106.27
04/01/2024,106.65,1639823,107.02,107.03,106.62
03/28/2024,107.41,2137770,107.19,107.55,107.19
03/27/2024,107.37,1758082,107.16,107.45,107.15
03/26/2024,107.04,932205,107.03,107.145,106.92
03/25/2024,107.01,1902675,107.32,107.33,106.9901
03/22/2024,107.35,2385716,107.48,107.48,107.29
03/21/2024,106.98,2337516,107.18,107.2398,106.895
03/20/2024,106.79,1758708,106.43,106.82,106.37
03/19/2024,106.37,1518055,106.37,106.58,106.325
03/18/2024,106.22,1908062,106.32,106.36,106.15
03/15/2024,106.32,1288389,106.44,106.51,106.32
03/14/2024,106.39,1954307,106.79,106.79,106.3407
03/13/2024,107.04,1696056,107.17,107.22,106.9739
03/12/2024,107.19,2379756,107.36,107.39,107.17
03/11/2024,107.40,1928892,107.63,107.63,107.365
03/08/2024,107.59,1313836,107.67,107.79,107.53
03/07/2024,107.50,2014773,107.65,107.66,107.36
03/06/2024,107.56,2931808,107.60,107.815,107.4901
03/05/2024,107.52,1512956,107.35,107.60,107.26
03/04/2024,107.03,1857244,106.85,107.05,106.83
03/01/2024,107.12,2949709,106.61,107.15,106.42
02/29/2024,106.72,6257523,106.48,106.73,106.47
02/28/2024,106.39,1485730,106.19,106.41,106.145
02/27/2024,106.05,2781860,106.19,106.31,106.02
02/26/2024,106.18,1413643,106.24,106.25,106.02
02/23/2024,106.22,1160506,105.92,106.34,105.92
02/22/2024,105.95,5515212,106.03,106.255,105.77
02/21/2024,106.09,1772843,106.24,106.295,105.98
02/20/2024,106.21,1013899,106.23,106.35,106.18
02/16/2024,106.16,1063579,106.02,106.185,105.985
02/15/2024,106.27,1894134,106.42,106.47,106.255
02/14/2024,106.14,1606676,105.95,106.26,105.95
02/13/2024,105.69,1770975,105.89,106.02,105.68
02/12/2024,106.37,1134661,106.34,106.40,106.1919
02/09/2024,106.33,1506681,106.31,106.48,106.2701
02/08/2024,106.48,1603911,106.44,106.59,106.365
02/07/2024,106.56,1489715,106.64,106.85,106.56
02/06/2024,106.76,2163601,106.51,106.93,106.5019
02/05/2024,106.40,1869840,106.61,106.705,106.335
02/02/2024,107.00,3070074,107.16,107.29,106.80
02/01/2024,108.04,2966596,108.14,108.54,107.95
01/31/2024,107.85,8965804,107.48,107.86,107.33
01/30/2024,107.15,2152056,107.25,107.35,107.005
01/29/2024,107.20,1275632,107.00,107.285,106.94
01/26/2024,106.73,1706293,106.86,106.86,106.645
01/25/2024,106.83,1717812,106.77,106.86,106.62
01/24/2024,106.47,1282316,106.92,106.94,106.46
01/23/2024,106.72,1191295,106.62,106.765,106.5148
01/22/2024,107.07,1443202,107.02,107.20,106.99
01/19/2024,107.02,1461864,106.87,107.02,106.67
01/18/2024,106.94,5550272,106.92,107.02,106.75
01/17/2024,106.91,2933246,106.89,107.016,106.75
01/16/2024,107.24,2383310,107.50,107.625,107.10
01/12/2024,107.79,1741199,107.60,107.8396,107.5434
01/11/2024,107.33,2352052,107.05,107.37,106.94
01/10/2024,106.76,1427286,107.03,107.065,106.735
01/09/2024,106.85,1535559,106.92,107.15,106.85
01/08/2024,107.06,1399390,106.68,107.22,106.68
01/05/2024,106.77,2040616,106.78,107.245,106.675
01/04/2024,107.01,1897633,107.05,107.13,106.935
01/03/2024,107.51,1920722,106.95,107.535,106.91
01/02/2024,107.34,2635750,107.16,107.41,107.065
12/29/2023,107.49,5159418,107.379,107.77,107.36
12/28/2023,107.62,2011457,107.82,108.045,107.59
12/27/2023,107.97,1472375,107.73,108.01,107.665
12/26/2023,107.48,1307058,107.44,107.56,107.39
12/22/2023,107.42,1187823,107.77,107.78,107.3221
12/21/2023,107.63,4795930,107.82,107.91,107.48
12/20/2023,107.81,1843236,107.63,107.84,107.45
12/19/2023,107.38,1624725,107.44,107.645,107.31
12/18/2023,107.31,1608169,107.46,107.50,107.31
12/15/2023,107.63,3185182,107.40,107.70,107.35
12/14/2023,107.81,4948899,107.49,108.06,107.48
12/13/2023,106.64,2778872,105.30,106.655,105.25
12/12/2023,105.21,1860814,105.15,105.305,105.035
12/11/2023,105.27,1898304,105.22,105.29,104.975
12/08/2023,105.49,1657398,105.23,105.51,105.11
12/07/2023,105.62,2956641,105.58,105.90,105.58
12/06/2023,105.71,3262372,105.55,105.79,105.47
12/05/2023,105.60,10909830,105.34,105.765,105.34
12/04/2023,105.03,2523701,105.14,105.275,104.93
12/01/2023,105.47,5444578,104.79,105.53,104.79
11/30/2023,105.19,6295650,105.19,105.275,104.97
11/29/2023,105.38,3617222,105.19,105.455,105.11
11/28/2023,104.96,3241403,104.37,104.99,104.36
11/27/2023,104.55,2231749,104.39,104.555,104.25
11/24/2023,104.21,498214,104.36,104.42,104.19
11/22/2023,104.65,1395420,104.60,104.67,104.312
11/21/2023,104.55,7051446,104.663,104.735,104.29
11/20/2023,104.77,1511527,104.30,104.79,104.29
11/17/2023,104.46,2073689,104.54,104.5838,104.28
11/16/2023,104.35,2540149,104.18,104.49,104.18
11/15/2023,103.97,2358306,104.07,104.08,103.765
11/14/2023,104.42,2794251,104.42,104.64,104.28
11/13/2023,103.57,1329711,103.30,103.60,103.19
11/10/2023,103.64,2922891,103.82,103.86,103.535
11/09/2023,103.60,2327998,104.28,104.33,103.53
11/08/2023,104.48,1835308,104.18,104.495,104.141
11/07/2023,104.25,1600374,104.10,104.385,104.045
11/06/2023,103.97,2356102,104.07,104.12,103.82
11/03/2023,104.24,3443976,104.46,104.63,104.21
11/02/2023,103.71,2869726,103.81,103.98,103.5264
11/01/2023,103.24,3244510,102.51,103.275,102.46
10/31/2023,102.80,5219317,103.10,103.24,102.77
10/30/2023,103.06,1582156,102.86,103.16,102.77
10/27/2023,103.22,2640985,103.02,103.235,102.845
10/26/2023,103.07,1941938,102.63,103.105,102.58
10/25/2023,102.52,2265407,102.62,102.66,102.40
10/24/2023,102.95,2951441,102.77,102.98,102.548
10/23/2023,102.86,2631976,102.46,102.935,102.32
10/20/2023,102.84,3301550,102.68,102.95,102.625
10/19/2023,102.53,12019710,102.38,102.89,102.38
10/18/2023,102.62,1575409,102.77,102.89,102.44
10/17/2023,102.84,1930868,102.77,102.97,102.61
10/16/2023,103.34,1538390,103.26,103.39,103.155
10/13/2023,103.64,2463964,103.78,103.855,103.5241
10/12/2023,102.97,2852644,103.53,103.61,102.82
10/11/2023,103.63,2106940,103.47,103.66,103.35
10/10/2023,103.17,3710488,102.85,103.295,102.755
10/09/2023,103.13,1424003,102.66,103.185,102.585
10/06/2023,102.12,2164817,101.80,102.38,101.74
10/05/2023,102.49,2283274,102.70,102.76,102.48
10/04/2023,102.64,2644636,102.43,102.68,102.30
10/03/2023,102.19,5004572,102.69,102.82,102.1503
10/02/2023,102.92,6662895,103.24,103.36,102.86
09/29/2023,103.72,5679304,104.20,104.3227,103.61
09/28/2023,103.93,1709833,103.29,103.95,103.09
09/27/2023,103.40,2139414,103.80,103.875,103.2001
09/26/2023,103.57,2208798,103.89,103.93,103.4901
09/25/2023,103.83,1780119,104.10,104.21,103.825
09/22/2023,104.62,1641766,104.36,104.72,104.315
09/21/2023,104.26,6247348,104.39,104.54,104.23
09/20/2023,104.81,1818471,105.21,105.36,104.81
09/19/2023,105.03,2313074,105.19,105.30,105.02
09/18/2023,105.33,1521401,105.08,105.35,105.05
09/15/2023,105.11,1822188,105.19,105.3022,105.065
09/14/2023,105.37,1817857,105.54,105.625,105.2818
09/13/2023,105.54,2328366,105.42,105.67,105.395
09/12/2023,105.40,1589305,105.38,105.455,105.325
09/11/2023,105.35,1660220,105.25,105.41,105.195
09/08/2023,105.45,1899355,105.46,105.63,105.39
09/07/2023,105.21,1257372,105.06,105.2464,105.0047
09/06/2023,104.83,2037733,105.17,105.21,104.7942
09/05/2023,104.99,1999605,105.18,105.19,104.89
09/01/2023,105.20,1697070,105.69,105.70,105.175
08/31/2023,106.07,6068166,105.95,106.13,105.88
08/30/2023,105.85,1741239,106.04,106.1042,105.83
08/29/2023,106.01,2281573,105.30,106.08,105.30
08/28/2023,105.49,1410894,105.60,105.61,105.365
08/25/2023,105.43,3501817,105.36,105.66,105.12
08/24/2023,105.45,9117559,105.67,105.85,105.30
08/23/2023,105.93,5432604,105.39,105.93,105.39
08/22/2023,104.98,1350992,104.81,105.00,104.7604
08/21/2023,104.80,1499856,104.72,104.818,104.57
08/18/2023,105.08,1430965,105.02,105.32,105.01
08/17/2023,104.90,2168388,105.03,105.095,104.71
08/16/2023,104.93,2197789,105.23,105.395,104.915
08/15/2023,105.24,1615708,105.51,105.72,105.225
08/14/2023,105.57,1688625,105.77,105.845,105.54
08/11/2023,105.79,1967187,105.78,106.03,105.74
08/10/2023,105.94,2807963,106.51,106.70,105.94
08/09/2023,106.49,1382981,106.54,106.61,106.4334
08/08/2023,106.54,1922056,106.74,106.91,106.4845
08/07/2023,106.56,8487211,106.43,106.65,106.30
08/04/2023,106.47,2066866,105.85,106.51,105.85
08/03/2023,105.45,2828184,105.65,105.685,105.415
08/02/2023,106.11,2257124,106.02,106.17,105.74
08/01/2023,106.30,2259998,106.56,106.62,106.24
07/31/2023,107.16,5965352,107.09,107.31,106.96
07/28/2023,107.13,1584772,106.78,107.13,106.76
07/27/2023,106.72,2826482,107.33,107.44,106.58
07/26/2023,107.51,2231373,107.43,107.6027,107.2301
07/25/2023,107.47,2052524,107.62,107.725,107.2801
07/24/2023,107.66,2912436,107.60,107.72,107.48
07/21/2023,107.61,3073444,107.73,107.83,107.55
07/20/2023,107.61,17993420,107.43,107.62,107.13
07/19/2023,107.65,1842682,107.37,107.65,107.25
07/18/2023,107.28,1777452,107.45,107.555,107.2044
07/17/2023,107.33,1768280,107.207,107.437,107.095
07/14/2023,107.13,2393077,107.45,107.55,107.09
07/13/2023,107.70,2665715,107.56,107.70,107.352
07/12/2023,107.15,3071807,106.49,107.175,106.435
07/11/2023,105.98,1460435,106.16,106.21,105.91
07/10/2023,106.10,1965250,105.94,106.19,105.9146
07/07/2023,105.85,2395682,105.89,106.14,105.83
07/06/2023,105.92,3030559,106.01,106.10,105.59
07/05/2023,106.48,2609305,106.83,106.915,106.385
07/03/2023,106.99,1851843,107.255,107.42,106.96
06/30/2023,107.62,6657323,107.25,107.67,107.16
06/29/2023,107.15,2812787,107.25,107.32,107.01
06/28/2023,107.86,3616897,107.87,107.98,107.655
06/27/2023,107.64,3316822,108.08,108.23,107.565
06/26/2023,107.94,2912521,108.11,108.145,107.865
06/23/2023,107.89,2758186,108.20,108.23,107.86
06/22/2023,107.63,4519944,107.77,107.955,107.59
06/21/2023,108.01,3169884,107.78,108.12,107.64
06/20/2023,108.00,2826347,107.84,108.10,107.84
06/16/2023,107.77,2392009,107.68,107.865,107.445
06/15/2023,108.05,3435022,108.01,108.18,107.86
06/14/2023,107.37,2879918,107.46,107.74,107.1243
06/13/2023,107.10,2959083,107.67,107.79,107.04
06/12/2023,107.65,3834978,107.65,107.66,107.305
06/09/2023,107.56,1903277,107.71,107.77,107.54
06/08/2023,107.86,2327642,107.50,107.90,107.49
06/07/2023,107.33,3181563,107.86,107.9536,107.25
06/06/2023,107.83,2086994,107.70,107.86,107.505
06/05/2023,107.77,2160495,107.54,107.98,107.465
06/02/2023,107.63,2367456,108.12,108.15,107.60
06/01/2023,108.16,5326338,108.04,108.21,107.9579
05/31/2023,108.30,6155373,108.235,108.40,108.05
05/30/2023,108.16,4166187,107.97,108.21,107.874
05/26/2023,107.73,3035093,107.635,107.80,107.42
05/25/2023,107.60,4197135,107.99,108.05,107.51
05/24/2023,108.09,2791727,108.60,108.64,108.08
05/23/2023,108.43,3190966,108.06,108.465,108.01
05/22/2023,108.10,3120240,108.39,108.515,108.04
05/19/2023,108.30,3543350,108.36,108.6701,108.19
05/18/2023,108.56,6186128,108.64,108.78,108.41
05/17/2023,108.92,2766941,109.07,109.09,108.825
05/16/2023,108.97,4087884,109.10,109.215,108.80
05/15/2023,109.26,2404789,109.36,109.405,109.21
05/12/2023,109.42,1924293,109.87,109.93,109.3942
05/11/2023,109.81,5607109,109.92,109.99,109.67
05/10/2023,109.57,2983429,109.42,109.68,109.32
05/09/2023,109.21,2162449,109.36,109.41,109.10
05/08/2023,109.37,2510615,109.41,109.50,109.335
05/05/2023,109.78,1955039,109.77,109.88,109.585
05/04/2023,110.00,4109813,109.80,110.475,109.78
05/03/2023,110.03,3895917,109.66,110.08,109.615
05/02/2023,109.53,3033697,108.92,109.60,108.9141
05/01/2023,108.70,3140573,109.35,109.39,108.55
04/28/2023,110.18,4474519,110.28,110.3873,109.99
04/27/2023,110.05,2242850,110.33,110.375,109.97
04/26/2023,110.42,3114145,110.77,110.88,110.35
04/25/2023,110.81,3446526,110.48,110.8463,110.48
04/24/2023,110.16,1651358,109.94,110.19,109.91
04/21/2023,109.74,2523271,109.93,109.98,109.56
04/20/2023,109.69,3856694,109.64,109.90,109.6041
04/19/2023,109.34,4609475,109.34,109.45,109.18
04/18/2023,109.45,3523921,109.37,109.595,109.32
04/17/2023,109.34,4215889,109.83,109.875,109.315
04/14/2023,109.84,3325826,110.02,110.16,109.78
04/13/2023,110.32,3396943,110.71,110.93,110.28
04/12/2023,110.59,3461871,110.39,110.68,110.25
04/11/2023,110.55,2317642,110.53,110.57,110.3301
04/10/2023,110.36,2572913,110.53,110.59,110.35
04/06/2023,111.15,3074824,111.08,111.255,110.975
04/05/2023,110.90,5296375,110.93,111.26,110.705
04/04/2023,110.64,4266063,110.13,110.765,110.12
04/03/2023,110.32,6515130,110.38,110.80,110.15
03/31/2023,110.25,5667349,109.87,110.44,109.76
03/30/2023,109.70,2101309,109.66,109.82,109.615
03/29/2023,109.59,2400914,109.26,109.60,109.235
03/28/2023,109.38,3953278,109.10,109.62,109.07
03/27/2023,109.04,6509592,109.47,109.54,109.005
03/24/2023,109.90,8001011,110.349,110.51,109.86
03/23/2023,110.18,5372306,109.99,110.215,109.75
03/22/2023,109.98,5961822,108.70,110.105,108.63
03/21/2023,108.49,2988947,108.45,108.905,108.37
03/20/2023,108.72,2988816,108.97,108.97,108.46
03/17/2023,108.62,4457340,108.78,109.23,108.62
03/16/2023,108.39,8197734,109.97,110.01,108.36
03/15/2023,109.63,5923013,109.13,109.89,108.9688
03/14/2023,108.31,5222766,108.955,109.16,108.27
03/13/2023,108.91,6223203,108.89,109.64,108.37
03/10/2023,108.09,5856463,107.25,108.09,107.24
03/09/2023,106.52,4310292,106.56,106.75,106.40
03/08/2023,106.24,4268147,106.83,107.03,106.20
03/07/2023,106.75,3566026,107.39,107.43,106.6641
03/06/2023,107.43,3128617,107.99,108.015,107.43
03/03/2023,108.01,3710713,107.21,108.01,107.11
03/02/2023,106.86,3979041,106.66,106.905,106.65
03/01/2023,106.78,5948368,106.88,106.98,106.59
02/28/2023,107.18,3852492,106.60,107.255,106.52
02/27/2023,106.78,1614386,106.77,106.87,106.6381
02/24/2023,106.56,3524340,106.73,106.77,106.35
02/23/2023,107.26,3038107,107.00,107.38,106.955
02/22/2023,106.91,5106766,107.35,107.51,106.83
02/21/2023,106.97,2344127,107.10,107.255,106.8742
02/17/2023,107.45,5304333,107.08,107.505,107.03
02/16/2023,107.24,4054869,107.39,107.656,107.20
02/15/2023,107.50,2631891,107.47,107.73,107.30
02/14/2023,107.50,3037811,107.77,108.005,107.17
02/13/2023,107.86,2233335,107.71,107.935,107.68
02/10/2023,107.68,3105626,108.11,108.16,107.66
02/09/2023,108.07,2648182,108.70,108.76,108.06
02/08/2023,108.62,2821204,108.28,108.67,108.15
02/07/2023,108.06,3758679,107.81,108.545,107.77
02/06/2023,107.78,5195451,107.80,107.96,107.6998
02/03/2023,108.21,5375161,108.63,108.84,108.165
02/02/2023,109.23,5030934,109.67,109.8062,109.175
02/01/2023,109.38,5419342,108.98,109.49,108.44
01/31/2023,108.65,4134276,108.86,108.90,108.33
01/30/2023,108.61,2462367,108.94,109.105,108.605
01/27/2023,109.14,2408669,109.08,109.26,109.005
01/26/2023,109.38,4193591,109.33,109.6073,109.195
01/25/2023,109.39,2996939,109.145,109.393,108.965
01/24/2023,109.17,2913940,108.71,109.19,108.50
01/23/2023,108.55,3170372,108.59,108.81,108.5319
01/20/2023,108.65,2878120,108.55,108.91,108.55
01/19/2023,109.27,4591479,108.61,109.29,108.44
01/18/2023,108.60,3919020,108.67,108.80,108.45
01/17/2023,107.86,2711494,107.87,108.2099,107.83
01/13/2023,108.17,2833110,108.76,108.9299,108.065
01/12/2023,109.02,3943735,108.48,109.03,108.095
01/11/2023,108.17,7551748,107.82,108.18,107.75
01/10/2023,107.71,2301997,107.86,108.00,107.64
01/09/2023,108.15,2640236,107.90,108.35,107.85
01/06/2023,107.90,3855306,107.015,107.95,106.935
01/05/2023,106.92,2377538,106.49,106.95,106.36
01/04/2023,106.89,3247867,107.18,107.30,106.79
01/03/2023,106.82,3740378,107.20,107.25,106.67
12/30/2022,106.44,4694672,106.39,106.80,106.275
12/29/2022,106.76,3141318,106.59,106.84,106.53
12/28/2022,106.32,3091380,106.63,106.775,106.29
12/27/2022,106.44,2464686,106.74,106.9299,106.425
12/23/2022,106.93,2523511,107.02,107.105,106.7413
12/22/2022,107.17,3674596,107.72,107.80,107.12
12/21/2022,107.76,6069973,107.84,107.90,107.41
12/20/2022,107.18,2942584,107.05,107.3431,106.985
12/19/2022,107.21,2681675,107.50,107.5058,107.18
12/16/2022,107.58,2288719,107.51,107.97,107.48
12/15/2022,108.16,2669921,108.27,108.3435,107.73
12/14/2022,108.49,2882395,108.65,108.76,108.033
12/13/2022,108.76,4767685,109.17,109.31,108.645
12/12/2022,108.44,2735792,108.71,108.775,108.40
12/09/2022,108.43,2612981,108.93,109.06,108.36
12/08/2022,109.47,3183949,109.50,109.55,109.21
12/07/2022,109.50,2900667,109.17,109.53,108.96
12/06/2022,109.03,4906857,109.035,109.1496,108.77
12/05/2022,109.05,3276680,109.46,109.48,108.79
12/02/2022,110.18,3393798,108.89,110.20,108.585
12/01/2022,109.37,9839824,108.48,109.38,108.461
11/30/2022,108.34,4520215,106.85,108.37,106.6801
11/29/2022,106.76,2090104,106.868,107.0809,106.69
11/28/2022,107.22,3709991,107.49,107.59,107.07
11/25/2022,107.47,665291,107.48,107.525,107.355
11/23/2022,107.57,1786537,106.93,107.57,106.89
11/22/2022,106.98,3023412,106.99,107.13,106.735
11/21/2022,106.55,2194910,106.38,106.615,106.11
11/18/2022,105.99,1851143,106.43,106.58,105.90
11/17/2022,106.53,2853363,106.78,106.85,106.36
11/16/2022,107.26,1985730,107.16,107.37,107.0703
11/15/2022,106.99,2397602,106.66,107.11,106.55
11/14/2022,106.30,3491750,106.85,106.85,106.225
11/11/2022,107.09,2465817,106.97,107.13,106.81
11/10/2022,107.15,4163527,106.16,107.18,106.16
11/09/2022,105.40,2280824,105.48,105.78,105.07
11/08/2022,105.62,1681770,105.58,105.8869,105.50
11/07/2022,105.47,2295389,105.64,105.71,105.42
11/04/2022,105.34,2208995,105.19,105.50,105.06
11/03/2022,104.95,3149810,105.16,105.5635,104.91
11/02/2022,106.13,2057048,106.48,107.07,105.99
11/01/2022,106.37,2175711,107.06,107.09,106.21
10/31/2022,106.39,3145362,106.37,106.61,106.0115
10/28/2022,106.54,3409473,106.59,106.92,106.29
10/27/2022,106.67,2817137,106.41,106.789,106.12
10/26/2022,105.85,3923119,106.05,106.48,105.71
10/25/2022,106.01,3423338,105.98,106.23,105.82
10/24/2022,105.58,3027868,105.40,105.8601,105.25
10/21/2022,105.33,6788482,105.00,105.73,104.86
10/20/2022,105.06,15171500,105.082,105.455,104.765
10/19/2022,105.16,2803836,105.11,105.30,104.915
10/18/2022,105.70,3003329,106.04,106.18,105.4503
10/17/2022,105.98,2767632,106.25,106.46,105.90
10/14/2022,105.69,3884985,105.85,105.87,105.2943
10/13/2022,105.60,4180417,104.79,105.85,104.79
10/12/2022,105.72,10208300,105.61,105.88,105.34
10/11/2022,105.51,4508606,105.26,105.905,105.18
10/10/2022,104.91,2910926,105.43,105.51,104.88
10/07/2022,105.51,3308706,105.155,105.79,105.14
10/06/2022,105.48,3822027,105.85,105.95,105.445
10/05/2022,105.83,3467205,106.27,106.305,105.58
10/04/2022,106.67,3470644,106.89,107.05,106.54
10/03/2022,106.25,5368737,105.605,106.515,105.51
09/30/2022,104.90,5533362,105.48,105.61,104.63
09/29/2022,105.62,3468948,106.21,106.41,105.54
09/28/2022,107.12,2881945,106.15,107.18,105.81
09/27/2022,105.26,5123607,105.97,106.09,105.11
09/26/2022,105.82,5419183,107.35,107.38,105.785
09/23/2022,107.54,4059294,107.595,107.885,107.39
09/22/2022,108.00,3088393,108.71,108.79,107.865
09/21/2022,109.24,2939135,109.16,109.475,108.45
09/20/2022,109.03,2119011,108.77,109.17,108.72
09/19/2022,109.20,1639623,109.33,109.55,109.03
09/16/2022,109.70,2758112,110.00,110.18,109.64
09/15/2022,110.16,2617793,110.47,110.615,110.0864
09/14/2022,110.72,1815452,110.48,110.79,110.45
09/13/2022,110.44,3606878,110.07,110.48,110.0669
09/12/2022,110.77,3090464,111.20,111.26,110.515
09/09/2022,111.10,1903880,111.06,111.275,110.8454
09/08/2022,111.05,3303372,111.38,111.57,110.975
09/07/2022,111.67,3352964,111.514,111.69,111.335
09/06/2022,111.21,3399053,111.813,111.88,111.175
09/02/2022,112.28,6140439,112.06,112.33,111.73
09/01/2022,111.62,5405556,111.845,112.03,111.51
08/31/2022,113.91,7620809,114.75,114.9612,113.72
08/30/2022,114.93,2144234,114.95,115.21,114.69
08/29/2022,115.13,2117302,115.23,115.25,115.02
08/26/2022,115.58,1887777,115.72,115.83,115.33
08/25/2022,115.75,1468292,115.65,115.8299,115.53
08/24/2022,115.39,1794998,115.23,115.3968,115.11
08/23/2022,115.41,1664913,115.30,115.7142,115.20
08/22/2022,115.22,3771516,115.47,115.49,115.20
08/19/2022,115.44,3423401,115.50,115.63,115.335
08/18/2022,115.64,3706427,115.29,115.88,115.02
08/17/2022,115.05,2086555,115.31,115.32,114.90
08/16/2022,115.40,2658144,115.39,115.49,115.0934
08/15/2022,115.37,1950813,115.54,115.66,115.37
08/12/2022,115.49,2563185,115.48,115.57,115.16
08/11/2022,115.04,3714625,115.62,115.77,114.95
08/10/2022,115.43,1950474,115.68,116.02,115.42
08/09/2022,115.63,1453504,115.78,115.88,115.57
08/08/2022,115.96,3473187,115.75,116.00,115.685
08/05/2022,115.17,3098174,115.25,115.4291,115.08
08/04/2022,116.34,2238698,116.15,116.45,116.04
08/03/2022,116.36,2442195,115.80,116.42,115.49
08/02/2022,115.75,3650777,116.90,117.19,115.60
08/01/2022,117.13,3576495,117.04,117.32,116.77
07/29/2022,118.23,3256687,117.92,118.48,117.78
07/28/2022,117.64,3283231,117.50,117.69,117.09
07/27/2022,116.45,2378442,116.00,116.70,115.955
07/26/2022,115.71,1796109,116.44,116.54,115.695
07/25/2022,115.71,11366440,115.58,115.99,115.56
07/22/2022,115.93,5918540,115.56,116.12,115.52
07/21/2022,114.96,8560554,114.29,114.96,114.00
07/20/2022,114.25,2787409,114.69,114.81,114.15
07/19/2022,114.35,4571453,114.43,114.67,114.32
07/18/2022,114.47,2302013,114.67,114.72,114.27
07/15/2022,114.62,4638658,114.19,114.71,114.101
07/14/2022,113.96,5758764,113.64,114.18,113.47
07/13/2022,114.24,3245633,113.61,114.54,113.47
07/12/2022,113.65,2604396,113.73,114.1266,113.63
07/11/2022,113.69,2034423,113.83,114.10,113.58
07/08/2022,113.51,1919936,113.74,113.81,113.34
07/07/2022,113.63,2511699,114.28,114.29,113.4834
07/06/2022,113.81,2909438,114.82,114.87,113.77
07/05/2022,114.85,4716383,115.30,115.35,114.71
07/01/2022,115.17,7041535,114.79,115.40,114.49
06/30/2022,113.91,8033376,114.58,114.76,113.89
06/29/2022,114.01,6275048,114.03,114.55,113.69
06/28/2022,114.21,3469619,114.57,114.60,114.115
06/27/2022,114.61,3885584,115.09,115.31,114.58
06/24/2022,115.44,3581368,115.46,115.8006,115.28
06/23/2022,115.33,5523482,115.54,115.79,115.1999
06/22/2022,114.99,5163344,114.91,115.1331,114.79
06/21/2022,114.33,2628740,114.34,114.6676,114.2316
06/17/2022,114.73,5015970,114.61,114.825,114.255
06/16/2022,114.67,5934554,113.58,114.975,113.25
06/15/2022,115.01,10128160,113.87,115.29,113.68
06/14/2022,113.44,12801820,114.50,114.55,113.0147
06/13/2022,115.02,7081833,115.63,115.87,114.58
06/10/2022,116.99,3240986,117.43,117.59,116.94
06/09/2022,117.51,2866808,117.45,117.69,117.31
06/08/2022,117.53,1961097,117.70,117.8364,117.53
06/07/2022,117.82,2638196,117.67,117.91,117.565
06/06/2022,117.54,3466343,118.005,118.08,117.465
06/03/2022,118.31,4692460,117.31,118.36,117.31
06/02/2022,117.63,5457893,117.50,117.63,117.26
06/01/2022,117.09,4283208,117.60,117.69,116.99
05/31/2022,118.94,4759979,119.44,119.45,118.775
05/27/2022,119.79,3204946,119.74,119.86,119.61
05/26/2022,119.41,5993675,119.23,119.63,119.06
05/25/2022,118.92,3612601,119.07,119.07,118.6009
05/24/2022,118.82,3232939,118.40,119.0363,118.35
05/23/2022,118.18,3149586,118.43,118.70,118.16
05/20/2022,118.60,5597691,118.51,118.74,118.29
05/19/2022,118.55,8812508,119.42,119.52,118.17
05/18/2022,118.97,14954630,118.63,119.19,118.61
05/17/2022,118.15,3363761,118.56,118.6716,118.05
05/16/2022,118.75,3105091,118.99,119.08,118.70
05/13/2022,118.71,4551813,118.21,118.74,118.01
05/12/2022,118.10,5169675,118.85,119.0738,118.02
05/11/2022,118.61,5965587,117.36,118.74,117.02
05/10/2022,117.19,5760713,117.58,117.975,117.13
05/09/2022,117.72,5651987,117.935,117.99,117.52
05/06/2022,118.18,4995447,117.94,118.65,117.74
05/05/2022,118.49,4817061,118.95,119.19,118.0852
05/04/2022,119.75,5375768,118.76,120.04,118.3081
05/03/2022,118.82,6260952,119.29,119.65,118.79
05/02/2022,118.39,8579876,119.55,119.615,118.25
04/29/2022,121.07,8607238,121.85,122.2405,120.82
04/28/2022,122.08,4564513,121.38,122.12,121.292
04/27/2022,121.39,6335869,121.68,121.71,121.15
04/26/2022,121.59,4330408,121.56,121.70,121.24
04/25/2022,121.33,5231469,121.79,122.03,121.28
04/22/2022,121.42,4678599,121.78,122.35,121.35
04/21/2022,121.90,7096181,121.40,121.935,120.68
04/20/2022,121.42,6580155,120.82,121.59,120.74
04/19/2022,120.53,6102278,120.91,121.07,120.43
04/18/2022,121.13,3969586,121.33,121.39,121.02
04/14/2022,121.17,4916915,121.15,121.32,120.83
04/13/2022,121.18,4781394,121.56,121.76,121.12
04/12/2022,121.41,6454427,121.82,122.12,121.39
04/11/2022,121.42,4074445,121.01,121.465,120.90
04/08/2022,121.63,5256335,121.30,121.63,121.24
04/07/2022,121.41,3109308,121.54,121.79,121.20
04/06/2022,121.57,4662363,121.79,122.045,121.04
04/05/2022,122.11,4752375,122.87,122.97,122.07
04/04/2022,123.00,3284109,123.23,123.30,122.90
04/01/2022,123.09,5399204,122.75,123.575,122.54
03/31/2022,124.57,5546521,124.94,125.52,124.35
03/30/2022,124.97,2728169,124.44,125.09,124.41
03/29/2022,124.36,3139306,124.34,124.84,124.29
03/28/2022,124.81,2815415,125.02,125.365,124.80
03/25/2022,124.95,2761779,125.106,125.32,124.73
03/24/2022,125.81,5086104,126.24,126.50,125.77
03/23/2022,126.59,4621631,125.62,126.62,125.565
03/22/2022,125.02,3683411,125.454,125.685,124.96
03/21/2022,125.60,3459199,126.12,126.47,125.445
03/18/2022,126.72,4485105,126.64,127.36,126.48
03/17/2022,127.11,3732625,126.03,127.1499,125.83
03/16/2022,125.40,5880319,125.92,126.18,124.55
03/15/2022,126.13,4662410,127.21,127.28,126.11
03/14/2022,127.08,3650652,127.77,127.77,127.08
03/11/2022,128.50,5043703,127.99,128.60,127.95
03/10/2022,127.60,4035012,127.28,127.86,126.78
03/09/2022,127.88,8093495,128.33,128.516,127.41
03/08/2022,129.16,6291044,128.75,129.48,128.3317
03/07/2022,128.54,6720153,127.94,128.76,127.89
03/04/2022,127.85,5335246,127.66,128.475,127.66
03/03/2022,126.88,4892887,127.20,127.40,126.835
03/02/2022,127.03,5829828,127.62,127.74,127.00
03/01/2022,127.86,8968751,127.29,128.30,127.28
02/28/2022,127.18,7282320,125.84,127.25,125.83
02/25/2022,125.01,4615600,124.92,125.04,124.6322
02/24/2022,125.12,10218590,126.26,126.50,124.77
02/23/2022,124.61,4752667,124.27,124.80,124.07
02/22/2022,124.52,4772219,124.19,124.53,124.08
02/18/2022,124.14,8066378,124.03,124.16,123.915
02/17/2022,123.73,7624045,123.70,123.97,123.07
02/16/2022,123.45,5819193,123.46,123.645,123.285
02/15/2022,123.21,7268214,123.37,123.4871,123.20
02/14/2022,123.72,8381793,123.54,124.08,123.43
02/11/2022,124.05,14075390,123.625,124.105,123.10
02/10/2022,122.95,13043980,123.63,123.735,122.92
02/09/2022,123.94,6164605,123.95,124.27,123.8245
02/08/2022,123.70,5654338,123.65,123.8899,123.5428
02/07/2022,123.86,9978997,123.96,123.97,123.475
02/04/2022,123.91,9560893,124.08,124.29,123.775
02/03/2022,124.63,8142195,124.78,124.95,124.60
02/02/2022,125.42,8558446,125.30,125.685,125.24
02/01/2022,125.28,18786110,125.895,125.92,125.25
01/31/2022,126.54,7743314,126.08,126.54,126.07
01/28/2022,126.20,8506790,125.94,126.30,125.8699
01/27/2022,125.76,17301660,125.57,125.865,125.365
01/26/2022,125.25,9557782,126.07,126.275,125.14
01/25/2022,126.05,6600990,126.24,126.485,125.96
01/24/2022,126.27,11250930,126.05,126.39,125.87
01/21/2022,125.98,6552474,125.685,126.045,125.54
01/20/2022,125.20,7189999,125.42,125.67,125.17
01/19/2022,125.05,7744218,125.37,125.44,125.05
01/18/2022,125.31,6517435,125.54,125.63,125.30
01/14/2022,125.91,6159562,126.26,126.3169,125.85
01/13/2022,126.48,4735711,126.32,126.66,126.225
01/12/2022,126.45,7161985,127.11,127.17,126.43
01/11/2022,127.27,10839890,126.419,127.28,126.35
01/10/2022,126.39,6633202,126.03,126.40,125.845
01/07/2022,126.23,8132959,126.33,126.41,126.04
01/06/2022,126.38,7615536,126.45,126.47,126.0029
01/05/2022,126.93,6622878,128.02,128.04,126.92
01/04/2022,127.97,5740669,128.32,128.46,127.755
01/03/2022,128.46,4573577,128.685,128.71,128.38
12/31/2021,129.20,3820366,129.22,129.3066,129.065
12/30/2021,129.36,2926177,128.94,129.36,128.8143
12/29/2021,128.69,4320279,128.28,128.70,128.02
12/28/2021,128.58,2866286,128.97,129.05,128.54
12/27/2021,128.66,3388785,128.27,128.71,128.22
12/23/2021,128.23,2785533,128.49,128.50,128.05
12/22/2021,128.52,3170024,128.13,128.71,127.99
12/21/2021,128.11,3902558,127.84,128.11,127.595
12/20/2021,127.83,4403498,127.86,127.99,127.78
12/17/2021,127.90,4022308,128.02,128.135,127.825
12/16/2021,127.89,3897033,128.01,128.06,127.57
12/15/2021,128.41,4290844,128.09,128.48,127.685
12/14/2021,128.30,4148168,128.38,128.41,128.02
12/13/2021,128.71,3605731,128.83,129.11,128.68
12/10/2021,128.58,2247701,128.63,128.89,128.54
12/09/2021,128.59,3774021,129.26,129.365,128.56
12/08/2021,129.12,3123642,129.30,129.319,128.97
12/07/2021,129.34,3824913,129.37,129.54,129.20
12/06/2021,129.13,6854972,129.85,129.935,129.10
12/03/2021,129.72,4030748,129.27,129.985,129.23
12/02/2021,129.45,3391414,129.07,129.52,128.89
12/01/2021,129.07,7504302,129.15,129.23,128.57
11/30/2021,129.66,5051354,129.96,130.22,129.40
11/29/2021,129.54,3803537,129.69,129.92,129.47
11/26/2021,129.84,2056944,129.40,129.88,129.25
11/24/2021,129.20,2725279,128.87,129.2443,128.6088
11/23/2021,128.80,3859472,128.99,129.03,128.43
11/22/2021,129.30,3504059,129.43,129.6966,129.10
11/19/2021,130.35,2518244,130.66,130.96,130.30
11/18/2021,130.59,3099705,130.43,130.74,130.43
11/17/2021,130.51,4037124,130.08,130.5351,130.00
11/16/2021,130.25,2772251,130.53,130.64,130.14
11/15/2021,130.44,4261640,130.55,130.76,130.405
11/12/2021,130.42,4085287,130.61,130.95,130.40
11/11/2021,130.44,2426625,130.57,130.60,130.40
11/10/2021,130.46,6254569,131.30,131.37,130.00
11/09/2021,130.86,3084868,130.56,130.95,130.36
11/08/2021,130.10,3581027,129.88,130.13,129.785
11/05/2021,129.67,3862867,129.52,129.78,129.40
11/04/2021,129.22,2985533,129.05,129.29,128.94
11/03/2021,128.37,3334960,128.50,128.80,128.23
11/02/2021,128.55,4797922,128.27,128.56,128.23
11/01/2021,128.04,5649172,128.70,128.745,127.86
10/29/2021,128.67,4994750,128.21,128.815,128.14
10/28/2021,129.00,7306879,129.47,129.61,128.775
10/27/2021,130.13,4194751,129.80,130.2195,129.5575
10/26/2021,129.52,4175371,129.20,129.54,128.98
10/25/2021,129.07,3460694,128.77,129.18,128.76
10/22/2021,128.76,4742524,128.74,128.875,128.46
10/21/2021,128.50,8850821,128.34,128.68,128.135
10/20/2021,128.21,5178140,127.87,128.3663,127.84
10/19/2021,127.98,2126825,128.12,128.13,127.87
10/18/2021,128.29,2868934,128.35,128.485,128.08
10/15/2021,128.56,2197350,128.741,128.75,128.44
10/14/2021,128.77,4197998,128.67,128.84,128.5435
10/13/2021,128.52,4373690,128.07,128.53,128.03
10/12/2021,127.94,3651845,127.89,128.10,127.76
10/11/2021,127.70,2968032,127.75,127.92,127.67
10/08/2021,127.78,2843362,127.81,127.8766,127.6544
10/07/2021,127.75,2616507,127.65,127.75,127.4822
10/06/2021,127.86,2864154,127.97,128.04,127.811
10/05/2021,127.93,6185354,127.94,128.01,127.82
10/04/2021,127.80,9127445,127.68,127.86,127.58
10/01/2021,127.81,7280160,127.575,127.82,127.48
09/30/2021,127.69,3764694,127.50,127.75,127.40
09/29/2021,127.67,3306984,127.80,127.93,127.47
09/28/2021,127.60,3809585,127.80,127.81,127.58
09/27/2021,127.88,3169511,127.76,128.05,127.76
09/24/2021,127.82,3238748,127.89,127.97,127.70
09/23/2021,128.14,3702005,128.35,128.44,128.023
09/22/2021,128.60,2912810,128.76,128.91,128.46
09/21/2021,128.73,2819275,128.86,128.90,128.63
09/20/2021,128.82,3272676,128.86,128.94,128.71
09/17/2021,128.70,2162183,128.95,128.95,128.64
09/16/2021,129.07,1554640,129.09,129.185,128.99
09/15/2021,129.28,2575589,129.47,129.52,129.15
09/14/2021,129.21,3987742,129.12,129.42,129.04
09/13/2021,129.14,3171558,129.46,129.47,129.06
09/10/2021,129.14,2426470,129.45,129.5348,129.0661
09/09/2021,129.50,3040504,128.99,129.53,128.905
09/08/2021,128.82,2281653,128.68,128.885,128.59
09/07/2021,128.30,3480654,128.36,128.50,128.23
09/03/2021,128.62,3100275,128.69,128.73,128.565
09/02/2021,128.80,2925260,128.72,128.80,128.655
09/01/2021,128.75,11817050,128.48,128.76,128.41
08/31/2021,129.59,4555114,129.84,129.885,129.47
08/30/2021,129.97,2765373,130.15,130.22,129.805
08/27/2021,129.99,3106953,129.15,130.007,129.0492
08/26/2021,129.02,2627236,129.05,129.08,128.90
08/25/2021,129.00,4473380,129.08,129.13,128.8816
08/24/2021,129.05,3136111,129.05,129.245,129.00
08/23/2021,129.05,2436815,128.98,129.08,128.89
08/20/2021,128.75,2270261,129.07,129.145,128.73
08/19/2021,129.15,5415934,129.08,129.15,128.895
08/18/2021,129.10,4831544,129.09,129.13,128.785
08/17/2021,129.08,3217297,129.50,129.565,129.08
08/16/2021,129.43,2544978,129.41,129.57,129.36
08/13/2021,129.30,1947905,129.11,129.32,129.057
08/12/2021,128.97,2904342,129.03,129.07,128.83
08/11/2021,129.07,2780764,128.79,129.13,128.64
08/10/2021,128.86,2786278,128.82,128.99,128.725
08/09/2021,128.74,3077028,128.95,129.08,128.72
08/06/2021,128.97,2789803,128.77,129.03,128.715
08/05/2021,129.26,2912354,129.43,129.46,129.11
08/04/2021,129.72,3618162,129.97,130.085,129.52
08/03/2021,129.97,2642762,129.74,129.97,129.57
08/02/2021,129.85,10419040,129.88,130.145,129.78
07/30/2021,130.58,3894441,130.49,130.65,130.45
07/29/2021,130.38,3453156,130.48,130.63,130.37
07/28/2021,130.61,3485662,130.12,130.61,129.72
07/27/2021,130.17,3591080,130.20,130.275,129.97
07/26/2021,130.20,6587912,129.91,130.26,129.76
07/23/2021,129.64,17991850,129.19,129.67,129.145
07/22/2021,129.06,3061838,128.82,129.19,128.76
07/21/2021,128.70,4654894,128.81,128.859,128.605
07/20/2021,129.03,4167510,129.16,129.29,128.875
07/19/2021,129.05,4835436,129.35,129.53,128.99
07/16/2021,129.00,1607218,128.96,129.10,128.94
07/15/2021,129.00,2419061,128.87,129.0099,128.63
07/14/2021,128.61,1730553,128.67,128.72,128.42
07/13/2021,128.27,2543320,128.58,128.66,128.21
07/12/2021,128.27,2775085,127.99,128.3099,127.9329
07/09/2021,127.93,2703982,127.80,127.96,127.72
07/08/2021,127.91,3737382,128.02,128.08,127.84
07/07/2021,128.08,3739497,128.36,128.43,127.99
07/06/2021,128.17,5628603,127.98,128.265,127.96
07/02/2021,127.84,5318405,127.46,127.86,127.41
07/01/2021,127.30,6201247,127.35,127.39,127.16
06/30/2021,128.01,2726516,128.01,128.21,127.99
06/29/2021,127.84,1613100,127.81,127.8984,127.75
06/28/2021,127.77,1780712,127.7847,127.9655,127.77
06/25/2021,127.58,2426653,127.56,127.61,127.283
06/24/2021,127.45,2077495,127.71,127.78,127.435
06/23/2021,127.69,2633104,127.65,127.7184,127.50
06/22/2021,127.66,1933174,127.04,127.66,127.03
06/21/2021,126.96,2607646,126.97,127.09,126.79
06/18/2021,127.18,4629393,126.99,127.25,126.71
06/17/2021,127.13,4873536,126.647,127.17,126.45
06/16/2021,126.65,3990845,127.88,128.24,126.64
06/15/2021,127.81,6562127,127.64,127.84,127.61
06/14/2021,127.60,2169000,127.72,127.76,127.365
06/11/2021,127.67,2573814,128.04,128.10,127.51
06/10/2021,128.00,3484951,127.39,128.02,127.315
06/09/2021,127.34,3332415,127.52,127.665,127.23
06/08/2021,127.33,1870856,127.39,127.45,127.26
06/07/2021,127.20,2712959,127.49,127.505,127.20
06/04/2021,127.48,3445372,127.25,127.525,127.25
06/03/2021,126.87,3777412,127.12,127.15,126.87
06/02/2021,127.30,3177862,127.51,127.55,127.30
06/01/2021,127.46,6261149,127.17,127.46,127.02
05/28/2021,127.77,3884046,127.77,127.97,127.70
05/27/2021,127.69,3046552,127.46,127.69,127.37
05/26/2021,127.70,2570864,128.00,128.03,127.605
05/25/2021,127.99,1545735,127.92,128.039,127.84
05/24/2021,127.63,2740303,127.43,127.66,127.38
05/21/2021,127.32,2021284,127.27,127.35,127.095
05/20/2021,127.09,2583010,127.09,127.26,126.945
05/19/2021,126.94,3527018,127.64,127.76,126.94
05/18/2021,127.81,2486272,127.85,128.0615,127.775
05/17/2021,128.00,2225043,127.76,128.02,127.70
05/14/2021,127.75,2595263,127.49,127.79,127.4519
05/13/2021,127.30,2992435,127.35,127.44,127.17
05/12/2021,127.27,3612157,127.69,127.755,127.25
05/11/2021,127.49,2535899,127.47,127.60,127.28
05/10/2021,127.83,2745061,128.01,128.29,127.775
05/07/2021,127.77,4880775,127.65,127.90,127.57
05/06/2021,127.50,4559125,127.66,127.87,127.445
05/05/2021,127.65,3293430,127.13,127.66,127.13
05/04/2021,127.08,5103162,127.18,127.29,126.94
05/03/2021,126.79,6701010,126.56,126.86,126.51
04/30/2021,126.99,2351458,126.96,127.06,126.835
04/29/2021,127.07,2167392,126.93,127.07,126.795
04/28/2021,127.13,2787912,126.97,127.155,126.79
04/27/2021,126.73,5229670,126.835,126.90,126.63
04/26/2021,126.74,1708767,126.56,126.78,126.52
04/23/2021,126.67,1564157,126.67,126.68,126.41
04/22/2021,126.61,2036236,126.60,126.6899,126.365
04/21/2021,126.46,2158303,126.34,126.47,126.26
04/20/2021,126.34,1261997,126.04,126.3887,126.04
04/19/2021,126.26,1829408,126.30,126.36,126.15
04/16/2021,126.48,1980972,126.36,126.5869,126.30
04/15/2021,126.52,2047362,126.22,126.57,126.22
04/14/2021,125.84,1890135,125.70,125.89,125.655
04/13/2021,125.84,2062607,125.59,125.85,125.51
04/12/2021,125.38,1504671,125.38,125.43,125.25
04/09/2021,125.36,2891647,125.46,125.57,125.265
04/08/2021,125.63,1299621,125.57,125.71,125.497
04/07/2021,125.35,1519583,125.41,125.60,125.33
04/06/2021,125.27,2050062,125.35,125.53,125.265
04/05/2021,125.20,2094963,125.09,125.25,124.985
04/01/2021,125.56,3026625,125.375,125.59,125.27
03/31/2021,125.50,2781855,125.57,125.7962,125.31
03/30/2021,125.47,1597129,125.39,125.56,125.32
03/29/2021,125.69,1629102,126.15,126.15,125.565
03/26/2021,126.03,1658645,125.98,126.27,125.97
03/25/2021,126.00,2120464,126.10,126.21,125.86
03/24/2021,126.09,1482549,125.77,126.10,125.72
03/23/2021,125.76,2294131,125.50,125.77,125.40
03/22/2021,125.50,1424570,125.10,125.52,125.0915
03/19/2021,124.90,1474323,124.60,124.94,124.54
03/18/2021,124.66,4499166,124.86,124.99,124.66
03/17/2021,125.55,2518524,125.42,125.73,125.085
03/16/2021,125.66,1831337,125.65,125.775,125.45
03/15/2021,125.40,2098149,125.09,125.4631,125.02
03/12/2021,125.03,2812270,125.28,125.28,124.86
03/11/2021,126.02,1612564,126.00,126.10,125.77
03/10/2021,125.91,1828180,125.40,125.91,125.40
03/09/2021,125.34,1801671,125.16,125.34,125.02
03/08/2021,124.56,3776877,125.19,125.23,124.56
03/05/2021,125.25,2570660,124.94,125.40,124.905
03/04/2021,125.12,5701602,125.70,125.765,124.89
03/03/2021,125.60,4606729,125.67,125.7364,125.445
03/02/2021,125.92,3671602,125.34,125.945,125.34
03/01/2021,125.41,13489220,125.60,125.79,125.18
02/26/2021,125.83,6399428,124.49,125.83,124.30
02/25/2021,124.29,7721376,125.29,125.37,123.51
02/24/2021,125.83,3131521,125.63,125.96,125.54
02/23/2021,125.93,3199433,125.92,126.07,125.715
02/22/2021,125.90,2735711,125.86,126.03,125.78
02/19/2021,125.91,3543774,126.23,126.31,125.55
02/18/2021,126.45,2611836,126.80,126.80,126.44
02/17/2021,126.98,2404690,127.13,127.18,126.86
02/16/2021,127.03,2828142,127.325,127.475,126.98
02/12/2021,127.65,1995445,127.75,127.85,127.56
02/11/2021,127.86,1803024,128.06,128.06,127.728
02/10/2021,128.01,1599001,127.91,128.04,127.87
02/09/2021,127.90,2434405,127.93,128.02,127.835
02/08/2021,127.83,2188770,127.74,127.945,127.6418
02/05/2021,127.71,1734003,127.71,127.81,127.6117
02/04/2021,127.74,1943812,127.70,127.89,127.575
02/03/2021,127.83,1888712,127.88,127.975,127.8278
02/02/2021,127.90,3343578,127.68,128.0181,127.585
02/01/2021,127.71,7799980,127.85,127.94,127.71
01/29/2021,127.99,3341322,128.13,128.268,127.74
01/28/2021,128.12,1823836,128.02,128.16,127.92
01/27/2021,127.87,2070340,127.97,128.05,127.82
01/26/2021,127.91,2696243,128.11,128.15,127.82
01/25/2021,128.10,2102911,127.94,128.2251,127.89
01/22/2021,127.77,1648107,127.835,127.90,127.725
01/21/2021,127.97,3029435,127.66,127.97,127.5045
01/20/2021,127.66,2619786,127.47,127.71,127.395
01/19/2021,127.47,2581302,127.35,127.515,127.155
01/15/2021,127.17,2681179,127.17,127.24,127.06
01/14/2021,127.03,2214374,126.97,127.15,126.85
01/13/2021,126.97,2524113,126.78,127.135,126.69
01/12/2021,126.69,3489116,126.69,126.80,126.40
01/11/2021,126.52,2786986,126.46,126.60,126.36
01/08/2021,126.79,2292559,127.15,127.175,126.58
01/07/2021,127.29,3263954,127.18,127.365,127.18
01/06/2021,127.37,3917244,127.52,127.52,127.13
01/05/2021,127.75,3887995,127.69,127.80,127.58
01/04/2021,127.79,3859904,127.49,127.92,127.46
12/31/2020,127.65,2360929,127.43,127.68,127.39
12/30/2020,127.38,2329391,127.18,127.39,127.13
12/29/2020,127.28,1321506,127.18,127.29,127.16
12/28/2020,127.34,1081235,127.21,127.345,127.11
12/24/2020,127.25,768933,127.27,127.3182,127.21
12/23/2020,127.20,1639502,126.94,127.20,126.75
12/22/2020,127.14,947577,127.15,127.17,127.03
12/21/2020,127.02,1705719,127.14,127.185,126.98
12/18/2020,127.04,1912013,127.15,127.235,127.00
12/17/2020,127.10,1410513,127.33,127.39,127.0078
12/16/2020,127.05,1915445,126.90,127.12,126.79
12/15/2020,127.06,1766328,126.88,127.06,126.83
12/14/2020,126.83,1327432,126.68,126.905,126.5719
12/11/2020,126.83,1228447,126.85,126.93,126.70
12/10/2020,126.84,2169243,126.69,126.8481,126.62
12/09/2020,126.55,2271090,126.67,126.68,126.51
12/08/2020,126.71,1535415,126.71,126.795,126.61
12/07/2020,126.50,3853681,126.49,126.67,126.44
12/04/2020,126.17,1773512,126.23,126.27,126.01
12/03/2020,126.44,3802191,126.35,126.47,126.21
12/02/2020,126.09,3320320,125.86,126.1184,125.675
12/01/2020,126.00,6034489,126.12,126.165,125.80
11/30/2020,126.42,3271164,126.34,126.505,126.22
11/27/2020,126.28,1015405,126.07,126.28,126.07
11/25/2020,125.97,1045614,125.93,126.05,125.875
11/24/2020,125.76,1662388,125.72,125.81,125.635
11/23/2020,125.72,1331285,125.74,125.795,125.64
11/20/2020,125.82,1137535,125.64,125.83,125.59
11/19/2020,125.54,4095435,125.52,125.65,125.36
11/18/2020,125.41,1385932,125.50,125.58,125.26
11/17/2020,125.37,1310161,125.31,125.40,125.24
11/16/2020,125.16,2750829,125.30,125.41,125.11
11/13/2020,125.33,1362626,125.45,125.45,125.23
11/12/2020,125.34,1726606,125.20,125.35,125.12
11/11/2020,124.99,1309029,124.89,124.99,124.81
11/10/2020,124.77,2641430,124.69,124.98,124.64
11/09/2020,124.65,3235634,124.61,124.68,124.32
11/06/2020,125.01,2495925,125.30,125.30,124.9701
11/05/2020,125.58,3977021,125.58,125.67,125.46
11/04/2020,125.48,4789700,125.60,125.68,125.345
11/03/2020,125.27,5226654,125.29,125.29,124.965
11/02/2020,125.37,6642041,125.25,125.46,125.20
10/30/2020,125.23,3330321,125.61,125.655,125.165
10/29/2020,125.61,2698421,125.97,125.97,125.5938
10/28/2020,126.04,2275731,126.14,126.1551,125.94
10/27/2020,126.20,1521278,126.12,126.24,126.12
10/26/2020,125.95,2135803,125.98,126.025,125.84
10/23/2020,125.85,2846865,125.72,125.8783,125.65
10/22/2020,125.70,2517018,125.90,125.90,125.655
10/21/2020,125.89,1617698,126.01,126.05,125.88
10/20/2020,125.93,2015898,126.05,126.11,125.87
10/19/2020,126.04,1577556,126.21,126.26,126.04
10/16/2020,126.34,1468867,126.36,126.42,126.2534
10/15/2020,126.29,923050,126.37,126.38,126.22
10/14/2020,126.33,1135465,126.49,126.505,126.25
10/13/2020,126.33,1761033,126.29,126.47,126.26
10/12/2020,126.33,1263646,126.19,126.34,126.1589
10/09/2020,126.25,1912653,126.19,126.27,126.00
10/08/2020,126.21,1922973,125.95,126.21,125.8735
10/07/2020,125.71,1491168,125.75,125.81,125.61
10/06/2020,125.72,2184719,125.80,125.94,125.55
10/05/2020,125.70,2675353,126.06,126.06,125.685
10/02/2020,126.08,3120129,126.10,126.15,125.97
10/01/2020,126.06,10675710,126.07,126.295,125.93
09/30/2020,126.50,6230560,126.90,126.90,126.49
09/29/2020,126.88,1141966,126.77,126.95,126.71
09/28/2020,126.67,2221072,126.55,126.6899,126.48
09/25/2020,126.41,2756326,126.20,126.41,126.145
09/24/2020,126.24,3391004,126.14,126.26,126.09
09/23/2020,126.15,2519469,126.31,126.38,126.075
09/22/2020,126.28,2661230,126.26,126.39,126.13
09/21/2020,126.24,4146140,126.48,126.57,126.21
09/18/2020,126.47,1312054,126.67,126.675,126.46
09/17/2020,126.58,1949684,126.54,126.62,126.35
09/16/2020,126.51,2265030,126.67,126.8189,126.47
09/15/2020,126.51,1797642,126.42,126.59,126.40
09/14/2020,126.42,1450104,126.49,126.6099,126.33
09/11/2020,126.50,1634777,126.60,126.6679,126.4335
09/10/2020,126.57,1845085,126.46,126.58,126.305
09/09/2020,126.46,2012144,126.65,126.81,126.32
09/08/2020,126.39,1821574,126.335,126.55,126.33
09/04/2020,126.27,2048327,126.74,126.74,126.1135
09/03/2020,126.66,2666122,126.98,127.01,126.56
09/02/2020,127.10,3262463,127.23,127.2799,126.95
09/01/2020,127.05,3560788,127.04,127.21,126.83
08/31/2020,126.98,3307917,126.65,127.15,126.575
08/28/2020,126.41,2553479,126.41,126.61,126.22
08/27/2020,126.01,1804747,126.43,126.46,125.915
08/26/2020,126.51,1316203,126.32,126.54,126.1651
08/25/2020,126.26,2188211,126.14,126.3461,125.9033
08/24/2020,126.30,2014127,126.39,126.48,126.26
08/21/2020,126.05,2029447,125.81,126.05,125.70
08/20/2020,125.62,1650278,125.86,126.15,125.33
08/19/2020,125.74,2010909,126.38,126.51,125.695
08/18/2020,126.12,1388324,125.81,126.13,125.74
08/17/2020,125.56,1587393,125.48,125.64,125.40
08/14/2020,125.29,2057165,125.48,125.52,125.29
08/13/2020,125.50,1879651,125.90,126.05,125.46
08/12/2020,125.82,2302344,125.84,125.95,125.63
08/11/2020,125.74,2608645,125.79,125.83,125.57
08/10/2020,126.02,1692378,126.39,126.41,125.98
08/07/2020,126.17,2206834,126.59,126.60,126.10
08/06/2020,126.51,1895867,126.65,126.8764,126.435
08/05/2020,126.37,1779998,126.27,126.46,126.26
08/04/2020,126.31,1536459,126.26,126.37,126.14
08/03/2020,126.03,3755799,125.85,126.03,125.76
07/31/2020,125.86,2701973,125.54,125.92,125.365
07/30/2020,125.49,1497326,125.47,125.5077,125.34
07/29/2020,125.36,1080138,125.11,125.36,125.085
07/28/2020,125.07,853153,124.88,125.08,124.8615
07/27/2020,124.84,1888781,125.00,125.05,124.78
07/24/2020,124.84,1168018,124.86,124.9757,124.805
07/23/2020,124.87,2465598,125.00,125.07,124.73
07/22/2020,124.81,1595404,125.13,125.13,124.81
07/21/2020,124.81,1066535,124.75,124.87,124.65
07/20/2020,124.53,1543841,124.65,124.75,124.45
07/17/2020,124.36,1058827,124.27,124.36,124.17
07/16/2020,124.13,950857,124.09,124.18,123.99
07/15/2020,123.88,1098363,123.85,124.0699,123.8198
07/14/2020,123.95,1037642,124.09,124.24,123.92
07/13/2020,123.93,1041025,123.50,123.93,123.402
07/10/2020,123.66,832020,123.85,123.90,123.632
07/09/2020,123.79,1168185,123.55,123.92,123.50
07/08/2020,123.47,1223163,123.55,123.685,123.47
07/07/2020,123.69,1148197,123.71,123.8021,123.44
07/06/2020,123.66,1295650,123.34,123.70,123.185
07/02/2020,123.42,1557751,123.13,123.60,122.97
07/01/2020,123.08,1755144,122.86,123.08,122.7187
06/30/2020,123.00,2665259,123.28,123.36,122.81
06/29/2020,123.20,959762,123.08,123.20,123.035
06/26/2020,123.06,1017440,122.96,123.08,122.91
06/25/2020,122.85,1291014,122.84,122.9678,122.74
06/24/2020,122.74,1152117,122.89,123.02,122.71
06/23/2020,122.91,1556758,122.90,122.9519,122.8089
06/22/2020,122.84,1612336,122.64,122.84,122.575
06/19/2020,122.53,1673395,122.21,122.53,122.18
06/18/2020,122.29,1553841,121.94,122.36,121.82
06/17/2020,121.74,1574598,121.71,121.81,121.58
06/16/2020,121.82,2476557,121.71,121.98,121.51
06/15/2020,121.88,1898739,122.03,122.08,121.82
06/12/2020,121.83,1450887,122.01,122.13,121.77
06/11/2020,122.16,1569789,122.27,122.45,122.105
06/10/2020,122.12,1471954,121.66,122.15,121.55
06/09/2020,121.19,1943629,121.60,121.6898,121.16
06/08/2020,121.07,1572666,120.77,121.07,120.76
06/05/2020,120.81,1451625,120.59,120.8399,120.255
06/04/2020,120.82,1541498,121.17,121.21,120.79
06/03/2020,121.28,1743644,121.46,121.47,121.08
06/02/2020,121.68,1031899,121.90,121.93,121.515
06/01/2020,121.95,1527984,121.83,121.97,121.75
05/29/2020,121.80,2454501,121.78,121.98,121.60
05/28/2020,121.75,967820,121.40,121.77,121.34
05/27/2020,121.37,1079356,121.26,121.52,121.16
05/26/2020,121.25,1171059,121.60,121.62,121.25
05/22/2020,121.70,1358570,121.58,121.75,121.48
05/21/2020,121.63,1345713,121.71,121.98,121.53
05/20/2020,121.76,880509,121.38,121.829,121.38
05/19/2020,121.40,1356230,121.44,121.57,121.36
05/18/2020,121.54,1561219,121.57,121.70,121.29
05/15/2020,121.55,1011508,121.46,121.56,121.3221
05/14/2020,121.34,1141483,121.24,121.40,121.12
05/13/2020,121.20,1563876,121.23,121.43,121.0291
05/12/2020,121.09,1582867,121.06,121.18,120.85
05/11/2020,120.98,1065791,121.25,121.33,120.98
05/08/2020,121.40,1113948,121.37,121.545,121.25
05/07/2020,121.44,1552133,120.91,121.54,120.815
05/06/2020,120.68,1844940,120.97,120.99,120.61
05/05/2020,121.27,3873039,121.03,121.375,120.91
05/04/2020,121.13,1484080,121.17,121.30,121.01
05/01/2020,121.01,1910908,121.05,121.115,120.62
04/30/2020,121.31,2968230,122.31,122.355,121.31
04/29/2020,122.22,1664855,122.31,122.46,122.095
04/28/2020,122.37,1362210,122.16,122.45,122.12
04/27/2020,121.95,2086162,122.13,122.318,121.90
04/24/2020,122.19,1119585,121.63,122.23,121.54
04/23/2020,121.50,2614509,121.78,121.90,121.35
04/22/2020,121.57,1830288,121.12,121.57,120.845
04/21/2020,120.84,1279996,120.71,121.07,120.60
04/20/2020,120.23,2014811,120.04,120.69,119.95
04/17/2020,120.60,2183481,121.29,121.44,120.3393
04/16/2020,121.18,1914950,122.22,122.38,120.93
04/15/2020,122.24,1527164,122.62,122.65,122.11
04/14/2020,122.11,2983363,121.92,122.27,121.87
04/13/2020,121.75,1462145,121.67,121.91,121.57
04/09/2020,121.53,3010109,121.04,121.8508,120.86
04/08/2020,120.34,11109940,121.04,121.31,120.25
04/07/2020,121.17,1655379,121.25,121.52,120.67
04/06/2020,121.25,2111059,121.47,121.53,121.03
04/03/2020,121.33,2990866,121.43,121.59,120.81
04/02/2020,120.27,2813466,119.66,120.5846,119.25
04/01/2020,118.46,8058762,118.76,119.13,118.32
03/31/2020,117.92,3063187,118.93,119.00,117.75
03/30/2020,118.34,3484364,120.15,120.38,118.29
03/27/2020,120.25,2621798,120.00,120.37,118.53
03/26/2020,119.86,4072912,120.28,121.7179,119.4783
03/25/2020,119.25,2921820,118.71,119.90,118.52
03/24/2020,118.11,3533418,117.35,119.14,117.00
03/23/2020,118.04,4261406,115.42,118.057,115.01
03/20/2020,115.86,3327000,112.13,116.10,111.17
03/19/2020,110.92,3017467,109.64,111.10,109.64
03/18/2020,108.81,4942329,110.21,111.3535,108.37
03/17/2020,110.16,4496398,113.18,114.39,110.16
03/16/2020,113.33,5894336,113.72,114.19,112.51
03/13/2020,114.12,5230435,114.80,115.95,113.70
03/12/2020,113.67,12654750,113.38,118.4224,107.37
03/11/2020,113.94,8808330,117.10,117.785,113.49
03/10/2020,116.58,9542219,120.18,120.50,116.29
03/09/2020,120.02,5756540,122.89,123.12,120.00
03/06/2020,122.54,3888630,122.92,123.16,121.98
03/05/2020,121.73,3796024,121.93,122.081,121.65
03/04/2020,121.35,4020872,121.74,121.97,121.2301
03/03/2020,121.53,7529659,120.31,122.17,120.24
03/02/2020,120.31,12076140,120.26,120.645,120.08
02/28/2020,120.03,5021667,120.18,120.49,119.915
02/27/2020,119.84,3634183,119.81,119.97,119.635
02/26/2020,119.49,2459653,119.33,119.78,119.24
02/25/2020,119.55,1462627,119.63,119.9345,119.52
02/24/2020,119.75,1489797,119.76,119.825,119.664
02/21/2020,119.20,930248,119.08,119.3257,119.08
02/20/2020,118.98,809582,118.82,118.985,118.79
02/19/2020,118.75,787087,118.76,118.80,118.6601
02/18/2020,118.80,1078905,118.69,118.865,118.64
02/14/2020,118.54,817537,118.53,118.64,118.5126
02/13/2020,118.45,1314601,118.42,118.495,118.3576
02/12/2020,118.20,1243270,118.10,118.26,118.06
02/11/2020,118.32,600211,118.48,118.48,118.28
02/10/2020,118.67,627071,118.58,118.74,118.52
02/07/2020,118.49,1071930,118.29,118.499,118.25
02/06/2020,118.01,1222350,117.80,118.05,117.80
02/05/2020,117.79,1443813,117.86,117.98,117.78
02/04/2020,118.14,1635675,118.33,118.33,118.0105
02/03/2020,118.65,3061936,118.56,118.68,118.3738
01/31/2020,119.06,2343943,118.72,119.10,118.70
01/30/2020,118.55,1199495,118.48,118.85,118.36
01/29/2020,118.42,1096389,118.13,118.51,118.1236
01/28/2020,117.99,743094,118.19,118.205,117.985
01/27/2020,118.17,1111555,118.14,118.24,118.09
01/24/2020,117.90,963270,117.74,117.9699,117.7399
01/23/2020,117.64,2230227,117.62,117.75,117.60
01/22/2020,117.40,1154723,117.55,117.59,117.3901
01/21/2020,117.48,1109699,117.31,117.535,117.30
01/17/2020,117.10,920525,117.13,117.19,117.02
01/16/2020,117.29,1205851,117.43,117.45,117.28
01/15/2020,117.48,1601568,117.60,117.60,117.4732
01/14/2020,117.39,3290009,117.28,117.43,117.25
01/13/2020,117.23,1422663,117.17,117.27,117.0499
01/10/2020,117.25,1609281,117.05,117.27,117.02
01/09/2020,116.90,1814022,116.66,116.92,116.59
01/08/2020,116.91,2121518,117.05,117.18,116.7601
01/07/2020,117.02,810503,117.23,117.2573,117.02
01/06/2020,117.38,917495,117.84,117.84,117.33
01/03/2020,117.68,1259899,117.56,117.83,117.50
01/02/2020,117.14,2150763,116.93,117.19,116.93
12/31/2019,116.57,1277031,116.48,116.75,116.44
12/30/2019,116.69,932634,116.47,116.69,116.40
12/27/2019,116.65,657908,116.60,116.70,116.60
12/26/2019,116.61,385799,116.54,116.63,116.4501
12/24/2019,116.53,340803,116.27,116.59,116.25
12/23/2019,116.39,1067551,116.58,116.5901,116.3033
12/20/2019,116.59,1218144,116.65,116.73,116.565
12/19/2019,116.65,1409965,116.34,116.7866,116.28
12/18/2019,116.57,1276991,116.65,116.72,116.52
12/17/2019,116.70,1612299,116.54,116.70,116.51
12/16/2019,116.54,852836,116.65,116.73,116.48
12/13/2019,116.81,1093932,116.45,116.83,116.24
12/12/2019,116.34,1439778,116.78,116.87,116.1181
12/11/2019,116.91,860669,116.73,116.95,116.6506
12/10/2019,116.50,432700,116.57,116.5967,116.36
12/09/2019,116.53,724298,116.67,116.7155,116.47
12/06/2019,116.50,524214,116.35,116.55,116.29
12/05/2019,116.58,679769,116.50,116.63,116.45
12/04/2019,116.75,773544,116.70,116.84,116.6012
12/03/2019,116.83,1373675,116.42,116.97,116.42
12/02/2019,116.11,2283465,115.86,116.12,115.77
11/29/2019,116.38,1013004,116.62,116.645,116.25
11/27/2019,116.65,510830,116.71,116.77,116.62
11/26/2019,116.88,620321,116.78,116.89,116.7758
11/25/2019,116.63,818038,116.57,116.69,116.54
11/22/2019,116.50,2323662,116.48,116.595,116.39
11/21/2019,116.46,803453,116.41,116.56,116.285
11/20/2019,116.72,666126,116.42,116.72,116.4154
11/19/2019,116.27,437319,116.10,116.30,116.09
11/18/2019,116.06,658552,115.88,116.10,115.87
11/15/2019,115.83,813342,115.77,115.997,115.74
11/14/2019,115.97,1247373,115.94,116.10,115.89
11/13/2019,115.70,614562,115.79,115.81,115.63
11/12/2019,115.60,1609640,115.62,115.7249,115.52
11/11/2019,115.62,530182,115.70,115.7184,115.54
11/08/2019,115.56,742239,115.41,115.6538,115.395
11/07/2019,115.63,1247956,115.99,115.995,115.41
11/06/2019,116.28,1009833,116.03,116.28,116.03
11/05/2019,115.91,966972,115.91,115.9969,115.74
11/04/2019,116.13,1705244,116.04,116.19,115.99
11/01/2019,116.21,7995468,116.09,116.34,115.98
10/31/2019,116.06,1396737,115.95,116.346,115.95
10/30/2019,115.70,738464,115.45,115.71,115.40
10/29/2019,115.27,776502,115.56,115.61,115.27
10/28/2019,115.56,1007845,115.74,115.79,115.5399
10/25/2019,116.12,807765,116.13,116.20,115.95
10/24/2019,116.10,928072,116.10,116.31,116.0163
10/23/2019,116.03,946741,116.09,116.2099,115.9832
10/22/2019,115.95,1075680,115.86,115.95,115.69
10/21/2019,115.60,1151022,115.68,115.88,115.59
10/18/2019,115.97,525044,115.90,116.055,115.8332
10/17/2019,115.79,1122281,115.54,115.91,115.49
10/16/2019,115.63,981199,115.46,115.80,115.38
10/15/2019,115.45,1492287,115.81,115.8799,115.4099
10/14/2019,115.84,772614,115.96,115.96,115.7042
10/11/2019,115.65,2688167,115.69,115.95,115.53
10/10/2019,116.01,776905,116.27,116.27,115.84
10/09/2019,116.38,1507840,116.50,116.54,116.19
10/08/2019,116.62,839062,116.91,116.95,116.502
10/07/2019,116.73,635045,116.92,117.085,116.73
10/04/2019,117.05,792902,116.79,117.16,116.76
10/03/2019,116.69,1716560,116.43,116.965,116.43
10/02/2019,116.32,2123768,116.27,116.5061,116.18
10/01/2019,116.32,3965012,115.64,116.34,115.58
09/30/2019,116.29,2129699,116.02,116.36,115.805
09/27/2019,116.19,675586,116.31,116.43,116.15
09/26/2019,116.37,931510,116.41,116.565,116.31
09/25/2019,116.30,736562,116.75,116.7732,116.18
09/24/2019,116.91,533561,116.72,116.99,116.7001
09/23/2019,116.65,691647,116.54,116.889,116.4939
09/20/2019,116.49,630034,116.05,116.5017,116.05
09/19/2019,115.85,1742073,115.94,116.04,115.805
09/18/2019,115.62,941755,116.30,116.39,115.54
09/17/2019,115.98,2191730,115.83,116.17,115.77
09/16/2019,115.83,1516457,115.77,115.96,115.64
09/13/2019,115.14,953258,115.58,115.75,115.14
09/12/2019,115.82,1058208,116.45,116.565,115.75
09/11/2019,115.91,1774105,116.13,116.27,115.91
09/10/2019,116.04,833995,116.72,116.84,116.04
09/09/2019,116.71,1059574,116.91,116.94,116.685
09/06/2019,117.31,1216893,117.12,117.377,117.11
09/05/2019,117.21,1541685,117.27,117.35,116.90
09/04/2019,117.74,1643449,117.50,117.74,117.47
09/03/2019,117.45,5779480,117.51,117.94,117.39
08/30/2019,117.65,954951,118.01,118.0499,117.64
08/29/2019,118.10,1308698,117.97,118.14,117.79
08/28/2019,118.03,628637,118.13,118.215,117.99
08/27/2019,117.80,954218,117.41,117.81,117.32
08/26/2019,117.25,1263696,117.43,117.55,117.152
08/23/2019,117.38,756455,116.73,117.50,116.66
08/22/2019,116.71,961316,116.70,116.9101,116.3924
08/21/2019,116.81,938056,116.81,117.258,116.725
08/20/2019,116.93,606999,117.06,117.1341,116.90
08/19/2019,116.78,600040,116.72,117.011,116.72
08/16/2019,117.22,548602,117.19,117.30,116.955
08/15/2019,117.56,772699,117.19,117.785,117.03
08/14/2019,117.04,619336,117.19,117.245,116.95
08/13/2019,116.82,1379144,117.20,117.2232,116.65
08/12/2019,117.01,543178,116.93,117.16,116.7832
08/09/2019,116.54,678184,116.76,116.99,116.465
08/08/2019,116.66,1248276,116.20,116.69,116.05
08/07/2019,116.36,2157830,116.87,117.0761,116.24
08/06/2019,116.30,2889592,115.82,116.30,115.77
08/05/2019,115.87,3091251,115.63,115.9199,115.56
08/02/2019,115.47,2097636,115.42,115.50,115.11
08/01/2019,115.39,2549142,114.79,115.51,114.72
07/31/2019,115.24,1327532,115.10,115.56,114.9728
07/30/2019,115.06,924234,115.06,115.125,114.94
07/29/2019,114.89,620567,115.09,115.1025,114.89
07/26/2019,114.99,472554,115.18,115.19,114.90
07/25/2019,115.07,669486,115.18,115.22,114.995
07/24/2019,115.26,662242,115.25,115.38,115.20
07/23/2019,115.23,377225,115.23,115.33,115.125
07/22/2019,115.26,939691,115.36,115.415,115.255
07/19/2019,115.23,1135243,115.23,115.43,115.23
07/18/2019,115.41,599783,115.14,115.4299,114.955
07/17/2019,115.17,505818,115.05,115.22,115.05
07/16/2019,114.93,1411362,114.90,114.99,114.85
07/15/2019,115.12,2156015,114.84,115.17,114.84
07/12/2019,114.83,809129,114.56,114.91,114.56
07/11/2019,114.63,884700,115.08,115.095,114.62
07/10/2019,114.99,1636057,115.00,115.09,114.85
07/09/2019,114.79,436419,114.77,114.885,114.61
07/08/2019,114.67,639703,114.88,114.92,114.67
07/05/2019,114.65,708222,114.51,114.72,114.25
07/03/2019,115.00,560548,114.90,115.05,114.89
07/02/2019,114.70,3109596,114.64,114.84,114.5785
07/01/2019,114.64,1709886,114.98,115.02,114.48
06/28/2019,115.49,2422682,115.34,115.5564,115.31
06/27/2019,115.45,462260,115.29,115.527,115.23
06/26/2019,115.23,1477297,115.35,115.40,115.18
06/25/2019,115.34,678923,115.54,115.65,115.305
06/24/2019,115.54,528909,115.51,115.545,115.41
06/21/2019,115.32,1174743,115.69,115.69,115.195
06/20/2019,115.84,873831,115.73,115.975,115.69
06/19/2019,115.19,1191835,114.36,115.21,114.32
06/18/2019,114.53,860722,114.75,114.8359,114.4837
06/17/2019,114.06,1652369,114.06,114.1899,113.96
06/14/2019,114.28,609551,114.35,114.5073,114.11
06/13/2019,114.46,1625207,114.55,114.62,114.44
06/12/2019,114.42,506476,114.39,114.5724,114.3612
06/11/2019,114.36,640864,114.41,114.51,114.3432
06/10/2019,114.51,1606588,114.85,114.85,114.48
06/07/2019,115.13,770463,115.07,115.13,114.93
06/06/2019,114.71,759062,114.85,115.04,114.47
06/05/2019,114.78,1182789,114.88,115.04,114.715
06/04/2019,114.71,1603776,114.64,114.8225,114.48
06/03/2019,114.94,7087420,114.73,115.145,114.65
05/31/2019,115.27,1622155,114.88,115.3156,114.87
05/30/2019,114.55,700735,114.26,114.57,114.18
05/29/2019,114.17,1725095,114.17,114.42,114.17
05/28/2019,113.97,4731638,114.00,114.04,113.86
05/24/2019,113.91,487514,113.92,113.92,113.758
05/23/2019,113.72,780832,113.53,113.86,113.505
05/22/2019,113.48,725100,113.50,113.6176,113.415
05/21/2019,113.44,788557,113.42,113.46,113.32
05/20/2019,113.38,415369,113.51,113.61,113.36
05/17/2019,113.53,589549,113.75,113.76,113.52
05/16/2019,113.64,373611,113.72,113.7201,113.5737
05/15/2019,113.82,505548,113.81,113.84,113.619
05/14/2019,113.59,667724,113.52,113.6053,113.47
05/13/2019,113.51,952630,113.51,113.7075,113.48
05/10/2019,113.27,881086,113.10,113.31,113.03
05/09/2019,113.02,781838,113.02,113.13,112.935
05/08/2019,112.83,2586141,113.21,113.24,112.80
05/07/2019,113.12,1479011,113.09,113.25,113.08
05/06/2019,113.06,588717,113.09,113.1575,113.0534
05/03/2019,112.89,1040416,112.80,112.975,112.80
05/02/2019,112.58,1102972,112.72,112.76,112.46
05/01/2019,113.04,2289137,113.27,113.5636,113.03
04/30/2019,113.32,1004552,113.10,113.35,113.10
04/29/2019,113.13,810995,113.19,113.21,113.10
04/26/2019,113.45,769509,113.40,113.45,113.32
04/25/2019,113.20,7566957,113.22,113.305,113.1736
04/24/2019,113.20,577664,113.03,113.22,113.025
04/23/2019,112.81,967807,112.69,112.82,112.67
04/22/2019,112.55,7154137,112.65,112.685,112.51
04/18/2019,112.66,872376,112.60,112.73,112.59
04/17/2019,112.34,1896918,112.32,112.42,112.30
04/16/2019,112.36,991215,112.48,112.54,112.3346
04/15/2019,112.62,563067,112.56,112.66,112.5515
04/12/2019,112.56,1097238,112.61,112.72,112.55
04/11/2019,112.77,757497,112.86,112.91,112.74
04/10/2019,113.03,1665163,112.92,113.0683,112.91
04/09/2019,112.62,1135368,112.70,112.76,112.59
04/08/2019,112.51,786034,112.57,112.63,112.4601
04/05/2019,112.62,668478,112.44,112.62,112.43
04/04/2019,112.49,1860479,112.44,112.545,112.41
04/03/2019,112.41,1168715,112.50,112.645,112.41
04/02/2019,112.76,1183199,112.64,112.76,112.62
04/01/2019,112.65,3808244,112.91,112.96,112.57
03/29/2019,113.07,998230,112.88,113.09,112.88
03/28/2019,112.87,893332,112.72,112.87,112.62
03/27/2019,112.78,1237792,112.71,112.95,112.6762
03/26/2019,112.73,991885,112.84,113.0181,112.73
03/25/2019,112.93,1160007,112.92,113.298,112.83
03/22/2019,112.96,1196652,112.885,113.05,112.76
03/21/2019,112.62,808851,112.63,112.72,112.55
03/20/2019,112.63,1212978,111.91,112.69,111.905
03/19/2019,111.89,746384,111.87,111.9753,111.82
03/18/2019,111.99,975887,111.91,112.0965,111.91
03/15/2019,112.00,2015862,111.82,112.02,111.81
03/14/2019,111.61,2511125,111.66,111.76,111.515
03/13/2019,111.64,607591,111.53,111.65,111.53
03/12/2019,111.51,632389,111.26,111.585,111.25
03/11/2019,111.30,620367,111.32,111.38,111.22
03/08/2019,111.32,793505,111.20,111.37,111.15
03/07/2019,111.22,1167977,111.06,111.28,111.06
03/06/2019,110.91,1891731,110.71,110.92,110.71
03/05/2019,110.78,973569,110.69,110.78,110.5419
03/04/2019,110.82,916702,110.79,110.93,110.73
03/01/2019,110.66,1334576,110.82,110.955,110.612
02/28/2019,110.88,1155023,111.09,111.09,110.785
02/27/2019,111.06,825622,111.208,111.23,110.945
02/26/2019,111.32,561062,111.33,111.4071,111.2401
02/25/2019,111.16,556114,111.13,111.19,111.09
02/22/2019,111.24,550113,111.06,111.36,111.045
02/21/2019,110.95,959722,110.89,110.99,110.82
02/20/2019,111.14,819789,111.06,111.20,111.025
02/19/2019,111.10,602373,110.95,111.11,110.9001
02/15/2019,110.84,664237,110.76,110.895,110.76
02/14/2019,110.84,1780681,110.84,110.88,110.71
02/13/2019,110.53,642216,110.51,110.59,110.47
02/12/2019,110.55,658679,110.62,110.62,110.43
02/11/2019,110.53,653203,110.59,110.6176,110.44
02/08/2019,110.76,832701,110.83,110.835,110.7164
02/07/2019,110.71,916698,110.66,110.748,110.54
02/06/2019,110.54,3779251,110.74,110.79,110.52
02/05/2019,110.61,1024639,110.54,110.645,110.48
02/04/2019,110.46,972953,110.52,110.5385,110.3712
02/01/2019,110.68,1474758,110.99,111.045,110.68
01/31/2019,111.07,1430691,110.69,111.11,110.69
01/30/2019,110.45,947081,109.88,110.515,109.86
01/29/2019,109.85,632212,109.59,109.85,109.574
01/28/2019,109.53,1318932,109.56,109.60,109.50
01/25/2019,109.68,576620,109.70,109.76,109.6001
01/24/2019,109.85,851035,109.89,109.955,109.81
01/23/2019,109.68,920965,109.70,109.77,109.625
01/22/2019,109.81,3260323,109.90,109.9317,109.7401
01/18/2019,109.74,1702618,109.71,109.85,109.58
01/17/2019,109.87,1975422,109.93,110.065,109.79
01/16/2019,109.96,1793023,109.85,109.985,109.77
01/15/2019,109.97,930771,110.07,110.07,109.88
01/14/2019,110.07,975724,110.24,110.32,110.03
01/11/2019,110.27,879375,110.07,110.27,110.07
01/10/2019,109.98,1346280,110.23,110.27,109.915
01/09/2019,110.24,1079152,110.04,110.245,110.00
01/08/2019,110.11,792598,110.11,110.18,110.045
01/07/2019,110.02,1237661,110.15,110.21,109.9432
01/04/2019,110.09,1236656,110.03,110.10,109.8634
01/03/2019,110.32,1213880,109.84,110.40,109.84
01/02/2019,109.68,1435226,109.57,109.73,109.50
12/31/2018,109.51,1495112,109.28,109.54,109.25
12/28/2018,109.43,2067604,109.29,109.43,109.2009
12/27/2018,109.11,1467208,109.35,109.445,109.1025
12/26/2018,109.11,1441273,109.27,109.4475,109.07
12/24/2018,109.33,861723,109.25,109.3633,109.195
12/21/2018,109.17,1960405,109.35,109.42,109.145
12/20/2018,109.22,2968357,109.52,109.556,109.165
12/19/2018,109.53,2779093,109.49,109.78,109.48
12/18/2018,109.34,1194878,109.16,109.3583,109.115
12/17/2018,109.24,1578084,109.08,109.2599,109.08
12/14/2018,109.05,1230968,109.11,109.1681,109.025
12/13/2018,108.97,1542514,108.98,109.10,108.925
12/12/2018,108.95,1876205,109.07,109.10,108.90
12/11/2018,109.11,1499032,109.46,109.585,109.0145
12/10/2018,109.55,1282384,109.77,109.84,109.46
12/07/2018,109.82,1221862,109.69,109.83,109.6134
12/06/2018,109.66,1503622,109.69,109.90,109.56
12/04/2018,109.65,2015043,109.47,109.9236,109.46
12/03/2018,109.32,1250183,109.13,109.32,109.0653
11/30/2018,109.27,1270741,109.29,109.36,109.19
11/29/2018,109.25,940755,109.00,109.25,108.96
11/28/2018,108.61,1494555,108.40,108.83,108.3765
11/27/2018,108.48,1154020,108.70,108.8176,108.48
11/26/2018,108.77,1226781,108.83,108.875,108.76
11/23/2018,108.89,364734,109.06,109.09,108.88
11/21/2018,109.06,1251649,108.97,109.095,108.822
11/20/2018,109.11,1094668,109.18,109.27,109.08
11/19/2018,109.27,1502218,109.18,109.3401,109.18
11/16/2018,109.32,1217973,109.10,109.38,109.07
11/15/2018,108.87,2124573,108.88,108.96,108.71
11/14/2018,108.78,926786,108.66,108.9899,108.63
11/13/2018,108.77,871905,108.73,108.815,108.65
11/12/2018,108.86,1111128,108.84,108.96,108.79
11/09/2018,108.63,1232367,108.44,108.6679,108.44
11/08/2018,108.37,1232113,108.59,108.62,107.53
11/07/2018,108.52,1101493,108.69,108.7799,108.46
11/06/2018,108.44,827534,108.58,108.615,108.425
11/05/2018,108.48,1232987,108.46,108.59,108.455
11/02/2018,108.28,1195591,108.41,108.49,108.22
11/01/2018,108.61,2582158,108.61,108.83,108.57
10/31/2018,108.84,1723098,108.91,109.0455,108.82
10/30/2018,109.09,1281119,109.22,109.265,109.07
10/29/2018,109.38,1368462,109.41,109.50,109.22
10/26/2018,109.49,2203910,109.17,109.525,109.17
10/25/2018,108.94,985329,109.25,109.27,108.91
10/24/2018,109.40,1121922,109.26,109.40,109.18
10/23/2018,109.04,1228562,109.31,109.4169,109.01
10/22/2018,109.01,832779,109.11,109.1599,109.01
10/19/2018,109.07,1180751,109.13,109.18,109.005
10/18/2018,109.17,1005584,109.19,109.395,109.16
10/17/2018,109.25,1396945,109.46,109.505,109.25
10/16/2018,109.51,1114383,109.44,109.545,109.385
10/15/2018,109.50,1768730,109.53,109.60,109.45
10/12/2018,109.43,1746820,109.45,109.635,109.4109
10/11/2018,109.60,3359545,109.40,109.6769,109.31
10/10/2018,109.42,2277094,109.30,109.44,109.16
10/09/2018,109.53,2233603,109.35,109.53,109.31
10/08/2018,109.22,870051,109.29,109.33,109.215
10/05/2018,109.27,2703587,109.37,109.52,109.19
10/04/2018,109.57,2102836,109.70,109.78,109.49
10/03/2018,109.84,2775777,110.25,110.28,109.73
10/02/2018,110.37,3799503,110.30,110.48,110.29
10/01/2018,110.19,5184606,110.41,110.43,110.18
09/28/2018,110.62,2204422,110.71,110.75,110.54
09/27/2018,110.67,1064273,110.59,110.68,110.5401
09/26/2018,110.63,1131727,110.47,110.69,110.412
09/25/2018,110.44,872965,110.39,110.4564,110.35
09/24/2018,110.48,1388484,110.52,110.65,110.4701
09/21/2018,110.59,788605,110.51,110.6599,110.51
09/20/2018,110.58,1030453,110.45,110.70,110.42
09/19/2018,110.43,986268,110.52,110.52,110.265
09/18/2018,110.55,891445,110.71,110.73,110.505
09/17/2018,110.78,1468212,110.71,110.84,110.69
09/14/2018,110.76,1328683,110.78,110.91,110.72
09/13/2018,110.96,1556808,111.12,111.12,110.96
09/12/2018,111.12,1251571,111.19,111.235,111.11
09/11/2018,111.02,2553352,111.08,111.13,110.97
09/10/2018,111.25,1832672,111.24,111.295,111.19
09/07/2018,111.22,1453365,111.26,111.27,111.10
09/06/2018,111.54,1579058,111.47,111.5764,111.422
09/05/2018,111.44,2167612,111.44,111.51,111.37
09/04/2018,111.55,6260210,111.58,111.647,111.47
08/31/2018,112.09,1978703,112.37,112.37,112.06
08/30/2018,112.22,1450986,112.23,112.305,112.16
08/29/2018,112.12,945939,112.12,112.17,112.015
08/28/2018,112.12,740099,112.15,112.20,112.05
08/27/2018,112.34,906032,112.39,112.44,112.31
08/24/2018,112.51,855790,112.25,112.51,112.20
08/23/2018,112.40,718663,112.38,112.43,112.312
08/22/2018,112.31,1539984,112.31,112.33,112.18
08/21/2018,112.07,743063,112.06,112.0864,111.9733
08/20/2018,112.14,611405,112.08,112.19,112.05
08/17/2018,111.92,639083,111.94,112.015,111.81
08/16/2018,111.87,861708,111.89,111.91,111.70
08/15/2018,111.94,943116,111.84,111.97,111.825
08/14/2018,111.72,845188,111.84,111.84,111.66
08/13/2018,111.86,1606594,111.84,111.90,111.78
08/10/2018,111.88,709995,111.82,112.03,111.80
08/09/2018,111.52,1095338,111.44,111.53,111.374
08/08/2018,111.26,1605757,111.25,111.32,111.18
08/07/2018,111.25,1549217,111.37,111.38,111.245
08/06/2018,111.40,772853,111.51,111.619,111.36
08/03/2018,111.38,757983,111.26,111.42,111.26
08/02/2018,111.16,2167606,111.18,111.25,111.05
08/01/2018,111.10,2501577,111.11,111.1839,111.0101
07/31/2018,111.84,1370568,111.84,111.87,111.7601
07/30/2018,111.67,930783,111.63,111.78,111.60
07/27/2018,111.73,749241,111.82,111.8361,111.6646
07/26/2018,111.56,768543,111.80,111.8566,111.55
07/25/2018,111.67,845065,111.85,111.95,111.62
07/24/2018,111.65,794663,111.61,111.70,111.55
07/23/2018,111.59,802605,112.01,112.01,111.5636
07/20/2018,112.12,671621,112.39,112.48,112.10
07/19/2018,112.39,1103283,112.29,112.46,112.27
07/18/2018,112.23,2352388,112.39,112.39,112.19
07/17/2018,112.41,781634,112.58,112.59,112.39
07/16/2018,112.56,967675,112.57,112.60,112.40
07/13/2018,112.86,1341993,112.68,112.91,112.68
07/12/2018,112.64,1028149,112.59,112.685,112.52
07/11/2018,112.73,652388,112.80,112.80,112.61
07/10/2018,112.61,944496,112.75,112.83,112.58
07/09/2018,112.78,901721,112.79,112.835,112.73
07/06/2018,113.01,671341,112.99,113.045,112.89
07/05/2018,112.85,831856,112.77,112.905,112.7099
07/03/2018,112.72,995966,112.61,112.76,112.58
07/02/2018,112.48,2469130,112.57,112.58,112.44
06/29/2018,112.87,744284,112.84,113.04,112.80
06/28/2018,112.83,1883000,113.01,113.01,112.74
06/27/2018,112.98,990247,112.86,112.99,112.82
06/26/2018,112.61,934147,112.44,112.61,112.395
06/25/2018,112.45,2901402,112.43,112.615,112.395
06/22/2018,112.40,1630567,112.22,112.43,112.15
06/21/2018,112.24,738456,112.05,112.27,112.05
06/20/2018,112.04,668576,112.37,112.37,112.01
06/19/2018,112.35,2234240,112.37,112.46,112.291
06/18/2018,112.17,645837,112.17,112.20,112.08
06/15/2018,112.08,1102258,112.23,112.26,112.07
06/14/2018,112.04,820280,111.96,112.05,111.85
06/13/2018,111.75,692555,111.84,111.97,111.48
06/12/2018,111.82,635748,111.80,111.895,111.75
06/11/2018,111.91,791603,111.73,111.91,111.70
06/08/2018,111.91,1771352,112.03,112.09,111.8739
06/07/2018,112.10,3077162,111.80,112.245,111.75
06/06/2018,111.76,768974,111.87,111.87,111.635
06/05/2018,112.00,1207539,111.89,112.065,111.845
06/04/2018,111.75,1711123,111.85,111.9561,111.74
06/01/2018,111.98,1556675,111.92,112.1066,111.83
05/31/2018,112.48,2374246,112.44,112.7439,112.34
05/30/2018,112.41,2219414,112.45,112.5599,112.2552
05/29/2018,112.62,1573541,112.24,112.85,112.14
05/25/2018,111.96,547175,111.86,111.9776,111.82
05/24/2018,111.80,932962,111.80,111.92,111.741
05/23/2018,111.67,1330774,111.59,111.725,111.52
05/22/2018,111.35,1301932,111.44,111.48,111.34
05/21/2018,111.40,674133,111.31,111.44,111.25
05/18/2018,111.36,697381,111.13,111.37,111.12
05/17/2018,111.06,719135,111.30,111.359,111.04
05/16/2018,111.27,874952,111.46,111.50,111.27
05/15/2018,111.43,1059848,111.54,111.575,111.27
05/14/2018,111.79,1333594,111.94,111.94,111.78
05/11/2018,112.07,580102,112.16,112.16,111.965
05/10/2018,112.07,659104,112.01,112.09,111.91
05/09/2018,111.85,721537,111.78,111.97,111.78
05/08/2018,111.92,1428289,111.95,112.02,111.765
05/07/2018,112.12,522828,112.13,112.185,112.06
05/04/2018,112.10,672042,112.21,112.215,111.95
05/03/2018,112.07,811704,112.06,112.165,112.00
05/02/2018,111.93,2013951,111.91,112.03,111.805
05/01/2018,111.79,868620,111.98,112.03,111.7648
04/30/2018,112.61,2127912,112.55,112.7868,112.515
04/27/2018,112.52,708141,112.39,112.5587,112.39
04/26/2018,112.16,848963,112.11,112.225,112.06
04/25/2018,111.87,683634,111.95,112.035,111.76
04/24/2018,112.04,1033172,112.25,112.31,112.00
04/23/2018,112.35,1035950,112.41,112.43,112.24
04/20/2018,112.38,730337,112.61,112.62,112.38
04/19/2018,112.77,640216,112.80,112.84,112.64
04/18/2018,112.95,881501,113.16,113.20,112.935
04/17/2018,113.18,913068,113.00,113.22,112.95
04/16/2018,113.01,778248,112.83,113.02,112.83
04/13/2018,113.11,567704,112.92,113.13,112.92
04/12/2018,112.95,791628,113.02,113.09,112.855
04/11/2018,113.13,771975,113.04,113.16,112.951
04/10/2018,112.80,874802,112.84,112.87,112.70
04/09/2018,112.85,1463281,112.75,112.85,112.649
04/06/2018,112.87,1171115,112.68,112.87,112.555
04/05/2018,112.42,1069221,112.53,112.605,112.38
04/04/2018,112.74,896835,112.95,112.95,112.67
04/03/2018,112.80,2938813,112.76,112.85,112.64
04/02/2018,112.87,1600190,112.80,113.03,112.63
03/29/2018,113.05,1145993,112.87,113.17,112.8638
03/28/2018,112.81,1476810,112.94,112.975,112.635
03/27/2018,112.81,1120577,112.49,112.89,112.49
03/26/2018,112.38,1430170,112.47,112.65,112.36
03/23/2018,112.58,1075925,112.43,112.66,112.4138
03/22/2018,112.52,1005064,112.46,112.65,112.345
03/21/2018,112.19,980017,111.95,112.255,111.77
03/20/2018,111.95,1045875,112.07,112.12,111.95
03/19/2018,112.12,1967882,112.06,112.36,112.06
03/16/2018,112.19,1821071,112.28,112.29,112.12
03/15/2018,112.38,3265085,112.39,112.5455,112.30
03/14/2018,112.37,1555494,112.18,112.46,112.16
03/13/2018,112.18,1162479,112.22,112.25,112.05
03/12/2018,112.09,3274174,112.12,112.121,111.89
03/09/2018,112.01,853764,112.07,112.14,111.90
03/08/2018,112.18,817961,112.22,112.3369,112.12
03/07/2018,112.07,2200475,112.30,112.3001,111.98
03/06/2018,112.07,875271,112.22,112.299,112.04
03/05/2018,112.10,765667,112.38,112.40,111.9433
03/02/2018,112.17,961896,112.15,112.30,112.01
03/01/2018,112.26,3639534,111.98,112.345,111.825
02/28/2018,111.92,841090,111.87,111.9773,111.7315
02/27/2018,111.76,2236792,112.20,112.20,111.57
02/26/2018,112.04,822109,112.07,112.21,112.02
02/23/2018,111.90,678431,111.70,111.90,111.63
02/22/2018,111.49,922633,111.54,111.645,111.45
02/21/2018,111.39,988214,111.65,111.6956,111.28
02/20/2018,111.71,1047515,111.63,111.7273,111.5301
02/16/2018,111.80,1563919,111.87,111.98,111.72
02/15/2018,111.62,1439095,111.67,111.865,111.62
02/14/2018,111.56,1386329,111.80,111.80,111.4338
02/13/2018,111.66,1446919,111.64,111.75,111.56
02/12/2018,111.58,1125055,111.77,111.95,111.5419
02/09/2018,111.50,2755019,111.66,111.89,111.45
02/08/2018,111.85,1650163,111.90,112.12,111.7253
02/07/2018,112.08,1863006,112.46,112.51,111.97
02/06/2018,112.33,2045259,112.58,112.68,112.30
02/05/2018,112.79,4034946,112.22,112.99,112.10
02/02/2018,112.37,3662868,112.34,112.4093,112.15
02/01/2018,112.51,4574384,113.10,113.10,112.48
01/31/2018,113.11,7250054,113.04,113.11,112.88
01/30/2018,112.83,1638285,112.94,112.965,112.7501
01/29/2018,113.10,984619,113.26,113.27,113.06
01/26/2018,113.37,1435608,113.43,113.43,113.22
01/25/2018,113.44,1039806,113.28,113.516,113.075
01/24/2018,113.23,1050416,113.17,113.28,113.07
01/23/2018,113.31,1297215,113.31,113.4385,113.2033
01/22/2018,113.14,876473,113.32,113.35,113.11
01/19/2018,113.20,1452079,113.26,113.35,113.14
01/18/2018,113.39,2098943,113.29,113.48,113.19
01/17/2018,113.49,1237488,113.52,113.6795,113.365
01/16/2018,113.57,1159084,113.68,113.69,113.47
01/12/2018,113.38,1428277,113.28,113.41,113.205
01/11/2018,113.27,1439981,113.30,113.44,113.14
01/10/2018,113.39,2013481,113.13,113.44,113.06
01/09/2018,113.43,1752711,113.68,113.68,113.4038
01/08/2018,113.80,1198145,114.00,114.00,113.67
01/05/2018,113.92,1691212,113.93,113.98,113.80
01/04/2018,113.94,1946431,113.75,113.97,113.67
01/03/2018,113.91,3322391,113.91,113.99,113.79
01/02/2018,113.80,1525065,113.98,113.98,113.605
12/29/2017,114.08,963154,113.80,114.15,113.79
12/28/2017,113.79,741852,113.71,113.80,113.65
12/27/2017,113.75,827634,113.39,113.78,113.331
12/26/2017,113.28,648223,113.21,113.35,113.16
12/22/2017,113.18,690703,113.18,113.20,113.0548
12/21/2017,113.11,1139014,112.82,113.15,112.7947
12/20/2017,112.97,750125,113.07,113.25,112.96
12/19/2017,113.35,941212,113.48,113.56,113.171
12/18/2017,113.69,660841,113.81,113.849,113.633
12/15/2017,113.89,1892472,113.68,113.94,113.661
12/14/2017,113.89,1072248,113.80,113.985,113.605
12/13/2017,113.89,961329,113.69,114.13,113.5562
12/12/2017,113.69,792316,113.54,113.71,113.45
12/11/2017,113.60,728070,113.69,113.82,113.57
12/08/2017,113.69,1173207,113.74,113.78,113.5681
12/07/2017,113.74,602687,113.98,114.01,113.5888
12/06/2017,113.89,646592,113.98,114.031,113.85
12/05/2017,113.77,965519,113.61,113.81,113.5401
12/04/2017,113.65,1814138,113.48,113.66,113.416
12/01/2017,113.61,3198258,113.40,113.97,113.24
11/30/2017,113.68,1108556,113.74,113.84,113.47
11/29/2017,113.80,755082,113.80,113.85,113.70
11/28/2017,114.11,743651,114.15,114.25,114.005
11/27/2017,114.12,2403529,114.18,114.25,114.03
11/24/2017,114.14,429617,114.29,114.31,114.12
11/22/2017,114.28,581496,114.04,114.29,114.0101
11/21/2017,113.94,558376,114.11,114.1116,113.7848
11/20/2017,113.95,569408,113.95,114.07,113.88
11/17/2017,114.12,731925,114.11,114.19,114.00
11/16/2017,113.92,921153,113.98,114.08,113.9008
11/15/2017,114.16,1284396,114.11,114.23,113.8831
11/14/2017,113.84,593393,113.70,113.86,113.6915
11/13/2017,113.70,590210,113.90,113.90,113.67
11/10/2017,113.71,715253,113.86,113.8967,113.67
11/09/2017,114.21,799393,114.12,114.32,114.10
11/08/2017,114.23,929822,114.35,114.38,114.19
11/07/2017,114.30,1139806,114.21,114.335,114.16
11/06/2017,114.14,944703,113.99,114.1495,113.97
11/03/2017,113.95,744166,113.94,113.97,113.70
11/02/2017,113.87,2208626,113.80,113.96,113.77
11/01/2017,113.70,2406338,113.64,113.82,113.5831
10/31/2017,113.80,1142387,113.83,113.85,113.74
10/30/2017,113.75,551135,113.66,113.78,113.57
10/27/2017,113.45,731787,113.23,113.50,113.17
10/26/2017,113.09,675779,113.24,113.25,113.04
10/25/2017,113.14,770125,113.00,113.1956,112.94
10/24/2017,113.26,980410,113.29,113.36,113.19
10/23/2017,113.42,843490,113.43,113.5862,113.40
10/20/2017,113.41,748331,113.43,113.55,113.3039
10/19/2017,113.67,1560118,113.76,113.82,113.57
10/18/2017,113.52,570774,113.52,113.63,113.485
10/17/2017,113.66,656048,113.64,113.77,113.615
10/16/2017,113.87,1521008,114.03,114.07,113.755
10/13/2017,114.13,817735,114.09,114.15,113.96
10/12/2017,113.97,653342,113.80,114.03,113.75
10/11/2017,113.76,663562,113.81,113.86,113.7129
10/10/2017,113.62,850144,113.60,113.86,113.60
10/09/2017,113.42,447563,113.41,113.49,113.39
10/06/2017,113.38,810317,113.30,113.55,113.19
10/05/2017,113.47,1818733,113.66,113.66,113.42
10/04/2017,113.59,800756,113.63,113.65,113.46
10/03/2017,113.49,1376470,113.31,113.55,113.30
10/02/2017,113.38,3499185,113.64,113.64,113.35
09/29/2017,113.58,1030569,113.99,113.99,113.56
09/28/2017,113.83,677342,113.74,113.90,113.68
09/27/2017,113.91,588484,113.94,114.01,113.7642
09/26/2017,114.26,716619,114.25,114.31,114.14
09/25/2017,114.35,920233,114.16,114.475,114.1034
09/22/2017,114.03,663548,114.05,114.11,113.92
09/21/2017,113.74,823462,113.97,114.055,113.7333
09/20/2017,114.00,731021,114.32,114.3708,113.745
09/19/2017,114.32,412531,114.48,114.5269,114.3038
09/18/2017,114.45,525211,114.45,114.558,114.3705
09/15/2017,114.50,524300,114.57,114.57,114.38
09/14/2017,114.56,534292,114.39,114.59,114.39
09/13/2017,114.38,614541,114.56,114.57,114.37
09/12/2017,114.59,794767,114.67,114.73,114.491
09/11/2017,114.78,531324,114.89,114.957,114.78
09/08/2017,115.22,819753,115.15,115.26,115.04
09/07/2017,115.20,676926,114.87,115.20,114.821
09/06/2017,114.72,1877907,114.84,114.98,114.62
09/05/2017,114.86,2288594,114.40,114.90,114.40
09/01/2017,114.12,2215923,114.35,114.35,114.08
08/31/2017,114.62,663144,114.36,114.63,114.36
08/30/2017,114.33,726236,114.31,114.38,114.17
08/29/2017,114.36,483197,114.50,114.60,114.24
08/28/2017,114.18,404339,114.08,114.22,114.031
08/25/2017,114.09,483613,113.94,114.13,113.89
08/24/2017,113.90,521145,114.01,114.1299,113.90
08/23/2017,114.19,752716,114.01,114.19,113.93
08/22/2017,113.88,478331,113.98,114.02,113.80
08/21/2017,114.02,548996,113.96,114.0644,113.87
08/18/2017,113.98,649925,114.04,114.14,113.86
08/17/2017,113.96,833233,113.69,114.0705,113.60
08/16/2017,113.68,918635,113.49,113.88,113.44
08/15/2017,113.48,800953,113.43,113.65,113.40
08/14/2017,113.82,658364,114.01,114.08,113.72
08/11/2017,114.27,629004,114.04,114.27,113.96
08/10/2017,114.34,813644,114.13,114.34,114.09
08/09/2017,114.05,1047870,114.12,114.20,114.01
08/08/2017,113.84,1248150,113.80,113.8539,113.67
08/07/2017,113.76,631247,113.62,113.79,113.55
08/04/2017,113.63,506751,113.55,113.66,113.40
08/03/2017,113.79,649038,113.55,113.79,113.48
08/02/2017,113.48,2732304,113.48,113.63,113.4196
08/01/2017,113.54,2164294,113.24,113.64,113.24
07/31/2017,113.66,787047,113.62,113.665,113.55
07/28/2017,113.66,464121,113.55,113.73,113.5295
07/27/2017,113.39,598675,113.40,113.4901,113.26
07/26/2017,113.47,726178,113.19,113.57,113.01
07/25/2017,113.14,729960,113.33,113.37,113.14
07/24/2017,113.58,1042237,113.63,113.66,113.47
07/21/2017,113.58,529018,113.67,113.70,113.54
07/20/2017,113.41,987355,113.97,113.98,113.40
07/19/2017,113.69,728991,113.62,113.74,113.61
07/18/2017,113.60,1951321,113.62,113.72,113.52
07/17/2017,113.28,732958,113.17,113.36,113.1001
07/14/2017,113.05,903574,113.21,113.30,112.98
07/13/2017,113.06,710809,113.08,113.11,112.91
07/12/2017,113.10,744000,113.28,113.31,113.04
07/11/2017,112.77,1104359,112.40,112.795,112.39
07/10/2017,112.41,1374596,112.56,112.65,112.41
07/07/2017,112.46,1962035,112.65,112.66,112.39
07/06/2017,112.81,1459266,112.98,113.00,112.77
07/05/2017,113.10,2478136,112.97,113.24,112.97
07/03/2017,112.93,980006,113.21,113.21,112.89
06/30/2017,113.43,1673548,113.72,113.72,113.32
06/29/2017,113.59,898972,113.70,113.76,113.53
06/28/2017,114.04,1458763,114.04,114.0865,113.78
06/27/2017,113.95,751024,114.28,114.28,113.8936
06/26/2017,114.49,738060,114.44,114.53,114.38
06/23/2017,114.31,670589,114.28,114.31,114.1649
06/22/2017,114.22,759575,113.94,114.226,113.82
06/21/2017,113.85,726378,113.71,113.87,113.68
06/20/2017,113.67,530409,113.61,113.78,113.52
06/19/2017,113.55,608469,113.75,113.7799,113.50
06/16/2017,113.68,824992,113.62,113.78,113.61
06/15/2017,113.58,1040137,113.60,113.79,113.57
06/14/2017,114.14,1067932,114.18,114.4661,113.97
06/13/2017,114.12,685846,113.86,114.12,113.81
06/12/2017,113.93,620793,114.18,114.24,113.93
06/09/2017,114.17,879598,114.21,114.30,114.17
06/08/2017,114.27,737402,114.35,114.38,114.11
06/07/2017,114.39,750483,114.59,114.68,114.36
06/06/2017,114.66,2650331,114.77,114.85,114.63
06/05/2017,114.53,586710,114.54,114.65,114.48
06/02/2017,114.83,1158846,114.75,114.94,114.652
06/01/2017,114.37,1431059,114.12,114.47,114.12
05/31/2017,114.68,1304906,114.49,114.78,114.49
05/30/2017,114.65,687005,114.54,114.67,114.45
05/26/2017,114.40,780824,114.33,114.44,114.2401
05/25/2017,114.13,1758409,114.22,114.28,114.08
05/24/2017,114.31,677203,114.18,114.31,114.03
05/23/2017,114.24,822271,114.53,114.54,114.16
05/22/2017,114.41,697577,114.46,114.55,114.29
05/19/2017,114.59,712674,114.40,114.59,114.31
05/18/2017,114.39,2719626,114.20,114.39,114.04
05/17/2017,114.21,1044218,113.88,114.335,113.88
05/16/2017,113.55,651269,113.49,113.685,113.44
05/15/2017,113.47,726121,113.79,113.7915,113.47
05/12/2017,113.77,778621,113.68,113.85,113.58
05/11/2017,113.59,1350301,113.29,113.65,113.26
05/10/2017,113.25,3910100,113.47,113.482,113.18
05/09/2017,113.21,1319156,113.31,113.34,113.135
05/08/2017,113.31,1983487,113.56,113.6078,113.24
05/05/2017,113.75,632838,113.72,113.7675,113.54
05/04/2017,113.66,865044,113.69,113.71,113.4101
05/03/2017,114.09,908044,114.37,114.37,113.96
05/02/2017,114.34,1100371,114.33,114.4585,114.25
05/01/2017,114.34,1221749,114.55,114.705,114.21
04/28/2017,115.01,2350839,114.84,115.065,114.7564
04/27/2017,114.84,2010317,114.68,114.85,114.6402
04/26/2017,114.74,819085,114.51,114.84,114.51
04/25/2017,114.50,926560,114.73,114.755,114.455
04/24/2017,114.69,949288,114.70,114.8156,114.57
04/21/2017,114.72,700525,114.96,115.00,114.67
04/20/2017,114.88,1082450,114.81,114.96,114.78
04/19/2017,115.00,1057812,115.07,115.15,114.905
04/18/2017,115.21,1609743,115.21,115.31,115.02
04/17/2017,114.96,954373,115.17,115.18,114.86
04/13/2017,115.23,2870539,115.30,115.455,115.17
04/12/2017,115.06,1050774,114.84,115.125,114.75
04/11/2017,114.63,1540922,114.60,114.82,114.53
04/10/2017,114.41,752758,114.67,114.67,114.41
04/07/2017,114.35,850963,114.82,115.01,114.35
04/06/2017,114.80,774696,114.80,114.8855,114.585
04/05/2017,114.86,1460593,114.62,114.97,114.56
04/04/2017,114.64,1064941,114.73,114.82,114.585
04/03/2017,114.77,3097452,114.55,114.92,114.52
03/31/2017,114.65,899413,114.37,114.65,114.30
03/30/2017,114.31,996199,114.49,114.57,114.23
03/29/2017,114.59,933858,114.47,114.67,114.39
03/28/2017,114.29,1658761,114.73,114.73,114.18
03/27/2017,114.67,1078204,114.77,114.78,114.54
03/24/2017,114.45,1378656,114.13,114.69,114.11
03/23/2017,114.12,913094,114.24,114.30,114.015
03/22/2017,114.25,824502,114.21,114.33,114.005
03/21/2017,114.06,1479301,113.98,114.215,113.98
03/20/2017,113.9642,791544,113.71,113.9801,113.70
03/17/2017,113.81,1115400,113.71,113.8269,113.68
03/16/2017,113.56,2883656,113.73,113.73,113.48
03/15/2017,113.64,1990028,112.98,113.71,112.75
03/14/2017,112.62,951381,112.66,112.79,112.61
03/13/2017,112.70,1040345,112.83,113.01,112.70
03/10/2017,112.96,2424480,113.07,113.11,112.70
03/09/2017,112.75,1098293,112.95,113.01,112.70
03/08/2017,113.05,1357160,113.18,113.27,113.01
03/07/2017,113.54,1545161,113.70,113.70,113.474
03/06/2017,113.74,1553620,113.94,113.94,113.67
03/03/2017,113.86,2882492,113.73,113.89,113.438
03/02/2017,113.60,1967215,113.75,113.79,113.51
03/01/2017,113.96,3412197,113.90,114.00,113.765
02/28/2017,114.65,1599687,114.63,114.80,114.51
02/27/2017,114.65,2522745,114.94,114.96,114.60
02/24/2017,114.96,2409071,114.83,115.05,114.76
02/23/2017,114.63,1042115,114.62,114.6453,114.50
02/22/2017,114.36,1082649,114.35,114.37,113.98
02/21/2017,114.15,1061085,114.15,114.28,114.05
02/17/2017,114.16,983008,114.26,114.26,114.11
02/16/2017,113.90,1171052,114.10,114.38,113.90
02/15/2017,113.90,1131948,113.74,113.94,113.66
02/14/2017,113.75,1012084,114.18,114.19,113.52
02/13/2017,114.02,1001826,114.09,114.1443,114.00
02/10/2017,114.20,1585636,114.16,114.2931,114.07
02/09/2017,114.11,1045227,114.28,114.3044,114.0829
02/08/2017,114.33,1456432,114.39,114.48,114.13
02/07/2017,114.06,1462337,114.14,114.24,113.98
02/06/2017,114.11,1786385,114.05,114.17,113.85
02/03/2017,113.83,1376829,114.17,114.35,113.65
02/02/2017,113.95,3938790,114.25,114.28,113.90
02/01/2017,113.94,1777719,113.95,114.1663,113.77
01/31/2017,114.18,3507057,114.00,114.25,113.945
01/30/2017,113.94,1922839,114.03,114.1199,113.85
01/27/2017,113.97,2023029,113.95,114.05,113.85
01/26/2017,113.78,1958836,113.66,113.81,113.4138
01/25/2017,113.61,2934806,113.51,113.70,113.20
01/24/2017,113.98,1583480,114.00,114.1731,113.82
01/23/2017,114.17,4172464,113.87,114.28,113.70
01/20/2017,113.71,2925635,113.72,113.86,113.494
01/19/2017,113.69,2081068,113.65,113.84,113.3459
01/18/2017,113.78,1267225,114.05,114.29,113.74
01/17/2017,114.34,1440820,114.54,114.54,114.07
01/13/2017,113.98,1920360,113.99,114.11,113.6563
01/12/2017,114.18,1014287,114.51,114.62,114.13
01/11/2017,114.08,1169134,114.07,114.50,113.86
01/10/2017,113.72,2508714,113.47,113.82,113.47
01/09/2017,113.63,1691574,113.71,113.73,113.495
01/06/2017,113.45,978173,113.58,113.70,113.42
01/05/2017,113.92,1775608,113.52,113.92,113.37
01/04/2017,113.53,2976245,113.23,113.545,113.19
01/03/2017,113.28,2948068,112.96,113.40,112.9435
12/30/2016,113.17,1024216,112.76,113.20,112.75
12/29/2016,112.80,1297632,112.79,112.865,112.62
12/28/2016,112.66,1290611,112.49,112.74,112.39
12/27/2016,112.37,1666938,112.25,112.45,112.20
12/23/2016,112.42,1777187,112.34,112.57,112.34
12/22/2016,112.29,1563787,111.85,112.31,111.80
12/21/2016,111.94,1438271,112.05,112.06,111.84
12/20/2016,111.66,2541031,111.39,111.79,111.33
12/19/2016,111.55,1320386,111.43,111.58,111.30
12/16/2016,111.09,1240787,111.28,111.3736,110.897
12/15/2016,111.15,2909014,111.41,111.57,111.1201
12/14/2016,111.85,1320233,113.05,113.0784,111.81
12/13/2016,112.74,1867529,113.02,113.03,112.54
12/12/2016,112.78,2026885,112.91,112.91,112.65
12/09/2016,112.80,2218756,113.30,113.3426,112.69
12/08/2016,113.32,1227582,113.43,113.43,113.1424
12/07/2016,113.43,1725409,113.54,113.6663,113.38
12/06/2016,113.33,2013143,113.14,113.36,113.03
12/05/2016,113.11,1701492,112.99,113.53,112.78
12/02/2016,112.95,1330615,113.18,113.45,112.91
12/01/2016,112.89,8524343,112.845,113.16,112.63
11/30/2016,113.46,2367620,113.09,113.61,112.99
11/29/2016,113.40,1593690,112.93,113.46,112.83
11/28/2016,113.29,1350989,113.47,113.58,113.1928
11/25/2016,113.12,1007644,113.43,113.45,113.00
11/23/2016,113.31,1823996,113.31,113.46,112.91
11/22/2016,113.69,3390469,113.78,113.79,113.53
11/21/2016,113.59,2991782,113.59,113.69,113.4633
11/18/2016,113.32,2542768,113.65,113.7063,113.13
11/17/2016,113.49,1901087,113.93,113.98,113.45
11/16/2016,113.68,1425997,113.35,113.7762,113.25
11/15/2016,113.44,1919968,113.79,113.97,113.44
11/14/2016,113.37,2709659,114.15,114.15,113.31
11/11/2016,114.25,2395229,114.73,114.74,114.195
11/10/2016,114.57,3905943,114.90,115.31,114.57
11/09/2016,114.77,2309179,115.81,115.81,114.72
11/08/2016,115.63,1208188,115.84,115.864,115.54
11/07/2016,115.83,1904970,115.70,115.87,115.646
11/04/2016,115.89,1733140,115.71,115.91,115.6277
11/03/2016,115.59,2430982,115.80,115.82,115.53
11/02/2016,115.92,4758599,115.96,116.05,115.80
11/01/2016,115.87,6073461,115.60,115.97,115.50
10/31/2016,115.86,2417253,115.77,115.86,115.67
10/28/2016,115.64,2316512,115.55,115.74,115.47
10/27/2016,115.51,1716501,115.81,115.81,115.4497
10/26/2016,116.01,926089,115.89,116.11,115.78
10/25/2016,116.13,1259554,115.92,116.16,115.87
10/24/2016,115.95,947672,116.13,116.13,115.79
10/21/2016,116.13,690381,116.21,116.21,115.97
10/20/2016,116.00,824407,116.30,116.30,116.00
10/19/2016,116.18,910922,115.90,116.19,115.864
10/18/2016,116.02,945349,115.84,116.08,115.8011
10/17/2016,115.95,616567,115.74,115.985,115.7154
10/14/2016,115.43,753465,115.40,115.70,115.40
10/13/2016,115.54,727670,115.47,115.73,115.36
10/12/2016,115.36,627079,115.35,115.46,115.23
10/11/2016,115.40,839602,115.57,115.6522,115.37
10/10/2016,115.49,912468,115.49,115.58,115.38
10/07/2016,115.65,990066,115.78,115.87,115.4534
10/06/2016,115.68,820144,115.73,115.8357,115.56
10/05/2016,115.62,1071587,115.90,115.90,115.58
10/04/2016,115.81,3761684,116.48,116.48,115.79
10/03/2016,116.38,2319396,116.63,116.63,116.3433
09/30/2016,116.49,1450220,116.51,116.58,116.24
09/29/2016,116.49,973204,116.33,116.68,116.25
09/28/2016,116.51,1346511,116.47,116.70,116.4559
09/27/2016,116.37,953076,116.28,116.37,116.08
09/26/2016,116.27,813709,116.37,116.41,116.18
09/23/2016,116.22,768390,116.06,116.30,115.975
09/22/2016,115.90,746852,115.57,115.995,115.55
09/21/2016,115.33,842634,114.78,115.36,114.72
09/20/2016,114.79,485219,114.87,115.0435,114.74
09/19/2016,114.81,517843,115.04,115.05,114.76
09/16/2016,114.95,1003228,115.10,115.11,114.84
09/15/2016,114.76,764910,114.62,114.85,114.47
09/14/2016,114.79,688128,114.66,114.9085,114.5962
09/13/2016,114.61,1087821,115.18,115.24,114.37
09/12/2016,115.12,776051,114.98,115.26,114.84
09/09/2016,115.08,863297,115.34,115.35,115.08
09/08/2016,115.88,668024,116.23,116.32,115.79
09/07/2016,116.29,811775,116.41,116.43,116.21
09/06/2016,116.14,1671227,115.64,116.28,115.53
09/02/2016,115.59,1089333,115.68,115.69,115.34
09/01/2016,115.72,3705563,115.38,115.83,115.33
08/31/2016,116.04,690939,115.87,116.17,115.85
08/30/2016,116.02,579457,116.12,116.1273,115.95
08/29/2016,116.12,696519,115.93,116.12,115.83
08/26/2016,115.70,1004480,116.48,116.761,115.62
08/25/2016,116.15,1819610,116.12,116.32,116.01
08/24/2016,116.21,914175,116.54,116.54,116.21
08/23/2016,116.39,1067799,116.37,116.44,116.22
08/22/2016,116.23,576610,116.18,116.3099,116.05
08/19/2016,115.99,501262,116.00,116.061,115.76
08/18/2016,116.18,895725,116.15,116.34,116.03
08/17/2016,115.98,509484,115.71,116.04,115.62
08/16/2016,115.63,800590,115.50,115.72,115.46
08/15/2016,115.79,604734,116.05,116.16,115.79
08/12/2016,116.09,1798157,116.28,116.34,116.08
08/11/2016,115.79,691233,116.08,116.11,115.71
08/10/2016,116.10,883824,116.18,116.24,116.04
08/09/2016,116.07,633021,115.79,116.095,115.72
08/08/2016,115.79,881265,115.78,116.00,115.63
08/05/2016,115.71,628924,115.86,115.96,115.64
08/04/2016,115.99,591008,116.02,116.36,115.93
08/03/2016,115.51,968519,115.38,115.56,115.11
08/02/2016,115.18,1182506,115.37,115.585,115.18
08/01/2016,115.75,3330822,116.12,116.17,115.73
07/29/2016,116.90,971805,116.95,117.08,116.83
07/28/2016,116.64,1113334,116.46,116.68,116.27
07/27/2016,116.48,714230,116.17,116.48,115.9806
07/26/2016,116.03,928778,116.01,116.05,115.73
07/25/2016,115.83,770015,116.06,116.10,115.83
07/22/2016,116.08,820558,115.97,116.19,115.661
07/21/2016,116.18,645943,115.88,116.27,115.775
07/20/2016,116.13,789601,116.07,116.22,115.86
07/19/2016,116.34,1040113,116.49,116.52,116.2668
07/18/2016,116.33,928189,116.44,116.56,116.22
07/15/2016,116.41,2211581,116.33,116.44,116.2199
07/14/2016,116.54,860517,116.61,116.70,116.3301
07/13/2016,116.84,813218,116.91,117.15,116.7427
07/12/2016,116.59,894108,116.85,116.85,116.54
07/11/2016,116.98,904443,117.38,117.43,116.96
07/08/2016,117.55,1047779,117.40,117.55,117.1701
07/07/2016,117.29,1912699,117.51,117.55,117.2201
07/06/2016,117.53,791316,117.48,117.55,117.22
07/05/2016,117.25,691371,117.16,117.33,117.02
07/01/2016,117.06,2362479,117.00,117.40,116.65
06/30/2016,116.67,1322380,116.54,116.8642,116.47
06/29/2016,116.45,792168,116.63,116.7101,116.35
06/28/2016,116.52,729855,116.20,116.53,116.09
06/27/2016,116.12,826805,116.00,116.25,115.84
06/24/2016,115.78,1366127,115.77,116.09,115.625
06/23/2016,115.06,510656,115.06,115.275,114.99
06/22/2016,115.02,3495559,114.76,115.14,114.53
06/21/2016,114.71,1413799,114.89,114.96,114.68
06/20/2016,115.06,955439,115.17,115.2508,114.936
06/17/2016,115.39,747933,115.72,115.73,115.24
06/16/2016,115.68,567124,115.88,116.035,115.63
06/15/2016,115.91,1116532,115.41,115.91,115.1301
06/14/2016,115.37,659131,115.64,115.7001,115.37
06/13/2016,115.66,650514,115.70,115.7766,115.57
06/10/2016,115.81,662572,115.85,116.00,115.74
06/09/2016,115.81,535539,115.95,115.95,115.71
06/08/2016,115.77,1086538,115.76,115.79,115.61
06/07/2016,115.50,1035607,115.34,115.58,115.34
06/06/2016,115.19,543755,114.90,115.2672,114.868
06/03/2016,115.06,580387,115.20,115.26,115.00
06/02/2016,114.32,1874267,114.06,114.41,113.97
06/01/2016,113.93,5882781,114.26,114.28,113.92
05/31/2016,114.14,588762,114.08,114.32,114.00
05/27/2016,114.31,532838,114.51,114.80,114.245
05/26/2016,114.46,1096874,114.40,114.63,114.34
05/25/2016,114.13,546444,114.11,114.20,114.00
05/24/2016,114.04,456693,114.01,114.13,113.84
05/23/2016,114.15,748611,114.00,114.2313,113.36
05/20/2016,114.09,818188,114.20,114.35,114.09
05/19/2016,114.15,795011,114.14,114.33,114.08
05/18/2016,114.20,1320619,114.95,114.98,114.02
05/17/2016,115.20,781015,115.16,115.42,115.13
05/16/2016,115.12,704499,115.14,115.22,115.06
05/13/2016,115.25,769027,115.06,115.28,114.96
05/12/2016,114.97,1327856,114.87,115.02,114.72
05/11/2016,115.05,3774151,115.09,115.42,114.9501
05/10/2016,115.07,1118077,115.02,115.08,114.68
05/09/2016,114.72,1020590,114.79,114.83,114.55
05/06/2016,114.65,1271875,115.02,115.02,114.58
05/05/2016,115.05,2363871,114.68,115.07,114.56
05/04/2016,114.68,1321342,114.70,114.73,114.4399
05/03/2016,114.55,2645803,114.83,114.83,114.55
05/02/2016,114.50,4130115,114.66,114.71,114.295
04/29/2016,114.88,798552,114.72,115.09,114.54
04/28/2016,114.93,1822250,114.47,114.96,114.42
04/27/2016,114.33,677912,114.06,114.42,113.7405
04/26/2016,113.64,816845,113.81,113.82,113.59
04/25/2016,113.69,1147964,113.93,114.07,113.69
04/22/2016,113.82,743287,114.00,114.09,113.82
04/21/2016,113.89,837964,113.86,114.03,113.67
04/20/2016,114.03,631531,114.52,114.80,114.01
04/19/2016,114.51,619630,114.41,114.57,114.32
04/18/2016,114.31,755036,114.11,114.32,114.0301
04/15/2016,114.33,541645,113.94,114.4211,113.88
04/14/2016,113.92,1222492,113.88,114.54,113.82
04/13/2016,114.19,809672,113.98,114.31,113.91
04/12/2016,114.09,1314408,114.34,114.34,114.03
