Date,Close/Last,Volume,Open,High,Low
04/10/2026,86.49,13247730,86.60,86.68,86.33
04/09/2026,86.70,18909080,86.69,87.1301,86.3924
04/08/2026,86.92,22244920,87.36,87.37,86.73
04/07/2026,86.64,22747230,86.52,86.675,85.91
04/06/2026,86.65,14660330,86.50,86.85,86.385
04/02/2026,86.79,33310580,86.205,86.85,86.1507
04/01/2026,86.26,31157620,86.28,86.705,86.23
03/31/2026,86.69,47112150,86.93,87.16,86.57
03/30/2026,86.78,36473150,86.63,86.95,86.485
03/27/2026,85.64,39928850,85.50,86.10,85.45
03/26/2026,86.11,39536970,86.34,86.61,85.93
03/25/2026,86.84,37861010,86.75,86.88,86.48
03/24/2026,86.01,51799400,85.72,86.29,85.56
03/23/2026,86.385,69686650,86.18,86.72,85.935
03/20/2026,85.83,78948520,86.81,86.86,85.76
03/19/2026,87.49,60307440,87.06,87.725,86.97
03/18/2026,86.955,37596580,87.36,87.48,86.93
03/17/2026,87.45,19578070,87.36,87.57,87.315
03/16/2026,87.21,37341480,87.175,87.34,86.96
03/13/2026,86.54,43459980,86.925,87.145,86.47
03/12/2026,86.97,48976970,86.905,87.245,86.775
03/11/2026,87.14,54679850,87.75,87.81,87.075
03/10/2026,88.28,48651550,88.80,88.95,88.27
03/09/2026,89.23,52478730,88.295,89.315,88.205
03/06/2026,88.46,58136910,88.32,88.9399,88.015
03/05/2026,88.79,45768930,88.63,88.935,88.51
03/04/2026,89.15,47069510,89.27,89.44,89.095
03/03/2026,89.43,51850410,88.975,89.67,88.935
03/02/2026,89.61,55465540,89.975,89.99,89.355
02/27/2026,90.82,51271970,90.685,90.86,90.55
02/26/2026,90.27,29447080,90.06,90.32,90.05
02/25/2026,89.91,23625780,89.71,90.08,89.71
02/24/2026,89.90,24933940,89.945,90.05,89.76
02/23/2026,89.74,33614600,89.55,90.00,89.53
02/20/2026,89.41,49610820,89.70,89.74,88.93
02/19/2026,89.62,28658630,89.40,89.72,89.365
02/18/2026,89.53,35415360,89.685,89.86,89.47
02/17/2026,89.87,32356750,89.93,90.12,89.76
02/13/2026,89.72,56785150,89.63,89.81,89.5224
02/12/2026,89.23,48454860,88.355,89.28,88.35
02/11/2026,88.06,37014010,88.04,88.475,87.935
02/10/2026,88.53,37253720,88.24,88.53,88.22
02/09/2026,87.52,24708880,87.20,87.58,87.03
02/06/2026,87.54,33461760,87.45,87.54,87.20
02/05/2026,87.48,50268910,86.93,87.48,86.75
02/04/2026,86.54,37872880,86.63,86.7775,86.46
02/03/2026,86.76,27438200,86.485,86.78,86.4284
02/02/2026,86.55,38171400,87.02,87.055,86.55
01/30/2026,87.13,45832190,87.375,87.56,87.13
01/29/2026,87.62,43854980,87.15,87.74,87.08
01/28/2026,87.60,38750300,87.505,87.70,87.29
01/27/2026,87.80,35180130,88.11,88.25,87.68
01/26/2026,88.35,38882360,88.395,88.49,88.20
01/23/2026,87.93,35968800,87.83,88.0284,87.495
01/22/2026,87.69,42419290,87.27,87.755,87.14
01/21/2026,87.31,51220130,86.80,87.48,86.62
01/20/2026,86.65,66009540,86.63,87.03,86.5407
01/16/2026,87.80,46382400,88.13,88.32,87.71
01/15/2026,88.31,37988940,88.635,88.66,88.31
01/14/2026,88.33,39233480,87.91,88.43,87.89
01/13/2026,87.82,30451400,87.88,87.91,87.535
01/12/2026,87.67,36103070,87.50,87.91,87.41
01/09/2026,87.93,57348790,87.30,88.00,87.12
01/08/2026,87.35,28204900,87.33,87.55,87.245
01/07/2026,87.79,39930910,87.84,88.005,87.48
01/06/2026,87.28,39015180,87.15,87.34,86.90
01/05/2026,87.46,30178030,87.18,87.52,87.11
01/02/2026,87.03,40731250,87.40,87.41,87.0201
12/31/2025,87.16,36500040,87.68,87.91,87.13
12/30/2025,87.86,25106780,87.74,88.04,87.6744
12/29/2025,88.07,29399820,87.95,88.0703,87.79
12/26/2025,87.74,26522730,88.10,88.1699,87.60
12/24/2025,88.03,25942010,87.76,88.08,87.65
12/23/2025,87.50,33624060,87.07,87.58,87.03
12/22/2025,87.36,25547130,87.415,87.4574,87.25
12/19/2025,87.55,37858080,87.605,87.76,87.41
12/18/2025,88.22,39048890,88.13,88.38,88.07
12/17/2025,87.80,24668310,87.625,87.9856,87.5801
12/16/2025,87.88,41018680,87.185,87.92,87.17
12/15/2025,87.40,28611790,87.715,87.88,87.39
12/12/2025,87.34,47030120,87.375,87.495,87.19
12/11/2025,88.19,26778690,88.69,88.83,88.16
12/10/2025,88.31,46833510,88.00,88.52,87.855
12/09/2025,87.97,25771790,88.34,88.345,87.84
12/08/2025,87.88,32255200,88.185,88.20,87.56
12/05/2025,88.17,32808070,88.55,88.55,88.045
12/04/2025,88.58,25541460,88.91,88.93,88.48
12/03/2025,89.06,23278580,88.92,89.155,88.74
12/02/2025,88.81,27605680,88.575,88.955,88.46
12/01/2025,88.77,47086650,88.845,88.99,88.71
11/28/2025,90.21,40704290,90.46,90.5299,89.95
11/26/2025,90.64,34098960,90.15,90.64,89.83
11/25/2025,90.24,36503340,90.31,90.59,90.13
11/24/2025,90.01,30865700,89.95,90.0665,89.7801
11/21/2025,89.50,41938630,89.65,89.67,89.195
11/20/2025,89.23,32945000,88.99,89.42,88.985
11/19/2025,88.88,25782380,89.225,89.31,88.85
11/18/2025,89.06,31967440,89.35,89.45,88.80
11/17/2025,89.09,25605780,89.08,89.30,88.98
11/14/2025,88.87,38550500,89.79,89.835,88.87
11/13/2025,89.38,33825910,89.80,89.94,89.38
11/12/2025,90.12,23594940,89.95,90.32,89.88
11/11/2025,89.96,18942300,89.95,90.065,89.775
11/10/2025,89.55,24093450,89.49,89.67,89.385
11/07/2025,89.57,28530050,89.355,89.87,89.355
11/06/2025,89.76,33027350,89.56,89.85,89.53
11/05/2025,88.96,44643440,89.51,89.545,88.88
11/04/2025,89.94,26383780,89.78,90.06,89.74
11/03/2025,89.74,40752280,89.62,89.82,89.42
10/31/2025,90.29,38247270,90.56,90.66,90.20
10/30/2025,90.56,42649220,90.39,90.97,90.3544
10/29/2025,91.09,39551590,91.88,91.89,91.015
10/28/2025,92.02,23564520,91.85,92.175,91.81
10/27/2025,91.78,30033570,91.32,91.79,91.0944
10/24/2025,91.47,28265990,91.585,91.60,91.16
10/23/2025,91.43,28275140,91.61,91.7851,91.29
10/22/2025,92.06,30496150,91.991,92.175,91.82
10/21/2025,92.00,24514340,91.99,92.185,91.9101
10/20/2025,91.55,28429280,91.46,91.56,91.28
10/17/2025,91.20,40240380,91.25,91.29,90.90
10/16/2025,91.34,39631150,90.515,91.495,90.45
10/15/2025,90.66,31333910,90.955,91.30,90.47
10/14/2025,90.86,29800000,90.65,90.915,90.43
10/13/2025,90.57,28035540,90.28,90.58,89.86
10/10/2025,90.62,59389370,89.98,90.72,89.90
10/09/2025,89.18,21578690,89.17,89.29,89.005
10/08/2025,89.25,22506240,89.60,89.615,89.13
10/07/2025,89.18,29103350,88.97,89.38,88.812
10/06/2025,88.67,28370980,88.71,89.155,88.65
10/03/2025,89.38,25884470,89.63,89.72,89.27
10/02/2025,89.55,23208340,89.31,89.69,89.19
10/01/2025,89.29,39408910,89.45,89.64,89.09
09/30/2025,89.37,38583990,89.66,90.04,89.21
09/29/2025,89.63,32286170,89.29,89.74,89.26
09/26/2025,88.90,30955060,88.99,89.47,88.69
09/25/2025,88.98,29882470,88.845,89.03,88.46
09/24/2025,88.98,28097980,89.08,89.16,88.70
09/23/2025,89.32,26689040,88.965,89.36,88.75
09/22/2025,88.70,24758220,88.82,88.91,88.54
09/19/2025,89.02,32509220,89.07,89.225,88.785
09/18/2025,89.19,55717920,89.26,89.47,88.90
09/17/2025,90.12,49121750,90.71,91.04,89.87
09/16/2025,90.35,26794230,90.09,90.495,90.04
09/15/2025,90.16,24820120,90.15,90.455,90.065
09/12/2025,89.95,32968580,89.83,89.98,89.4919
09/11/2025,90.34,46694390,89.91,90.48,89.90
09/10/2025,89.74,40713570,89.40,90.065,89.19
09/09/2025,89.23,37126430,89.40,89.55,88.99
09/08/2025,89.74,54538680,89.17,89.755,89.12
09/05/2025,88.56,69667950,88.22,88.61,88.14
09/04/2025,87.23,40501550,87.02,87.24,86.58
09/03/2025,86.57,52499540,85.93,86.81,85.89
09/02/2025,85.63,48760600,85.63,85.84,85.48
08/29/2025,86.60,41686430,86.76,86.86,86.44
08/28/2025,87.22,32205940,86.78,87.26,86.66
08/27/2025,86.65,38142760,86.105,86.66,86.00
08/26/2025,86.75,30259350,86.51,86.79,86.223
08/25/2025,86.80,27011920,86.725,87.05,86.65
08/22/2025,87.05,49871850,86.83,87.302,86.72
08/21/2025,86.41,28643890,86.56,86.675,86.105
08/20/2025,86.84,25912480,86.59,86.965,86.56
08/19/2025,86.65,28780630,86.45,86.75,86.445
08/18/2025,86.15,26777510,86.50,86.54,85.985
08/15/2025,86.40,36343550,86.66,86.78,86.25
08/14/2025,87.02,33397440,87.51,87.51,86.89
08/13/2025,87.67,30817490,87.44,87.81,87.425
08/12/2025,86.95,41087210,86.90,86.9681,86.55
08/11/2025,87.39,20100910,87.54,87.67,87.28
08/08/2025,87.29,21596330,87.36,87.385,87.1546
08/07/2025,87.67,29213150,87.915,88.25,87.59
08/06/2025,87.82,42589350,87.84,88.045,86.92
08/05/2025,88.33,28586110,87.85,88.45,87.78
08/04/2025,88.06,36425170,87.955,88.15,87.65
08/01/2025,87.82,63434530,87.56,87.93,87.515
07/31/2025,86.92,49814080,87.13,87.41,86.84
07/30/2025,86.87,40670870,86.77,86.96,86.56
07/29/2025,87.32,47828280,86.23,87.34,86.20
07/28/2025,85.87,26812460,85.99,86.20,85.83
07/25/2025,86.43,27196150,85.80,86.44,85.72
07/24/2025,85.89,25164760,85.55,86.24,85.51
07/23/2025,86.04,31008450,86.05,86.20,85.785
07/22/2025,86.52,35190320,86.17,86.77,86.11
07/21/2025,86.00,40019530,86.215,86.505,85.96
07/18/2025,85.24,27534950,85.43,85.46,85.10
07/17/2025,85.11,31875450,85.22,85.485,84.99
07/16/2025,85.13,65987690,85.275,85.6566,84.19
07/15/2025,85.01,40454990,85.89,85.91,84.90
07/14/2025,85.61,24609530,85.54,85.88,85.315
07/11/2025,85.79,40764790,86.23,86.27,85.64
07/10/2025,86.99,24525550,86.83,87.06,86.485
07/09/2025,86.93,29821890,86.19,86.93,86.175
07/08/2025,86.03,31406990,85.57,86.04,85.44
07/07/2025,86.14,38314670,86.54,86.56,85.92
07/03/2025,86.97,26729100,87.165,87.29,86.85
07/02/2025,87.58,39382250,87.19,87.59,87.10
07/01/2025,88.14,38960580,88.13,88.31,87.66
06/30/2025,88.25,53695170,87.86,88.435,87.61
06/27/2025,87.39,74993500,87.57,88.16,87.235
06/26/2025,87.95,30467520,87.59,87.95,87.20
06/25/2025,87.51,26345290,87.11,87.51,86.80
06/24/2025,87.40,32959110,86.47,87.59,86.425
06/23/2025,86.77,36851820,86.93,87.4407,86.77
06/20/2025,86.49,26001910,86.14,86.79,85.95
06/18/2025,86.65,38588980,86.88,87.09,86.35
06/17/2025,86.50,34521570,86.00,86.66,85.75
06/16/2025,85.46,36496630,86.08,86.43,85.46
06/13/2025,86.33,49373980,86.73,86.875,85.775
06/12/2025,87.17,43017810,86.89,87.20,86.60
06/11/2025,86.14,36334820,85.81,86.40,85.71
06/10/2025,85.88,24857000,86.095,86.1774,85.515
06/09/2025,85.44,26560750,85.04,85.64,85.035
06/06/2025,85.35,38130100,85.79,85.925,85.275
06/05/2025,86.45,37715270,86.68,86.93,86.22
06/04/2025,86.39,57441530,85.79,86.65,85.645
06/03/2025,85.01,33731260,85.44,85.735,84.885
06/02/2025,85.16,46213110,85.29,85.47,84.79
05/30/2025,86.28,49042060,86.085,86.47,85.88
05/29/2025,86.15,39003620,85.77,86.26,85.64
05/28/2025,85.36,34806780,85.41,85.5372,84.97
05/27/2025,85.73,56773410,85.35,86.025,85.15
05/23/2025,84.55,47139250,84.77,84.82,84.305
05/22/2025,84.41,61747850,83.521,84.43,83.295
05/21/2025,83.97,77053060,84.68,85.055,83.7601
05/20/2025,85.43,35493070,85.425,85.60,85.06
05/19/2025,86.05,49361880,84.91,86.116,84.83
05/16/2025,86.30,31778180,86.87,86.89,86.195
05/15/2025,86.07,59447990,85.63,86.32,85.48
05/14/2025,85.32,42119810,85.75,85.87,85.20
05/13/2025,85.89,53912160,86.13,86.285,85.50
05/12/2025,86.24,32115030,86.38,86.78,86.19
05/09/2025,87.05,17007870,87.00,87.31,86.92
05/08/2025,86.92,25483680,88.015,88.06,86.89
05/07/2025,87.90,23178420,87.92,88.21,87.82
05/06/2025,87.53,21095150,86.80,87.53,86.64
05/05/2025,87.24,22862810,87.345,87.405,86.83
05/02/2025,87.73,32090380,87.71,88.0674,87.54
05/01/2025,88.69,29932840,89.26,89.28,88.30
04/30/2025,89.47,42630590,89.78,90.05,89.33
04/29/2025,90.20,22129480,89.32,90.21,89.295
04/28/2025,89.45,20130510,88.655,89.53,88.612
04/25/2025,88.89,22513930,88.90,89.105,88.595
04/24/2025,88.24,24190770,88.03,88.35,87.76
04/23/2025,87.32,44082160,88.88,89.06,87.1701
04/22/2025,86.48,32552090,86.82,87.0212,86.40
04/21/2025,86.00,39343220,86.60,87.07,85.98
04/17/2025,87.53,31758430,88.04,88.20,87.23
04/16/2025,88.31,35607340,87.80,88.50,87.47
04/15/2025,87.82,22553900,87.15,88.185,87.035
04/14/2025,87.51,37596370,87.40,87.71,86.815
04/11/2025,86.89,94814140,85.87,87.2993,85.00
04/10/2025,86.42,78591990,87.74,88.175,86.3501
04/09/2025,88.87,131353500,87.27,88.91,85.89
04/08/2025,88.35,73861860,89.28,90.20,88.22
04/07/2025,90.05,124987600,91.88,92.19,89.795
04/04/2025,92.85,92794210,93.65,94.09,92.82
04/03/2025,91.85,57467360,92.52,92.73,91.84
04/02/2025,91.43,43488410,92.37,92.37,90.66
04/01/2025,91.49,39800070,91.25,91.905,91.21
03/31/2025,91.03,38824320,91.23,91.335,90.36
03/28/2025,90.14,39869370,89.88,90.34,89.81
03/27/2025,88.91,23674540,88.85,89.025,88.63
03/26/2025,89.17,25165320,89.39,89.595,89.09
03/25/2025,89.76,22333830,89.57,90.08,89.51
03/24/2025,89.77,27985580,90.20,90.255,89.70
03/21/2025,90.70,29192080,91.33,91.435,90.62
03/20/2025,91.24,35645820,92.20,92.24,91.155
03/19/2025,91.18,31378710,90.68,91.22,90.38
03/18/2025,90.71,23654750,90.14,91.02,90.12
03/17/2025,90.62,26700280,90.80,91.18,90.38
03/14/2025,90.17,24657990,90.01,90.41,89.86
03/13/2025,90.65,38675410,89.58,90.71,89.375
03/12/2025,89.86,32734570,90.00,90.38,89.78
03/11/2025,90.40,40555670,90.965,91.4905,90.14
03/10/2025,91.05,41440750,91.08,91.625,90.91
03/07/2025,90.11,36903630,91.14,91.16,89.985
03/06/2025,90.40,42827470,90.48,90.80,89.7337
03/05/2025,90.70,50215940,91.56,91.80,90.61
03/04/2025,91.43,56721960,92.44,92.79,91.265
03/03/2025,92.57,42904170,91.41,92.71,91.37
02/28/2025,92.43,49388600,91.85,92.475,91.4701
02/27/2025,91.31,53373570,91.31,91.79,91.14
02/26/2025,91.96,32220190,91.42,92.06,91.20
02/25/2025,91.42,50125050,90.97,91.50,90.80
02/24/2025,89.87,26217990,89.33,90.06,89.26
02/21/2025,89.61,46912350,88.87,89.93,88.82
02/20/2025,88.54,27913440,88.45,88.76,88.45
02/19/2025,88.21,20584300,87.95,88.45,87.885
02/18/2025,88.10,29429170,88.54,88.84,88.04
02/14/2025,89.15,27460740,89.38,89.68,89.12
02/13/2025,88.68,42718100,88.09,88.89,88.07
02/12/2025,87.23,48536210,87.29,87.60,86.8601
02/11/2025,88.43,21513020,88.53,88.68,88.375
02/10/2025,89.00,22736060,89.264,89.53,88.85
02/07/2025,89.27,31171250,89.24,89.45,88.935
02/06/2025,89.85,22509940,89.86,90.15,89.545
02/05/2025,89.89,48331180,89.45,90.175,89.39
02/04/2025,88.43,33413960,87.55,88.4499,87.48
02/03/2025,88.16,70657230,88.575,89.10,87.80
01/31/2025,87.76,48812470,88.38,88.66,87.43
01/30/2025,88.34,25094900,88.41,88.705,88.17
01/29/2025,88.01,25342750,88.43,88.615,87.63
01/28/2025,88.19,25519110,87.84,88.20,87.6591
01/27/2025,88.25,42864200,88.155,88.43,87.85
01/24/2025,87.22,21110360,86.72,87.28,86.60
01/23/2025,86.83,31949020,86.64,86.99,86.525
01/22/2025,87.51,25278410,87.87,87.98,87.32
01/21/2025,87.97,30548610,87.89,88.17,87.63
01/17/2025,87.19,29875610,87.43,87.48,87.04
01/16/2025,87.04,34651050,86.64,87.395,86.28
01/15/2025,86.76,54120730,86.695,86.975,86.395
01/14/2025,85.29,33412890,85.23,85.36,84.89
01/13/2025,85.43,33258920,85.53,85.66,85.04
01/10/2025,85.46,47115830,85.28,85.845,85.16
01/08/2025,86.03,44590770,85.47,86.20,85.34
01/07/2025,85.92,41757190,86.60,86.77,85.79
01/06/2025,86.90,30231490,87.05,87.23,86.67
01/03/2025,87.29,21962200,87.72,87.88,87.18
01/02/2025,87.57,27841300,87.80,88.115,87.21
12/31/2024,87.33,31917310,88.13,88.28,87.26
12/30/2024,87.80,48519630,87.83,88.035,87.67
12/27/2024,87.10,27262320,87.48,87.775,87.06
12/26/2024,87.82,19996220,87.21,87.96,87.20
12/24/2024,87.87,22377630,87.04,87.89,86.98
12/23/2024,87.50,32764560,88.16,88.23,87.44
12/20/2024,88.31,45542410,88.53,88.91,88.29
12/19/2024,87.81,99083310,88.07,88.385,87.505
12/18/2024,89.16,61328420,89.97,90.37,89.14
12/17/2024,90.64,23839890,90.52,90.985,90.455
12/16/2024,90.42,23482270,90.55,90.6152,90.05
12/13/2024,90.15,39485960,90.80,90.85,90.08
12/12/2024,91.08,45368390,91.64,91.746,91.00
12/11/2024,92.20,38748400,93.07,93.29,92.105
12/10/2024,93.08,28706470,93.02,93.30,92.905
12/09/2024,93.52,30509580,93.99,94.04,93.465
12/06/2024,94.39,31761530,94.72,94.85,94.02
12/05/2024,94.25,23695820,93.72,94.39,93.655
12/04/2024,94.06,35851070,92.61,94.19,92.54
12/03/2024,93.06,32768890,93.93,94.03,92.99
12/02/2024,93.87,39406030,93.27,94.1475,93.00
11/29/2024,93.97,31905740,93.78,93.985,93.44
11/27/2024,93.01,39442170,93.04,93.38,92.67
11/26/2024,92.37,31122250,92.16,92.44,91.81
11/25/2024,92.73,56858040,92.20,92.78,91.985
11/22/2024,90.39,21547550,90.51,90.70,90.15
11/21/2024,90.34,28365740,90.45,90.85,90.00
11/20/2024,90.41,27755430,90.15,90.83,90.11
11/19/2024,90.70,29585100,90.82,91.07,90.62
11/18/2024,90.24,36058670,89.66,90.59,89.424
11/15/2024,90.08,73722400,89.915,90.65,89.51
11/14/2024,90.32,53328350,90.56,91.025,90.27
11/13/2024,89.80,49009130,91.515,91.54,89.72
11/12/2024,90.66,57908370,91.37,91.85,90.51
11/11/2024,92.04,22369200,92.25,92.295,91.62
11/08/2024,92.49,56756180,92.00,92.5955,91.84
11/07/2024,91.33,56221410,90.75,91.62,90.65
11/06/2024,90.20,98895690,89.64,90.72,89.5545
11/05/2024,92.74,46986040,92.03,92.90,91.60
11/04/2024,92.25,49747590,92.28,92.57,91.63
11/01/2024,90.84,80401980,92.26,92.515,90.80
10/31/2024,92.45,52173750,92.20,92.94,91.87
10/30/2024,92.30,41951070,92.84,93.285,92.16
10/29/2024,92.03,46545200,91.17,92.06,90.9837
10/28/2024,91.89,33156460,92.27,92.29,91.415
10/25/2024,92.14,28667060,92.99,93.0375,92.02
10/24/2024,92.66,32507400,92.23,93.00,91.96
10/23/2024,92.07,33354250,91.84,92.37,91.6601
10/22/2024,92.32,32096890,92.65,92.76,92.091
10/21/2024,92.23,49504700,93.02,93.09,92.23
10/18/2024,93.87,25258630,94.05,94.28,93.86
10/17/2024,93.80,43427210,94.29,94.44,93.6701
10/16/2024,95.31,32281490,95.39,95.62,95.14
10/15/2024,94.91,46429050,94.46,95.00,94.3736
10/14/2024,93.765,28795340,93.04,93.78,92.98
10/11/2024,93.70,27406420,93.48,94.0656,93.422
10/10/2024,94.08,53667360,93.88,94.09,93.41
10/09/2024,94.45,35807680,94.67,94.905,94.23
10/08/2024,94.99,33709590,94.39,95.03,94.335
10/07/2024,94.83,42606630,94.98,95.2672,94.76
10/04/2024,95.55,56970280,95.44,95.96,95.40
10/03/2024,96.74,39677770,97.34,97.51,96.74
10/02/2024,97.66,35810760,97.36,97.73,97.06
10/01/2024,98.49,45254240,98.80,99.33,98.385
09/30/2024,98.10,34208260,98.64,98.71,97.8839
09/27/2024,98.57,28317630,98.54,98.755,98.21
09/26/2024,98.06,33332320,98.07,98.245,97.42
09/25/2024,97.83,36738240,98.26,98.32,97.79
09/24/2024,98.65,31005350,98.00,98.89,97.85
09/23/2024,98.67,35703930,98.50,99.09,98.02
09/20/2024,98.88,37067570,98.99,99.245,98.72
09/19/2024,99.26,39979820,98.92,99.31,98.77
09/18/2024,99.59,48897050,100.24,100.7266,99.54
09/17/2024,100.84,31699370,101.47,101.64,100.74
09/16/2024,101.33,30866260,100.63,101.37,100.41
09/13/2024,100.41,25722140,100.46,100.61,100.02
09/12/2024,100.14,41812530,100.36,100.55,99.69
09/11/2024,100.61,39497050,100.49,101.235,100.35
09/10/2024,100.69,31703410,99.87,100.91,99.82
09/09/2024,99.99,26961400,99.40,100.10,99.16
09/06/2024,99.56,57406400,99.55,100.78,99.1901
09/05/2024,99.57,47450880,99.34,99.6787,98.775
09/04/2024,99.01,40885160,97.88,99.03,97.81
09/03/2024,97.75,48947900,97.56,98.06,97.42
08/30/2024,96.49,42896190,97.68,97.985,96.47
08/29/2024,97.53,24988240,97.37,97.64,97.125
08/28/2024,97.85,18501410,98.01,98.20,97.725
08/27/2024,97.97,21507650,97.49,98.08,97.41
08/26/2024,98.14,23198710,98.69,98.6975,98.08
08/23/2024,98.39,32005080,98.19,98.67,97.96
08/22/2024,97.75,33453850,98.23,98.30,97.43
08/21/2024,98.73,29229980,98.67,99.20,98.21
08/20/2024,98.67,25239300,98.32,98.855,98.12
08/19/2024,97.89,25322140,97.42,98.155,97.405
08/16/2024,97.44,28540970,97.44,97.5399,97.01
08/15/2024,97.10,38723700,96.405,97.10,96.21
08/14/2024,97.89,31334060,97.55,98.16,97.5082
08/13/2024,97.28,30366940,97.30,97.36,96.98
08/12/2024,96.61,24261380,96.03,96.82,95.88
08/09/2024,96.26,32141760,96.51,96.54,96.0906
08/08/2024,95.32,37815770,95.115,95.40,94.84
08/07/2024,95.91,51337130,95.95,96.45,95.50
08/06/2024,96.59,61316860,98.15,98.41,96.59
08/05/2024,98.80,90686310,99.69,99.935,97.90
08/02/2024,98.28,91912940,97.00,98.37,96.8901
08/01/2024,95.31,77254240,95.14,95.905,95.12
07/31/2024,94.81,47445290,94.53,94.84,94.24
07/30/2024,93.85,28169820,93.75,94.05,93.30
07/29/2024,93.49,25801350,93.67,93.69,93.22
07/26/2024,92.99,34423770,92.95,93.15,92.71
07/25/2024,92.27,44999070,92.025,92.86,91.96
07/24/2024,91.52,50757120,92.59,92.85,91.47
07/23/2024,92.52,23497990,92.81,93.03,92.49
07/22/2024,92.65,36160370,93.40,93.52,92.30
07/19/2024,92.92,32164670,93.04,93.16,92.82
07/18/2024,93.47,34553080,93.68,94.14,93.38
07/17/2024,94.19,29036840,93.92,94.40,93.69
07/16/2024,94.17,36383720,93.53,94.21,93.39
07/15/2024,92.86,37918850,93.00,93.30,92.78
07/12/2024,93.94,27796480,93.53,93.94,93.34
07/11/2024,93.54,49761790,93.68,94.135,93.47
07/10/2024,92.64,23572470,92.45,92.68,92.2603
07/09/2024,92.35,30304140,92.47,92.675,91.87
07/08/2024,92.76,16095650,92.54,92.845,92.2246
07/05/2024,92.56,34895510,92.27,92.725,91.90
07/03/2024,91.80,35563310,91.17,91.89,91.085
07/02/2024,90.61,34204720,90.68,90.805,90.08
07/01/2024,89.91,49735380,90.42,91.08,89.82
06/28/2024,91.78,55119550,93.73,93.765,91.78
06/27/2024,93.52,23140770,93.52,93.71,93.42
06/26/2024,93.15,38489140,93.28,93.465,93.11
06/25/2024,94.50,23160000,94.07,94.55,94.04
06/24/2024,94.34,56939100,94.05,94.34,93.735
06/21/2024,93.96,22830880,94.24,94.479,93.59
06/20/2024,93.96,30246270,93.41,94.00,93.34
06/18/2024,94.59,26881040,93.89,94.60,93.73
06/17/2024,93.73,31040200,93.52,93.81,93.28
06/14/2024,94.67,28776710,94.42,94.84,94.24
06/13/2024,93.88,33093760,93.22,93.99,92.95
06/12/2024,92.52,42554580,93.02,93.57,92.485
06/11/2024,91.83,30329210,91.032,91.87,90.9223
06/10/2024,90.89,20593240,91.00,91.06,90.65
06/07/2024,91.50,35240480,91.83,91.83,91.40
06/06/2024,93.21,22891860,92.92,93.43,92.86
06/05/2024,93.35,43153860,93.00,93.35,92.3887
06/04/2024,92.67,42581460,92.20,92.80,91.99
06/03/2024,91.60,42272090,90.64,91.67,90.61
05/31/2024,90.45,41308830,90.48,90.66,90.25
05/30/2024,89.84,29571650,89.60,89.97,89.44
05/29/2024,88.98,45508380,89.34,89.395,88.68
05/28/2024,90.07,45973740,91.33,91.36,90.03
05/24/2024,91.38,19164430,90.97,91.47,90.90
05/23/2024,91.11,51294660,91.80,91.80,90.82
05/22/2024,91.70,38073720,91.27,91.7799,91.26
05/21/2024,91.59,15334430,91.73,91.77,91.43
05/20/2024,91.12,17922810,91.08,91.315,91.01
05/17/2024,91.39,24755010,91.64,91.80,91.34
05/16/2024,92.01,37902430,92.39,92.4205,91.94
05/15/2024,92.10,65142890,91.87,92.255,91.63
05/14/2024,90.86,25746390,90.65,90.9199,90.42
05/13/2024,90.35,23157500,90.55,90.61,90.31
05/10/2024,90.12,21913760,90.28,90.38,89.96
05/09/2024,90.63,39606720,89.87,90.77,89.82
05/08/2024,90.19,31171660,90.31,90.46,90.16
05/07/2024,90.74,30525830,90.90,91.24,90.6141
05/06/2024,90.19,23868190,89.87,90.25,89.67
05/03/2024,89.84,50066080,89.93,90.12,89.27
05/02/2024,88.94,58925390,88.21,89.01,88.025
05/01/2024,88.56,59679510,88.60,89.21,88.24
04/30/2024,88.22,41054670,88.42,88.73,88.095
04/29/2024,88.98,39228620,88.66,89.015,88.48
04/26/2024,88.24,31589820,88.245,88.605,88.05
04/25/2024,87.78,49282640,87.46,87.90,87.34
04/24/2024,88.40,48986760,88.56,88.63,87.50
04/23/2024,89.03,27222720,88.73,89.54,88.55
04/22/2024,89.00,24969050,88.68,89.12,88.645
04/19/2024,89.15,44826770,89.39,89.39,88.905
04/18/2024,88.83,43839450,89.24,89.27,88.59
04/17/2024,89.28,57946990,88.87,89.375,88.46
04/16/2024,88.30,45103240,88.05,88.58,87.785
04/15/2024,88.89,55993060,89.22,89.26,88.523
04/12/2024,90.29,47900110,90.64,90.95,90.28
04/11/2024,89.81,65751180,90.38,90.44,89.51
04/10/2024,90.22,74368940,91.20,91.30,90.05
04/09/2024,92.23,32537020,91.869,92.36,91.835
04/08/2024,91.38,37879800,91.23,91.59,91.13
04/05/2024,91.39,42495900,91.69,92.18,91.38
04/04/2024,92.68,47957410,92.63,92.76,92.04
04/03/2024,92.02,45494440,91.26,92.05,91.05
04/02/2024,92.04,43086300,91.57,92.20,91.335
04/01/2024,92.55,48945450,93.29,93.30,92.455
03/28/2024,94.62,34540430,94.49,95.02,94.32
03/27/2024,94.70,50157820,93.99,94.70,93.94
03/26/2024,93.77,34423000,93.51,93.87,93.2813
03/25/2024,93.51,24011760,93.707,93.75,93.30
03/22/2024,93.98,30262280,94.19,94.21,93.78
03/21/2024,93.09,34276640,93.27,93.43,92.725
03/20/2024,92.89,43460080,93.10,93.79,92.29
03/19/2024,92.92,26953130,92.85,93.27,92.69
03/18/2024,92.66,29519540,92.73,92.99,92.50
03/15/2024,92.94,34997710,93.06,93.19,92.785
03/14/2024,92.97,58365560,93.73,93.75,92.86
03/13/2024,94.42,38270060,94.50,94.74,94.21
03/12/2024,94.88,29566000,95.04,95.21,94.69
03/11/2024,95.68,17787920,95.96,96.01,95.37
03/08/2024,95.73,25023230,95.80,96.045,95.48
03/07/2024,95.90,39075050,96.36,96.40,95.48
03/06/2024,95.99,40571580,95.49,96.17,95.41
03/05/2024,95.43,37721850,95.23,95.68,94.965
03/04/2024,94.09,23864210,93.70,94.155,93.68
03/01/2024,94.47,45832790,93.44,94.51,93.01
02/29/2024,94.18,51038610,93.82,94.30,93.78
02/28/2024,93.52,34574180,93.08,93.595,92.90
02/27/2024,92.93,30241950,93.24,93.47,92.845
02/26/2024,93.59,27855040,94.00,94.03,93.19
02/23/2024,93.87,38406710,92.75,93.999,92.75
02/22/2024,92.63,45190660,92.33,92.76,92.265
02/21/2024,92.18,36404240,92.83,92.895,92.0063
02/20/2024,92.84,24469330,92.79,93.19,92.72
02/16/2024,92.76,33116770,92.48,92.845,92.34
02/15/2024,93.30,49598490,93.56,93.72,93.00
02/14/2024,92.82,44191550,92.30,93.05,92.23
02/13/2024,92.35,49768460,92.86,93.059,92.33
02/12/2024,93.96,27890270,93.90,94.14,93.5001
02/09/2024,93.85,27951310,93.76,94.01,93.6618
02/08/2024,94.04,50087690,94.02,94.30,93.655
02/07/2024,94.59,40120220,94.57,95.23,94.52
02/06/2024,95.05,33411470,94.24,95.15,94.211
02/05/2024,94.13,53827360,94.63,94.85,94.02
02/02/2024,96.07,63823250,96.27,96.62,95.69
02/01/2024,98.24,84291220,97.42,98.67,97.19
01/31/2024,96.66,80646720,96.22,96.91,96.00
01/30/2024,95.72,40151420,95.48,95.84,94.74
01/29/2024,94.86,38243550,94.31,95.165,94.12
01/26/2024,93.78,29276870,93.93,94.07,93.485
01/25/2024,93.96,57019410,94.00,94.216,93.57
01/24/2024,93.35,54574910,94.51,94.54,93.10
01/23/2024,93.90,35786750,93.89,93.99,93.4299
01/22/2024,94.65,35756420,94.82,95.08,94.39
01/19/2024,94.09,47030910,93.71,94.165,93.26
01/18/2024,93.79,77339060,94.46,94.58,93.51
01/17/2024,94.67,55506810,94.60,95.00,94.16
01/16/2024,94.82,61716700,95.62,95.79,94.51
01/12/2024,96.52,38883930,96.78,97.27,96.27
01/11/2024,96.71,78858910,96.17,96.83,95.71
01/10/2024,96.17,48227800,96.92,97.045,96.121
01/09/2024,96.62,34373950,96.64,97.165,96.585
01/08/2024,97.24,39485850,96.23,97.38,96.09
01/05/2024,96.29,45894800,96.50,97.68,96.21
01/04/2024,97.22,52604510,97.42,97.64,97.065
01/03/2024,98.72,58159500,97.38,98.85,97.15
01/02/2024,98.31,47797430,98.229,98.65,98.00
12/29/2023,98.88,41616190,99.13,99.815,98.795
12/28/2023,99.78,36212990,100.09,100.57,99.56
12/27/2023,100.51,45082810,99.78,100.53,99.50
12/26/2023,98.76,24019750,98.54,98.87,98.48
12/22/2023,98.475,29244250,99.38,99.38,98.24
12/21/2023,98.93,65231180,99.74,99.84,98.75
12/20/2023,99.56,51229380,99.11,99.69,98.58
12/19/2023,98.89,30018420,98.855,99.26,98.66
12/18/2023,98.36,34746020,98.50,98.50,98.02
12/15/2023,99.15,59941260,98.69,99.35,98.58
12/14/2023,99.04,87798590,97.66,99.04,97.42
12/13/2023,96.84,70828500,95.17,96.98,95.02
12/12/2023,94.62,36996910,94.15,94.70,93.9004
12/11/2023,94.34,33909730,94.01,94.44,93.53
12/08/2023,94.54,44809250,94.42,94.715,93.91
12/07/2023,95.32,47970170,95.18,96.08,95.06
12/06/2023,95.87,61606080,95.08,96.05,94.87
12/05/2023,94.61,73588580,93.63,94.62,93.565
12/04/2023,92.615,33766250,92.49,92.83,92.09
12/01/2023,92.99,64172230,91.31,93.0599,91.1316
11/30/2023,91.56,60520870,91.97,92.29,91.155
11/29/2023,92.63,61647850,92.11,92.695,91.775
11/28/2023,91.48,44989270,90.91,91.53,90.785
11/27/2023,91.30,39804430,90.30,91.34,90.205
11/24/2023,89.80,20199630,90.10,90.26,89.79
11/22/2023,90.87,31215580,91.12,91.32,90.38
11/21/2023,90.55,27720970,90.50,90.80,89.885
11/20/2023,90.59,40517570,89.62,90.655,89.61
11/17/2023,90.04,44100610,90.16,90.425,89.6358
11/16/2023,89.62,49473880,89.30,89.96,89.25
11/15/2023,88.52,56205300,89.01,89.14,88.31
11/14/2023,89.78,65666820,90.00,90.15,89.29
11/13/2023,87.79,25661520,87.22,87.94,86.90
11/10/2023,87.99,36594020,88.225,88.425,87.7749
11/09/2023,87.50,88975100,88.94,89.03,86.74
11/08/2023,89.56,53893380,88.48,89.62,88.45
11/07/2023,88.06,37834190,87.61,88.50,87.59
11/06/2023,86.78,41341870,87.07,87.20,86.60
11/03/2023,87.63,77692250,88.81,89.05,87.575
11/02/2023,87.04,69739360,86.675,87.31,86.22
11/01/2023,85.10,72308460,84.04,85.12,84.02
10/31/2023,83.58,37269240,84.365,84.77,83.55
10/30/2023,83.99,45026920,83.81,84.50,83.24
10/27/2023,84.37,32362270,84.19,84.97,83.74
10/26/2023,84.73,49704080,83.48,84.815,83.40
10/25/2023,83.45,60737170,84.02,84.13,83.13
10/24/2023,85.35,46267680,84.44,85.35,84.09
10/23/2023,84.24,70890440,82.81,84.86,82.42
10/20/2023,83.24,52188750,82.99,83.54,82.77
10/19/2023,82.77,87696930,83.88,84.57,82.74
10/18/2023,84.50,63724620,84.38,84.72,83.85
10/17/2023,85.25,52949100,84.89,85.6299,84.5045
10/16/2023,86.20,38309790,86.19,86.37,85.90
10/13/2023,87.61,44203090,87.60,87.83,87.17
10/12/2023,86.07,66986730,88.05,88.1894,85.925
10/11/2023,88.47,58517650,87.85,88.47,87.60
10/10/2023,86.66,54743910,85.85,87.17,85.52
10/09/2023,86.78,29424890,85.50,86.80,84.95
10/06/2023,84.79,62787860,84.20,85.685,84.06
10/05/2023,85.83,35758760,86.105,86.19,85.635
10/04/2023,86.26,56281600,85.77,86.31,85.37
10/03/2023,85.06,71362640,86.31,86.65,84.885
10/02/2023,86.93,44704260,87.82,87.93,86.71
09/29/2023,88.69,49010150,89.27,89.49,88.13
09/28/2023,88.68,60238010,87.62,88.73,87.10
09/27/2023,88.41,47111200,89.535,89.62,88.09
09/26/2023,88.87,38104130,89.43,89.62,88.71
09/25/2023,89.18,45587910,89.66,90.04,89.15
09/22/2023,91.43,29530320,90.81,91.605,90.67
09/21/2023,90.70,59958750,91.285,91.365,90.69
09/20/2023,93.09,29451160,93.29,93.60,93.04
09/19/2023,92.80,24947680,93.08,93.43,92.80
09/18/2023,93.49,17963380,92.85,93.53,92.82
09/15/2023,92.96,25642920,93.46,93.48,92.96
09/14/2023,93.53,27800620,93.94,94.21,93.40
09/13/2023,94.21,23332280,93.92,94.5301,93.82
09/12/2023,94.23,20034330,93.89,94.24,93.5808
09/11/2023,93.69,17061470,93.70,93.98,93.55
09/08/2023,94.37,17054180,94.38,94.90,94.17
09/07/2023,94.01,18091460,94.00,94.07,93.68
09/06/2023,93.75,23609040,94.09,94.11,93.46
09/05/2023,93.52,29435890,94.28,94.285,93.49
09/01/2023,94.85,32469680,95.80,95.82,94.62
08/31/2023,96.64,26959670,96.54,97.05,96.425
08/30/2023,96.21,17550110,96.16,96.40,95.88
08/29/2023,96.31,28478120,94.97,96.51,94.94
08/28/2023,95.32,16037350,95.65,95.66,94.8897
08/25/2023,95.22,23865210,94.66,95.51,94.51
08/24/2023,94.91,22300820,95.13,95.55,94.885
08/23/2023,95.54,38294660,94.30,95.55,94.23
08/22/2023,93.23,21323070,92.64,93.275,92.46
08/21/2023,92.52,29254120,92.66,92.76,92.23
08/18/2023,93.77,24181710,93.43,94.19,93.3015
08/17/2023,93.44,32244850,93.50,93.605,93.02
08/16/2023,93.84,23076660,94.28,94.79,93.72
08/15/2023,94.58,24125030,94.798,95.195,94.56
08/14/2023,95.16,19071970,95.21,95.93,94.90
08/11/2023,95.37,26753470,95.30,95.865,95.20
08/10/2023,95.59,37253250,97.04,97.355,95.59
08/09/2023,97.19,20151130,96.88,97.29,96.84
08/08/2023,96.69,24010510,96.86,97.37,96.44
08/07/2023,95.58,35862880,96.11,96.20,95.50
08/04/2023,96.53,42071830,95.15,96.68,95.13
08/03/2023,94.85,59449680,95.19,95.32,94.535
08/02/2023,97.09,38121260,97.04,97.235,96.41
08/01/2023,98.14,34985340,98.84,98.915,97.90
07/31/2023,100.05,28665160,99.65,100.33,99.62
07/28/2023,99.81,27433970,99.40,99.86,99.15
07/27/2023,99.30,44794390,100.71,100.925,98.91
07/26/2023,101.27,19310660,101.68,101.69,100.9256
07/25/2023,101.17,17160560,100.83,101.50,100.80
07/24/2023,101.36,17546710,101.985,102.15,101.30
07/21/2023,101.73,20657450,102.16,102.345,101.63
07/20/2023,101.70,56951190,102.22,102.31,101.28
07/19/2023,102.95,27192460,102.00,102.98,101.725
07/18/2023,101.80,15412760,101.80,102.065,101.57
07/17/2023,101.34,18828250,101.23,101.485,100.92
07/14/2023,101.29,18568970,101.72,101.935,101.235
07/13/2023,101.89,32441490,101.31,101.97,101.03
07/12/2023,100.83,31927960,100.10,101.12,99.765
07/11/2023,99.72,20491150,99.57,99.97,99.29
07/10/2023,99.21,24665200,98.86,99.53,98.85
07/07/2023,99.08,28996480,99.18,99.60,98.985
07/06/2023,99.68,41375740,100.20,100.38,99.47
07/05/2023,101.11,28170290,101.89,102.00,100.74
07/03/2023,102.08,15991670,102.84,103.255,102.06
06/30/2023,102.94,32024910,102.06,103.06,101.87
06/29/2023,101.74,41091620,102.17,102.34,101.45
06/28/2023,103.61,23826810,103.41,103.84,102.827
06/27/2023,103.17,18105690,103.59,103.95,102.76
06/26/2023,103.44,12894940,103.62,103.80,103.16
06/23/2023,103.33,22901920,103.83,103.95,102.98
06/22/2023,102.31,23633350,102.80,103.25,102.20
06/21/2023,103.56,19720140,102.81,103.65,102.34
06/20/2023,103.31,17163970,103.11,103.6581,103.11
06/16/2023,102.60,16759080,102.44,102.8269,102.03
06/15/2023,103.00,25731990,103.03,103.63,102.60
06/14/2023,102.02,29094240,101.63,102.29,101.46
06/13/2023,101.21,25910830,102.11,102.33,100.965
06/12/2023,102.22,19024130,102.24,102.30,101.12
06/09/2023,101.92,22148560,101.60,102.265,101.34
06/08/2023,102.06,23848660,100.87,102.14,100.80
06/07/2023,100.88,25251100,102.17,102.43,100.78
06/06/2023,102.40,14332120,101.84,102.47,101.39
06/05/2023,101.80,14433170,101.35,102.4399,101.21
06/02/2023,101.99,19136520,103.00,103.065,101.94
06/01/2023,103.12,21040380,103.28,103.63,102.63
05/31/2023,102.99,23787030,101.99,103.18,101.87
05/30/2023,102.10,23125160,101.40,102.24,101.25
05/26/2023,101.09,17030270,100.12,101.1733,100.00
05/25/2023,100.28,22492820,100.70,100.80,100.03
05/24/2023,100.53,18473350,101.28,101.36,100.53
05/23/2023,101.03,21749470,100.43,101.25,100.275
05/22/2023,100.74,20131110,101.25,101.71,100.67
05/19/2023,101.10,29038020,101.26,101.86,100.93
05/18/2023,101.82,25536610,102.20,102.26,101.75
05/17/2023,102.58,21340890,103.08,103.16,102.345
05/16/2023,102.88,29251700,102.40,102.90,102.11
05/15/2023,103.19,20085300,103.39,103.47,103.12
05/12/2023,104.27,14198540,105.05,105.25,104.25
05/11/2023,105.15,19147220,105.295,105.52,104.72
05/10/2023,104.05,22886810,103.67,104.24,103.64
05/09/2023,103.05,19182510,103.50,103.64,103.00
05/08/2023,103.42,20587040,103.515,103.87,103.32
05/05/2023,104.89,15096460,104.35,104.90,104.105
05/04/2023,105.24,25110470,105.22,106.45,105.15
05/03/2023,106.29,23656170,106.00,106.60,105.275
05/02/2023,105.70,30057760,104.00,105.70,103.89
05/01/2023,103.13,32487290,105.27,105.42,102.84
04/28/2023,106.46,26954080,106.21,106.76,105.86
04/27/2023,104.77,20247620,105.20,105.27,104.61
04/26/2023,105.82,19610400,106.79,107.24,105.67
04/25/2023,106.96,21899880,106.33,107.13,106.28
04/24/2023,105.41,17034310,104.96,105.4875,104.84
04/21/2023,104.40,15244720,105.30,105.46,104.27
04/20/2023,104.99,16450090,104.83,105.28,104.753
04/19/2023,104.10,16093910,103.91,104.237,103.475
04/18/2023,104.20,15922620,103.81,104.585,103.80
04/17/2023,103.83,19528810,104.42,104.59,103.71
04/14/2023,105.08,19801900,105.39,105.55,104.77
04/13/2023,106.05,22079380,107.05,107.39,105.88
04/12/2023,106.89,20563000,107.05,107.165,105.88
04/11/2023,107.00,13971250,107.05,107.09,106.51
04/10/2023,106.78,19134400,107.64,107.7618,106.56
04/06/2023,108.53,16447300,108.42,108.87,108.39
04/05/2023,108.25,23047700,107.77,108.37,107.41
04/04/2023,107.13,18052420,105.78,107.80,105.75
04/03/2023,106.60,18234840,105.88,107.095,105.70
03/31/2023,106.37,25396680,105.35,106.56,105.075
03/30/2023,104.80,14315800,104.46,105.05,104.27
03/29/2023,104.32,16804390,103.70,104.45,103.60
03/28/2023,104.53,17794340,104.24,104.68,104.02
03/27/2023,104.34,22224510,105.05,105.76,104.325
03/24/2023,106.85,23657590,107.09,107.43,106.26
03/23/2023,106.40,25475130,105.36,106.55,104.82
03/22/2023,106.40,26388480,104.66,106.45,104.44
03/21/2023,105.00,18934920,105.08,105.42,104.54
03/20/2023,105.91,24242780,106.88,106.96,105.72
03/17/2023,106.85,38128990,106.65,107.73,106.46
03/16/2023,105.27,43103530,107.38,108.03,105.04
03/15/2023,106.10,45164120,106.78,107.71,105.345
03/14/2023,104.09,38417780,105.14,105.61,103.75
03/13/2023,105.83,51502460,108.20,109.10,105.04
03/10/2023,105.59,43921480,104.03,105.6939,104.00
03/09/2023,102.07,21550360,101.55,102.52,101.33
03/08/2023,101.82,20252360,102.40,102.97,101.42
03/07/2023,101.72,23096460,101.46,102.365,100.88
03/06/2023,101.10,16631870,102.22,102.34,100.99
03/03/2023,101.89,30877340,100.93,101.90,100.57
03/02/2023,99.48,23769180,99.06,99.645,98.88
03/01/2023,100.37,19000030,100.82,101.03,99.96
02/28/2023,101.71,14955720,100.57,101.72,100.28
02/27/2023,101.25,14209180,101.29,101.70,100.91
02/24/2023,100.97,21403580,101.44,101.795,100.56
02/23/2023,102.30,15829080,101.54,102.59,101.47
02/22/2023,101.31,15165420,100.99,101.69,100.95
02/21/2023,100.39,22727980,101.005,101.20,100.28
02/17/2023,102.38,19560870,101.10,102.38,100.965
02/16/2023,101.59,19267330,102.07,102.22,101.33
02/15/2023,103.05,15567610,103.55,103.95,102.495
02/14/2023,104.02,15440320,104.20,104.83,103.135
02/13/2023,104.26,13134300,103.71,104.415,103.58
02/10/2023,103.39,16598350,104.40,104.44,103.115
02/09/2023,104.56,20469920,106.47,106.62,104.39
02/08/2023,105.56,13530660,105.04,105.58,104.39
02/07/2023,105.06,18290310,105.33,106.23,105.00
02/06/2023,105.91,15182440,105.75,106.305,105.68
02/03/2023,106.70,20619480,106.77,107.11,106.08
02/02/2023,108.32,19548420,108.92,109.352,108.085
02/01/2023,108.18,25305790,107.55,108.59,106.42
01/31/2023,107.17,13705350,106.98,107.28,105.87
01/30/2023,106.32,11459670,106.46,107.16,106.19
01/27/2023,106.71,11845470,106.19,106.96,106.11
01/26/2023,106.98,15549350,107.14,107.65,106.49
01/25/2023,107.48,11906500,107.37,107.905,106.64
01/24/2023,107.22,16417220,106.12,107.45,105.39
01/23/2023,105.70,12961520,105.57,106.20,105.49
01/20/2023,106.20,22754070,106.96,107.24,106.11
01/19/2023,107.95,17194650,108.10,108.37,107.44
01/18/2023,108.63,35497240,108.46,108.77,107.12
01/17/2023,106.06,13911680,105.67,106.66,105.65
01/13/2023,106.75,17750780,107.10,107.80,106.38
01/12/2023,107.76,32029610,105.82,107.81,104.56
01/11/2023,105.68,18794030,104.97,105.72,104.70
01/10/2023,103.99,20545220,104.53,104.82,103.50
01/09/2023,105.74,21472170,104.41,105.93,104.27
01/06/2023,105.18,27473730,102.70,105.30,102.64
01/05/2023,103.28,14771120,101.87,103.288,101.78
01/04/2023,102.85,21678210,103.22,103.475,102.21
01/03/2023,101.46,25313230,102.20,102.34,100.84
12/30/2022,99.56,20810210,99.87,100.55,99.37
12/29/2022,100.68,16592970,99.86,100.99,99.79
12/28/2022,99.55,17302850,100.65,100.78,99.35
12/27/2022,100.14,26475730,100.49,101.07,100.01
12/23/2022,102.16,15408890,102.58,102.81,102.0225
12/22/2022,103.68,11322510,103.67,104.12,103.38
12/21/2022,103.70,15894090,104.29,104.40,102.96
12/20/2022,103.44,28869030,103.38,103.81,103.10
12/19/2022,105.31,26126830,105.83,105.84,104.98
12/16/2022,107.11,20838340,106.60,107.83,106.31
12/15/2022,108.32,20255470,108.39,109.12,108.16
12/14/2022,108.16,19517530,107.66,108.32,106.8927
12/13/2022,107.70,23854670,109.04,109.08,107.455
12/12/2022,106.67,16897090,107.86,108.11,106.26
12/09/2022,106.33,25872170,107.94,108.17,106.27
12/08/2022,109.17,13377290,108.70,109.45,108.47
12/07/2022,109.47,30546680,108.37,109.68,108.20
12/06/2022,106.95,21754510,106.50,107.39,106.19
12/05/2022,105.59,20159730,105.84,105.99,104.90
12/02/2022,107.09,24479530,105.30,107.10,104.605
12/01/2022,105.76,53156790,103.15,105.81,103.10
11/30/2022,102.73,21581660,101.615,102.73,101.37
11/29/2022,101.98,16576440,102.15,102.96,101.91
11/28/2022,103.19,14569220,103.61,103.805,102.685
11/25/2022,102.90,9486076,102.61,102.93,102.43
11/23/2022,103.25,23234590,102.14,103.25,102.08
11/22/2022,101.48,18103120,100.65,101.62,100.5319
11/21/2022,100.06,15534010,100.69,100.815,99.80
11/18/2022,99.64,14941280,100.60,100.885,99.545
11/17/2022,100.33,24536380,100.20,100.57,99.78
11/16/2022,101.40,28507670,100.02,101.45,99.74
11/15/2022,99.23,26608180,98.25,99.30,98.11
11/14/2022,97.65,13711930,97.91,97.985,97.09
11/11/2022,97.89,15943110,97.57,98.37,97.54
11/10/2022,98.25,45380880,96.725,98.43,96.64
11/09/2022,94.61,15637460,93.82,95.02,93.69
11/08/2022,94.30,20360550,93.80,94.96,93.7698
11/07/2022,93.28,14522820,94.80,94.86,93.24
11/04/2022,94.22,23561370,95.10,95.655,94.22
11/03/2022,95.83,29097500,95.17,96.38,95.09
11/02/2022,96.35,25010520,96.91,97.63,95.96
11/01/2022,96.77,17585090,97.38,97.42,96.21
10/31/2022,96.11,23956690,96.36,96.62,95.03
10/28/2022,96.80,22244090,96.86,97.625,96.41
10/27/2022,97.47,20270040,96.98,97.90,96.215
10/26/2022,96.46,24854740,95.77,96.69,95.765
10/25/2022,95.09,31213110,94.58,95.225,94.44
10/24/2022,92.40,31332600,92.82,93.55,91.85
10/21/2022,93.17,46280270,93.02,93.93,92.26
10/20/2022,94.88,25434930,95.93,96.33,94.74
10/19/2022,96.53,25431580,97.19,97.42,96.32
10/18/2022,98.32,16931450,97.95,98.46,96.87
10/17/2022,98.09,18969870,99.29,99.66,97.94
10/14/2022,98.57,18732890,100.19,100.19,98.25
10/13/2022,99.39,30292450,98.36,100.38,98.34
10/12/2022,100.35,21447570,99.275,100.535,99.19
10/11/2022,99.86,33246710,99.74,100.90,98.99
10/10/2022,99.42,15652630,100.50,100.51,98.795
10/07/2022,100.99,14814780,100.81,101.62,100.47
10/06/2022,101.98,13965690,102.59,102.84,101.53
10/05/2022,102.55,20522060,102.73,102.84,101.5802
10/04/2022,103.54,13788740,104.15,104.6499,103.30
10/03/2022,103.83,27192240,103.85,104.68,103.15
09/30/2022,102.45,26485690,104.27,104.86,102.225
09/29/2022,103.79,19127140,102.90,104.225,102.80
09/28/2022,104.33,39283100,103.13,104.45,102.48
09/27/2022,100.95,34609450,102.71,102.98,100.90
09/26/2022,103.68,25104570,105.36,105.41,103.22
09/23/2022,105.70,23042230,105.34,106.425,104.56
09/22/2022,105.27,29030570,105.79,105.96,104.73
09/21/2022,108.03,23132920,106.70,108.04,105.97
09/20/2022,106.25,20133840,105.69,106.84,105.40
09/19/2022,107.32,11084430,106.96,107.82,106.80
09/16/2022,107.07,18903850,107.03,108.05,106.765
09/15/2022,107.97,10260160,107.85,108.19,107.58
09/14/2022,108.04,13077840,107.34,108.21,107.115
09/13/2022,107.67,22158880,106.56,107.735,106.24
09/12/2022,107.42,14806920,108.63,108.89,106.92
09/09/2022,108.31,12529800,108.33,108.795,107.63
09/08/2022,108.07,14671370,108.84,109.52,108.05
09/07/2022,109.19,17050130,108.32,109.48,108.21
09/06/2022,107.49,24648520,108.90,108.97,107.42
09/02/2022,110.22,13024450,109.68,110.56,109.47
09/01/2022,109.60,22490450,109.87,110.25,108.94
08/31/2022,111.88,13623550,112.69,113.34,111.575
08/30/2022,112.96,14346560,112.62,113.51,112.21
08/29/2022,112.68,14278260,112.94,113.01,112.1324
08/26/2022,113.62,18764390,112.30,113.99,112.01
08/25/2022,112.77,21429690,111.32,113.09,110.99
08/24/2022,111.22,13971630,111.485,111.87,110.86
08/23/2022,112.04,17813180,112.19,113.48,111.735
08/22/2022,112.66,10457240,112.86,112.96,112.13
08/19/2022,113.04,16330900,113.23,113.335,112.74
08/18/2022,114.89,10738210,114.97,115.64,114.585
08/17/2022,114.72,14131280,115.06,115.10,114.31
08/16/2022,115.93,11065960,115.25,116.02,114.24
08/15/2022,115.45,9031814,116.33,116.745,115.45
08/12/2022,115.55,12178400,115.10,115.57,114.43
08/11/2022,114.39,20663780,116.87,117.06,114.09
08/10/2022,117.12,14665300,117.73,118.91,116.73
08/09/2022,117.89,8223201,117.73,118.359,117.46
08/08/2022,118.35,17477740,117.64,118.53,117.56
08/05/2022,116.47,19492290,117.07,117.11,115.89
08/04/2022,119.31,11003010,118.98,119.55,118.54
08/03/2022,119.35,16731170,117.17,119.49,116.3336
08/02/2022,117.50,17896260,120.15,120.69,117.285
08/01/2022,120.04,17974560,118.25,120.10,118.08
07/29/2022,117.43,16655870,117.70,119.305,117.33
07/28/2022,117.75,16637910,118.045,118.92,117.32
07/27/2022,116.82,15725560,118.01,118.485,116.71
07/26/2022,117.48,13535960,118.86,119.24,117.395
07/25/2022,117.39,24868130,116.71,117.54,116.47
07/22/2022,118.55,17715310,118.29,119.27,117.97
07/21/2022,116.59,14754890,115.19,116.7195,115.01
07/20/2022,114.61,9117311,115.48,115.55,114.05
07/19/2022,114.31,9276754,114.91,115.15,113.66
07/18/2022,114.93,15838270,115.25,115.32,114.18
07/15/2022,116.14,16022590,115.84,116.82,115.60
07/14/2022,115.49,15664990,115.08,116.16,114.47
07/13/2022,116.44,20594830,113.77,116.65,113.45
07/12/2022,115.12,18547320,115.51,116.23,114.97
07/11/2022,114.44,13639940,113.79,114.79,113.70
07/08/2022,112.50,15320000,113.50,113.50,112.05
07/07/2022,113.76,13087990,115.10,115.17,113.51
07/06/2022,114.77,20205370,117.39,117.54,114.77
07/05/2022,116.73,16689670,116.89,117.75,116.17
07/01/2022,115.82,21858830,115.90,117.59,115.22
06/30/2022,114.87,25802130,114.859,115.77,114.75
06/29/2022,113.87,12925360,112.38,113.90,112.17
06/28/2022,112.12,13708200,111.29,112.18,110.87
06/27/2022,111.60,12053040,111.22,112.22,111.16
06/24/2022,112.56,18161250,113.46,114.17,112.50
06/23/2022,114.14,20669220,113.90,115.165,113.49
06/22/2022,113.21,23703810,112.69,113.31,112.38
06/21/2022,110.18,17663800,110.09,111.015,109.8128
06/17/2022,112.08,21614260,112.01,112.83,110.96
06/16/2022,111.72,26067260,108.45,111.72,108.115
06/15/2022,110.84,25202800,110.085,110.99,109.03
06/14/2022,108.81,21865880,110.53,110.98,108.59
06/13/2022,110.20,36968310,111.49,111.67,109.24
06/10/2022,113.77,21917060,114.36,114.61,112.965
06/09/2022,114.48,15527260,113.835,114.71,113.68
06/08/2022,114.10,11476140,114.68,115.13,114.08
06/07/2022,115.12,14278650,114.61,115.775,114.58
06/06/2022,113.89,20815370,115.15,115.51,113.81
06/03/2022,116.03,15330410,115.09,116.06,114.87
06/02/2022,116.28,9832015,116.63,116.71,115.46
06/01/2022,116.22,15544850,117.03,117.34,115.69
05/31/2022,116.56,28393670,117.18,117.23,115.928
05/27/2022,119.08,11190430,119.36,119.737,118.74
05/26/2022,118.79,14912950,119.02,119.09,117.80
05/25/2022,119.33,14410840,119.61,119.62,118.59
05/24/2022,118.86,23388210,117.90,119.638,117.86
05/23/2022,116.56,15925190,117.705,118.25,116.54
05/20/2022,118.51,22780940,117.09,119.02,117.06
05/19/2022,117.18,21937470,118.64,118.72,116.8537
05/18/2022,116.90,21337270,114.72,117.00,114.61
05/17/2022,114.46,15040750,114.71,115.35,114.36
05/16/2022,115.86,11050570,116.21,116.935,115.85
05/13/2022,115.98,20782750,116.98,117.15,115.90
05/12/2022,117.72,26405690,118.02,118.89,117.655
05/11/2022,117.94,34173630,114.74,117.94,114.44
05/10/2022,115.71,33640760,115.89,116.96,115.48
05/09/2022,114.67,26773040,112.86,114.71,112.62
05/06/2022,113.67,32790490,114.14,115.04,113.31
05/05/2022,115.37,48384530,116.35,116.47,114.015
05/04/2022,118.62,25575690,117.97,118.965,117.35
05/03/2022,117.97,21256660,119.04,119.31,117.89
05/02/2022,117.18,29233890,117.86,118.27,116.93
04/29/2022,119.45,26153420,119.31,120.97,119.105
04/28/2022,121.02,16892500,120.39,121.07,120.01
04/27/2022,120.84,14560520,122.19,122.32,120.77
04/26/2022,122.41,26931350,122.44,123.03,121.76
04/25/2022,121.19,25418920,121.38,122.185,121.125
04/22/2022,119.99,19773410,120.07,121.44,119.81
04/21/2022,120.75,23323240,120.83,120.91,119.17
04/20/2022,121.65,31423180,120.22,121.965,119.92
04/19/2022,119.25,26012320,119.15,119.72,118.67
04/18/2022,120.15,18784250,120.87,121.08,119.69
04/14/2022,120.75,34274530,122.86,122.93,120.38
04/13/2022,123.22,17189500,123.05,124.30,122.89
04/12/2022,122.97,23124180,124.05,124.16,122.67
04/11/2022,123.14,30020700,123.92,124.19,122.56
04/08/2022,125.12,26859160,125.45,125.83,124.26
04/07/2022,126.49,23458770,126.11,126.67,125.41
04/06/2022,127.45,22951950,126.43,128.30,126.40
04/05/2022,128.49,25196930,130.76,130.775,128.29
04/04/2022,131.46,13609920,131.93,131.98,130.71
04/01/2022,132.38,23489720,130.01,132.96,129.71
03/31/2022,132.08,19900950,131.98,132.67,131.66
03/30/2022,131.76,16310220,130.07,132.01,129.985
03/29/2022,130.74,19319650,130.56,131.55,129.74
03/28/2022,129.76,17657780,129.39,130.56,129.04
03/25/2022,128.66,25689790,129.50,129.52,127.65
03/24/2022,130.47,17141590,129.65,131.18,129.60
03/23/2022,131.50,21266120,129.37,131.60,128.86
03/22/2022,128.68,21830890,128.96,129.335,128.34
03/21/2022,130.35,26122050,131.28,131.67,129.75
03/18/2022,133.44,55891680,132.57,133.535,132.57
03/17/2022,131.83,19330580,132.82,133.34,131.07
03/16/2022,132.82,25857700,131.83,133.13,130.32
03/15/2022,131.53,17518750,132.86,133.15,131.19
03/14/2022,131.76,24384960,132.70,132.89,131.72
03/11/2022,134.91,15583800,134.33,135.45,134.21
03/10/2022,134.46,26868880,134.83,135.17,133.72
03/09/2022,136.42,18819150,137.065,137.3403,136.13
03/08/2022,137.77,28331280,137.51,138.25,137.25
03/07/2022,139.17,23710930,139.12,140.64,138.77
03/04/2022,140.24,25854810,140.36,140.825,139.305
03/03/2022,137.86,20649060,137.49,138.70,137.02
03/02/2022,136.47,30397410,139.84,140.42,136.41
03/01/2022,141.30,35664360,140.36,142.33,140.00
02/28/2022,139.87,25817700,138.43,140.045,138.32
02/25/2022,136.87,15025360,136.86,137.31,136.18
02/24/2022,136.77,28150360,139.10,139.37,136.25
02/23/2022,136.68,17757840,137.68,137.8499,136.565
02/22/2022,138.59,19534040,137.69,138.67,137.47
02/18/2022,138.23,17522580,137.52,138.37,137.16
02/17/2022,136.79,24508240,136.45,137.565,135.90
02/16/2022,135.78,16473680,135.95,136.07,134.51
02/15/2022,134.98,18200700,135.60,135.84,134.94
02/14/2022,136.53,23157420,137.13,137.74,135.97
02/11/2022,138.25,43210270,136.87,138.51,135.36
02/10/2022,136.23,30896240,137.66,137.83,135.84
02/09/2022,138.43,14349140,138.72,139.37,138.19
02/08/2022,138.17,16269190,138.21,138.58,137.82
02/07/2022,139.10,12962440,138.91,139.31,138.55
02/04/2022,139.01,23609760,139.85,140.14,138.78
02/03/2022,141.09,17234050,140.44,141.48,140.18
02/02/2022,142.20,18404570,141.95,143.57,141.93
02/01/2022,141.72,20806100,142.28,142.36,141.055
01/31/2022,142.39,13998390,142.18,142.95,141.96
01/28/2022,143.13,12826510,142.09,143.46,141.85
01/27/2022,143.08,21501790,142.41,143.365,142.33
01/26/2022,140.50,23655550,142.26,142.57,140.49
01/25/2022,142.22,15598990,143.11,143.71,141.80
01/24/2022,142.45,25005720,144.30,144.365,142.43
01/21/2022,143.63,28916580,143.40,144.10,142.67
01/20/2022,141.94,13958950,141.37,141.99,141.09
01/19/2022,141.07,17930460,140.53,141.71,140.31
01/18/2022,140.10,21173750,140.96,141.31,140.02
01/14/2022,142.10,22997530,143.42,143.46,141.795
01/13/2022,144.28,15166030,143.39,144.42,143.03
01/12/2022,143.01,14440650,143.90,144.01,142.995
01/11/2022,143.56,24388910,142.88,143.63,142.695
01/10/2022,142.61,13775770,141.65,142.805,141.36
01/07/2022,142.26,18756850,143.13,143.236,141.56
01/06/2022,143.29,18996350,142.59,143.44,142.29
01/05/2022,142.92,20911680,144.14,144.16,142.71
01/04/2022,143.70,21996350,143.61,144.13,142.74
01/03/2022,144.30,33860380,146.41,146.94,144.28
12/31/2021,148.19,13402320,147.81,149.03,147.43
12/30/2021,147.90,10355050,147.25,147.9699,146.45
12/29/2021,146.67,11771220,146.91,147.309,146.41
12/28/2021,148.29,9176428,149.60,149.78,148.01
12/27/2021,148.88,7822856,148.46,149.01,148.32
12/23/2021,148.52,11642580,149.59,149.60,148.03
12/22/2021,149.82,12253940,149.73,149.86,149.02
12/21/2021,149.13,16598160,148.14,149.20,147.62
12/20/2021,149.70,17147280,150.75,151.02,149.595
12/17/2021,150.83,18094620,150.34,150.98,150.16
12/16/2021,149.14,18677890,148.75,149.88,148.73
12/15/2021,149.25,25383930,149.614,150.79,149.13
12/14/2021,150.70,14015450,150.37,150.93,149.31
12/13/2021,151.06,17860470,150.39,151.305,150.31
12/10/2021,148.86,14298740,149.92,150.24,148.81
12/09/2021,149.22,17544890,149.34,149.84,148.48
12/08/2021,148.39,33633890,150.472,150.48,148.36
12/07/2021,151.00,22115850,151.72,152.525,150.8601
12/06/2021,152.23,30924210,154.05,154.35,151.93
12/03/2021,154.35,34427110,151.68,155.12,151.35
12/02/2021,152.53,17754180,152.93,152.99,150.76
12/01/2021,152.34,30838850,150.485,152.41,149.79
11/30/2021,151.59,31481120,150.83,152.07,150.25
11/29/2021,149.32,23234230,148.31,149.635,148.17
11/26/2021,150.53,20064780,148.83,150.68,148.67
11/24/2021,146.82,13769710,144.94,146.82,144.79
11/23/2021,144.50,15321250,145.93,146.11,144.50
11/22/2021,146.62,15267370,147.40,147.64,146.125
11/19/2021,148.36,14022920,147.58,148.595,147.58
11/18/2021,146.81,11055620,145.992,146.90,145.95
11/17/2021,146.26,14239860,144.57,146.29,144.46
11/16/2021,145.11,12998710,145.69,146.38,144.85
11/15/2021,145.48,15232710,146.89,146.96,145.22
11/12/2021,147.33,12711970,148.00,148.51,146.76
11/11/2021,147.98,5552818,148.508,148.655,147.89
11/10/2021,148.20,28170640,150.83,150.93,147.03
11/09/2021,150.96,23430240,150.80,151.767,150.64
11/08/2021,149.02,12083910,148.96,149.28,148.51
11/05/2021,149.30,21513030,148.52,149.58,148.13
11/04/2021,147.10,15922380,145.87,147.36,145.85
11/03/2021,145.57,20639350,147.82,147.98,145.53
11/02/2021,147.09,9836737,146.50,147.57,146.50
11/01/2021,146.44,18035450,145.80,146.76,145.70
10/29/2021,147.69,19087340,146.47,148.00,146.32
10/28/2021,147.24,17497590,147.79,148.33,146.835
10/27/2021,147.74,22092260,146.40,148.18,145.93
10/26/2021,145.10,13671000,144.62,145.10,143.74
10/25/2021,143.91,8138047,143.67,144.30,143.63
10/22/2021,144.13,13740010,143.45,144.40,143.21
10/21/2021,142.56,13660020,143.00,143.15,142.23
10/20/2021,142.73,12782480,143.25,143.68,142.51
10/19/2021,143.70,12156570,144.66,144.73,143.65
10/18/2021,145.71,12115880,145.00,146.00,144.52
10/15/2021,145.03,11811540,145.00,145.14,144.47
10/14/2021,145.88,12950610,145.37,145.96,144.945
10/13/2021,145.34,23584830,144.61,145.53,144.5754
10/12/2021,143.94,17968950,142.63,144.01,142.48
10/11/2021,141.52,7213403,141.60,141.90,141.45
10/08/2021,141.88,17257750,142.255,142.35,141.525
10/07/2021,142.88,14856040,143.185,143.335,142.59
10/06/2021,144.39,18696690,144.23,144.715,144.025
10/05/2021,143.58,22659500,144.60,144.70,143.461
10/04/2021,144.98,28027600,144.67,145.46,144.10
10/01/2021,145.35,26151800,144.85,145.40,144.20
09/30/2021,144.32,22567560,144.10,144.515,143.65
09/29/2021,144.34,23569420,144.80,145.43,143.69
09/28/2021,144.09,26613490,144.33,145.07,143.64
09/27/2021,146.37,13464250,146.06,146.87,145.88
09/24/2021,146.91,20203940,147.84,147.85,146.735
09/23/2021,148.36,23853340,150.42,150.45,148.3401
09/22/2021,151.79,22277770,150.79,151.79,150.44
09/21/2021,150.89,10035770,150.71,150.96,150.20
09/20/2021,151.02,14660410,150.57,151.37,150.23
09/17/2021,149.17,13783030,149.182,149.36,148.70
09/16/2021,149.89,13328980,149.67,150.45,149.50
09/15/2021,150.58,11940560,151.21,151.25,149.93
09/14/2021,151.11,19918380,149.73,151.57,149.58
09/13/2021,149.30,15036060,149.042,149.49,148.95
09/10/2021,148.40,14894630,148.90,149.17,148.16
09/09/2021,149.72,20324740,148.17,149.89,147.85
09/08/2021,147.93,14533700,147.66,148.19,147.39
09/07/2021,146.93,15548170,147.262,147.52,146.655
09/03/2021,148.18,12928250,148.27,148.51,147.94
09/02/2021,149.54,9766003,149.24,149.55,148.75
09/01/2021,148.89,10807080,149.27,149.39,148.49
08/31/2021,148.83,15262400,149.67,150.09,148.50
08/30/2021,149.85,10596310,148.99,149.90,148.93
08/27/2021,149.46,15384740,148.57,149.485,148.33
08/26/2021,148.45,16657440,147.965,148.57,147.51
08/25/2021,148.04,16743810,149.21,149.37,147.58
08/24/2021,149.28,13835930,149.76,150.07,149.28
08/23/2021,150.45,10615040,150.20,150.495,149.92
08/20/2021,150.55,12388420,150.59,150.81,150.11
08/19/2021,150.45,15474590,150.31,150.46,149.81
08/18/2021,149.35,13143980,148.71,149.47,148.45
08/17/2021,148.85,14126880,148.88,149.47,148.67
08/16/2021,148.91,19171540,149.19,150.02,148.81
08/13/2021,148.55,18653830,146.83,148.56,146.81
08/12/2021,146.24,14710930,146.09,146.44,145.43
08/11/2021,146.48,17227610,146.412,147.23,145.71
08/10/2021,146.57,13716900,147.49,147.57,146.56
08/09/2021,147.25,12942620,148.152,148.56,147.23
08/06/2021,147.78,21144290,148.322,148.76,147.6909
08/05/2021,150.29,15345360,150.76,150.92,150.00
08/04/2021,151.06,18267910,151.50,151.82,149.72
08/03/2021,150.75,13361940,150.75,151.23,150.39
08/02/2021,150.67,21232710,149.454,151.23,149.18
07/30/2021,149.52,14342160,149.13,149.72,149.06
07/29/2021,148.82,11532030,148.78,149.22,148.53
07/28/2021,149.65,14346870,148.67,149.67,148.27
07/27/2021,149.64,13036600,149.33,149.69,148.99
07/26/2021,148.06,10737870,148.995,149.06,147.88
07/23/2021,148.50,12639260,147.94,148.655,147.89
07/22/2021,149.50,18136910,148.11,149.805,148.06
07/21/2021,148.10,19988910,148.18,148.50,146.67
07/20/2021,150.00,25674790,152.53,152.71,149.76
07/19/2021,151.46,40203890,150.95,151.95,150.62
07/16/2021,148.21,12787920,147.34,148.34,147.32
07/15/2021,148.49,18462700,147.95,148.60,147.03
07/14/2021,146.87,16038560,146.01,146.92,145.81
07/13/2021,145.22,23340380,146.82,147.46,144.64
07/12/2021,146.34,10610430,147.09,147.23,146.17
07/09/2021,146.53,14483630,146.87,146.99,146.49
07/08/2021,148.62,17487840,148.88,149.44,148.17
07/07/2021,148.04,20964390,147.57,148.56,147.22
07/06/2021,146.74,20037180,145.72,146.99,145.715
07/02/2021,145.04,9650170,144.23,145.04,144.11
07/01/2021,144.17,10810000,143.98,144.31,143.53
06/30/2021,144.35,15708860,144.25,144.93,144.07
06/29/2021,143.71,11218110,143.10,143.72,143.04
06/28/2021,143.47,11460930,142.72,143.80,142.70
06/25/2021,142.01,15562490,143.265,143.40,141.37
06/24/2021,143.50,8788460,143.42,143.90,143.33
06/23/2021,143.27,12041210,143.11,143.50,142.71
06/22/2021,143.64,14530320,142.17,143.68,142.12
06/21/2021,143.29,16485040,144.39,144.49,143.02
06/18/2021,145.73,26616910,144.28,146.04,144.12
06/17/2021,143.04,35225790,141.86,144.925,141.64
06/16/2021,140.93,19676260,141.40,141.67,140.21
06/15/2021,141.05,18207560,140.80,141.09,140.48
06/14/2021,141.22,9401341,142.10,142.10,141.015
06/11/2021,142.31,8646698,142.305,142.40,141.84
06/10/2021,142.54,19698410,140.83,142.56,140.68
06/09/2021,141.69,12768310,141.765,142.15,141.25
06/08/2021,140.45,11231220,140.655,140.66,140.21
06/07/2021,139.47,7799833,139.59,139.705,139.325
06/04/2021,139.90,15773740,138.52,139.90,138.52
06/03/2021,138.01,10994060,138.51,138.51,137.845
06/02/2021,138.53,7347905,138.55,138.79,138.32
06/01/2021,138.21,11778670,137.82,138.26,137.25
05/28/2021,138.44,10258040,138.582,139.30,138.34
05/27/2021,138.655,10695160,138.50,138.69,137.99
05/26/2021,139.22,9793707,139.59,139.91,138.88
05/25/2021,139.46,12346880,138.63,139.50,138.62
05/24/2021,138.18,6736459,137.99,138.58,137.89
05/21/2021,137.67,10171560,137.66,137.70,137.06
05/20/2021,137.23,13310500,136.76,137.49,136.67
05/19/2021,136.11,14296300,136.54,137.30,135.62
05/18/2021,136.44,11423070,136.40,136.57,136.07
05/17/2021,136.79,6112590,136.83,137.17,136.565
05/14/2021,137.08,17566730,136.53,137.08,136.22
05/13/2021,135.81,13074740,135.93,136.37,135.63
05/12/2021,135.60,20859430,136.67,136.80,135.36
05/11/2021,137.04,15158610,137.23,137.48,136.77
05/10/2021,137.82,15146250,138.95,139.25,137.69
05/07/2021,139.23,18346880,140.10,140.60,138.91
05/06/2021,139.92,21907930,139.25,140.19,139.2003
05/05/2021,139.69,11128150,139.03,139.85,138.92
05/04/2021,139.46,18640000,139.49,140.16,139.155
05/03/2021,138.52,16447650,138.70,139.645,138.28
04/30/2021,138.64,15692320,138.507,138.73,137.98
04/29/2021,138.32,17178230,137.45,138.36,137.125
04/28/2021,138.73,15263720,138.65,138.89,137.96
04/27/2021,138.64,14137280,139.59,139.82,138.525
04/26/2021,139.86,9103549,140.15,140.51,139.85
04/23/2021,140.06,12302250,140.38,140.47,139.49
04/22/2021,140.39,14156680,140.00,140.39,139.20
04/21/2021,139.78,11902160,139.54,139.91,139.07
04/20/2021,139.50,11476490,138.45,139.76,138.43
04/19/2021,138.86,13886870,138.74,139.31,138.55
04/16/2021,139.26,15238400,139.10,139.73,138.9308
04/15/2021,140.35,23896730,139.49,140.98,139.455
04/14/2021,138.04,7293169,138.03,138.2351,137.57
04/13/2021,138.48,13232790,137.30,138.51,137.20
04/12/2021,137.45,7658990,137.46,137.53,137.10
04/09/2021,137.51,8717951,137.50,138.19,137.09
04/08/2021,138.01,7847918,137.39,138.07,137.36
04/07/2021,136.88,11052830,137.45,138.10,136.88
04/06/2021,137.84,9282395,137.16,137.98,137.01
04/05/2021,136.91,8242978,136.55,136.97,135.94
04/01/2021,137.51,14885950,136.55,137.62,136.30
03/31/2021,135.45,19271280,136.34,136.59,134.98
03/30/2021,136.21,15020780,135.30,136.515,135.005
03/29/2021,135.50,13968080,136.83,136.8465,134.97
03/26/2021,136.66,8433292,136.42,137.2392,136.22
03/25/2021,137.14,20781960,138.386,138.655,137.09
03/24/2021,138.23,13862980,137.06,138.28,136.945
03/23/2021,137.49,16768450,136.585,137.54,136.15
03/22/2021,136.26,17047530,135.69,136.41,135.37
03/19/2021,134.75,18684950,134.08,134.83,133.80
03/18/2021,133.92,21622010,133.31,134.47,133.19
03/17/2021,135.29,27107490,135.15,135.525,134.15
03/16/2021,136.31,15567910,137.02,137.12,135.75
03/15/2021,136.86,11366660,136.49,137.09,136.41
03/12/2021,136.06,20402700,136.40,136.4591,135.65
03/11/2021,139.01,14150740,139.17,139.38,138.46
03/10/2021,140.02,12387640,139.80,140.15,139.28
03/09/2021,139.74,14463390,139.27,139.815,138.97
03/08/2021,137.83,15236620,138.83,138.90,137.83
03/05/2021,138.91,20598040,138.169,139.34,137.99
03/04/2021,138.64,22366560,139.632,139.94,137.96
03/03/2021,139.54,19763740,139.38,140.15,138.76
03/02/2021,141.07,12482220,140.40,141.13,140.295
03/01/2021,141.06,22050430,140.66,141.41,140.09
02/26/2021,143.12,45423330,140.77,143.30,139.68
02/25/2021,138.54,52621710,139.52,139.92,136.61
02/24/2021,140.84,17363060,139.352,141.175,139.16
02/23/2021,141.77,12658460,141.52,142.50,141.14
02/22/2021,142.18,13203870,143.03,143.74,141.72
02/19/2021,143.27,12741730,144.06,144.32,142.8517
02/18/2021,145.20,10755820,144.61,145.60,144.32
02/17/2021,145.79,11203330,145.95,146.38,144.98
02/16/2021,144.87,17789090,145.22,145.655,144.6625
02/12/2021,147.11,14088380,147.70,148.08,147.03
02/11/2021,148.96,11962760,149.679,149.79,148.75
02/10/2021,149.78,8079802,149.28,149.78,149.1409
02/09/2021,148.79,5218341,149.22,149.67,148.655
02/08/2021,148.68,11574770,148.30,149.265,148.035
02/05/2021,148.03,10258940,149.10,149.57,148.02
02/04/2021,149.28,8262613,149.16,149.49,148.80
02/03/2021,149.68,9633084,150.425,150.59,149.58
02/02/2021,151.02,9177457,150.74,151.085,150.52
02/01/2021,152.00,8165534,151.66,152.36,151.49
01/29/2021,152.00,14966240,151.42,152.49,151.30
01/28/2021,152.92,10667760,153.40,153.46,152.16
01/27/2021,153.77,7895249,154.07,154.50,153.53
01/26/2021,153.38,7690318,153.10,153.60,152.92
01/25/2021,153.67,8712616,152.76,153.69,152.635
01/22/2021,151.88,9507150,151.85,152.01,151.42
01/21/2021,151.39,8164729,151.44,151.75,151.10
01/20/2021,152.46,5368933,151.985,152.48,151.79
01/19/2021,152.31,9575571,151.62,152.36,151.505
01/15/2021,151.82,11624670,152.185,152.36,151.47
01/14/2021,151.22,14835460,152.58,152.64,150.79
01/13/2021,152.65,12533260,151.66,153.07,151.57
01/12/2021,150.95,12186310,150.79,151.16,149.925
01/11/2021,151.07,8380898,151.00,151.21,150.49
01/08/2021,151.32,13622820,151.48,151.96,150.66
01/07/2021,151.81,14651880,151.79,152.17,151.26
01/06/2021,153.16,22827290,153.82,153.85,152.29
01/05/2021,156.37,10458070,156.95,156.95,155.66
01/04/2021,157.54,13152870,156.67,158.18,156.535
12/31/2020,157.73,7742413,157.46,158.08,157.45
12/30/2020,157.50,9097313,156.82,157.53,156.68
12/29/2020,157.16,9030948,156.39,157.29,156.36
12/28/2020,157.36,7791093,156.38,157.45,156.095
12/24/2020,157.29,3117104,156.90,157.43,156.85
12/23/2020,156.67,9266649,156.62,156.69,155.46
12/22/2020,157.76,7378508,157.563,157.83,157.08
12/21/2020,156.95,8988176,157.20,157.34,156.45
12/18/2020,156.33,6505271,157.12,157.38,156.18
12/17/2020,156.80,9422697,158.13,158.46,156.43
12/16/2020,157.38,9954190,156.58,157.89,156.39
12/15/2020,157.80,6847676,157.78,158.39,157.31
12/14/2020,158.33,7535875,157.49,158.69,157.11
12/11/2020,158.77,8136090,158.65,159.39,158.32
12/10/2020,158.21,10025120,157.24,158.29,156.83
12/09/2020,156.82,7750059,156.55,157.32,156.015
12/08/2020,157.34,7397240,157.57,158.07,157.20
12/07/2020,156.60,9316138,156.35,156.88,156.18
12/04/2020,155.20,12734640,155.69,155.785,154.77
12/03/2020,157.51,9626457,156.94,157.82,156.58
12/02/2020,156.25,12114580,156.88,156.93,155.48
12/01/2020,157.50,13663890,158.55,158.74,156.68
11/30/2020,160.02,13071560,160.03,160.53,159.76
11/27/2020,160.22,4708153,159.61,160.27,159.58
11/25/2020,158.68,9146000,159.25,159.91,158.62
11/24/2020,159.17,10892970,159.99,160.0218,159.01
11/23/2020,160.77,11304790,160.82,160.99,160.28
11/20/2020,161.51,7247351,160.525,161.54,160.39
11/19/2020,160.09,10623320,159.97,160.72,159.84
11/18/2020,159.27,10333350,159.44,159.57,158.35
11/17/2020,158.81,7444575,158.77,159.16,158.59
11/16/2020,157.78,6310397,157.73,158.28,157.61
11/13/2020,158.16,7345549,158.36,158.50,157.91
11/12/2020,158.37,16001550,156.94,158.40,156.71
11/11/2020,155.72,5888233,155.02,155.94,154.97
11/10/2020,155.16,12560980,154.96,155.81,154.78
11/09/2020,156.06,23245040,155.97,156.15,154.625
11/06/2020,159.41,12408430,159.618,159.915,158.94
11/05/2020,161.36,18537530,161.64,161.74,160.58
11/04/2020,161.08,21570840,161.64,162.17,160.54
11/03/2020,157.66,16228700,157.85,157.98,157.04
11/02/2020,158.58,10810490,158.70,159.19,158.33
10/30/2020,157.57,13095940,159.03,159.35,157.57
10/29/2020,159.14,11932380,160.73,160.83,158.47
10/28/2020,160.70,11765780,161.38,161.46,160.20
10/27/2020,160.55,6062330,160.23,160.70,159.895
10/26/2020,159.48,7227337,159.21,160.02,159.01
10/23/2020,158.01,8784136,156.81,158.21,156.75
10/22/2020,157.05,12665820,158.29,158.63,156.97
10/21/2020,158.70,10453710,158.79,159.37,158.37
10/20/2020,159.25,11189210,159.86,160.01,158.95
10/19/2020,160.78,9286787,160.50,160.98,160.05
10/16/2020,161.39,8418197,161.66,162.32,161.10
10/15/2020,161.84,9458911,163.04,163.19,161.64
10/14/2020,162.12,6956736,162.33,162.75,161.9674
10/13/2020,161.75,7914641,161.21,161.83,161.18
10/12/2020,160.60,3962045,160.43,160.68,160.11
10/09/2020,160.09,8441506,159.52,160.27,158.81
10/08/2020,160.12,8431544,159.97,160.25,159.655
10/07/2020,159.26,9429580,159.56,160.417,158.86
10/06/2020,160.43,22419360,159.33,161.405,158.68
10/05/2020,159.57,14726050,160.95,160.95,159.52
10/02/2020,162.75,8829140,163.61,163.67,162.18
10/01/2020,163.36,11523870,162.51,163.7401,162.10
09/30/2020,163.26,12970990,164.00,164.00,162.55
09/29/2020,164.84,10297950,164.80,165.24,164.56
09/28/2020,164.65,4470504,164.87,164.90,164.37
09/25/2020,165.12,5140298,165.11,165.42,164.71
09/24/2020,165.12,8278072,164.96,165.12,164.62
09/23/2020,164.49,6224763,164.30,164.53,163.48
09/22/2020,164.27,10524500,164.44,164.88,163.87
09/21/2020,164.40,11086900,164.89,165.40,164.135
09/18/2020,163.57,7246282,164.17,164.24,163.34
09/17/2020,164.08,7813922,164.90,164.96,163.801
09/16/2020,163.58,8816914,164.78,164.89,162.9804
09/15/2020,164.07,6928498,164.17,164.47,163.79
09/14/2020,164.47,4274947,164.79,165.08,164.23
09/11/2020,164.48,5458222,164.31,164.57,164.08
09/10/2020,164.13,8847742,162.46,164.35,161.95
09/09/2020,163.30,9559005,163.94,164.25,162.7582
09/08/2020,163.74,13790420,164.37,165.26,163.74
09/04/2020,162.74,13780310,164.41,164.6984,162.45
09/03/2020,165.89,16416620,165.75,167.24,165.44
09/02/2020,165.42,15167720,163.51,165.56,163.49
09/01/2020,163.86,10587630,161.76,164.07,161.18
08/31/2020,162.19,11388110,161.60,163.25,161.56
08/28/2020,161.12,8415402,161.77,162.05,160.64
08/27/2020,161.24,19860110,164.76,164.82,161.16
08/26/2020,164.03,8276618,164.05,164.325,163.28
08/25/2020,164.66,10518300,164.35,165.09,163.83
08/24/2020,165.93,6490666,166.32,166.97,165.86
08/21/2020,166.20,6836242,165.77,166.33,165.01
08/20/2020,165.21,10320130,165.39,165.65,164.93
08/19/2020,163.73,12497750,165.37,165.6101,163.30
08/18/2020,164.76,8140643,164.36,164.87,164.085
08/17/2020,163.59,6901480,163.97,164.46,163.43
08/14/2020,163.18,6398178,163.81,164.15,163.16
08/13/2020,163.82,12744710,165.31,165.58,163.165
08/12/2020,165.59,11745840,165.70,166.065,164.99
08/11/2020,167.105,19234200,167.17,167.49,165.875
08/10/2020,169.12,6408461,170.22,170.25,169.07
08/07/2020,169.88,8176856,171.28,171.50,169.58
08/06/2020,171.02,9481800,171.38,172.25,170.62
08/05/2020,170.07,6954183,170.06,170.56,169.69
08/04/2020,171.57,9878888,170.83,171.58,170.72
08/03/2020,169.95,9067756,169.24,169.99,168.97
07/31/2020,171.00,8886264,170.15,171.4554,169.94
07/30/2020,171.11,9376128,171.05,171.26,170.75
07/29/2020,169.99,6733733,170.05,170.39,168.98
07/28/2020,170.28,8520714,169.54,170.34,169.43
07/27/2020,169.11,6146734,170.25,170.30,168.99
07/24/2020,169.74,7520837,169.01,169.92,168.8695
07/23/2020,169.75,10471800,168.92,169.88,168.48
07/22/2020,167.79,6592084,168.26,168.46,167.69
07/21/2020,167.29,8455112,167.30,167.72,167.075
07/20/2020,167.19,6907518,167.51,167.62,166.80
07/17/2020,166.78,8550164,167.27,167.40,166.47
07/16/2020,167.13,9107383,167.40,167.77,167.04
07/15/2020,166.34,7840586,165.92,166.945,165.8291
07/14/2020,167.12,11344640,167.93,168.14,166.98
07/13/2020,166.88,8054011,165.50,166.96,165.23
07/10/2020,166.33,8478375,167.95,168.21,166.16
07/09/2020,167.17,13373100,164.66,167.45,164.60
07/08/2020,164.55,7253883,164.32,164.92,163.83
07/07/2020,165.21,12791950,163.42,165.34,163.20
07/06/2020,162.92,7972668,162.33,163.02,161.75
07/02/2020,163.59,7599940,162.70,163.74,162.24
07/01/2020,163.42,13181260,162.81,163.56,162.15
06/30/2020,163.93,14841680,165.23,165.29,163.48
06/29/2020,164.73,7274571,164.85,165.27,164.38
06/26/2020,165.25,12119310,164.25,165.32,164.18
06/25/2020,163.50,10967980,164.21,164.35,163.40
06/24/2020,163.03,11436500,161.53,163.09,161.52
06/23/2020,161.30,9088580,161.48,162.06,161.12
06/22/2020,162.41,9319961,163.19,163.4184,162.07
06/19/2020,162.39,8565778,161.00,162.50,160.91
06/18/2020,162.26,7691375,162.04,162.48,161.61
06/17/2020,160.56,7113900,160.27,160.77,159.34
06/16/2020,159.90,13701300,159.41,161.23,158.70
06/15/2020,162.39,7760836,163.89,164.22,162.14
06/12/2020,162.30,9716433,162.41,163.66,162.05
06/11/2020,163.88,17086370,163.245,164.23,162.63
06/10/2020,160.84,13135520,159.24,160.90,159.05
06/09/2020,158.49,9095265,159.05,159.64,158.30
06/08/2020,156.71,10346680,155.07,156.85,155.05
06/05/2020,156.11,17778550,154.61,156.16,153.16
06/04/2020,157.23,14038570,158.92,159.01,157.185
06/03/2020,159.54,12255740,160.18,160.33,158.94
06/02/2020,161.69,11517050,161.67,162.093,161.25
06/01/2020,162.28,13353300,162.10,162.44,161.67
05/29/2020,163.59,14662050,162.71,164.09,162.355
05/28/2020,162.43,10276170,161.96,162.57,161.66
05/27/2020,163.03,8047360,162.785,163.91,162.59
05/26/2020,163.33,8098939,163.71,163.79,162.975
05/22/2020,165.55,4956814,164.72,165.68,164.61
05/21/2020,164.56,8920309,164.86,165.36,164.29
05/20/2020,164.15,10927270,163.17,164.70,162.88
05/19/2020,163.66,8639263,162.52,163.70,162.48
05/18/2020,163.05,10073990,164.93,165.055,162.42
05/15/2020,166.71,7225634,168.30,168.49,166.33
05/14/2020,167.14,10080360,167.32,168.15,167.05
05/13/2020,165.52,13305580,165.09,166.29,164.8272
05/12/2020,164.37,10057350,163.16,164.93,163.13
05/11/2020,162.70,8713747,163.66,164.22,162.095
05/08/2020,163.98,8130474,164.49,165.40,163.68
05/07/2020,166.14,9165455,163.56,166.37,163.34
05/06/2020,163.41,14721520,163.23,163.64,162.05
05/05/2020,166.09,7831916,165.57,166.27,165.27
05/04/2020,167.16,8300923,167.56,167.68,166.48
05/01/2020,167.95,10209420,167.50,168.11,166.44
04/30/2020,166.74,11606070,168.74,169.23,166.71
04/29/2020,168.71,8619566,169.53,170.26,167.96
04/28/2020,169.59,9905415,168.55,169.85,168.45
04/27/2020,167.66,9039484,169.66,169.75,167.44
04/24/2020,170.84,6211804,169.61,170.84,169.57
04/23/2020,170.44,5968584,169.87,170.93,169.605
04/22/2020,169.54,6230495,169.97,170.39,168.705
04/21/2020,171.29,7850725,171.93,172.15,170.78
04/20/2020,169.16,6462639,168.44,169.29,167.96
04/17/2020,167.81,8612119,169.82,170.84,167.27
04/16/2020,170.09,8265414,169.26,170.315,169.0156
04/15/2020,168.18,10027750,166.80,168.60,166.74
04/14/2020,163.84,9019531,163.84,164.74,163.48
04/13/2020,163.88,8750297,164.75,165.71,163.88
04/09/2020,165.39,14260810,164.28,165.79,163.78
04/08/2020,165.09,10147080,165.11,166.19,164.13
04/07/2020,166.30,13811850,164.96,166.42,163.71
04/06/2020,168.06,9434786,167.00,168.27,166.53
04/03/2020,168.50,6570840,168.55,170.33,168.14
04/02/2020,168.10,5771227,168.83,169.22,167.26
04/01/2020,167.04,11334700,168.48,168.96,166.40
03/31/2020,164.97,11464940,165.70,166.92,164.56
03/30/2020,166.32,13473210,168.30,170.11,165.94
03/27/2020,167.70,12550010,165.52,168.25,164.59
03/26/2020,163.34,10576590,163.995,165.68,162.27
03/25/2020,162.54,10750560,163.59,166.68,161.62
03/24/2020,162.91,11948560,161.25,165.45,160.41
03/23/2020,166.00,19971810,157.50,166.69,156.57
03/20/2020,159.43,20863060,153.30,159.43,152.11
03/19/2020,148.28,21175270,146.95,153.45,145.25
03/18/2020,144.35,47060980,152.84,154.14,139.0105
03/17/2020,152.98,18570870,163.50,165.63,152.71
03/16/2020,163.91,30496700,160.38,166.15,157.81
03/13/2020,153.94,19812860,155.00,158.20,152.19
03/12/2020,157.50,24361840,163.51,166.36,155.66
03/11/2020,156.53,29594070,165.43,167.03,155.63
03/10/2020,162.51,37728250,169.635,172.93,162.03
03/09/2020,171.29,41552820,179.10,179.70,170.34
03/06/2020,166.77,76288340,167.30,169.33,164.11
03/05/2020,158.52,17786220,157.13,158.82,156.81
03/04/2020,154.67,23463690,156.41,157.35,154.19
03/03/2020,156.33,38608020,153.81,159.70,152.36
03/02/2020,153.94,28152380,155.30,156.50,153.76
02/28/2020,155.31,45010770,154.45,155.9799,154.16
02/27/2020,151.88,30687930,152.70,153.08,150.83
02/26/2020,150.25,22599520,149.95,151.72,149.58
02/25/2020,151.05,20802920,150.21,151.7553,150.14
02/24/2020,150.25,15929280,150.83,150.96,150.00
02/21/2020,148.04,13861570,147.80,148.88,147.65
02/20/2020,146.67,9332916,146.08,146.94,145.9985
02/19/2020,145.53,5707712,145.12,145.62,144.98
02/18/2020,145.54,6912053,145.34,146.05,144.92
02/14/2020,144.55,7137363,144.76,145.08,144.45
02/13/2020,143.92,7883440,143.44,144.20,143.27
02/12/2020,143.37,5595525,143.37,143.55,142.99
02/11/2020,144.10,7784102,144.59,144.72,143.94
02/10/2020,144.83,6699265,145.10,145.25,144.68
02/07/2020,144.43,11374830,144.22,144.74,143.87
02/06/2020,142.65,6683128,142.18,142.88,142.00
02/05/2020,142.01,10782160,142.30,142.70,141.90
02/04/2020,143.58,11388280,143.99,144.14,143.06
02/03/2020,145.54,15310740,144.945,145.755,144.12
01/31/2020,145.90,14538100,145.17,145.99,145.09
01/30/2020,144.58,14711790,144.90,145.67,144.29
01/29/2020,144.56,9567654,143.44,144.70,143.43
01/28/2020,143.16,10612920,143.925,144.085,142.82
01/27/2020,144.29,10935240,143.95,144.29,143.5004
01/24/2020,142.08,8584952,141.42,142.55,141.30
01/23/2020,140.94,9747418,140.845,141.38,140.78
01/22/2020,139.96,6317029,139.72,140.14,139.59
01/21/2020,139.47,6794885,138.81,139.65,138.77
01/17/2020,138.02,9693280,137.58,138.14,137.36
01/16/2020,139.21,6798593,139.26,139.53,138.74
01/15/2020,139.65,6290520,139.52,139.76,139.02
01/14/2020,138.73,13921030,138.18,138.82,138.135
01/13/2020,138.02,5967295,137.88,138.09,137.39
01/10/2020,138.44,8776937,137.67,138.47,137.6299
01/09/2020,137.22,7412990,136.00,137.435,135.905
01/08/2020,136.74,10626390,137.93,138.31,136.32
01/07/2020,137.645,8456431,138.22,138.47,137.64
01/06/2020,138.33,11370200,139.69,139.71,138.15
01/03/2020,139.12,12366830,138.27,139.16,137.88
01/02/2020,137.015,11034460,136.79,137.53,136.665
12/31/2019,135.48,10707520,136.21,136.46,135.38
12/30/2019,136.82,7979841,135.89,136.90,135.66
12/27/2019,137.32,7300695,137.44,137.63,137.29
12/26/2019,137.17,5290981,136.91,137.22,136.51
12/24/2019,136.84,4667428,135.92,137.06,135.89
12/23/2019,136.45,5175177,136.81,136.9687,136.00
12/20/2019,136.65,5455919,136.13,136.69,135.93
12/19/2019,136.47,6591083,136.00,136.86,135.7601
12/18/2019,136.47,6244828,137.30,137.45,136.28
12/17/2019,137.60,6179893,138.21,138.34,137.21
12/16/2019,137.79,9160997,138.40,138.46,137.43
12/13/2019,139.04,11335350,138.12,139.61,137.23
12/12/2019,137.45,14868130,139.19,139.2846,136.61
12/11/2019,139.75,6257375,139.30,140.14,139.23
12/10/2019,138.66,4947745,139.18,139.35,138.41
12/09/2019,138.65,4155592,138.99,139.11,138.57
12/06/2019,138.35,7931904,138.03,139.12,137.86
12/05/2019,139.12,7274024,138.66,139.44,138.60
12/04/2019,139.80,8588810,140.34,140.50,139.21
12/03/2019,141.21,13323800,140.04,141.77,139.93
12/02/2019,138.31,17705000,138.14,138.67,137.95
11/29/2019,140.42,6251071,140.62,140.68,139.78
11/27/2019,140.72,4096955,140.60,140.91,140.42
11/26/2019,141.13,4281650,141.00,141.31,140.94
11/25/2019,140.31,4157476,140.30,140.53,140.18
11/22/2019,139.90,4666026,140.10,140.28,139.68
11/21/2019,139.72,5981899,139.64,140.08,139.12
11/20/2019,140.60,7909901,139.91,140.60,139.77
11/19/2019,139.16,7893300,138.37,139.24,138.37
11/18/2019,138.01,5944030,138.21,138.61,137.93
11/15/2019,137.76,4657758,137.48,138.16,137.43
11/14/2019,137.91,10272800,137.80,138.44,137.67
11/13/2019,136.50,6751842,136.81,136.96,136.165
11/12/2019,135.62,5773630,135.28,135.9499,134.788
11/11/2019,135.00,4578098,135.38,135.39,134.64
11/08/2019,134.91,10227220,135.15,135.95,134.78
11/07/2019,135.48,19214110,136.35,136.36,134.45
11/06/2019,137.98,9353012,138.02,138.41,137.34
11/05/2019,137.15,13496330,137.22,137.44,136.73
11/04/2019,138.71,11134600,138.97,139.14,138.53
11/01/2019,140.56,11425490,140.73,141.27,139.79
10/31/2019,141.24,15835800,140.48,141.677,140.43
10/30/2019,139.36,10914150,137.77,139.45,137.77
10/29/2019,137.35,5296576,137.62,137.74,137.17
10/28/2019,137.26,11402050,137.58,137.58,136.99
10/25/2019,138.52,5669966,139.53,139.55,138.31
10/24/2019,139.20,6830080,139.68,140.24,139.03
10/23/2019,139.48,5999896,140.03,140.3138,139.36
10/22/2019,139.34,6690041,139.38,139.529,138.635
10/21/2019,138.53,8189288,138.57,138.99,138.225
10/18/2019,139.58,6456407,139.81,140.23,139.45
10/17/2019,139.58,6558397,139.52,140.38,139.2967
10/16/2019,139.92,8645282,139.64,140.06,139.35
10/15/2019,139.75,12663620,140.67,140.945,139.55
10/14/2019,141.46,5937726,141.48,141.505,141.08
10/11/2019,140.44,28513340,140.98,141.10,139.71
10/10/2019,142.20,15057080,143.12,143.18,141.73
10/09/2019,144.35,8933140,144.60,144.61,143.80
10/08/2019,145.17,14540250,145.82,145.93,144.62
10/07/2019,144.78,11751550,145.16,145.53,144.71
10/04/2019,145.99,11936990,145.35,146.03,145.20
10/03/2019,144.92,13526960,143.98,145.67,143.92
10/02/2019,143.61,12896880,143.46,144.27,143.24
10/01/2019,143.26,16869140,141.26,143.91,141.14
09/30/2019,143.08,8410379,141.88,143.09,141.84
09/27/2019,142.73,10387400,142.32,142.975,142.14
09/26/2019,142.38,10775210,142.27,142.99,141.895
09/25/2019,141.47,14520660,143.26,143.55,141.14
09/24/2019,143.57,12947860,142.42,143.845,142.41
09/23/2019,141.86,15402600,142.24,143.155,141.70
09/20/2019,141.89,13377240,140.77,141.98,140.44
09/19/2019,140.04,13434400,140.76,140.99,139.97
09/18/2019,139.62,11106840,139.93,140.66,139.53
09/17/2019,139.03,9287893,138.36,139.60,138.02
09/16/2019,138.28,10971570,137.88,138.57,137.2544
09/13/2019,136.54,18922160,138.28,138.71,136.54
09/12/2019,139.52,19163310,141.50,141.80,139.0647
09/11/2019,140.44,10941750,140.40,141.15,140.39
09/10/2019,140.69,13851420,142.84,143.29,140.66
09/09/2019,143.20,15862660,143.83,144.00,143.19
09/06/2019,145.79,9466371,145.26,146.03,145.08
09/05/2019,144.76,19386360,145.66,145.80,143.89
09/04/2019,147.43,7962232,146.53,147.62,146.48
09/03/2019,147.21,15662950,147.09,148.67,146.57
08/30/2019,147.28,13550910,146.61,147.48,146.36
08/29/2019,147.24,8884955,147.25,147.34,146.13
08/28/2019,147.80,10097780,148.78,148.90,147.66
08/27/2019,147.61,11332750,146.63,147.72,146.48
08/26/2019,145.37,12174800,145.87,146.29,145.29
08/23/2019,145.96,16194120,143.52,146.27,143.43
08/22/2019,143.60,13880310,144.00,144.70,143.48
08/21/2019,144.56,9372115,144.72,145.79,144.285
08/20/2019,145.53,7451608,145.28,145.6225,144.84
08/19/2019,144.04,13615290,143.57,144.66,143.515
08/16/2019,146.13,17649780,146.06,146.51,144.84
08/15/2019,147.31,23732520,145.95,148.60,145.58
08/14/2019,145.69,15068950,145.16,145.7261,144.71
08/13/2019,142.48,16099490,143.81,143.9116,141.95
08/12/2019,142.97,14094310,141.72,143.43,141.5115
08/09/2019,140.05,10625970,140.67,141.55,139.87
08/08/2019,140.33,14745990,139.14,140.43,137.98
08/07/2019,140.03,32582050,142.40,143.06,139.78
08/06/2019,139.98,12747360,138.20,139.98,138.085
08/05/2019,138.87,18542990,138.14,138.89,137.66
08/02/2019,136.51,15143050,135.66,136.51,135.40
08/01/2019,135.26,26665020,133.39,135.39,133.26
07/31/2019,132.89,15798750,131.70,133.33,131.66
07/30/2019,131.83,5678475,132.00,132.10,131.43
07/29/2019,131.51,6231836,131.82,131.9499,131.395
07/26/2019,131.47,6188692,131.70,131.78,131.25
07/25/2019,131.16,8893057,131.25,131.41,130.51
07/24/2019,131.79,6389664,131.60,131.897,131.465
07/23/2019,131.22,8108940,131.60,131.74,130.965
07/22/2019,131.94,5204504,132.47,132.49,131.7439
07/19/2019,131.69,5804843,131.59,131.93,131.505
07/18/2019,132.00,5725713,131.47,132.32,131.24
07/17/2019,131.99,9662156,131.06,132.0184,131.05
07/16/2019,130.58,6172721,130.17,130.60,129.955
07/15/2019,130.97,6055917,130.45,131.05,130.45
07/12/2019,130.22,6992095,129.92,130.45,129.68
07/11/2019,130.07,14126800,131.31,131.41,129.76
07/10/2019,131.83,9470193,132.35,132.435,131.51
07/09/2019,132.56,6216115,132.68,132.71,132.16
07/08/2019,132.61,6489997,133.05,133.22,132.61
07/05/2019,132.43,12180130,132.54,132.55,131.67
07/03/2019,134.21,5380269,133.52,134.29,133.51
07/02/2019,133.26,10495460,132.57,133.39,132.46
07/01/2019,132.24,14141550,132.57,132.75,131.591
06/28/2019,132.81,8149205,132.58,133.08,132.4458
06/27/2019,132.90,9724166,132.31,133.09,131.99
06/26/2019,131.97,12766810,132.68,132.70,131.88
06/25/2019,132.82,9604623,132.79,133.09,132.72
06/24/2019,132.41,6378869,132.16,132.53,132.079
06/21/2019,131.43,14495150,132.51,132.53,131.375
06/20/2019,132.89,10721530,132.91,133.505,132.59
06/19/2019,132.54,11962500,131.86,132.72,131.58
06/18/2019,132.35,10320700,132.74,132.86,131.945
06/17/2019,131.69,6046416,131.39,131.76,131.13
06/14/2019,131.46,5838794,131.10,131.71,131.09
06/13/2019,131.13,5560844,130.80,131.25,130.79
06/12/2019,130.68,5278799,130.39,130.75,130.30
06/11/2019,130.58,5115128,130.42,130.76,130.32
06/10/2019,130.50,8289092,130.68,130.704,130.32
06/07/2019,131.74,11378670,131.79,132.07,131.438
06/06/2019,130.61,9621094,130.97,131.59,130.32
06/05/2019,130.19,8815195,130.52,130.95,130.12
06/04/2019,130.93,14250020,131.39,131.76,130.55
06/03/2019,132.44,17822450,131.91,132.58,131.55
05/31/2019,131.83,18933630,130.90,131.90,130.81
05/30/2019,130.20,13024760,129.33,130.23,128.8852
05/29/2019,129.09,13260570,129.67,129.90,129.00
05/28/2019,128.79,8098871,128.27,128.90,128.085
05/24/2019,127.78,4981893,127.56,127.78,127.39
05/23/2019,127.67,9743687,126.89,128.09,126.88
05/22/2019,126.25,5675312,125.77,126.33,125.72
05/21/2019,125.53,4022162,125.60,125.72,125.30
05/20/2019,125.73,6043112,126.12,126.38,125.65
05/17/2019,125.99,4747076,126.28,126.30,125.69
05/16/2019,125.71,7666369,125.81,125.83,125.53
05/15/2019,126.13,9566544,126.21,126.27,125.77
05/14/2019,125.36,5690447,125.51,125.65,125.20
05/13/2019,125.73,10501610,125.40,125.93,125.25
05/10/2019,124.75,6037925,124.89,125.45,124.59
05/09/2019,124.92,9412288,125.11,125.30,124.31
05/08/2019,124.41,6907690,125.15,125.2999,124.30
05/07/2019,124.95,8984929,124.53,125.14,124.39
05/06/2019,124.00,4482690,124.31,124.38,123.925
05/03/2019,123.66,6191750,123.66,123.875,123.37
05/02/2019,123.31,6613062,123.68,123.81,123.04
05/01/2019,123.90,14372110,123.69,124.45,123.60
04/30/2019,123.65,7956343,122.95,123.74,122.93
04/29/2019,123.02,10245900,123.23,123.35,122.85
04/26/2019,123.81,5950651,123.98,124.02,123.64
04/25/2019,123.39,5780867,123.49,123.62,123.10
04/24/2019,123.57,7301806,123.11,123.59,123.09
04/23/2019,122.57,6239566,122.61,122.70,122.39
04/22/2019,122.31,6241081,122.47,122.57,122.235
04/18/2019,122.90,27589260,122.81,123.10,122.78
04/17/2019,122.26,6118480,122.13,122.5701,122.11
04/16/2019,122.21,8927253,122.51,122.63,122.14
04/15/2019,122.98,3070036,122.775,122.99,122.72
04/12/2019,122.67,7004581,122.89,123.06,122.63
04/11/2019,123.55,8679053,123.93,124.02,123.41
04/10/2019,124.28,7519816,124.27,124.52,124.10
04/09/2019,123.98,7020279,124.22,124.335,123.77
04/08/2019,123.59,4446327,123.83,123.95,123.52
04/05/2019,124.03,6321827,123.62,124.17,123.58
04/04/2019,123.87,7502495,123.60,123.89,123.44
04/03/2019,123.52,10406990,123.61,123.87,123.37
04/02/2019,124.60,9724020,124.48,124.7369,124.245
04/01/2019,124.37,16500040,125.29,125.3565,124.19
03/29/2019,126.44,10841390,125.68,126.47,125.64
03/28/2019,126.56,9138632,126.25,126.69,126.01
03/27/2019,126.12,14204750,125.42,126.34,125.31
03/26/2019,124.97,7501783,124.70,125.29,124.62
03/25/2019,125.06,9736293,124.81,125.94,124.5099
03/22/2019,124.86,13074860,124.21,125.28,124.06
03/21/2019,122.95,7181569,122.96,123.09,122.74
03/20/2019,122.68,10122430,121.74,122.85,121.73
03/19/2019,121.41,5219723,121.09,121.615,120.89
03/18/2019,121.68,3890984,121.57,121.87,121.5169
03/15/2019,121.75,4226989,121.74,121.95,121.40
03/14/2019,120.95,8188364,121.69,121.76,120.92
03/13/2019,121.83,4386259,121.66,121.96,121.62
03/12/2019,122.06,6422186,121.30,122.23,121.255
03/11/2019,121.21,5157757,121.40,121.42,120.98
03/08/2019,121.57,7514821,121.12,121.69,120.845
03/07/2019,121.06,8185555,120.64,121.26,120.61
03/06/2019,120.28,7765831,119.92,120.52,119.89
03/05/2019,119.84,5595154,119.28,119.87,119.27
03/04/2019,119.59,9807681,119.29,119.77,119.06
03/01/2019,118.66,13536900,119.33,119.53,118.64
02/28/2019,120.02,9533224,120.56,120.62,119.71
02/27/2019,120.43,7737252,121.12,121.13,120.2799
02/26/2019,121.81,6028492,121.73,121.82,121.36
02/25/2019,121.21,6293501,121.17,121.30,120.92
02/22/2019,121.57,6324560,121.47,121.945,121.42
02/21/2019,120.85,7382541,121.07,121.16,120.70
02/20/2019,121.94,4455812,121.95,122.08,121.59
02/19/2019,122.29,5872819,122.42,122.54,121.95
02/15/2019,121.98,5291444,121.56,122.02,121.54
02/14/2019,121.79,5868868,122.14,122.20,121.58
02/13/2019,121.10,4757077,121.15,121.39,120.91
02/12/2019,121.555,7938341,121.66,121.75,121.20
02/11/2019,121.87,4352804,121.86,122.18,121.75
02/08/2019,122.35,5885426,122.26,122.47,122.07
02/07/2019,121.83,8780298,121.46,121.91,121.23
02/06/2019,121.03,5184006,121.36,121.41,120.73
02/05/2019,120.97,6982859,120.73,121.23,120.66
02/04/2019,120.42,8966230,120.44,120.55,120.02
02/01/2019,120.96,12022520,121.48,121.57,120.8446
01/31/2019,121.97,11693170,121.55,122.18,121.50
01/30/2019,120.93,10566290,120.84,120.98,120.33
01/29/2019,121.02,5749977,120.53,121.04,120.39
01/28/2019,120.41,6428577,120.54,120.94,120.41
01/25/2019,120.53,6457755,120.59,120.75,120.32
01/24/2019,121.11,6121463,120.91,121.26,120.71
01/23/2019,120.32,5776782,119.88,120.62,119.83
01/22/2019,120.37,8880922,120.31,120.72,120.07
01/18/2019,119.56,14106400,119.84,120.12,119.385
01/17/2019,120.19,8153350,120.22,120.53,119.89
01/16/2019,120.16,6047286,119.59,120.39,119.51
01/15/2019,120.04,8995852,120.56,120.57,119.95
01/14/2019,120.48,6730521,120.90,121.01,120.2416
01/11/2019,120.93,5786929,120.83,121.27,120.68
01/10/2019,120.46,8220549,121.28,121.41,120.34
01/09/2019,121.24,9349195,121.26,121.43,120.795
01/08/2019,121.43,7646681,121.69,121.94,121.39
01/07/2019,121.75,8496807,122.62,122.65,121.62
01/04/2019,122.11,12970080,122.34,122.56,121.65
01/03/2019,123.54,21186470,122.29,123.86,122.2267
01/02/2019,122.15,19801690,121.66,122.16,121.3401
12/31/2018,121.51,17319970,120.65,121.56,120.46
12/28/2018,121.05,9879003,120.40,121.05,120.29
12/27/2018,120.04,12146400,121.26,121.38,119.98
12/26/2018,120.02,11636990,120.99,121.39,119.97
12/24/2018,121.32,8377482,121.13,121.42,120.91
12/21/2018,120.72,9829383,121.14,121.21,120.39
12/20/2018,120.74,18542770,122.01,122.03,120.67
12/19/2018,121.18,23042710,120.11,121.66,119.92
12/18/2018,119.60,10018730,119.07,119.785,118.94
12/17/2018,119.17,9726231,118.59,119.30,118.58
12/14/2018,118.48,8167695,118.55,118.77,118.22
12/13/2018,118.07,5564228,118.46,118.58,117.98
12/12/2018,118.35,6182206,118.58,118.72,118.24
12/11/2018,118.88,8071701,118.97,119.38,118.61
12/10/2018,118.90,8777528,118.87,119.28,118.44
12/07/2018,118.41,8608169,117.81,118.53,117.52
12/06/2018,118.19,15318650,118.54,119.20,118.13
12/04/2018,117.82,18097660,116.81,118.67,116.625
12/03/2018,115.88,9763670,114.68,115.88,114.66
11/30/2018,115.33,9126555,115.31,115.42,114.98
11/29/2018,114.90,7295627,114.92,115.25,114.59
11/28/2018,114.45,7814038,114.85,115.02,114.36
11/27/2018,115.01,5967243,114.81,115.25,114.76
11/26/2018,114.88,6599041,114.86,115.06,114.78
11/23/2018,115.14,3027861,115.67,115.76,115.09
11/21/2018,115.02,4951058,114.89,115.09,114.54
11/20/2018,115.06,6332434,115.24,115.46,114.93
11/19/2018,115.02,6937004,114.41,115.02,114.41
11/16/2018,114.70,9236593,114.20,114.81,113.92
11/15/2018,114.04,7879647,114.44,114.54,113.68
11/14/2018,114.09,8690821,113.48,114.52,113.30
11/13/2018,114.02,6525830,113.71,114.02,113.4845
11/12/2018,114.09,6838139,113.95,114.31,113.91
11/09/2018,113.35,6465323,112.75,113.4967,112.72
11/08/2018,112.51,6905094,112.96,112.97,112.41
11/07/2018,112.52,9313111,113.19,113.40,112.409
11/06/2018,112.37,3154455,112.60,112.73,112.3333
11/05/2018,112.44,4749165,112.48,112.71,112.35
11/02/2018,112.00,11314840,113.17,113.26,111.90
11/01/2018,113.41,6100205,112.85,113.56,112.8399
10/31/2018,113.58,8706347,113.74,113.96,113.21
10/30/2018,114.16,9939512,114.26,114.54,114.02
10/29/2018,114.73,7679119,114.84,115.02,114.26
10/26/2018,114.99,18582470,114.93,115.32,114.79
10/25/2018,114.30,12611340,114.54,114.74,114.23
10/24/2018,114.78,16001760,114.36,114.82,114.24
10/23/2018,113.92,10330720,114.76,115.02,113.84
10/22/2018,113.56,3243211,113.95,114.08,113.53
10/19/2018,113.71,10892400,113.85,113.95,113.4103
10/18/2018,113.96,5728700,113.62,114.39,113.55
10/17/2018,114.00,5879146,114.66,114.785,113.98
10/16/2018,114.68,4762311,114.39,114.72,114.16
10/15/2018,114.42,7146257,114.66,114.8168,114.29
10/12/2018,114.47,6792677,114.39,115.01,114.28
10/11/2018,114.87,16086370,114.00,115.15,113.79
10/10/2018,113.49,15285420,113.14,113.575,112.785
10/09/2018,113.80,11530770,113.14,113.85,113.07
10/08/2018,112.66,5854438,112.99,113.11,112.64
10/05/2018,113.04,18096430,113.39,113.72,112.62
10/04/2018,114.02,16207110,114.13,114.39,113.71
10/03/2018,114.83,20664770,116.27,116.36,114.24
10/02/2018,116.86,8266903,116.67,117.13,116.60
10/01/2018,116.15,22442370,116.66,116.83,116.12
09/28/2018,117.27,12799700,117.85,117.91,117.22
09/27/2018,117.58,5758501,117.24,117.65,117.10
09/26/2018,117.50,9512688,116.93,117.58,116.66
09/25/2018,116.68,6650848,116.48,116.74,116.40
09/24/2018,116.80,5504297,116.74,117.27,116.72
09/21/2018,117.10,6169796,116.87,117.275,116.84
09/20/2018,117.15,8657223,116.58,117.30,116.47
09/19/2018,116.61,13378690,117.105,117.11,116.19
09/18/2018,117.31,10181960,118.06,118.065,117.16
09/17/2018,118.55,5431940,118.18,118.82,118.12
09/14/2018,118.55,5304455,118.41,118.91,118.2999
09/13/2018,119.12,4833033,119.34,119.57,118.98
09/12/2018,118.94,3347210,119.05,119.17,118.90
09/11/2018,118.66,5440001,119.08,119.17,118.60
09/10/2018,119.57,6386352,119.17,119.60,119.17
09/07/2018,119.13,11212610,119.33,119.40,118.99
09/06/2018,120.15,9566046,119.76,120.40,119.6947
09/05/2018,119.71,9422617,119.76,119.90,119.5464
09/04/2018,120.03,18342650,119.96,120.095,119.75
08/31/2018,120.995,9677540,121.89,121.92,120.89
08/30/2018,121.28,5302865,121.31,121.46,121.08
08/29/2018,121.02,5613329,120.94,121.145,120.615
08/28/2018,120.86,4868638,121.00,121.09,120.6812
08/27/2018,121.59,6407403,121.78,121.87,121.52
08/24/2018,122.29,6092150,121.62,122.33,121.49
08/23/2018,122.05,5328703,122.00,122.13,121.78
08/22/2018,121.86,5309584,122.00,122.0535,121.58
08/21/2018,121.38,4693077,121.37,121.53,121.065
08/20/2018,121.79,5603648,121.64,121.91,121.535
08/17/2018,120.98,3536808,121.09,121.3858,120.75
08/16/2018,120.83,5400284,120.81,120.93,120.28
08/15/2018,120.84,7649782,120.66,121.13,120.57
08/14/2018,120.14,4251230,120.54,120.56,120.03
08/13/2018,120.41,7923156,120.25,120.70,120.21
08/10/2018,120.66,8457840,120.37,121.05,120.28
08/09/2018,119.79,7143703,119.23,119.83,119.12
08/08/2018,118.79,5640748,118.66,119.025,118.61
08/07/2018,118.67,5346847,119.03,119.10,118.57
08/06/2018,119.29,4200196,119.54,119.84,119.27
08/03/2018,119.22,6162417,118.83,119.29,118.81
08/02/2018,118.63,4451078,118.62,118.74,118.30
08/01/2018,118.46,13312590,118.285,118.835,118.07
07/31/2018,119.70,6795541,119.79,119.86,119.555
07/30/2018,119.05,7110489,118.99,119.405,118.97
07/27/2018,119.46,4541969,119.85,119.87,119.40
07/26/2018,119.26,6816778,119.71,119.88,119.16
07/25/2018,119.49,7356333,120.02,120.26,119.26
07/24/2018,119.68,9053492,119.28,119.815,119.14
07/23/2018,119.27,11557740,120.38,120.38,119.18
07/20/2018,120.76,10369540,121.58,121.59,120.70
07/19/2018,122.26,6166739,121.80,122.45,121.77
07/18/2018,121.49,6329826,122.02,122.04,121.39
07/17/2018,121.98,3764341,122.29,122.39,121.90
07/16/2018,122.21,5517069,122.21,122.285,121.639
07/13/2018,122.72,4078940,122.61,122.87,122.47
07/12/2018,122.41,4824726,122.17,122.47,122.14
07/11/2018,122.42,6869120,122.45,122.55,122.09
07/10/2018,121.95,5750635,121.87,122.13,121.81
07/09/2018,121.96,5952742,122.07,122.21,121.90
07/06/2018,122.75,4664217,122.75,122.92,122.48
07/05/2018,122.35,3846358,122.06,122.53,122.01
07/03/2018,122.00,3808806,121.53,122.03,121.53
07/02/2018,121.35,9661968,121.74,121.75,121.2901
06/29/2018,121.72,11164580,122.17,122.50,121.65
06/28/2018,122.14,7108693,122.13,122.2452,121.83
06/27/2018,122.11,8171251,121.75,122.18,121.55
06/26/2018,120.97,5450023,120.77,121.0299,120.66
06/25/2018,120.80,8363628,120.66,121.11,120.64
06/22/2018,120.53,4082473,120.09,120.62,120.06
06/21/2018,120.54,7235844,120.36,120.75,120.22
06/20/2018,119.91,6867114,120.77,120.788,119.90
06/19/2018,120.97,5833301,120.97,121.23,120.70
06/18/2018,120.27,4892429,120.48,120.56,120.04
06/15/2018,120.38,7992538,120.83,121.09,120.30
06/14/2018,120.27,10078770,119.78,120.30,119.48
06/13/2018,119.28,8833238,119.45,119.64,118.63
06/12/2018,119.34,6044454,118.93,119.46,118.89
06/11/2018,119.31,6844224,119.07,119.391,118.94
06/08/2018,119.53,6790574,119.56,119.85,119.44
06/07/2018,119.89,13238010,118.69,120.49,118.68
06/06/2018,118.74,7813327,119.08,119.10,118.42
06/05/2018,119.71,5621815,119.96,120.16,119.62
06/04/2018,119.43,7156304,120.11,120.14,119.37
06/01/2018,120.30,8718253,120.17,120.705,119.85
05/31/2018,121.22,10769940,121.56,121.98,120.95
05/30/2018,121.42,11615070,121.00,121.4799,120.74
05/29/2018,122.24,21652420,120.79,122.52,120.4261
05/25/2018,119.62,8482711,119.56,119.84,119.465
05/24/2018,118.88,8204121,118.69,119.055,118.6408
05/23/2018,117.94,9633743,117.75,118.11,117.6552
05/22/2018,117.09,4700736,117.29,117.345,116.851
05/21/2018,117.27,4434525,117.13,117.38,116.95
05/18/2018,117.21,9606468,116.51,117.29,116.51
05/17/2018,116.21,7330506,116.63,116.82,116.09
05/16/2018,116.80,6518020,117.42,117.53,116.79
05/15/2018,117.25,12899960,117.56,117.58,116.70
05/14/2018,118.60,4996173,118.80,118.99,118.59
05/11/2018,119.23,4273364,119.32,119.36,118.82
05/10/2018,118.93,7101525,118.55,118.98,118.35
05/09/2018,117.98,7828775,118.12,118.42,117.98
05/08/2018,118.69,6091243,118.55,119.00,118.30
05/07/2018,118.80,3647906,118.97,119.0152,118.735
05/04/2018,118.99,4283487,119.23,119.23,118.49
05/03/2018,118.81,6345330,118.84,119.31,118.68
05/02/2018,118.28,4644051,118.64,118.8692,118.2599
05/01/2018,118.41,7979321,118.77,118.84,118.23
04/30/2018,119.10,8321065,119.08,119.56,118.94
04/27/2018,118.89,5402102,118.47,118.95,118.44
04/26/2018,117.98,6528352,117.73,118.13,117.59
04/25/2018,117.16,6603760,117.41,117.65,116.94
04/24/2018,117.95,8190786,118.21,118.45,117.7608
04/23/2018,118.49,7073216,118.33,118.62,118.08
04/20/2018,118.46,7564586,118.89,119.13,118.4314
04/19/2018,119.32,9875870,119.42,119.53,118.81
04/18/2018,120.30,8136882,121.29,121.34,120.28
04/17/2018,121.27,5590360,120.92,121.58,120.82
04/16/2018,120.94,4491254,120.23,120.97,120.18
04/13/2018,120.90,4963800,120.52,121.13,120.50
04/12/2018,120.62,6615776,121.04,121.07,120.41
04/11/2018,121.51,5900296,121.85,121.89,121.27
04/10/2018,121.08,6047560,121.20,121.38,120.78
04/09/2018,121.30,6306562,120.64,121.30,120.35
04/06/2018,121.10,8830577,120.66,121.15,120.2199
04/05/2018,119.79,7599314,120.10,120.27,119.77
04/04/2018,120.69,6654312,121.35,121.46,120.60
04/03/2018,120.94,9855018,121.36,121.475,120.83
04/02/2018,121.88,12022490,121.35,122.3573,121.16
03/29/2018,121.90,9694323,121.54,122.29,121.51
03/28/2018,121.31,7392138,121.45,121.64,120.945
03/27/2018,120.99,9164657,119.83,121.12,119.81
03/26/2018,119.71,8237838,120.00,120.45,119.67
03/23/2018,120.17,7248375,119.68,120.31,119.62
03/22/2018,120.26,12103950,120.31,120.82,119.67
03/21/2018,119.08,9742209,118.66,119.42,118.11
03/20/2018,118.95,5445476,118.91,119.22,118.83
03/19/2018,119.43,7568973,119.21,119.97,119.20
03/16/2018,119.81,6084071,119.80,120.01,119.55
03/15/2018,120.24,6757935,120.17,120.49,119.93
03/14/2018,120.24,10174550,119.40,120.40,119.37
03/13/2018,119.19,7454621,118.98,119.3678,118.50
03/12/2018,118.59,5801739,118.31,118.66,118.19
03/09/2018,117.91,6570313,117.99,118.269,117.59
03/08/2018,118.69,7086436,118.31,118.99,118.26
03/07/2018,118.01,4461737,118.57,118.68,117.955
03/06/2018,118.14,5423622,118.36,118.68,118.12
03/05/2018,118.03,5658074,118.75,118.80,117.63
03/02/2018,118.35,10063740,118.85,118.93,118.121
03/01/2018,119.32,12277430,118.43,119.62,118.15
02/28/2018,118.75,9307434,118.47,118.8301,118.25
02/27/2018,118.00,12525340,118.52,118.66,117.26
02/26/2018,118.17,8771196,118.68,118.91,118.04
02/23/2018,118.13,9072746,117.88,118.31,117.72
02/22/2018,117.09,9317847,117.24,117.66,117.00
02/21/2018,116.74,12051580,118.24,118.29,116.51
02/20/2018,118.19,8267677,118.28,118.51,117.78
02/16/2018,118.71,8453895,119.04,119.21,118.34
02/15/2018,118.07,8216766,118.19,118.7964,117.99
02/14/2018,117.67,12028710,118.46,118.54,117.47
02/13/2018,118.99,8157559,118.61,119.0101,118.39
02/12/2018,118.46,10944600,118.56,119.30,118.19
02/09/2018,117.94,15661480,118.11,119.09,117.7901
02/08/2018,118.69,15152300,118.01,119.18,117.85
02/07/2018,118.82,16270460,120.13,120.33,118.56
02/06/2018,119.96,10935410,120.42,120.87,119.72
02/05/2018,120.71,28599080,119.17,121.82,118.64
02/02/2018,119.58,23920340,120.15,120.26,119.24
02/01/2018,120.70,18625100,122.48,122.53,120.625
01/31/2018,122.73,18044630,122.87,122.93,121.94
01/30/2018,122.01,12064450,122.28,122.37,121.70
01/29/2018,122.73,12223040,122.97,122.97,122.30
01/26/2018,123.59,6462945,123.88,123.91,123.10
01/25/2018,124.05,12173200,123.16,124.15,122.80
01/24/2018,123.04,9078363,122.85,123.13,122.535
01/23/2018,123.71,12325680,123.81,124.20,123.24
01/22/2018,123.18,8985115,123.45,123.71,122.99
01/19/2018,123.06,11372080,123.40,123.56,122.98
01/18/2018,123.71,10842140,123.93,124.27,123.535
01/17/2018,124.87,8326953,125.08,125.64,124.595
01/16/2018,125.04,9125840,125.17,125.28,124.56
01/12/2018,124.52,9987029,124.10,124.79,123.91
01/11/2018,124.31,12511000,123.51,124.59,123.31
01/10/2018,123.80,14302250,122.81,123.93,122.66
01/09/2018,123.95,16224850,124.81,124.83,123.81
01/08/2018,125.63,8349725,125.99,126.03,125.17
01/05/2018,125.71,10914960,125.87,126.18,125.36
01/04/2018,126.07,9217469,125.65,126.16,125.37
01/03/2018,126.09,8605121,126.00,126.20,125.49
01/02/2018,125.49,16238210,126.49,126.51,125.07
12/29/2017,126.86,7572800,126.50,127.12,126.475
12/28/2017,126.66,5297254,126.53,126.83,126.37
12/27/2017,126.77,9058659,125.71,126.9805,125.70
12/26/2017,125.14,3168430,124.98,125.53,124.97
12/22/2017,124.77,3974539,124.70,124.84,124.53
12/21/2017,124.60,7026710,124.03,124.86,124.00
12/20/2017,124.14,10005620,124.31,124.71,123.95
12/19/2017,125.53,11044320,126.32,126.38,125.07
12/18/2017,127.18,7239706,127.97,128.00,126.91
12/15/2017,128.35,7238427,127.81,128.585,127.56
12/14/2017,127.87,6799292,127.05,127.98,126.7866
12/13/2017,127.33,8527339,126.81,127.39,126.59
12/12/2017,126.38,7495702,126.17,126.41,125.67
12/11/2017,126.43,3863802,126.86,127.085,126.41
12/08/2017,126.69,4786119,126.59,126.74,126.235
12/07/2017,126.68,13021120,127.93,128.10,126.30
12/06/2017,127.68,11834450,127.87,128.23,127.655
12/05/2017,127.24,10958730,126.47,127.50,126.45
12/04/2017,126.61,9609316,125.92,126.67,125.81
12/01/2017,126.55,24582760,125.87,127.69,125.10
11/30/2017,125.12,9630003,125.31,125.52,124.4399
11/29/2017,125.54,14546560,125.56,125.68,125.1031
11/28/2017,126.79,5983021,126.77,127.18,126.47
11/27/2017,126.62,6073953,126.86,127.05,126.42
11/24/2017,126.80,3141388,126.93,127.03,126.69
11/22/2017,127.15,4140708,126.62,127.2048,126.51
11/21/2017,126.74,5817458,127.09,127.29,126.31
11/20/2017,126.34,4232129,125.91,126.38,125.91
11/17/2017,126.39,6938033,126.07,126.44,125.96
11/16/2017,125.46,5894844,126.01,126.33,125.445
11/15/2017,126.56,9565761,126.06,126.665,125.64
11/14/2017,125.20,6195891,124.77,125.24,124.77
11/13/2017,124.36,5880784,124.80,124.81,124.31
11/10/2017,124.10,11980850,124.71,124.84,123.96
11/09/2017,126.00,6280364,125.87,126.24,125.55
11/08/2017,126.36,3356245,126.59,126.80,126.21
11/07/2017,126.64,6421369,126.23,126.78,126.13
11/06/2017,126.11,6244033,125.93,126.22,125.7192
11/03/2017,125.64,10984060,125.47,125.70,125.14
11/02/2017,125.30,7222472,125.00,125.52,124.92
11/01/2017,124.75,8940442,124.35,125.14,124.30
10/31/2017,124.46,4424022,124.53,124.6589,124.40
10/30/2017,124.42,9051012,123.86,124.46,123.56
10/27/2017,123.24,10480260,122.94,123.325,122.75
10/26/2017,122.43,8179001,123.06,123.06,122.43
10/25/2017,122.84,9960506,122.53,122.98,122.42
10/24/2017,123.43,6842558,123.37,123.69,123.15
10/23/2017,124.20,6871100,124.16,124.49,124.02
10/20/2017,123.98,12326810,124.00,124.28,123.64
10/19/2017,125.31,8966467,125.74,126.01,125.27
10/18/2017,125.09,5942632,125.05,125.18,124.68
10/17/2017,125.92,4969626,125.39,126.09,125.39
10/16/2017,125.76,5737322,125.53,125.90,125.38
10/13/2017,125.85,7746896,125.58,125.94,125.165
10/12/2017,124.95,7141451,124.55,124.98,124.24
10/11/2017,124.42,4385789,124.57,124.66,124.26
10/10/2017,124.18,6666468,124.14,124.87,124.02
10/09/2017,123.98,3590926,123.78,124.06,123.64
10/06/2017,123.59,10375030,123.29,124.10,123.03
10/05/2017,123.94,8178644,124.27,124.30,123.69
10/04/2017,124.41,7446865,124.53,124.59,123.88
10/03/2017,124.40,6219458,123.92,124.51,123.915
10/02/2017,124.28,7860698,124.81,125.00,124.24
09/29/2017,124.76,11285410,124.76,125.03,124.27
09/28/2017,124.48,8883451,124.21,124.65,123.97
09/27/2017,124.85,12137730,124.87,125.30,124.61
09/26/2017,126.76,7251877,126.77,126.885,126.43
09/25/2017,126.99,9679004,126.32,127.27,126.20
09/22/2017,126.20,5659914,126.50,126.73,126.06
09/21/2017,125.84,6147895,126.16,126.555,125.82
09/20/2017,125.91,8034571,125.97,126.05,125.33
09/19/2017,125.82,5554948,126.28,126.31,125.73
09/18/2017,126.13,6862991,126.50,126.57,125.84
09/15/2017,126.86,9769178,127.00,127.01,126.54
09/14/2017,126.81,6664349,126.37,126.83,126.33
09/13/2017,126.29,6739688,126.91,126.92,126.28
09/12/2017,126.79,7556862,127.045,127.089,126.53
09/11/2017,127.46,17855690,127.87,128.05,127.26
09/08/2017,129.00,9794250,129.11,129.16,128.57
09/07/2017,129.28,13618860,128.33,129.565,128.33
09/06/2017,127.97,9066364,128.72,129.00,127.74
09/05/2017,128.76,15220620,127.69,128.80,127.69
09/01/2017,126.75,14128580,127.31,127.34,126.43
08/31/2017,127.99,7977295,127.64,128.03,127.57
08/30/2017,127.61,4735094,127.46,127.74,127.34
08/29/2017,127.65,7659355,128.46,128.5225,127.31
08/28/2017,127.24,4435643,126.92,127.39,126.73
08/25/2017,127.32,7303300,127.02,127.45,126.87
08/24/2017,126.83,5569331,126.88,127.31,126.72
08/23/2017,127.30,7446036,127.04,127.31,126.76
08/22/2017,126.44,6139665,126.79,126.805,126.27
08/21/2017,126.93,7701572,126.77,127.02,126.50
08/18/2017,126.62,8382502,126.98,127.15,126.26
08/17/2017,126.65,9364602,125.70,126.675,125.51
08/16/2017,125.71,5280537,124.83,126.02,124.805
08/15/2017,125.25,7473231,124.73,125.535,124.71
08/14/2017,125.78,5111040,125.99,126.275,125.73
08/11/2017,126.43,5637839,125.77,126.46,125.55
08/10/2017,126.37,10009790,125.62,126.44,125.52
08/09/2017,125.30,9221830,125.925,125.95,125.20
08/08/2017,124.62,5862761,124.87,124.98,124.15
08/07/2017,125.07,4683076,124.84,125.10,124.607
08/04/2017,124.93,8395492,125.15,125.18,124.44
08/03/2017,126.00,10324510,125.29,126.02,125.26
08/02/2017,124.71,5705317,124.77,125.17,124.68
08/01/2017,124.64,9565842,123.18,124.71,123.16
07/31/2017,124.04,5464596,123.46,124.05,123.40
07/28/2017,123.89,5491761,123.27,123.99,123.26
07/27/2017,123.16,6390798,123.11,123.38,122.82
07/26/2017,123.77,8459447,123.27,124.09,123.08
07/25/2017,123.57,9742215,124.14,124.19,123.47
07/24/2017,125.20,5378434,125.45,125.66,125.16
07/21/2017,125.69,6201381,125.73,126.03,125.57
07/20/2017,125.16,12238320,125.49,125.73,124.9743
07/19/2017,124.80,5140262,124.78,125.01,124.59
07/18/2017,124.75,9163037,124.43,124.77,124.23
07/17/2017,123.67,4737647,123.33,123.99,123.27
07/14/2017,123.33,6566786,124.10,124.16,123.12
07/13/2017,123.18,7449153,123.60,123.65,122.81
07/12/2017,123.96,7839453,123.89,124.04,123.49
07/11/2017,123.11,4425578,122.86,123.33,122.71
07/10/2017,122.90,3858789,122.87,123.10,122.68
07/07/2017,122.72,9401813,122.84,123.03,122.585
07/06/2017,123.46,10852900,123.52,123.64,122.93
07/05/2017,124.49,11393460,124.20,124.65,124.115
07/03/2017,124.46,11021120,125.00,125.04,124.02
06/30/2017,125.12,10189810,125.19,125.39,124.85
06/29/2017,125.41,9115991,125.01,125.72,124.90
06/28/2017,126.47,6857668,126.67,126.71,125.98
06/27/2017,126.89,8354227,127.43,127.49,126.62
06/26/2017,128.26,5541628,128.27,128.57,128.16
06/23/2017,127.78,4329864,127.47,127.90,127.40
06/22/2017,127.84,6607975,127.71,127.87,127.31
06/21/2017,127.56,5914823,127.11,127.645,126.90
06/20/2017,127.30,8405435,126.79,127.40,126.79
06/19/2017,126.17,5641338,126.32,126.475,126.03
06/16/2017,126.35,6622841,126.08,126.44,126.01
06/15/2017,126.10,5863499,126.09,126.33,125.83
06/14/2017,126.30,20202560,125.92,126.71,125.73
06/13/2017,124.38,4741927,124.01,124.52,123.99
06/12/2017,124.36,4335580,124.21,124.99,124.139
06/09/2017,124.40,5121948,124.08,124.64,123.98
06/08/2017,124.59,8758419,124.88,124.88,124.30
06/07/2017,124.92,12552250,125.24,125.52,124.79
06/06/2017,125.52,12841460,125.69,125.87,125.40
06/05/2017,124.84,6765580,124.90,125.16,124.78
06/02/2017,125.62,13233000,125.22,125.7675,125.05
06/01/2017,124.15,9036971,123.70,124.19,123.66
05/31/2017,124.40,7952953,124.05,124.645,124.03
05/30/2017,124.09,4818410,124.03,124.14,123.74
05/26/2017,123.48,2963809,123.55,123.74,123.25
05/25/2017,123.27,6464787,123.02,123.28,122.76
05/24/2017,123.23,7467746,122.80,123.26,122.54
05/23/2017,122.54,7897880,123.51,123.62,122.48
05/22/2017,123.37,4062927,123.41,123.56,123.26
05/19/2017,123.71,11267860,123.36,123.775,123.01
05/18/2017,123.42,8348962,123.75,123.94,123.19
05/17/2017,123.28,11220030,122.63,123.54,122.385
05/16/2017,121.51,6720818,121.11,121.89,121.105
05/15/2017,121.06,4904942,121.06,121.21,120.75
05/12/2017,121.39,7463884,121.01,121.49,120.98
05/11/2017,120.48,7479834,120.00,120.57,119.91
05/10/2017,120.48,6517131,120.91,121.06,120.16
05/09/2017,120.62,5525110,120.38,120.63,120.14
05/08/2017,120.63,8057456,121.11,121.14,120.53
05/05/2017,121.29,5605412,121.38,121.47,120.89
05/04/2017,121.18,9706770,121.01,121.22,120.665
05/03/2017,121.78,8932192,122.22,122.39,121.55
05/02/2017,121.70,6727813,120.97,121.78,120.94
05/01/2017,121.08,8795913,121.69,122.14,120.71
04/28/2017,122.35,8145158,121.60,122.435,121.55
04/27/2017,122.08,4978328,121.75,122.35,121.58
04/26/2017,122.12,5765638,121.52,122.14,121.43
04/25/2017,121.45,8109176,122.21,122.46,121.38
04/24/2017,122.93,8066311,122.55,123.16,122.46
04/21/2017,123.54,9798175,123.82,124.24,123.49
04/20/2017,123.54,7932667,123.73,123.92,123.135
04/19/2017,124.02,7343846,124.10,124.169,123.70
04/18/2017,124.70,11527660,123.86,124.98,123.55
04/17/2017,123.09,8015015,123.46,123.55,122.86
04/13/2017,123.47,8393523,123.45,123.74,122.91
04/12/2017,123.09,11530840,122.51,123.185,122.29
04/11/2017,122.42,11296170,121.80,122.65,121.72
04/10/2017,121.27,5314491,121.14,121.62,121.0001
04/07/2017,120.71,10264230,121.84,122.25,120.69
04/06/2017,121.20,6496724,121.24,121.41,120.52
04/05/2017,121.38,8553968,120.56,121.52,120.36
04/04/2017,121.01,6976535,121.37,121.59,120.95
04/03/2017,121.67,12871290,120.45,121.87,120.40
03/31/2017,120.71,5108618,120.28,120.81,120.21
03/30/2017,120.36,7041564,121.07,121.09,120.32
03/29/2017,121.34,6289498,120.94,121.3792,120.88
03/28/2017,120.62,6810371,121.79,121.82,120.4947
03/27/2017,121.43,6878273,121.83,121.97,121.19
03/24/2017,120.88,5818444,120.53,121.10,120.40
03/23/2017,120.45,6746361,120.83,121.02,120.06
03/22/2017,120.62,11061300,120.72,121.17,120.43
03/21/2017,120.14,12535650,119.05,120.30,119.02
03/20/2017,119.15,5490005,118.55,119.23,118.50
03/17/2017,118.64,7266264,118.11,118.75,118.0301
03/16/2017,117.90,8018070,117.99,118.15,117.63
03/15/2017,118.50,14589780,117.56,118.83,117.43
03/14/2017,117.07,9869130,116.77,117.35,116.71
03/13/2017,116.51,6993069,116.83,117.09,116.49
03/10/2017,117.25,9218285,117.14,117.32,116.68
03/09/2017,116.84,10561920,117.34,117.48,116.77
03/08/2017,117.78,11328330,117.31,117.95,117.23
03/07/2017,118.42,7072576,118.48,118.68,118.25
03/06/2017,118.78,4489179,119.12,119.12,118.52
03/03/2017,119.35,9515219,119.23,119.35,118.5511
03/02/2017,119.04,8200948,119.01,119.21,118.615
03/01/2017,119.47,10714980,119.44,119.55,118.95
02/28/2017,121.74,8382174,121.50,122.075,121.32
02/27/2017,121.29,11039780,121.81,121.90,121.225
02/24/2017,122.01,11331960,121.35,122.14,121.26
02/23/2017,120.67,5319281,120.57,120.74,120.33
02/22/2017,120.31,8101522,120.80,120.82,119.59
02/21/2017,120.11,8703453,119.68,120.61,119.60
02/17/2017,120.32,7886448,120.61,120.70,120.13
02/16/2017,119.61,10005830,119.22,120.21,119.12
02/15/2017,118.96,8478574,118.76,119.22,118.65
02/14/2017,119.51,13209250,120.24,120.30,118.83
02/13/2017,120.38,11535980,120.25,120.41,119.88
02/10/2017,120.76,7977556,120.11,120.95,120.11
02/09/2017,120.83,16890590,121.41,121.59,120.66
02/08/2017,122.24,15868290,121.42,122.27,121.41
02/07/2017,120.60,8418320,119.78,121.01,119.47
02/06/2017,119.72,8433672,119.76,120.13,119.12
02/03/2017,119.00,10273020,119.44,119.87,118.4743
02/02/2017,119.05,6977407,119.93,120.135,119.00
02/01/2017,119.10,10975520,119.10,119.53,118.58
01/31/2017,120.10,13291270,119.33,120.40,119.25
01/30/2017,119.27,6569508,119.44,119.875,119.20
01/27/2017,119.63,7197439,119.40,119.83,119.25
01/26/2017,119.20,7907927,118.91,119.255,118.325
01/25/2017,118.80,11104870,119.28,119.60,118.56
01/24/2017,120.31,8394678,120.77,121.1263,119.80
01/23/2017,121.14,13116080,120.34,121.87,120.02
01/20/2017,119.94,16949050,119.84,120.31,119.29
01/19/2017,120.18,11795490,120.49,120.58,119.55
01/18/2017,121.01,9063130,121.77,121.96,120.91
01/17/2017,122.58,7852886,122.81,122.94,121.99
01/13/2017,121.31,9817754,121.33,121.75,120.62
01/12/2017,121.89,9976913,122.80,123.14,121.83
01/11/2017,122.16,9401604,121.94,122.69,121.41
01/10/2017,121.75,8417916,121.55,121.91,121.28
01/09/2017,121.83,8837608,121.88,122.00,121.46
01/06/2017,120.86,8369304,121.13,121.5414,120.75
01/05/2017,121.98,13265560,120.45,122.03,120.17
01/04/2017,120.10,6699461,119.76,120.24,119.45
01/03/2017,119.64,13217250,118.41,119.99,118.18
12/30/2016,119.13,10609850,118.78,119.65,118.72
12/29/2016,118.95,8578635,118.80,119.2747,118.66
12/28/2016,118.53,7575524,117.86,118.88,117.70
12/27/2016,117.67,5276380,117.42,117.70,117.23
12/23/2016,118.05,4461320,118.24,118.39,117.95
12/22/2016,117.81,5177430,117.53,118.00,117.50
12/21/2016,118.33,4624421,117.92,118.40,117.7338
12/20/2016,117.81,7030608,117.63,117.90,117.38
12/19/2016,118.40,10866050,117.98,118.58,117.74
12/16/2016,117.14,14629030,117.61,117.915,116.80
12/15/2016,117.41,12399960,117.56,118.29,117.03
12/14/2016,116.82,16611760,119.08,119.21,116.80
12/13/2016,118.14,12187990,118.40,118.49,117.44
12/12/2016,117.72,9463381,117.27,117.80,116.88
12/09/2016,117.50,14645110,118.64,118.86,117.28
12/08/2016,118.98,12035940,119.15,119.31,118.78
12/07/2016,120.40,10388310,119.82,120.62,119.82
12/06/2016,119.38,11526440,119.70,119.94,119.12
12/05/2016,119.47,12098360,118.93,120.3975,118.45
12/02/2016,119.60,12482250,119.17,120.21,119.14
12/01/2016,118.73,21695410,118.51,118.99,117.64
11/30/2016,120.24,21140990,119.97,121.01,119.48
11/29/2016,122.22,8134290,121.44,122.40,121.21
11/28/2016,121.71,8553426,121.41,121.73,121.09
11/25/2016,120.82,3126273,121.19,121.29,120.40
11/23/2016,120.64,13562480,119.99,120.91,119.25
11/22/2016,121.11,9987248,121.66,121.76,120.88
11/21/2016,121.15,6487056,121.21,121.475,120.89
11/18/2016,120.85,13575560,121.63,121.97,120.34
11/17/2016,121.20,11211960,121.95,122.11,120.99
11/16/2016,123.01,9146612,122.30,123.14,122.17
11/15/2016,121.91,11959130,122.22,122.81,121.78
11/14/2016,121.31,21152620,121.28,122.66,120.73
11/11/2016,122.04,10037010,122.96,123.05,121.65
11/10/2016,122.73,22955050,123.97,124.96,122.72
11/09/2016,124.57,31222500,127.22,127.37,124.22
11/08/2016,130.09,7576047,131.02,131.21,129.71
11/07/2016,130.62,5384005,130.75,131.00,130.44
11/04/2016,131.74,7445572,131.27,131.79,131.13
11/03/2016,130.57,6085408,130.75,131.05,130.44
11/02/2016,131.58,8665668,131.30,132.11,131.03
11/01/2016,131.01,12622270,130.16,131.60,129.88
10/31/2016,131.25,7026470,130.89,131.29,130.71
10/28/2016,130.45,7540799,130.39,130.93,130.33
10/27/2016,130.74,10044590,131.07,131.07,130.0649
10/26/2016,132.18,5841948,132.46,132.80,131.99
10/25/2016,133.08,5092528,132.53,133.555,132.49
10/24/2016,132.73,6507354,133.41,133.45,132.29
10/21/2016,133.31,9201511,133.52,133.72,132.87
10/20/2016,133.11,6082054,133.64,133.7526,132.90
10/19/2016,132.97,6941233,132.37,133.27,132.32
10/18/2016,132.86,7150501,131.86,132.89,131.83
10/17/2016,132.43,10594890,132.10,132.74,132.09
10/14/2016,131.59,11409620,132.27,132.95,131.53
10/13/2016,133.46,7080582,133.64,133.93,133.37
10/12/2016,132.96,7577971,132.67,133.02,132.24
10/11/2016,132.83,9670397,132.86,133.55,132.57
10/10/2016,133.13,6088117,132.85,133.16,132.51
10/07/2016,133.92,9953170,133.93,134.285,133.09
10/06/2016,133.83,7839879,133.97,134.69,133.68
10/05/2016,134.58,8917654,135.02,135.08,134.12
10/04/2016,135.21,12048690,136.62,136.84,135.16
10/03/2016,136.81,7584625,137.68,137.77,136.76
09/30/2016,137.51,11740190,138.55,138.64,136.87
09/29/2016,138.75,8319623,137.56,139.07,137.45
09/28/2016,138.40,7854925,138.50,139.15,138.22
09/27/2016,138.70,9450444,138.59,138.80,137.95
09/26/2016,137.69,8661184,137.07,137.8336,137.02
09/23/2016,136.82,5917176,137.03,137.34,136.71
09/22/2016,136.95,12426210,136.67,137.29,136.50
09/21/2016,135.87,10696470,134.60,135.89,134.18
09/20/2016,134.78,6054517,135.15,135.58,134.67
09/19/2016,134.31,7105046,134.52,134.87,134.25
09/16/2016,134.75,7507393,134.58,134.81,134.22
09/15/2016,133.67,10232940,133.61,134.05,133.03
09/14/2016,134.25,7037144,134.05,134.91,134.05
09/13/2016,134.05,15645120,135.87,136.00,133.36
09/12/2016,135.59,9096573,135.32,135.83,135.16
09/09/2016,135.52,13346800,136.07,136.12,135.41
09/08/2016,137.79,14300260,138.86,139.27,137.26
09/07/2016,139.54,5421702,140.37,140.42,139.54
09/06/2016,139.64,8542625,138.71,140.08,138.51
09/02/2016,138.63,8396523,138.96,139.0511,138.17
09/01/2016,139.77,9145985,138.62,140.10,138.57
08/31/2016,139.87,7349658,139.66,140.17,139.34
08/30/2016,139.67,5161669,140.17,140.26,139.67
08/29/2016,140.21,7310309,139.38,140.35,139.21
08/26/2016,138.36,12962020,139.73,140.69,138.22
08/25/2016,139.17,5855076,139.26,139.78,138.96
08/24/2016,139.70,6027806,140.10,140.19,139.39
08/23/2016,140.03,6841137,140.27,140.59,139.67
08/22/2016,139.88,5549541,139.65,140.14,139.3689
08/19/2016,138.71,5515969,138.64,139.05,138.10
08/18/2016,139.44,3805233,139.20,139.765,138.79
08/17/2016,139.22,5000585,138.63,139.44,138.50
08/16/2016,138.39,6182739,138.98,139.15,138.23
08/15/2016,138.76,5107412,139.34,139.63,138.75
08/12/2016,140.08,7989615,140.41,140.86,139.87
08/11/2016,138.91,7624422,140.06,140.08,138.54
08/10/2016,140.16,5843387,139.90,140.51,139.47
08/09/2016,139.62,5503066,138.71,139.72,138.62
08/08/2016,138.26,5185234,137.60,138.54,137.32
08/05/2016,138.00,7777132,139.05,139.18,137.825
08/04/2016,139.45,5644955,139.46,140.16,139.2711
08/03/2016,138.41,4930589,138.60,138.78,137.91
08/02/2016,138.33,10048560,137.83,139.26,137.50
08/01/2016,139.77,9809121,139.78,140.50,139.61
07/29/2016,141.56,8678284,140.45,141.68,140.22
07/28/2016,140.39,7284322,139.80,140.835,139.71
07/27/2016,140.65,8507940,139.55,140.65,139.40
07/26/2016,138.92,5243406,139.52,139.52,138.46
07/25/2016,138.70,4243590,138.94,139.26,138.5867
07/22/2016,138.80,5810175,137.93,139.24,137.87
07/21/2016,138.56,10397980,137.04,138.62,136.985
07/20/2016,138.28,6942471,138.23,138.51,137.91
07/19/2016,139.04,8073856,138.94,139.31,138.40
07/18/2016,138.26,5888878,139.07,139.26,137.73
07/15/2016,138.39,9946904,138.89,139.11,138.18
07/14/2016,139.59,10816680,139.28,139.84,139.09
07/13/2016,141.65,8181637,141.37,141.77,140.95
07/12/2016,140.00,15808270,140.42,140.86,139.64
07/11/2016,142.34,8097886,143.05,143.465,142.24
07/08/2016,143.60,10354840,142.92,143.62,142.36
07/07/2016,142.55,9675150,142.09,143.19,141.78
07/06/2016,142.56,14352300,142.79,143.00,141.96
07/05/2016,142.33,8840659,141.85,142.91,141.70
07/01/2016,140.57,15428870,140.81,140.82,139.19
06/30/2016,138.90,14694120,138.81,139.94,138.085
06/29/2016,138.39,12998280,139.68,140.13,138.2601
06/28/2016,139.46,13796200,139.44,139.895,138.88
06/27/2016,139.17,17572220,138.44,139.59,138.40
06/24/2016,135.78,17150540,136.61,136.61,135.30
06/23/2016,132.23,9020682,132.61,133.32,132.08
06/22/2016,133.76,5772924,133.50,133.99,133.2539
06/21/2016,133.54,6005685,134.29,134.58,133.46
06/20/2016,134.16,7365771,134.24,134.55,134.01
06/17/2016,135.61,8108083,136.20,136.2699,135.26
06/16/2016,136.46,10372410,136.74,137.56,136.18
06/15/2016,135.80,7952003,135.52,136.23,135.31
06/14/2016,135.28,9010942,136.19,136.22,135.22
06/13/2016,135.38,7688097,135.09,135.39,134.77
06/10/2016,134.78,6984412,134.79,135.33,134.2643
06/09/2016,134.13,6820261,134.32,134.54,133.93
06/08/2016,133.27,5311221,132.87,133.43,132.71
06/07/2016,132.56,4679703,132.64,132.98,132.54
06/06/2016,132.24,7320358,132.78,132.89,132.105
06/03/2016,133.23,11076670,132.86,133.23,132.60
06/02/2016,131.36,5835516,130.90,131.69,130.87
06/01/2016,130.42,9873328,130.63,131.27,130.11
05/31/2016,130.16,8341460,129.02,130.44,128.98
05/27/2016,129.85,5255595,130.07,130.26,129.70
05/26/2016,130.04,5419303,129.81,130.45,129.80
05/25/2016,129.37,6367396,129.83,130.245,129.31
05/24/2016,129.86,5968175,129.97,130.19,129.24
05/23/2016,130.44,6979730,130.36,130.73,129.92
05/20/2016,130.15,5343894,129.65,130.40,129.55
05/19/2016,130.05,6209259,129.68,130.33,129.65
05/18/2016,129.49,12679590,130.81,130.85,128.91
05/17/2016,131.36,4448971,131.21,131.83,131.21
05/16/2016,131.14,5137039,131.64,131.66,130.98
05/13/2016,132.28,8220924,131.48,132.32,131.23
05/12/2016,131.01,6087364,130.66,131.17,130.59
05/11/2016,131.61,9255873,130.83,132.00,130.66
05/10/2016,130.87,4331861,130.85,131.12,130.65
05/09/2016,130.86,4950625,130.46,130.89,130.32
05/06/2016,130.45,7231776,130.85,130.86,130.295
05/05/2016,131.01,7869604,130.06,131.07,129.70
05/04/2016,130.14,7210666,129.68,130.17,129.19
05/03/2016,129.43,10736650,129.55,130.02,129.35
05/02/2016,127.82,11034880,128.66,128.895,127.80
04/29/2016,129.38,7382708,128.45,129.71,128.195
04/28/2016,129.05,7974138,128.21,129.14,128.04
04/27/2016,128.52,8378665,127.92,128.82,127.62
04/26/2016,127.25,7839355,127.76,127.76,127.12
04/25/2016,127.83,5538614,128.06,128.52,127.83
04/22/2016,128.36,5826383,128.85,128.91,128.24
04/21/2016,128.69,11154220,128.44,129.07,128.29
04/20/2016,129.46,10920710,131.16,131.65,129.27
04/19/2016,130.90,5212235,131.08,131.305,130.29
04/18/2016,131.31,4486643,131.33,131.44,130.66
04/15/2016,131.88,5831112,131.29,132.16,131.25
04/14/2016,130.76,6966979,130.91,131.31,130.4901
04/13/2016,131.39,5192466,130.69,131.58,130.52
04/12/2016,130.93,4276037,131.08,131.55,130.525
