Date,Close/Last,Volume,Open,High,Low
04/10/2026,92.98,2568670,92.79,93.28,92.57
04/09/2026,92.78,3845681,91.72,93.57,91.67
04/08/2026,92.12,5049552,91.90,92.22,91.54
04/07/2026,90.49,3184845,90.07,90.805,89.66
04/06/2026,90.36,2537636,89.96,90.62,89.725
04/02/2026,90.23,3288855,88.89,90.325,88.44
04/01/2026,89.02,4412028,88.695,89.36,88.55
03/31/2026,88.70,4928691,88.47,89.425,87.65
03/30/2026,87.33,5474820,87.91,88.52,87.035
03/27/2026,87.00,4435342,87.53,87.99,86.84
03/26/2026,87.72,6108204,87.66,88.4987,87.30
03/25/2026,87.84,5061376,88.34,88.57,87.43
03/24/2026,87.91,3917327,87.97,88.78,87.65
03/23/2026,89.44,6256824,89.89,90.615,89.40
03/20/2026,88.75,6295406,91.64,91.64,88.33
03/19/2026,91.59,4705053,91.58,92.08,91.08
03/18/2026,91.96,2838824,92.97,93.04,91.91
03/17/2026,93.34,2960962,93.55,94.04,93.27
03/16/2026,92.93,3479302,93.105,93.66,92.81
03/13/2026,92.16,4063327,92.91,93.31,92.0531
03/12/2026,92.01,3933948,91.86,92.695,91.6501
03/11/2026,92.65,4687022,93.09,93.27,92.395
03/10/2026,93.62,5106767,93.49,94.455,93.035
03/09/2026,93.76,4971404,92.675,94.075,91.55
03/06/2026,93.55,4606035,93.78,93.815,93.07
03/05/2026,94.58,4637831,94.57,94.84,93.88
03/04/2026,95.54,3896890,95.17,95.63,94.53
03/03/2026,95.42,4832916,94.391,95.75,93.68
03/02/2026,95.93,5477725,95.198,96.196,94.62
02/27/2026,95.69,4707942,95.20,96.23,95.175
02/26/2026,95.52,3761808,95.17,95.675,94.925
02/25/2026,94.87,3297006,95.03,95.32,94.42
02/24/2026,95.13,3788492,94.65,95.245,94.48
02/23/2026,94.89,3646172,94.75,95.64,94.55
02/20/2026,94.88,2840703,94.29,94.89,94.11
02/19/2026,94.17,2646562,94.26,94.81,93.79
02/18/2026,94.37,4163638,95.22,95.36,94.15
02/17/2026,95.49,3614786,94.94,95.5551,94.38
02/13/2026,94.59,3906841,93.59,94.93,93.30
02/12/2026,93.25,7469436,94.465,95.15,93.10
02/11/2026,93.36,4425651,94.07,94.20,93.225
02/10/2026,93.88,4266652,92.76,94.11,92.74
02/09/2026,92.64,3021655,92.16,92.72,91.60
02/06/2026,92.25,3638714,91.53,92.38,91.325
02/05/2026,90.82,3588497,90.76,91.33,90.24
02/04/2026,90.95,3941137,90.24,91.32,89.89
02/03/2026,89.66,4821961,89.745,90.18,89.07
02/02/2026,89.86,5280754,90.90,91.15,89.82
01/30/2026,90.80,4618037,90.46,90.82,89.655
01/29/2026,90.71,7283919,89.98,90.83,89.415
01/28/2026,89.46,4520546,90.48,90.615,89.24
01/27/2026,90.39,3217100,90.305,90.58,90.04
01/26/2026,90.42,3004662,90.79,91.055,90.32
01/23/2026,90.54,2838199,90.22,90.625,89.875
01/22/2026,90.36,3922910,91.37,91.62,90.3093
01/21/2026,91.26,6140307,91.54,91.69,90.53
01/20/2026,90.90,4648896,91.82,92.07,90.84
01/16/2026,92.62,4819629,91.34,92.815,91.2054
01/15/2026,91.50,3845576,91.30,91.89,91.02
01/14/2026,90.87,3535361,90.085,90.89,90.01
01/13/2026,90.09,3085327,89.62,90.16,88.81
01/12/2026,89.59,3342583,89.58,89.955,89.32
01/09/2026,89.47,4126084,89.31,90.02,89.31
01/08/2026,89.29,5165995,88.10,89.63,88.01
01/07/2026,88.50,6668177,89.87,90.01,88.48
01/06/2026,89.37,4889819,88.38,89.575,88.28
01/05/2026,88.72,5501563,88.30,89.065,87.875
01/02/2026,88.52,3524509,88.37,88.85,87.84
12/31/2025,88.49,3301734,89.18,89.20,88.45
12/30/2025,89.22,2813521,89.095,89.27,88.915
12/29/2025,89.04,2604009,89.24,89.33,88.794
12/26/2025,88.86,2065781,88.70,88.92,88.46
12/24/2025,88.76,2730765,88.21,88.91,88.21
12/23/2025,88.18,3955916,88.28,88.28,87.865
12/22/2025,88.24,3594008,87.65,88.365,87.475
12/19/2025,88.59,4162336,88.67,89.1699,88.55
12/18/2025,88.93,3818063,89.84,89.99,88.83
12/17/2025,89.40,3715500,88.99,89.76,88.975
12/16/2025,89.07,3717881,89.65,89.9799,88.925
12/15/2025,89.73,3915126,89.82,89.88,89.095
12/12/2025,89.45,3855912,89.95,90.27,89.23
12/11/2025,89.56,5207398,89.43,89.92,89.26
12/10/2025,89.17,4633433,89.13,89.81,89.01
12/09/2025,88.85,4194036,89.44,89.98,88.82
12/08/2025,89.19,3971844,89.92,89.92,89.15
12/05/2025,89.88,3859884,89.82,90.35,89.72
12/04/2025,89.98,4837544,90.025,90.59,89.865
12/03/2025,90.20,3204263,89.86,90.42,89.8051
12/02/2025,89.97,2737085,90.52,90.64,89.68
12/01/2025,90.29,3120840,90.45,90.81,90.225
11/28/2025,91.34,1627090,90.93,91.60,90.93
11/26/2025,91.04,3297995,90.43,91.57,90.39
11/25/2025,90.64,4230357,90.05,91.035,90.05
11/24/2025,89.81,3331007,89.64,89.94,89.09
11/21/2025,89.57,5770477,88.66,89.895,88.38
11/20/2025,88.14,5317008,89.07,89.57,88.105
11/19/2025,88.51,4029845,89.20,89.30,88.215
11/18/2025,89.21,4281473,88.81,89.465,88.57
11/17/2025,88.85,4072182,89.83,89.8468,88.60
11/14/2025,89.59,3662866,89.63,89.74,89.10
11/13/2025,89.40,3734640,90.03,90.405,89.255
11/12/2025,90.51,3652436,90.75,91.17,90.48
11/11/2025,91.19,3190422,90.51,91.26,90.49
11/10/2025,90.18,3398185,90.02,90.5755,89.645
11/07/2025,90.23,5277948,89.04,90.25,88.94
11/06/2025,88.85,3421589,89.19,89.55,88.815
11/05/2025,89.28,2886259,89.48,89.57,88.735
11/04/2025,89.20,4058678,89.235,89.325,88.76
11/03/2025,89.05,4522882,88.203,89.145,87.86
10/31/2025,89.18,3982699,88.50,89.475,88.17
10/30/2025,88.95,5183182,88.46,89.55,88.20
10/29/2025,88.53,5650116,90.20,90.36,88.23
10/28/2025,90.87,4636016,92.47,92.47,90.8001
10/27/2025,92.69,2921989,92.49,92.725,92.08
10/24/2025,92.43,2619502,92.82,92.93,92.43
10/23/2025,92.16,2686972,92.32,92.57,91.39
10/22/2025,92.22,2490784,92.105,92.37,91.685
10/21/2025,91.83,2829840,92.00,92.445,91.675
10/20/2025,92.09,2036812,91.60,92.105,91.385
10/17/2025,91.17,2945240,90.54,91.275,90.26
10/16/2025,90.58,3719168,91.07,91.425,90.38
10/15/2025,90.90,3026724,89.91,91.16,89.8362
10/14/2025,89.60,3047787,88.57,89.74,88.39
10/13/2025,88.69,2810073,88.21,88.78,88.08
10/10/2025,88.13,3996323,89.52,89.69,88.09
10/09/2025,89.27,3123023,89.93,89.99,89.035
10/08/2025,89.76,3325065,89.82,90.095,89.53
10/07/2025,90.23,4546624,90.63,90.81,89.845
10/06/2025,90.56,4154610,91.48,91.50,90.525
10/03/2025,91.42,2496627,91.20,92.16,91.20
10/02/2025,91.08,4186062,91.36,91.36,90.5147
10/01/2025,91.56,2933491,91.37,91.88,91.245
09/30/2025,91.42,3002844,91.075,91.49,90.785
09/29/2025,91.05,3155513,91.12,91.23,90.65
09/26/2025,91.02,5430815,90.50,91.18,90.30
09/25/2025,90.13,4246453,90.39,90.75,90.06
09/24/2025,90.40,2709452,91.22,91.26,90.385
09/23/2025,92.17,3421380,91.79,92.385,91.67
09/22/2025,91.67,3646167,91.68,91.8651,91.09
09/19/2025,91.65,3076078,92.37,92.49,91.65
09/18/2025,92.25,2966135,92.16,92.645,91.94
09/17/2025,92.05,4570956,92.45,93.58,91.95
09/16/2025,92.17,3260272,92.65,92.80,91.91
09/15/2025,92.66,2754956,93.11,93.24,92.39
09/12/2025,92.81,2165627,93.18,93.335,92.71
09/11/2025,93.24,2671354,91.83,93.42,91.75
09/10/2025,91.57,2242917,91.73,92.26,91.42
09/09/2025,91.72,2533934,91.67,91.75,91.33
09/08/2025,91.93,2880701,91.54,91.945,91.24
09/05/2025,92.47,3446103,92.07,92.92,91.83
09/04/2025,91.44,3689357,91.04,91.50,90.57
09/03/2025,90.76,2505511,90.54,90.98,90.40
09/02/2025,90.71,3424415,91.41,91.51,90.39
08/29/2025,92.24,2137392,91.86,92.265,91.78
08/28/2025,91.74,2525346,92.01,92.045,91.20
08/27/2025,91.98,1885825,91.65,92.23,91.575
08/26/2025,91.41,2739801,91.62,91.91,91.23
08/25/2025,91.65,2968817,92.01,92.34,91.585
08/22/2025,92.18,3318891,91.06,92.615,90.899
08/21/2025,90.43,2630017,90.26,90.76,90.055
08/20/2025,90.70,2931894,90.66,91.43,90.435
08/19/2025,90.44,4168362,89.38,90.48,89.29
08/18/2025,88.91,2562582,89.68,89.82,88.88
08/15/2025,89.67,2399452,89.17,89.9199,89.0851
08/14/2025,89.16,3524506,89.23,89.3772,88.59
08/13/2025,89.80,3577271,89.16,89.935,88.82
08/12/2025,88.97,3240967,88.74,88.985,88.08
08/11/2025,88.47,2623521,88.71,89.1451,88.435
08/08/2025,89.06,3228809,89.94,89.99,88.86
08/07/2025,89.80,3345583,90.00,90.00,89.24
08/06/2025,89.54,3604809,90.30,90.39,89.50
08/05/2025,90.24,3752663,89.90,90.335,89.51
08/04/2025,89.83,3385713,89.11,90.055,89.075
08/01/2025,88.92,5395749,90.03,90.095,88.29
07/31/2025,89.14,4823608,89.90,90.36,89.015
07/30/2025,90.41,4408198,91.67,91.825,89.83
07/29/2025,91.71,3713824,90.77,91.81,90.32
07/28/2025,90.26,2551703,91.49,91.53,90.195
07/25/2025,91.73,2960669,91.85,91.87,90.80
07/24/2025,91.72,3236700,91.86,92.13,91.67
07/23/2025,92.04,2981915,92.00,92.18,91.6402
07/22/2025,91.86,2684239,90.58,91.95,90.57
07/21/2025,90.31,3904307,90.56,90.885,90.10
07/18/2025,89.94,2523865,89.95,90.29,89.57
07/17/2025,89.75,3406658,89.78,90.145,89.34
07/16/2025,89.85,4126536,89.45,90.00,88.98
07/15/2025,89.01,4483166,90.34,90.43,88.835
07/14/2025,90.34,3257330,89.73,90.355,89.58
07/11/2025,89.76,3987588,89.11,89.965,88.80
07/10/2025,89.75,5303878,89.27,90.345,88.98
07/09/2025,89.19,3836987,89.33,89.4522,88.81
07/08/2025,89.12,3631340,88.98,89.60,88.759
07/07/2025,89.25,4467743,89.985,90.49,88.7671
07/03/2025,90.02,2361669,89.98,90.365,89.6717
07/02/2025,89.92,3469822,89.50,90.04,89.1399
07/01/2025,89.71,5552945,88.88,90.385,88.77
06/30/2025,89.06,8752477,88.55,89.095,87.55
06/27/2025,88.49,3179232,88.29,89.4146,88.14
06/26/2025,88.27,5886400,88.54,88.54,87.18
06/25/2025,89.22,4282454,90.91,90.91,89.165
06/24/2025,91.42,2727539,91.33,91.77,90.81
06/23/2025,91.18,3142347,90.00,91.245,89.88
06/20/2025,89.83,2940349,90.21,90.68,89.73
06/18/2025,89.89,2945769,89.82,90.555,89.39
06/17/2025,89.58,1879391,89.89,90.17,89.27
06/16/2025,89.90,2657573,90.18,91.00,89.60
06/13/2025,89.83,2334412,89.99,90.56,89.235
06/12/2025,90.71,2007227,90.21,90.80,90.06
06/11/2025,90.27,2874714,90.89,91.29,89.935
06/10/2025,90.76,4036043,90.14,90.82,90.12
06/09/2025,89.99,3676147,89.90,90.53,89.29
06/06/2025,89.87,2707209,89.80,90.28,89.39
06/05/2025,89.44,3148640,89.55,89.91,88.965
06/04/2025,89.51,2598366,89.22,89.81,88.81
06/03/2025,89.26,2155702,89.03,89.395,88.49
06/02/2025,89.44,3101782,88.63,89.465,87.83
05/30/2025,89.32,2525909,88.97,89.55,88.45
05/29/2025,89.32,2440871,88.58,89.68,88.40
05/28/2025,88.52,1912767,88.64,88.66,87.93
05/27/2025,88.61,2117879,87.81,88.82,87.51
05/23/2025,87.09,2123085,86.84,87.35,86.54
05/22/2025,87.00,2540059,87.46,87.46,86.36
05/21/2025,87.40,2677266,89.125,89.49,87.33
05/20/2025,89.79,2003329,89.64,90.18,89.58
05/19/2025,90.32,2956490,89.53,90.43,89.36
05/16/2025,90.30,2580281,89.20,90.325,89.03
05/15/2025,89.19,2563008,87.91,89.2099,87.815
05/14/2025,87.59,3052921,88.15,88.15,87.26
05/13/2025,88.46,4178640,89.58,89.685,88.195
05/12/2025,89.60,3657700,90.36,90.37,89.11
05/09/2025,89.16,3460255,88.50,89.395,88.37
05/08/2025,88.57,2652585,89.28,89.43,88.24
05/07/2025,88.92,2220460,89.00,89.65,88.73
05/06/2025,88.82,2579766,89.10,89.55,88.3975
05/05/2025,89.51,2290089,89.56,90.045,89.03
05/02/2025,89.71,2237710,89.715,90.02,89.30
05/01/2025,88.62,3574077,88.64,89.39,87.96
04/30/2025,88.33,3738632,87.60,88.635,86.75
04/29/2025,88.02,2740428,87.51,88.44,87.20
04/28/2025,87.55,2914956,86.93,87.725,86.67
04/25/2025,87.01,2409709,87.16,87.35,86.38
04/24/2025,87.16,2080814,86.89,87.77,86.45
04/23/2025,86.84,2493099,87.65,88.58,86.36
04/22/2025,86.68,2209925,85.98,87.04,85.80
04/21/2025,85.03,2406200,85.97,86.21,83.97
04/17/2025,86.84,3383581,85.70,87.485,85.70
04/16/2025,85.56,2393125,85.88,86.65,84.9759
04/15/2025,85.62,2443447,85.61,86.175,85.13
04/14/2025,85.36,3228070,84.37,85.87,84.13
04/11/2025,83.63,5276100,82.05,83.80,81.07
04/10/2025,82.62,7442686,83.42,84.41,80.50
04/09/2025,84.55,10990270,78.33,84.94,76.92
04/08/2025,79.79,7401066,83.95,84.15,78.85
04/07/2025,81.99,13294170,82.28,85.32,80.09
04/04/2025,84.20,7804116,87.11,87.245,84.10
04/03/2025,88.02,5785091,89.715,90.79,87.96
04/02/2025,91.13,3427177,90.28,91.28,90.03
04/01/2025,90.58,4276655,90.79,90.99,89.4801
03/31/2025,90.54,2964644,89.73,91.08,89.73
03/28/2025,89.71,3603028,90.12,90.275,89.13
03/27/2025,89.83,2992998,90.28,90.94,89.6093
03/26/2025,90.06,3094228,89.94,90.53,89.73
03/25/2025,89.71,4210034,90.62,90.74,89.17
03/24/2025,91.66,3719213,90.85,91.805,90.512
03/21/2025,90.27,3395107,90.75,90.90,89.71
03/20/2025,91.28,2041059,91.31,91.84,90.87
03/19/2025,91.34,1882220,91.24,92.03,90.57
03/18/2025,91.23,1955950,91.57,92.11,90.865
03/17/2025,91.71,2233425,90.04,92.00,90.04
03/14/2025,90.17,3769520,89.16,90.245,88.65
03/13/2025,88.40,3881566,90.18,90.80,88.2894
03/12/2025,90.18,3303097,90.61,90.96,89.76
03/11/2025,90.46,3918730,91.53,92.00,89.91
03/10/2025,91.53,3534607,92.32,93.32,91.03
03/07/2025,92.42,4447315,91.90,92.84,91.31
03/06/2025,91.87,4968785,93.34,93.62,91.64
03/05/2025,94.29,2573967,92.68,94.46,92.485
03/04/2025,93.25,4541292,94.33,94.90,93.12
03/03/2025,94.34,4597084,94.035,94.95,93.80
02/28/2025,93.90,4214052,93.53,93.94,92.82
02/27/2025,93.11,2379910,92.76,93.66,92.61
02/26/2025,92.74,2828870,93.34,93.54,92.42
02/25/2025,93.13,4329449,92.26,93.55,92.26
02/24/2025,92.00,3258753,91.77,92.58,91.365
02/21/2025,91.64,2534668,92.715,92.77,91.1033
02/20/2025,92.55,2920040,92.04,92.66,91.59
02/19/2025,92.11,2339180,91.64,92.34,91.45
02/18/2025,92.04,2500713,91.49,92.355,91.37
02/14/2025,91.63,2344320,92.28,92.69,91.61
02/13/2025,92.05,3734333,91.00,92.21,90.81
02/12/2025,91.14,4747188,90.15,91.43,90.011
02/11/2025,91.99,2260086,91.18,92.03,91.09
02/10/2025,91.59,2195458,91.79,91.835,90.90
02/07/2025,91.63,2516260,92.10,92.155,91.10
02/06/2025,91.93,3468697,92.21,92.21,91.34
02/05/2025,91.70,3310438,91.28,91.895,90.47
02/04/2025,90.43,3371536,89.81,90.635,89.50
02/03/2025,90.36,5187715,89.75,90.71,88.92
01/31/2025,90.55,2566459,90.51,91.43,90.295
01/30/2025,90.75,3485111,90.68,91.52,90.02
01/29/2025,89.61,2820294,90.84,91.08,89.175
01/28/2025,90.81,2373807,91.65,91.65,90.59
01/27/2025,91.92,4107784,90.70,91.945,90.59
01/24/2025,90.71,3267442,90.08,91.2863,90.04
01/23/2025,90.40,2706853,89.89,90.415,89.05
01/22/2025,89.74,2966307,91.06,91.06,89.68
01/21/2025,91.33,3635099,90.10,91.39,90.02
01/17/2025,89.65,3672448,89.97,90.26,89.65
01/16/2025,89.71,4112753,88.09,89.80,87.81
01/15/2025,87.89,3886792,89.79,89.87,87.835
01/14/2025,87.39,3829918,86.97,87.58,86.752
01/13/2025,86.60,3740423,85.48,86.68,85.28
01/10/2025,85.55,10056570,86.31,86.52,85.48
01/08/2025,87.69,5250673,87.45,87.76,86.609
01/07/2025,87.46,5679386,88.68,88.99,87.225
01/06/2025,88.30,4206849,89.33,89.72,88.155
01/03/2025,89.45,3470005,88.50,89.5399,88.22
01/02/2025,88.29,5296210,89.09,89.27,88.01
12/31/2024,89.08,5045102,88.97,89.29,88.28
12/30/2024,88.31,4402433,88.42,88.555,87.44
12/27/2024,88.75,3816756,89.12,89.77,88.495
12/26/2024,89.65,2577456,89.17,89.74,88.73
12/24/2024,89.41,2182639,88.55,89.51,88.51
12/23/2024,88.82,4548927,88.18,88.925,87.84
12/20/2024,89.33,7622510,87.85,90.34,87.85
12/19/2024,87.85,5404413,89.47,90.15,87.79
12/18/2024,89.23,5409773,92.83,93.27,89.21
12/17/2024,93.07,3020525,93.14,93.83,92.83
12/16/2024,93.52,3645006,93.80,94.58,93.45
12/13/2024,93.85,2796345,93.99,94.1851,93.59
12/12/2024,94.12,2255224,94.03,95.13,94.03
12/11/2024,94.27,4295027,94.53,94.98,94.01
12/10/2024,94.49,2902206,95.76,95.765,94.19
12/09/2024,95.88,2872135,95.74,96.20,95.60
12/06/2024,95.61,1866153,96.01,96.33,95.19
12/05/2024,95.75,2922428,95.59,95.84,95.2198
12/04/2024,95.98,2220340,96.34,96.34,95.474
12/03/2024,96.24,1992610,96.82,97.106,96.185
12/02/2024,96.73,3659547,97.66,97.74,96.465
11/29/2024,98.16,1922407,98.75,99.09,98.035
11/27/2024,98.60,2383080,98.53,99.20,98.51
11/26/2024,97.97,2774509,97.42,98.065,97.04
11/25/2024,97.58,4001242,96.80,98.06,96.80
11/22/2024,96.24,2943673,95.84,96.42,95.83
11/21/2024,95.52,2988836,94.84,95.805,94.45
11/20/2024,94.82,3143021,94.55,94.945,94.05
11/19/2024,94.94,3041993,94.23,95.165,93.78
11/18/2024,94.48,2468075,93.38,94.48,93.22
11/15/2024,93.80,2786607,93.41,93.98,93.01
11/14/2024,93.75,3708413,94.60,94.60,93.57
11/13/2024,94.60,2884272,94.86,95.45,94.46
11/12/2024,94.08,4645889,95.05,95.46,94.065
11/11/2024,95.40,2279824,95.81,96.44,95.335
11/08/2024,95.88,4093560,94.83,96.16,94.70
11/07/2024,94.47,4871450,93.80,94.75,93.54
11/06/2024,93.35,6335351,95.63,95.63,92.3727
11/05/2024,95.38,2398308,93.61,95.43,93.39
11/04/2024,94.13,3368188,93.41,94.46,93.38
11/01/2024,93.11,4835327,94.68,94.91,93.06
10/31/2024,94.15,4946656,95.00,95.58,94.09
10/30/2024,95.77,2930463,95.35,96.48,95.30
10/29/2024,95.35,2819569,95.74,96.15,95.04
10/28/2024,96.04,2296843,96.43,96.99,95.92
10/25/2024,95.74,3834839,97.31,97.61,95.71
10/24/2024,96.65,2632316,96.56,97.25,96.475
10/23/2024,96.44,2710666,95.51,96.62,95.41
10/22/2024,95.74,2530022,95.31,96.085,95.16
10/21/2024,95.60,4143089,97.03,97.42,95.47
10/18/2024,97.51,2080261,97.03,97.55,96.66
10/17/2024,96.79,2904098,97.18,97.29,96.50
10/16/2024,97.56,3177340,96.73,97.685,96.55
10/15/2024,96.50,2808532,95.80,97.32,95.75
10/14/2024,95.35,2529158,94.50,95.505,94.28
10/11/2024,94.78,2653993,94.20,94.78,94.02
10/10/2024,93.72,2664448,94.02,94.67,93.43
10/09/2024,94.56,4120632,94.28,94.57,93.915
10/08/2024,94.46,3773668,94.51,94.89,94.085
10/07/2024,94.27,3420384,94.59,94.59,93.8396
10/04/2024,95.11,4602437,95.03,95.35,94.24
10/03/2024,95.57,2664422,96.11,96.32,95.23
10/02/2024,96.45,5161758,95.99,96.54,95.75
10/01/2024,96.79,4240255,97.63,97.80,96.36
09/30/2024,97.42,4207533,96.49,97.49,96.27
09/27/2024,96.66,4932929,97.34,97.57,96.62
09/26/2024,97.35,4776941,98.41,98.47,97.08
09/25/2024,98.24,2465964,99.00,99.22,98.0217
09/24/2024,98.90,3279061,98.37,99.18,98.045
09/23/2024,98.76,3320921,98.46,98.87,98.27
09/20/2024,97.79,3708613,97.62,98.06,97.44
09/19/2024,98.18,4450248,99.01,99.05,97.54
09/18/2024,98.16,5097121,98.43,99.58,98.015
09/17/2024,98.28,2990732,99.10,99.37,98.04
09/16/2024,98.97,4144534,99.05,99.405,98.65
09/13/2024,98.64,3402744,98.25,98.66,98.01
09/12/2024,97.62,2713320,97.43,97.6944,96.60
09/11/2024,97.21,3872127,96.52,97.32,95.42
09/10/2024,97.40,6001007,96.29,97.435,96.03
09/09/2024,96.01,2906456,94.96,96.19,94.80
09/06/2024,94.95,6965852,95.19,95.21,94.19
09/05/2024,95.04,6269420,95.98,96.135,94.87
09/04/2024,95.35,3041066,95.32,96.23,94.85
09/03/2024,95.08,5161018,94.74,95.50,94.49
08/30/2024,95.13,3489966,94.65,95.18,93.9644
08/29/2024,94.22,3379737,94.46,94.62,93.8357
08/28/2024,94.51,2664200,94.86,95.11,94.06
08/27/2024,94.88,1859258,94.04,94.9501,93.96
08/26/2024,94.74,2748480,95.17,95.37,94.58
08/23/2024,94.78,8040171,93.14,94.905,93.075
08/22/2024,92.74,3182312,92.52,92.825,92.22
08/21/2024,92.47,2965948,92.08,92.515,91.6288
08/20/2024,91.98,4934397,92.19,92.34,91.66
08/19/2024,92.09,2629798,91.33,92.094,91.32
08/16/2024,91.33,2260964,91.38,91.70,90.9182
08/15/2024,91.38,4054422,91.59,91.79,90.98
08/14/2024,91.45,2966284,91.37,91.88,90.93
08/13/2024,91.21,3111352,91.06,91.31,90.55
08/12/2024,90.42,2925502,90.77,90.78,89.78
08/09/2024,91.09,4133920,91.02,91.26,90.10
08/08/2024,90.67,5981233,89.80,90.85,89.52
08/07/2024,89.79,4998566,90.81,91.85,89.68
08/06/2024,90.41,7321616,88.64,91.37,88.27
08/05/2024,88.66,6852591,89.48,91.02,88.415
08/02/2024,91.27,5223649,91.10,92.13,90.45
08/01/2024,91.32,6988074,91.458,91.815,90.465
07/31/2024,90.41,5633797,90.89,91.5355,90.15
07/30/2024,90.73,2853967,90.37,90.935,90.03
07/29/2024,90.03,3371105,89.71,90.33,88.92
07/26/2024,89.57,3326098,88.68,89.875,88.44
07/25/2024,88.03,4723166,88.65,89.68,87.8389
07/24/2024,88.32,3844894,89.59,90.165,88.23
07/23/2024,89.64,2655365,89.57,90.26,89.17
07/22/2024,89.71,3244496,89.05,89.80,88.4125
07/19/2024,88.79,2809029,89.08,89.23,88.405
07/18/2024,88.95,4464650,89.24,90.785,88.725
07/17/2024,89.74,4757150,89.02,90.34,89.02
07/16/2024,89.13,3029250,88.61,89.16,88.1538
07/15/2024,88.05,2928745,87.62,88.16,87.37
07/12/2024,87.46,3562751,87.50,88.02,87.14
07/11/2024,86.80,4365990,85.46,87.10,85.46
07/10/2024,84.38,2482444,84.10,84.45,83.57
07/09/2024,83.76,2123274,83.58,84.04,82.95
07/08/2024,83.78,3239198,83.61,83.98,83.40
07/05/2024,83.51,3216980,83.44,83.67,82.98
07/03/2024,83.28,1571471,83.45,83.94,83.27
07/02/2024,83.36,3141623,83.21,83.49,82.88
07/01/2024,82.97,3274823,83.69,83.90,82.465
06/28/2024,83.76,4090531,83.49,84.12,83.125
06/27/2024,84.13,4244875,83.45,84.16,83.26
06/26/2024,83.32,3287920,83.00,83.575,82.841
06/25/2024,83.58,3749189,84.48,84.52,83.13
06/24/2024,84.62,2834323,84.01,85.455,83.88
06/21/2024,83.97,2340120,83.92,84.145,83.40
06/20/2024,83.76,2432937,83.74,84.035,83.49
06/18/2024,84.00,3073565,83.89,84.31,83.71
06/17/2024,83.67,2168125,83.51,84.0895,83.155
06/14/2024,84.00,2178645,83.73,84.24,83.32
06/13/2024,84.02,2619928,83.87,84.29,83.38
06/12/2024,83.68,4123538,84.69,85.34,83.565
06/11/2024,82.94,3261750,82.85,83.33,82.61
06/10/2024,83.24,2450820,82.70,83.515,82.10
06/07/2024,82.96,3227898,82.43,83.18,82.365
06/06/2024,83.75,4002138,83.20,83.77,82.85
06/05/2024,83.59,2373317,83.74,83.86,83.09
06/04/2024,83.69,2720690,82.81,84.04,82.81
06/03/2024,83.05,3301567,83.688,83.688,82.62
05/31/2024,83.24,4176870,82.21,83.30,81.845
05/30/2024,81.71,2748850,80.93,81.75,80.93
05/29/2024,80.53,3203331,80.50,80.645,80.17
05/28/2024,81.32,3046845,82.25,82.58,81.23
05/24/2024,81.86,2317771,82.19,82.3208,81.75
05/23/2024,81.80,4061082,83.60,83.60,81.745
05/22/2024,83.60,3888208,84.07,84.41,83.35
05/21/2024,84.36,2655107,84.19,84.4954,84.01
05/20/2024,84.39,2842880,84.72,84.97,84.29
05/17/2024,84.89,2791696,85.00,85.10,84.58
05/16/2024,84.90,2577014,85.04,85.275,84.765
05/15/2024,84.96,3544975,85.03,85.42,84.759
05/14/2024,83.80,3099662,83.72,84.165,83.36
05/13/2024,83.16,2848662,83.20,83.65,82.765
05/10/2024,82.89,5649915,83.25,83.34,82.635
05/09/2024,83.12,5452208,82.10,83.185,82.10
05/08/2024,81.45,4129959,81.69,81.69,81.18
05/07/2024,82.14,3667349,82.01,82.40,81.78
05/06/2024,81.37,3044825,81.89,82.0311,81.05
05/03/2024,81.30,4270214,82.16,82.64,81.115
05/02/2024,80.76,4804858,80.39,80.945,79.55
05/01/2024,79.64,7204232,79.50,81.12,79.37
04/30/2024,79.61,7004078,80.41,80.7901,79.58
04/29/2024,80.98,4373992,80.51,81.23,80.51
04/26/2024,80.16,3367694,80.24,80.965,80.00
04/25/2024,80.12,4082769,79.78,80.245,79.27
04/24/2024,80.58,4513601,80.12,80.725,79.64
04/23/2024,80.43,5484084,79.85,80.76,79.72
04/22/2024,79.70,3846151,79.30,79.86,78.76
04/19/2024,79.00,4585624,78.66,79.35,78.625
04/18/2024,78.62,4158385,78.93,79.12,78.27
04/17/2024,78.61,5554723,79.03,79.3831,78.56
04/16/2024,79.19,6598970,79.96,80.05,78.96
04/15/2024,80.32,5478618,82.25,82.33,79.87
04/12/2024,81.71,5451241,82.19,82.38,81.39
04/11/2024,82.69,7145948,82.99,83.16,81.86
04/10/2024,82.41,8332871,83.45,83.71,81.93
04/09/2024,85.97,4075754,85.15,85.97,84.97
04/08/2024,84.84,3866936,84.21,84.915,84.12
04/05/2024,83.94,4789051,83.22,84.14,83.01
04/04/2024,83.51,5953640,84.74,85.14,83.215
04/03/2024,84.05,3632734,83.76,84.15,83.41
04/02/2024,83.96,5116086,84.37,84.44,83.625
04/01/2024,85.03,5331337,86.738,86.738,84.865
03/28/2024,86.48,4626907,86.03,86.77,86.03
03/27/2024,85.87,5191426,84.67,85.90,84.47
03/26/2024,83.71,4922950,84.27,84.37,83.685
03/25/2024,84.05,5262467,84.65,84.96,84.05
03/22/2024,84.57,3923435,85.69,85.88,84.505
03/21/2024,86.38,3753231,86.13,86.75,85.86
03/20/2024,85.76,4605895,84.67,86.02,84.32
03/19/2024,85.20,4165654,85.15,85.52,84.69
03/18/2024,85.23,3030832,85.38,85.68,85.07
03/15/2024,85.19,4214317,84.56,85.52,84.54
03/14/2024,85.38,4155120,86.32,86.4912,84.645
03/13/2024,86.68,3418657,86.97,87.51,86.40
03/12/2024,87.12,3308976,87.15,87.48,86.37
03/11/2024,87.31,3467248,87.54,88.07,86.94
03/08/2024,87.73,4546636,87.50,88.03,87.30
03/07/2024,86.73,3164131,87.21,87.4197,86.3044
03/06/2024,86.75,4999585,86.88,87.08,86.24
03/05/2024,86.32,4722582,86.91,87.54,85.92
03/04/2024,87.38,5319021,86.33,87.43,85.72
03/01/2024,86.57,6560902,85.42,86.57,84.53
02/29/2024,85.55,6595443,85.51,86.00,85.16
02/28/2024,84.83,5170751,83.55,85.35,83.46
02/27/2024,83.98,3857852,84.34,84.72,83.80
02/26/2024,83.88,5943372,84.59,85.04,83.72
02/23/2024,84.81,4695576,84.90,85.30,84.60
02/22/2024,84.85,5000632,84.96,85.275,84.67
02/21/2024,84.69,4053059,84.40,84.805,84.07
02/20/2024,84.22,4739937,83.88,84.555,83.48
02/16/2024,84.37,4781062,84.25,84.855,83.65
02/15/2024,85.25,5164804,84.07,85.338,84.02
02/14/2024,83.31,5264512,83.02,83.775,82.6243
02/13/2024,82.66,6203679,82.58,82.68,81.54
02/12/2024,84.40,3949245,84.54,85.01,84.2241
02/09/2024,84.38,3478053,84.20,84.52,83.425
02/08/2024,84.25,3697224,83.33,84.49,83.33
02/07/2024,83.57,5074181,83.99,84.07,83.10
02/06/2024,83.69,5482350,82.71,83.85,82.41
02/05/2024,82.58,6269376,83.30,83.30,82.325
02/02/2024,84.35,7935933,84.18,84.88,82.94
02/01/2024,85.41,8950704,83.802,85.435,83.34
01/31/2024,83.89,8892858,84.98,85.63,83.73
01/30/2024,84.70,4580926,85.13,85.43,84.54
01/29/2024,85.50,3592010,84.92,85.67,84.69
01/26/2024,84.94,2783226,85.35,85.59,84.75
01/25/2024,85.18,4394359,85.11,85.615,84.76
01/24/2024,84.10,3265602,86.19,86.27,84.035
01/23/2024,85.32,4821801,86.24,86.53,85.03
01/22/2024,85.91,4202985,85.70,86.74,85.52
01/19/2024,85.40,6188938,84.59,85.68,83.95
01/18/2024,84.39,4537781,84.98,85.30,83.775
01/17/2024,84.85,4898958,85.25,86.325,83.985
01/16/2024,86.43,5125925,86.58,86.97,86.15
01/12/2024,87.07,3070446,87.42,87.696,86.63
01/11/2024,86.55,5512691,87.18,87.18,86.05
01/10/2024,87.36,3649878,87.44,87.7699,87.04
01/09/2024,87.26,3819000,87.00,87.61,86.58
01/08/2024,87.85,5372104,86.56,87.95,86.36
01/05/2024,86.61,3805994,86.20,87.37,85.70
01/04/2024,86.83,5610027,86.82,87.42,86.45
01/03/2024,86.99,5159613,88.42,88.42,86.82
01/02/2024,89.12,6057866,88.048,89.26,87.68
12/29/2023,88.36,5331557,89.10,89.17,88.26
12/28/2023,89.42,3879220,88.68,89.42,88.56
12/27/2023,88.79,5383566,88.53,88.90,88.125
12/26/2023,88.36,4336567,87.68,88.60,87.585
12/22/2023,87.71,5100263,87.71,88.41,87.27
12/21/2023,87.37,4429976,87.35,87.585,86.425
12/20/2023,87.67,6072648,88.84,89.46,87.605
12/19/2023,88.75,5787080,88.50,88.996,88.42
12/18/2023,88.08,6353812,88.70,88.77,87.98
12/15/2023,88.28,7666639,89.33,89.38,87.64
12/14/2023,89.54,6918483,88.65,90.09,88.6405
12/13/2023,87.03,5649611,83.94,87.33,83.705
12/12/2023,83.82,3158518,83.86,84.13,83.38
12/11/2023,83.87,3143384,83.36,84.015,83.235
12/08/2023,83.64,3416903,83.49,83.845,82.785
12/07/2023,83.78,6631516,83.59,84.04,83.21
12/06/2023,83.54,4404992,84.21,84.78,83.48
12/05/2023,83.79,6150006,83.90,84.04,83.36
12/04/2023,84.35,6740583,83.38,84.37,83.19
12/01/2023,83.74,7182773,81.66,83.75,81.42
11/30/2023,81.73,4118700,81.08,81.78,80.79
11/29/2023,81.14,4605443,81.16,81.93,81.035
11/28/2023,80.58,5811382,79.84,80.65,79.43
11/27/2023,80.05,5790772,79.80,80.49,79.43
11/24/2023,79.76,1893600,79.34,79.82,78.97
11/22/2023,79.53,5280256,79.86,80.09,79.17
11/21/2023,79.14,3703673,79.36,79.435,78.94
11/20/2023,79.70,4226480,79.03,79.70,78.3866
11/17/2023,79.12,4379038,79.86,79.88,78.79
11/16/2023,79.18,4879917,79.50,79.74,78.93
11/15/2023,79.35,6033371,79.05,80.07,78.98
11/14/2023,79.12,7493833,77.40,79.81,77.25
11/13/2023,74.96,3791230,75.03,75.28,74.51
11/10/2023,75.59,3944278,75.27,75.75,74.69
11/09/2023,74.89,4922974,76.35,76.40,74.725
11/08/2023,76.09,4398361,76.06,76.38,75.76
11/07/2023,75.84,5235318,76.37,76.525,75.73
11/06/2023,76.47,4432073,77.43,77.48,76.08
11/03/2023,77.59,6394092,77.04,78.61,77.02
11/02/2023,75.78,6450311,74.60,75.99,74.43
11/01/2023,73.37,7021789,73.02,73.435,72.535
10/31/2023,72.92,5964839,72.27,72.9973,71.58
10/30/2023,71.70,7041212,71.68,72.23,70.6114
10/27/2023,71.25,12043180,72.68,72.68,71.005
10/26/2023,72.41,8144396,71.41,72.90,71.36
10/25/2023,71.05,6254528,71.87,72.14,70.95
10/24/2023,72.61,5755347,71.98,72.81,71.96
10/23/2023,71.69,6906550,71.73,72.69,71.49
10/20/2023,72.40,5874505,73.00,73.46,72.35
10/19/2023,72.89,8238387,74.01,74.655,72.74
10/18/2023,74.66,4853673,75.71,75.97,74.60
10/17/2023,76.28,5419338,75.68,77.28,75.68
10/16/2023,76.39,4381767,76.02,76.60,75.245
10/13/2023,75.49,5860830,76.04,76.26,75.15
10/12/2023,75.68,4429168,76.56,76.65,75.29
10/11/2023,76.80,6128769,76.10,76.845,75.95
10/10/2023,75.49,4585718,75.15,76.15,74.80
10/09/2023,75.13,3848263,73.84,75.41,73.76
10/06/2023,74.32,5919877,73.46,74.78,72.75
10/05/2023,74.12,5306904,73.55,74.21,73.24
10/04/2023,73.71,8748239,73.21,73.72,72.34
10/03/2023,72.82,7120995,73.86,74.1454,72.59
10/02/2023,74.27,7564378,75.41,75.70,73.80
09/29/2023,75.66,6630593,76.44,76.7748,75.215
09/28/2023,75.44,6659777,75.00,75.75,74.85
09/27/2023,75.45,6657255,76.23,76.645,75.05
09/26/2023,75.96,5220921,76.91,77.07,75.6948
09/25/2023,77.37,3928242,77.13,77.435,76.79
09/22/2023,77.44,5064169,78.06,78.485,77.38
09/21/2023,78.03,6202678,80.18,80.30,78.00
09/20/2023,80.78,3827992,81.37,81.7775,80.765
09/19/2023,80.71,2742695,80.94,81.31,80.48
09/18/2023,81.08,3117859,81.81,81.81,80.8697
09/15/2023,81.81,3784542,81.71,82.065,81.49
09/14/2023,82.12,3926565,81.12,82.30,81.12
09/13/2023,80.66,3989043,81.54,81.62,80.46
09/12/2023,81.55,2959217,81.42,81.72,81.01
09/11/2023,81.59,2813605,81.69,81.84,81.18
09/08/2023,81.58,3317451,81.96,82.18,81.39
09/07/2023,81.90,5056094,81.13,82.26,81.13
09/06/2023,81.39,3681410,81.45,81.72,80.78
09/05/2023,81.56,3578137,82.28,82.45,81.525
09/01/2023,82.52,3404032,82.90,83.17,82.295
08/31/2023,82.38,3410209,83.00,83.129,82.38
08/30/2023,82.99,3042215,82.71,83.205,82.62
08/29/2023,82.69,3515460,81.67,82.715,81.38
08/28/2023,81.70,3448782,81.27,82.14,81.27
08/25/2023,80.94,4252131,80.99,81.50,80.59
08/24/2023,80.88,4523826,81.42,82.31,80.81
08/23/2023,81.19,3257823,80.20,81.29,80.20
08/22/2023,79.93,3380239,79.98,80.246,79.68
08/21/2023,79.70,3789805,80.25,80.28,79.0399
08/18/2023,80.44,3307375,79.62,80.61,79.495
08/17/2023,80.19,4069806,80.92,81.44,80.16
08/16/2023,80.84,3703749,81.91,81.97,80.79
08/15/2023,81.85,3398376,82.13,82.405,81.67
08/14/2023,82.78,3376816,83.19,83.19,82.525
08/11/2023,83.33,3654743,82.89,83.4458,82.63
08/10/2023,83.20,4451327,83.70,84.39,82.975
08/09/2023,83.52,2960354,83.26,83.98,82.96
08/08/2023,83.53,3854934,83.40,83.73,82.73
08/07/2023,84.07,3906528,83.25,84.11,83.09
08/04/2023,83.03,5148647,83.49,84.23,82.74
08/03/2023,83.71,6454125,83.81,83.83,82.59
08/02/2023,84.63,4146997,84.41,84.82,84.09
08/01/2023,85.12,4644722,85.04,85.42,84.665
07/31/2023,85.26,6122229,84.94,85.74,84.67
07/28/2023,84.71,5026030,85.79,86.00,84.55
07/27/2023,84.78,8009955,87.11,87.32,84.705
07/26/2023,86.66,7377459,86.13,86.84,86.09
07/25/2023,86.27,4968249,86.57,87.17,86.18
07/24/2023,86.89,4990634,86.21,86.97,86.15
07/21/2023,86.18,4767725,86.01,86.42,85.80
07/20/2023,85.78,5667052,85.73,85.82,84.71
07/19/2023,86.06,5363695,85.60,86.45,85.58
07/18/2023,85.10,4606327,85.71,85.83,84.38
07/17/2023,85.57,5610988,85.91,86.225,85.41
07/14/2023,86.13,5618101,85.98,86.19,85.58
07/13/2023,86.30,5067107,85.74,86.32,85.26
07/12/2023,85.75,5361577,86.44,86.55,85.67
07/11/2023,85.29,4039466,84.32,85.335,84.12
07/10/2023,84.09,3855604,83.47,84.155,83.24
07/07/2023,83.73,5865376,83.50,84.27,83.32
07/06/2023,83.92,5608987,83.46,84.015,82.36
07/05/2023,84.57,5766467,84.20,85.10,83.43
07/03/2023,84.38,3632364,83.43,84.75,83.13
06/30/2023,83.56,5758544,83.81,84.01,82.39
06/29/2023,83.10,5033456,81.94,83.13,81.6599
06/28/2023,83.11,4691055,82.91,83.275,82.37
06/27/2023,82.99,3845937,82.31,83.215,81.7413
06/26/2023,81.98,3246881,80.13,82.10,80.02
06/23/2023,80.13,3956508,80.76,81.45,80.095
06/22/2023,81.25,5114847,82.54,82.61,80.76
06/21/2023,82.43,4691317,82.47,82.73,81.83
06/20/2023,82.93,3826702,83.62,83.72,82.47
06/16/2023,83.92,4576892,84.16,84.68,83.74
06/15/2023,83.98,4661023,83.23,84.115,82.68
06/14/2023,83.54,5042832,83.57,84.13,82.85
06/13/2023,83.23,3693831,82.60,83.33,82.35
06/12/2023,82.70,4073471,82.62,82.715,81.95
06/09/2023,82.68,3199414,83.19,83.34,82.3388
06/08/2023,83.16,3098011,83.30,83.44,82.26
06/07/2023,83.68,3825331,82.54,83.90,82.15
06/06/2023,82.17,4728345,81.79,82.335,81.20
06/05/2023,81.39,3936576,81.86,82.31,81.24
06/02/2023,81.96,5115128,80.89,82.19,80.74
06/01/2023,80.01,4016652,79.90,80.4753,79.15
05/31/2023,80.00,4673809,79.39,80.18,79.11
05/30/2023,79.60,4449532,79.58,80.48,79.37
05/26/2023,79.30,3230685,78.53,79.45,78.175
05/25/2023,78.40,4810890,78.79,78.975,77.81
05/24/2023,78.41,4910677,79.68,79.90,78.32
05/23/2023,80.13,5460118,80.71,81.545,80.03
05/22/2023,80.89,4839059,80.47,81.38,80.0457
05/19/2023,80.40,4803408,80.89,81.305,80.01
05/18/2023,80.53,4009038,80.58,80.95,79.91
05/17/2023,80.92,4848993,80.35,81.06,79.62
05/16/2023,79.84,5401151,81.69,81.80,79.83
05/15/2023,81.89,3477486,82.17,82.38,81.68
05/12/2023,82.03,3293815,82.20,82.29,81.358
05/11/2023,82.04,5175451,82.36,82.40,81.53
05/10/2023,82.95,6331580,82.96,83.265,82.10
05/09/2023,82.16,4522092,82.11,82.505,81.25
05/08/2023,82.51,4896050,82.81,83.07,82.17
05/05/2023,82.99,4560668,82.11,83.17,82.09
05/04/2023,81.63,7231825,80.92,82.11,80.43
05/03/2023,80.96,7538904,81.68,82.58,80.885
05/02/2023,81.28,5442567,82.47,82.64,80.67
05/01/2023,82.68,4817285,83.308,83.62,82.55
04/28/2023,83.30,5352913,82.42,83.71,82.21
04/27/2023,82.29,6439437,80.75,82.515,80.61
04/26/2023,80.47,5128707,81.09,81.82,80.29
04/25/2023,81.25,5127545,81.60,81.89,81.155
04/24/2023,82.06,3673554,82.36,82.74,81.42
04/21/2023,82.37,5136647,82.39,82.77,81.675
04/20/2023,82.36,4604398,82.68,82.77,81.93
04/19/2023,83.18,3624363,82.27,83.37,81.97
04/18/2023,82.69,4189656,82.97,82.98,82.27
04/17/2023,82.88,5149004,81.19,82.90,81.19
04/14/2023,81.19,5078498,82.52,83.0142,80.565
04/13/2023,82.47,3884383,82.78,82.825,81.68
04/12/2023,82.72,5920529,83.86,83.98,82.58
04/11/2023,83.12,4839463,82.93,83.80,82.60
04/10/2023,82.77,3972202,82.00,82.785,81.53
04/06/2023,82.39,7008287,82.12,82.44,81.47
04/05/2023,81.83,7024099,82.04,82.60,81.705
04/04/2023,82.27,6243416,82.55,82.72,81.72
04/03/2023,82.38,7582867,82.94,83.62,81.96
03/31/2023,83.04,6148234,81.77,83.115,81.64
03/30/2023,81.30,4838021,81.02,81.55,80.90
03/29/2023,80.25,6364069,79.44,80.35,79.30
03/28/2023,78.51,4213790,78.12,78.86,77.82
03/27/2023,78.70,4956841,79.26,79.55,78.585
03/24/2023,78.79,8380046,76.46,78.805,76.22
03/23/2023,77.59,6274549,78.48,79.49,77.31
03/22/2023,78.08,8283584,80.64,80.67,78.06
03/21/2023,81.11,5024548,82.00,82.22,80.40
03/20/2023,81.47,6300389,81.16,81.82,80.44
03/17/2023,80.55,9103196,82.08,82.16,80.47
03/16/2023,82.42,10324720,81.86,82.83,80.95
03/15/2023,82.60,10284920,81.31,82.85,81.295
03/14/2023,82.66,8706485,83.26,83.62,81.77
03/13/2023,81.87,16288020,80.39,82.955,80.09
03/10/2023,80.81,10351040,83.46,83.63,80.38
03/09/2023,83.58,5974604,85.68,85.76,83.395
03/08/2023,85.54,5750544,84.53,86.04,84.49
03/07/2023,84.57,6540561,86.53,86.61,84.39
03/06/2023,86.59,3893712,87.33,87.41,86.385
03/03/2023,86.93,4542142,86.31,87.125,86.06
03/02/2023,85.63,5208831,84.04,85.76,83.92
03/01/2023,84.64,7041843,85.12,85.37,83.96
02/28/2023,85.72,7261084,85.802,86.84,85.62
02/27/2023,85.84,5170985,86.54,87.15,85.47
02/24/2023,85.71,5065365,86.26,86.33,85.265
02/23/2023,87.24,6074921,87.12,87.47,86.29
02/22/2023,86.59,4456563,87.60,87.77,86.20
02/21/2023,87.38,4926568,88.61,88.62,86.99
02/17/2023,89.17,4299623,89.205,89.46,88.32
02/16/2023,89.52,4493074,89.13,90.31,88.42
02/15/2023,90.40,3670218,89.49,90.42,89.24
02/14/2023,90.04,4217601,90.47,91.16,89.50
02/13/2023,90.76,2921931,90.18,90.90,90.08
02/10/2023,89.96,3270260,89.25,90.13,88.76
02/09/2023,89.65,2905154,91.012,91.53,89.405
02/08/2023,90.64,4886938,90.65,91.15,90.32
02/07/2023,91.07,5912659,90.84,91.49,89.87
02/06/2023,91.27,3787593,90.80,91.38,90.34
02/03/2023,91.94,5352966,92.39,92.44,90.80
02/02/2023,93.70,5218684,92.45,94.525,92.42
02/01/2023,91.62,9787435,90.57,92.24,89.60
01/31/2023,91.06,5449771,89.29,91.17,89.14
01/30/2023,89.19,4737710,89.62,90.58,89.15
01/27/2023,90.34,4972190,89.14,90.68,89.14
01/26/2023,89.34,3938999,88.85,89.36,88.365
01/25/2023,88.35,4953525,87.91,88.49,87.50
01/24/2023,88.31,3810615,87.85,88.68,87.00
01/23/2023,88.09,5154168,87.70,88.585,87.14
01/20/2023,87.69,4251191,86.68,87.72,85.67
01/19/2023,86.66,4696835,86.66,87.63,86.61
01/18/2023,87.14,5984197,88.68,88.98,86.985
01/17/2023,88.43,3943942,88.31,88.89,88.08
01/13/2023,88.18,4153786,87.80,88.53,87.53
01/12/2023,88.73,5890562,88.00,88.8599,87.13
01/11/2023,87.62,5663308,85.22,87.65,85.22
01/10/2023,84.59,8040796,84.27,84.59,83.47
01/09/2023,84.40,5699259,84.64,85.325,84.04
01/06/2023,84.37,5962191,82.57,84.66,82.20
01/05/2023,82.16,6839615,83.76,83.76,81.96
01/04/2023,84.43,6860246,83.25,85.179,83.17
01/03/2023,82.56,5906736,83.168,83.86,81.66
12/30/2022,82.48,4897662,82.48,82.85,81.5036
12/29/2022,83.08,5398596,81.87,83.26,81.63
12/28/2022,81.30,5167955,82.88,83.27,81.18
12/27/2022,82.71,3962002,82.712,82.97,81.98
12/23/2022,82.74,3539554,81.76,82.765,81.40
12/22/2022,82.01,6620459,81.67,82.06,80.49
12/21/2022,83.52,7101745,83.36,84.42,83.25
12/20/2022,82.81,6614822,82.63,83.29,81.86
12/19/2022,83.02,3776122,84.00,84.00,82.52
12/16/2022,84.09,8166432,85.42,85.42,83.16
12/15/2022,86.32,5325477,86.509,87.12,85.84
12/14/2022,87.49,6553270,88.03,89.11,87.05
12/13/2022,88.09,6864416,88.88,89.47,87.08
12/12/2022,86.49,5115862,86.03,86.50,85.06
12/09/2022,85.83,4572502,85.71,86.66,85.50
12/08/2022,85.99,3994372,85.66,86.77,85.50
12/07/2022,85.39,6206746,85.05,86.29,84.88
12/06/2022,85.22,5276881,86.21,86.25,84.85
12/05/2022,86.03,5983225,87.37,87.37,85.84
12/02/2022,87.63,3953700,86.85,88.07,86.49
12/01/2022,87.89,5039074,88.72,89.38,87.17
11/30/2022,88.08,7077835,85.91,88.14,85.27
11/29/2022,86.11,6035678,84.78,86.2183,84.51
11/28/2022,84.71,4032741,86.55,86.96,84.51
11/25/2022,87.04,1524066,86.57,87.06,86.57
11/23/2022,86.49,4423826,86.31,86.91,85.79
11/22/2022,86.42,3515140,86.32,86.53,85.76
11/21/2022,85.95,3505934,85.20,86.03,84.94
11/18/2022,85.50,3854069,85.44,85.84,84.64
11/17/2022,84.43,4463482,83.96,84.61,83.60
11/16/2022,85.01,4258283,85.57,85.90,84.81
11/15/2022,85.79,5283908,86.00,86.385,84.88
11/14/2022,84.87,6173006,86.51,86.62,84.81
11/11/2022,86.99,5928004,87.03,87.89,86.66
11/10/2022,87.00,8312584,84.00,87.17,83.95
11/09/2022,81.07,5510448,81.71,82.615,80.865
11/08/2022,81.91,5578434,81.88,82.78,81.39
11/07/2022,81.66,5545824,82.09,82.55,81.11
11/04/2022,81.66,5664766,81.20,82.21,80.10
11/03/2022,80.56,5231804,79.93,81.17,79.03
11/02/2022,80.67,7246391,82.43,83.42,80.51
11/01/2022,82.95,4751140,83.88,84.13,82.76
10/31/2022,82.98,5112295,82.30,83.43,82.08
10/28/2022,83.07,4651445,80.95,83.281,80.72
10/27/2022,81.28,5239564,81.61,82.215,81.02
10/26/2022,81.16,5747008,81.13,81.91,80.61
10/25/2022,81.21,5815759,78.41,81.36,78.41
10/24/2022,78.14,4918185,78.79,79.11,77.57
10/21/2022,78.15,6060123,77.81,78.19,76.54
10/20/2022,77.54,4959732,77.92,78.79,77.32
10/19/2022,77.88,6452125,79.09,79.35,77.40
10/18/2022,79.87,5609197,80.31,80.99,79.13
10/17/2022,79.01,5823762,77.55,79.31,77.4899
10/14/2022,76.14,7320932,78.68,79.28,76.03
10/13/2022,78.08,8561225,75.15,78.46,74.66
10/12/2022,76.68,6634594,77.50,77.50,76.20
10/11/2022,77.49,7189757,76.66,78.015,75.76
10/10/2022,76.71,6549567,77.55,78.21,76.59
10/07/2022,77.44,6913712,78.60,79.04,76.9197
10/06/2022,79.35,7820847,81.39,81.72,79.1822
10/05/2022,81.62,6518352,82.12,82.25,80.27
10/04/2022,83.25,6439322,82.55,83.87,82.43
10/03/2022,81.60,8718483,81.40,82.11,80.04
09/30/2022,80.17,9023690,79.70,80.74,79.50
09/29/2022,79.28,8576366,80.86,80.8615,78.73
09/28/2022,81.68,9000307,80.75,82.01,79.93
09/27/2022,80.02,10015040,81.80,82.35,79.82
09/26/2022,81.10,8119556,82.99,83.05,80.25
09/23/2022,83.44,8982151,83.70,84.125,82.52
09/22/2022,85.48,6743557,86.32,86.36,85.1758
09/21/2022,86.58,7128914,88.58,89.10,86.55
09/20/2022,87.97,5850917,89.32,89.40,87.5164
09/19/2022,90.16,4467090,89.48,90.195,88.88
09/16/2022,90.29,6807762,89.81,90.39,89.10
09/15/2022,90.28,6727804,92.01,92.28,90.18
09/14/2022,91.98,5301607,92.645,92.93,91.33
09/13/2022,93.04,4824902,94.85,95.11,92.735
09/12/2022,96.74,2737541,96.19,96.92,96.07
09/09/2022,95.81,4129853,95.08,96.135,94.68
09/08/2022,94.78,3408347,94.03,95.11,93.75
09/07/2022,94.52,3681097,92.71,94.705,92.67
09/06/2022,92.71,4591772,92.27,93.10,91.76
09/02/2022,91.88,3562036,93.99,94.17,91.66
09/01/2022,93.18,4746082,92.45,93.20,91.51
08/31/2022,93.01,4100779,93.98,94.40,92.795
08/30/2022,93.45,3643660,95.12,95.12,93.18
08/29/2022,94.76,2833809,95.05,95.74,94.58
08/26/2022,95.62,3187345,98.19,98.19,95.575
08/25/2022,98.09,2129227,96.95,98.12,96.75
08/24/2022,96.65,2292369,96.19,97.24,96.11
08/23/2022,96.10,5605320,97.25,97.30,95.73
08/22/2022,97.35,3517543,98.74,98.82,97.25
08/19/2022,99.52,2788807,99.98,100.38,99.17
08/18/2022,100.58,2263356,101.26,101.51,100.11
08/17/2022,101.25,3683518,100.94,101.85,100.64
08/16/2022,101.86,3680832,101.68,102.37,101.49
08/15/2022,102.13,2135398,101.51,102.28,101.33
08/12/2022,101.72,3423738,100.60,101.79,100.57
08/11/2022,100.00,2151656,100.68,101.12,99.72
08/10/2022,100.24,3165455,99.86,100.39,99.47
08/09/2022,98.74,3403685,98.33,98.75,97.90
08/08/2022,98.20,4694164,98.00,98.90,97.63
08/05/2022,97.33,2719318,96.35,97.38,96.01
08/04/2022,97.06,2884330,97.34,97.49,96.472
08/03/2022,97.21,3106987,97.50,98.22,97.16
08/02/2022,96.90,4731271,98.13,98.41,96.84
08/01/2022,98.16,3572912,98.45,98.70,97.69
07/29/2022,98.96,3301381,98.43,99.3154,98.03
07/28/2022,98.43,4100325,95.97,98.52,95.96
07/27/2022,95.34,4161046,95.00,95.565,94.19
07/26/2022,94.77,3337302,94.66,95.275,94.42
07/25/2022,94.67,3252754,94.61,95.21,94.19
07/22/2022,94.51,3615184,94.58,95.11,93.785
07/21/2022,94.02,5062924,93.47,94.03,92.38
07/20/2022,93.28,4212418,93.33,94.42,92.82
07/19/2022,93.50,3659098,91.96,93.61,91.86
07/18/2022,91.14,3397950,92.43,92.53,90.78
07/15/2022,91.79,5124804,91.73,92.23,90.90
07/14/2022,90.26,4494524,89.57,90.66,89.45
07/13/2022,91.08,5572351,90.49,91.75,89.92
07/12/2022,91.52,4396152,91.40,92.45,90.87
07/11/2022,91.88,3453312,91.78,92.25,91.165
07/08/2022,92.08,3509831,92.37,92.77,91.64
07/07/2022,92.57,3032549,92.88,93.39,92.325
07/06/2022,92.32,3428931,92.78,93.55,92.01
07/05/2022,92.49,5154463,91.81,92.52,90.33
07/01/2022,92.75,4512465,90.97,93.01,90.80
06/30/2022,91.11,6402650,90.64,92.23,89.96
06/29/2022,91.28,4606789,91.33,91.46,90.27
06/28/2022,91.85,4736140,93.53,94.24,91.72
06/27/2022,92.98,3784215,93.05,93.99,92.43
06/24/2022,93.12,4656643,91.83,93.24,91.56
06/23/2022,91.18,6139352,89.81,91.44,89.76
06/22/2022,90.05,6250155,87.99,91.2001,87.98
06/21/2022,88.92,5933051,88.51,89.88,88.47
06/17/2022,87.70,7791886,87.01,88.85,86.895
06/16/2022,87.04,8083316,87.27,88.00,86.66
06/15/2022,89.39,8851164,88.14,90.61,87.91
06/14/2022,87.32,8707472,88.29,88.46,86.63
06/13/2022,87.99,8559731,90.56,90.61,87.61
06/10/2022,92.62,7260099,93.48,93.73,92.56
06/09/2022,94.72,4358694,96.61,97.15,94.72
06/08/2022,97.02,4566184,98.67,98.92,96.81
06/07/2022,99.31,6489166,97.48,99.36,97.10
06/06/2022,97.96,5445278,99.09,99.29,97.72
06/03/2022,98.27,4990092,98.82,99.35,98.01
06/02/2022,99.60,5450809,97.88,99.65,96.6889
06/01/2022,98.25,4607079,99.40,99.51,96.98
05/31/2022,99.07,6277061,99.38,99.73,98.525
05/27/2022,100.30,4990000,98.19,100.32,98.19
05/26/2022,97.68,4355233,97.93,98.64,97.55
05/25/2022,97.56,4589306,96.36,97.82,96.08
05/24/2022,96.74,5895252,95.49,96.92,94.0562
05/23/2022,95.93,4662538,95.65,96.20,94.278
05/20/2022,94.83,4471268,95.10,95.33,93.35
05/19/2022,94.23,6365121,93.89,95.36,93.89
05/18/2022,94.65,5130262,97.19,97.33,94.2842
05/17/2022,97.48,4492076,97.32,97.51,96.04
05/16/2022,96.17,4614361,96.55,96.99,95.97
05/13/2022,96.78,7536803,95.11,96.81,94.50
05/12/2022,94.29,8312322,93.39,94.40,92.88
05/11/2022,93.56,9095845,93.96,95.75,93.36
05/10/2022,93.76,12528270,96.58,97.26,93.01
05/09/2022,95.50,8491746,99.00,99.00,95.15
05/06/2022,99.90,9398460,100.38,100.70,98.87
05/05/2022,101.10,8884024,103.44,103.98,100.32
05/04/2022,103.87,8686664,102.76,104.08,100.94
05/03/2022,102.69,7245372,101.77,103.31,101.085
05/02/2022,101.43,11885730,103.872,104.54,99.36
04/29/2022,103.94,9573888,108.27,108.42,103.68
04/28/2022,108.94,7235268,107.50,109.285,106.36
04/27/2022,106.97,6007110,107.74,108.605,106.88
04/26/2022,107.68,6217494,109.16,109.83,107.61
04/25/2022,109.48,6032332,109.42,109.93,107.655
04/22/2022,109.76,4917815,111.44,111.55,109.69
04/21/2022,111.72,4820661,113.07,113.41,111.62
04/20/2022,112.50,5395874,111.06,112.87,110.975
04/19/2022,110.66,7536195,108.86,110.96,108.75
04/18/2022,108.30,4256992,108.52,109.13,107.77
04/14/2022,108.74,4464747,109.64,110.12,108.65
04/13/2022,109.21,4673244,108.51,109.37,108.16
04/12/2022,108.44,5094797,108.65,109.425,108.015
04/11/2022,108.60,4315664,109.49,110.09,108.3664
04/08/2022,109.78,5940982,109.76,110.26,108.98
04/07/2022,109.60,5338175,110.06,110.15,108.88
04/06/2022,110.70,5050850,108.96,110.81,108.435
04/05/2022,109.40,4993806,109.63,110.985,109.07
04/04/2022,109.94,6311755,110.52,110.755,108.97
04/01/2022,110.48,6568931,108.87,110.52,108.5199
03/31/2022,108.37,7467110,110.16,110.49,108.37
03/30/2022,109.71,5216315,110.06,110.26,109.215
03/29/2022,110.51,5350541,108.42,110.69,108.31
03/28/2022,107.36,4130963,106.33,107.36,106.105
03/25/2022,106.23,4495301,105.38,106.23,105.01
03/24/2022,104.92,3893470,104.29,104.95,103.89
03/23/2022,104.26,4595463,105.00,105.50,104.12
03/22/2022,106.02,4749815,106.39,106.67,105.79
03/21/2022,105.75,4571912,106.48,106.97,105.29
03/18/2022,106.40,5815361,106.34,106.76,105.76
03/17/2022,106.40,3844344,104.40,106.40,104.38
03/16/2022,104.78,6561297,104.31,105.27,102.56
03/15/2022,103.55,5245093,103.78,104.33,102.605
03/14/2022,102.86,4539857,104.26,104.44,102.40
03/11/2022,103.67,5381670,105.30,105.79,103.60
03/10/2022,104.50,4034893,103.14,104.75,102.8604
03/09/2022,104.24,5785964,104.39,105.28,104.07
03/08/2022,102.66,7090640,103.11,104.50,102.31
03/07/2022,103.16,6506170,105.01,105.26,103.11
03/04/2022,105.24,6496495,103.85,105.34,103.58
03/03/2022,104.76,6517035,104.49,105.105,103.41
03/02/2022,103.91,6946074,102.37,104.43,102.22
03/01/2022,102.00,8896232,102.80,103.42,101.45
02/28/2022,102.54,7296878,103.23,103.64,101.455
02/25/2022,104.09,5870257,102.05,104.24,101.59
02/24/2022,101.64,9479208,98.01,101.9591,97.71
02/23/2022,99.96,6201039,102.50,102.94,99.92
02/22/2022,101.64,6656900,101.62,102.37,100.97
02/18/2022,102.01,4809463,102.37,103.45,101.87
02/17/2022,102.63,4846988,103.34,103.65,102.49
02/16/2022,103.73,4333037,103.36,103.99,102.6181
02/15/2022,103.25,3612633,103.22,103.86,102.88
02/14/2022,102.33,5350214,103.41,104.05,101.89
02/11/2022,103.27,5679021,104.75,105.15,102.645
02/10/2022,104.22,6947964,105.28,106.74,103.63
02/09/2022,106.74,5746738,105.47,106.82,105.47
02/08/2022,104.38,6106060,104.81,105.19,104.12
02/07/2022,104.87,5860909,104.94,105.59,104.635
02/04/2022,105.02,6865743,105.38,106.27,104.03
02/03/2022,106.07,5453195,106.53,107.06,105.99
02/02/2022,107.21,4619311,106.41,107.52,106.28
02/01/2022,105.86,9610033,106.15,106.63,105.22
01/31/2022,106.24,7457673,104.57,106.44,104.07
01/28/2022,104.95,6924519,101.80,104.96,100.62
01/27/2022,101.66,7459860,103.99,104.87,101.22
01/26/2022,103.37,9589333,105.62,106.86,102.67
01/25/2022,105.01,9942863,104.28,105.81,103.04
01/24/2022,105.43,15649670,104.16,105.70,101.60
01/21/2022,105.23,8031535,105.53,106.60,104.96
01/20/2022,105.49,6981963,107.002,108.295,105.42
01/19/2022,106.86,5110992,108.90,109.36,106.86
01/18/2022,108.32,5829389,108.75,108.90,107.6001
01/14/2022,109.47,6465327,109.88,109.99,108.17
01/13/2022,110.47,3921791,111.00,111.49,110.28
01/12/2022,110.69,4331669,110.57,111.37,110.52
01/11/2022,110.56,5568457,110.27,110.67,108.86
01/10/2022,110.39,6571867,110.35,110.50,109.02
01/07/2022,111.03,6999306,111.48,111.85,110.755
01/06/2022,111.77,5974482,111.81,112.215,110.60
01/05/2022,111.67,6928316,114.76,114.7999,111.55
01/04/2022,114.96,5330658,115.42,116.08,114.86
01/03/2022,115.10,9845032,116.21,116.24,113.455
12/31/2021,116.01,5440307,115.71,116.71,115.65
12/30/2021,115.69,3990593,115.24,116.17,115.24
12/29/2021,115.19,3843126,114.65,115.44,114.05
12/28/2021,114.42,3630438,113.93,114.54,113.67
12/27/2021,114.00,9185342,112.11,114.02,112.022
12/23/2021,113.15,6977654,113.55,113.695,112.5595
12/22/2021,113.27,4517479,112.45,113.38,112.32
12/21/2021,112.12,4251013,111.73,112.64,111.50
12/20/2021,110.87,6071252,110.57,111.185,109.62
12/17/2021,111.74,7201663,111.69,112.97,111.49
12/16/2021,111.88,6178907,112.27,112.92,111.27
12/15/2021,111.92,6675781,110.70,112.11,110.37
12/14/2021,110.37,5924491,111.49,111.708,109.84
12/13/2021,111.80,6555033,110.54,112.29,110.21
12/10/2021,110.76,3828228,110.98,111.00,110.28
12/09/2021,110.42,3724457,111.61,111.65,110.39
12/08/2021,112.04,5542372,111.24,112.31,111.00
12/07/2021,111.24,5363465,110.56,111.56,110.29
12/06/2021,109.66,7212402,108.42,110.45,108.42
12/03/2021,107.77,7798479,108.25,108.76,106.84
12/02/2021,108.13,7134370,105.50,108.7618,105.26
12/01/2021,104.98,8642486,107.74,109.06,104.95
11/30/2021,106.74,6335842,108.15,108.43,106.65
11/29/2021,108.80,4825979,108.80,109.72,108.00
11/26/2021,108.00,3514669,109.50,109.50,107.36
11/24/2021,111.09,3227560,109.69,111.29,109.43
11/23/2021,109.76,3867838,109.11,110.08,108.70
11/22/2021,108.88,3352562,109.53,109.83,108.69
11/19/2021,109.42,2928939,110.08,110.18,109.01
11/18/2021,110.07,2812774,110.20,110.26,109.58
11/17/2021,110.05,4667953,109.43,110.1998,107.97
11/16/2021,109.71,3043881,110.51,110.59,109.46
11/15/2021,110.44,2713544,109.85,110.47,109.45
11/12/2021,109.67,3194256,110.05,110.08,109.36
11/11/2021,109.75,2395250,109.74,109.77,109.0013
11/10/2021,109.57,4021979,109.75,110.45,109.53
11/09/2021,110.08,2671597,110.01,110.32,109.76
11/08/2021,109.89,2989798,110.37,110.58,109.19
11/05/2021,109.98,3209276,110.41,111.27,109.88
11/04/2021,109.42,3378768,110.51,110.91,108.97
11/03/2021,110.47,2723201,110.17,110.77,109.61
11/02/2021,110.10,3405920,109.94,110.52,109.235
11/01/2021,109.58,5846487,109.30,109.795,107.79
10/29/2021,109.04,5990558,109.80,110.23,108.545
10/28/2021,110.28,3681016,108.86,110.30,108.7842
10/27/2021,108.76,3573005,110.10,110.10,108.75
10/26/2021,109.69,2940596,109.60,110.06,109.35
10/25/2021,109.39,2625346,109.20,109.665,108.3988
10/22/2021,109.04,4873244,108.67,109.41,108.57
10/21/2021,108.53,4849649,108.32,108.58,108.08
10/20/2021,108.38,6018925,106.85,108.38,106.78
10/19/2021,106.70,3104494,107.11,107.32,106.605
10/18/2021,106.65,3424127,105.94,107.00,105.78
10/15/2021,106.38,3065438,107.31,107.40,105.91
10/14/2021,106.46,2721949,105.79,106.56,105.52
10/13/2021,105.18,3371658,104.29,105.22,103.63
10/12/2021,104.42,3666472,103.32,104.86,103.04
10/11/2021,103.07,2634300,102.83,103.52,102.34
10/08/2021,102.81,5295592,103.78,103.905,102.73
10/07/2021,103.79,4055252,104.07,105.02,103.66
10/06/2021,103.51,5587934,102.11,103.64,101.00
10/05/2021,102.53,4313872,103.32,103.40,102.17
10/04/2021,103.24,5638846,103.10,103.69,102.60
10/01/2021,103.22,6106053,102.44,103.93,101.835
09/30/2021,101.78,7020345,103.835,103.95,101.78
09/29/2021,103.49,6227034,103.30,103.99,103.10
09/28/2021,102.72,7096550,102.83,103.29,102.09
09/27/2021,103.42,4310954,104.87,105.58,103.32
09/24/2021,104.83,4880972,105.68,106.095,104.59
09/23/2021,106.62,4042788,107.14,107.51,106.52
09/22/2021,106.83,4650449,106.57,107.48,106.095
09/21/2021,105.80,4371911,106.29,107.06,105.77
09/20/2021,105.75,6207026,105.222,106.36,104.49
09/17/2021,106.40,6964448,107.13,107.66,106.185
09/16/2021,107.36,3405168,107.18,107.87,106.565
09/15/2021,107.27,4027481,107.06,107.74,106.49
09/14/2021,106.93,3848171,107.69,107.73,106.3101
09/13/2021,107.12,5725340,107.33,108.01,106.82
09/10/2021,106.40,5894724,108.07,108.25,106.38
09/09/2021,107.98,6221351,109.62,109.74,107.95
09/08/2021,110.22,4265670,109.40,110.55,109.13
09/07/2021,109.67,4929394,110.65,110.74,108.815
09/03/2021,110.92,4460810,110.63,111.06,109.70
09/02/2021,110.90,5207312,110.54,110.91,109.645
09/01/2021,110.32,5683059,108.84,110.40,108.80
08/31/2021,108.58,4210190,107.74,108.71,107.54
08/30/2021,108.07,3600645,107.05,108.08,106.7827
08/27/2021,107.00,3059370,106.27,107.33,106.16
08/26/2021,105.89,2889363,105.95,106.23,105.46
08/25/2021,105.85,3329557,105.90,106.5152,105.43
08/24/2021,105.92,2867207,106.53,106.62,105.46
08/23/2021,106.39,3230555,106.80,107.02,106.09
08/20/2021,106.59,3238958,105.82,107.025,105.22
08/19/2021,106.06,4069638,105.02,106.15,104.85
08/18/2021,105.55,3439180,106.30,106.36,105.48
08/17/2021,106.52,3004304,106.18,106.56,105.60
08/16/2021,106.63,3166866,106.66,107.22,106.37
08/13/2021,106.76,2601584,106.40,106.88,106.05
08/12/2021,106.18,2892602,106.19,106.24,105.69
08/11/2021,105.95,3256693,105.76,106.09,105.28
08/10/2021,105.33,3770990,106.49,106.495,105.19
08/09/2021,106.34,2727833,106.72,106.76,106.145
08/06/2021,106.91,2753927,107.26,107.65,106.75
08/05/2021,107.10,3294834,106.44,107.12,106.17
08/04/2021,105.86,4038308,106.17,106.585,105.46
08/03/2021,106.19,5178907,106.26,106.42,105.43
08/02/2021,106.06,4089914,106.87,107.66,105.85
07/30/2021,106.29,4326031,106.36,107.7168,106.24
07/29/2021,106.15,3357650,106.51,107.18,106.045
07/28/2021,106.13,3577277,106.59,106.80,105.80
07/27/2021,106.50,3096113,105.84,106.67,105.412
07/26/2021,105.90,2857784,105.75,106.1688,105.125
07/23/2021,105.85,4128359,105.35,105.97,104.9802
07/22/2021,104.98,3932434,105.33,105.34,104.44
07/21/2021,105.82,4329137,106.02,106.52,105.66
07/20/2021,105.83,5000127,103.95,106.24,103.80
07/19/2021,103.39,5098056,104.114,104.33,102.59
07/16/2021,105.31,6435578,105.76,106.199,105.235
07/15/2021,105.38,2990141,105.00,105.50,104.92
07/14/2021,105.21,3397415,104.49,105.52,104.25
07/13/2021,104.48,5474154,105.69,105.78,104.075
07/12/2021,105.96,5627819,105.00,106.05,104.78
07/09/2021,105.06,5780346,103.90,105.07,103.63
07/08/2021,103.36,6426933,102.725,103.765,102.505
07/07/2021,103.65,5085743,103.13,103.99,102.80
07/06/2021,103.29,4478984,102.51,103.468,101.79
07/02/2021,102.54,4451813,102.63,103.04,102.1658
07/01/2021,102.23,6491380,102.027,103.02,101.505
06/30/2021,101.79,6640093,102.34,102.90,101.68
06/29/2021,102.33,3777309,102.77,103.20,102.26
06/28/2021,102.61,3940719,103.09,103.15,101.69
06/25/2021,102.91,2739135,102.25,103.01,102.08
06/24/2021,102.22,3229239,102.82,102.82,101.66
06/23/2021,103.17,3682968,103.35,103.75,103.08
06/22/2021,103.35,3088213,103.89,104.01,103.28
06/21/2021,103.89,3672872,102.31,104.21,101.80
06/18/2021,101.79,5357979,103.02,103.465,101.79
06/17/2021,103.55,5055058,103.41,103.703,102.86
06/16/2021,103.68,4498610,104.58,105.05,103.49
06/15/2021,104.36,4099942,105.40,105.49,104.36
06/14/2021,105.49,3531702,105.09,105.49,104.91
06/11/2021,105.08,3274147,105.52,105.63,104.56
06/10/2021,105.50,4010058,104.85,105.77,104.54
06/09/2021,104.75,3243002,104.91,105.21,104.704
06/08/2021,104.61,3935772,104.01,104.89,103.89
06/07/2021,103.75,4773130,102.74,104.20,102.71
06/04/2021,102.54,3121224,103.00,103.00,102.08
06/03/2021,102.49,4187584,102.75,102.75,102.01
06/02/2021,102.87,4446100,102.06,102.98,101.61
06/01/2021,101.68,4384999,100.37,101.69,100.01
05/28/2021,99.88,3409758,99.86,100.1704,99.56
05/27/2021,99.28,4363090,99.82,99.83,99.155
05/26/2021,99.51,4518148,99.25,100.07,99.05
05/25/2021,99.07,4243370,99.28,99.50,98.67
05/24/2021,99.10,3491479,98.32,99.47,98.23
05/21/2021,97.88,3019984,98.22,98.41,97.65
05/20/2021,97.98,2466591,96.91,98.29,96.64
05/19/2021,96.89,3602499,96.45,96.89,95.46
05/18/2021,97.20,3359825,97.20,97.83,96.60
05/17/2021,97.18,3320159,97.04,97.39,96.69
05/14/2021,97.08,3936696,96.45,97.42,96.31
05/13/2021,95.94,5119127,95.00,96.62,94.9403
05/12/2021,94.71,4601206,96.94,97.125,94.64
05/11/2021,97.17,4036945,97.57,97.57,96.36
05/10/2021,98.41,3436701,98.80,99.5699,98.40
05/07/2021,98.44,5884980,97.23,98.50,97.07
05/06/2021,97.16,5649725,96.69,97.24,96.26
05/05/2021,96.62,4580532,98.08,98.10,96.23
05/04/2021,98.25,6449118,98.43,99.23,97.69
05/03/2021,98.89,6844053,99.56,99.56,98.67
04/30/2021,99.08,4371525,98.39,99.30,98.21
04/29/2021,98.69,3319085,98.50,99.13,98.03
04/28/2021,97.85,3509229,98.31,98.44,97.80
04/27/2021,98.06,3091131,98.36,98.395,97.81
04/26/2021,98.07,5404709,98.10,98.645,97.84
04/23/2021,97.78,5240090,97.43,97.98,97.14
04/22/2021,97.21,3207219,97.73,98.125,96.99
04/21/2021,97.74,4407085,97.22,97.905,96.87
04/20/2021,97.10,4968964,96.16,97.28,96.12
04/19/2021,96.31,2882965,96.17,96.31,95.508
04/16/2021,96.12,3754289,96.26,96.40,95.795
04/15/2021,95.91,6497086,94.84,95.91,94.64
04/14/2021,94.26,4569125,94.85,95.335,94.13
04/13/2021,94.76,3975303,94.15,94.88,94.03
04/12/2021,94.29,2828388,93.93,94.29,93.14
04/09/2021,93.74,5371257,94.00,94.12,93.5199
04/08/2021,93.85,5034460,94.23,94.575,93.76
04/07/2021,94.20,3038540,94.15,94.496,93.3757
04/06/2021,94.13,5111585,93.95,94.14,93.49
04/05/2021,93.89,4240169,94.16,94.16,92.98
04/01/2021,93.53,5461231,92.344,93.58,92.00
03/31/2021,91.86,4430498,92.42,92.88,91.49
03/30/2021,92.42,5822068,92.16,92.68,92.04
03/29/2021,92.30,5116565,92.64,92.94,91.485
03/26/2021,92.84,3864946,91.32,92.89,91.16
03/25/2021,90.88,4218948,89.83,91.09,88.83
03/24/2021,90.49,4144528,91.05,91.775,90.49
03/23/2021,91.00,2966420,91.10,91.71,90.49
03/22/2021,91.13,2677282,90.50,91.35,90.20
03/19/2021,90.49,4429432,91.88,92.119,90.41
03/18/2021,91.74,3496663,92.31,92.40,91.43
03/17/2021,92.68,3663081,92.43,92.72,91.57
03/16/2021,92.60,3122611,92.99,93.20,92.20
03/15/2021,92.98,6026868,91.83,93.20,91.36
03/12/2021,91.62,3263048,90.07,91.655,90.03
03/11/2021,90.11,3829984,89.70,90.63,89.15
03/10/2021,89.07,3429745,88.42,89.63,88.15
03/09/2021,88.19,3873555,88.13,88.87,88.07
03/08/2021,87.61,4823054,87.23,88.53,86.59
03/05/2021,86.86,7166211,86.58,87.16,84.445
03/04/2021,85.92,6869451,87.08,87.55,84.88
03/03/2021,86.91,6231717,87.37,87.725,86.725
03/02/2021,87.41,4715579,88.29,88.29,86.829
03/01/2021,88.26,4834716,88.87,89.67,88.16
02/26/2021,87.87,6519865,89.51,89.52,87.77
02/25/2021,89.17,7548828,90.80,91.45,88.56
02/24/2021,90.91,3551256,90.23,91.185,90.01
02/23/2021,90.22,4378358,89.88,90.47,89.65
02/22/2021,89.66,3493159,88.70,90.05,88.51
02/19/2021,88.92,4170745,88.73,89.45,88.49
02/18/2021,88.41,3254592,88.47,88.79,88.255
02/17/2021,88.79,2939568,88.70,88.93,88.25
02/16/2021,88.90,2774644,89.92,89.97,88.41
02/12/2021,89.59,2297396,89.34,89.68,88.91
02/11/2021,89.57,3717144,89.54,90.09,89.045
02/10/2021,89.38,3421434,89.36,90.097,88.99
02/09/2021,88.90,2519024,88.75,89.125,88.39
02/08/2021,88.59,3212975,88.43,88.5926,87.79
02/05/2021,88.11,2583892,88.17,88.28,87.81
02/04/2021,87.80,4118258,87.22,88.29,87.10
02/03/2021,87.20,5148734,87.47,87.48,86.00
02/02/2021,87.42,3849806,87.46,87.74,86.68
02/01/2021,86.90,6149048,85.48,86.955,84.42
01/29/2021,84.96,7350021,85.47,86.328,84.51
01/28/2021,85.95,6237021,85.51,86.91,85.23
01/27/2021,85.49,5907583,86.38,87.175,85.07
01/26/2021,87.03,4706311,86.61,87.305,86.46
01/25/2021,86.42,7819695,85.74,87.08,85.26
01/22/2021,85.77,5272757,85.13,85.91,84.92
01/21/2021,85.57,4213264,85.73,85.741,84.83
01/20/2021,85.98,5198359,84.44,86.37,84.13
01/19/2021,84.37,5521161,85.14,85.18,83.99
01/15/2021,84.61,3939956,83.46,84.8727,83.18
01/14/2021,83.65,5866397,83.44,84.22,83.13
01/13/2021,83.16,9024954,82.22,83.33,82.21
01/12/2021,82.16,7857406,81.86,82.23,81.23
01/11/2021,81.97,6565650,82.53,83.02,81.68
01/08/2021,83.07,4931681,82.53,83.36,82.39
01/07/2021,82.27,4068529,82.50,82.54,81.75
01/06/2021,82.43,6520106,82.26,82.97,81.73
01/05/2021,82.29,4932614,82.17,82.87,82.13
01/04/2021,82.17,5311507,85.20,85.28,82.07
12/31/2020,84.93,4827636,84.09,85.045,83.40
12/30/2020,84.12,3996189,83.87,84.78,83.71
12/29/2020,83.66,3880214,84.69,85.14,83.57
12/28/2020,84.38,5655145,84.29,84.51,83.80
12/24/2020,83.88,1563650,83.48,83.90,83.23
12/23/2020,84.49,3658988,85.37,85.93,84.415
12/22/2020,85.04,2828935,84.50,85.12,84.11
12/21/2020,84.45,4993609,83.70,84.51,83.345
12/18/2020,84.93,3988469,86.76,86.77,84.40
12/17/2020,86.67,3341431,86.26,86.745,85.92
12/16/2020,85.84,3419865,85.99,86.46,85.4099
12/15/2020,85.74,2867729,84.50,85.76,83.8499
12/14/2020,84.02,3735158,85.08,85.68,83.96
12/11/2020,84.39,4044379,84.06,84.57,83.57
12/10/2020,84.47,3737916,84.38,85.02,84.16
12/09/2020,84.84,5024046,85.55,85.65,84.28
12/08/2020,85.37,2648390,85.29,85.82,85.25
12/07/2020,85.67,2620736,86.21,86.49,85.35
12/04/2020,86.42,3053210,85.49,86.44,85.49
12/03/2020,85.12,3386513,84.60,85.5473,84.47
12/02/2020,84.41,3738506,84.89,85.385,84.335
12/01/2020,85.08,6489125,84.96,85.43,84.70
11/30/2020,84.00,6413676,84.78,84.85,83.725
11/27/2020,84.89,2063916,85.52,85.55,84.54
11/25/2020,85.27,5792761,85.29,85.41,84.08
11/24/2020,85.22,4805459,85.71,86.41,85.12
11/23/2020,84.77,4520036,85.19,85.77,84.63
11/20/2020,84.61,3136598,85.03,85.15,84.23
11/19/2020,85.07,4225385,84.62,85.17,83.73
11/18/2020,84.74,9655476,86.59,87.08,84.68
11/17/2020,86.42,3856964,85.70,86.755,85.11
11/16/2020,86.34,2978595,87.17,87.4364,85.32
11/13/2020,85.38,3443535,83.66,85.57,83.66
11/12/2020,83.16,3939500,83.88,84.225,82.59
11/11/2020,84.26,3416112,84.28,84.65,83.44
11/10/2020,83.94,6146064,82.85,84.02,82.39
11/09/2020,82.73,8999275,84.53,88.29,82.56
11/06/2020,79.90,3696634,80.69,81.11,79.60
11/05/2020,80.45,3984914,80.69,81.2125,80.12
11/04/2020,80.07,2867483,80.50,81.29,79.44
11/03/2020,79.93,4214739,79.20,80.40,78.92
11/02/2020,78.42,4254513,77.40,78.46,76.88
10/30/2020,76.59,3979041,76.66,77.22,75.675
10/29/2020,77.10,4645616,76.20,77.68,75.46
10/28/2020,76.08,4422225,76.68,77.43,75.79
10/27/2020,77.94,2264112,79.30,79.73,77.94
10/26/2020,79.21,2691201,79.74,79.86,78.51
10/23/2020,80.36,2588671,80.18,80.67,79.69
10/22/2020,79.88,3828924,79.88,80.22,79.53
10/21/2020,79.89,2686188,79.91,80.27,79.51
10/20/2020,80.13,4038687,80.09,80.74,79.93
10/19/2020,79.56,9872954,81.03,81.20,79.44
10/16/2020,80.82,2925600,81.41,81.43,80.67
10/15/2020,81.40,2915614,80.35,82.06,80.33
10/14/2020,80.98,4653678,81.90,82.10,80.86
10/13/2020,81.98,4406336,83.07,83.12,81.50
10/12/2020,83.41,5655858,83.12,83.64,82.55
10/09/2020,83.02,6556256,83.86,83.875,82.73
10/08/2020,83.35,2269020,82.42,83.58,82.28
10/07/2020,81.98,2362478,82.37,82.40,81.60
10/06/2020,81.86,5830318,82.61,83.0738,81.54
10/05/2020,82.40,2654906,82.23,82.66,80.83
10/02/2020,81.93,3346829,79.46,82.19,79.17
10/01/2020,80.54,6406543,79.28,80.615,78.93
09/30/2020,78.96,4507061,79.12,79.88,78.15
09/29/2020,78.72,3663003,79.28,79.33,78.08
09/28/2020,79.29,3471096,78.79,79.67,78.70
09/25/2020,77.70,3503482,75.96,77.755,75.72
09/24/2020,76.72,6813314,76.32,77.81,75.95
09/23/2020,76.31,7876382,78.73,78.73,76.21
09/22/2020,78.68,4486476,77.99,79.32,77.83
09/21/2020,77.75,5297337,79.16,79.171,77.32
09/18/2020,80.16,5024314,81.98,81.98,80.02
09/17/2020,82.01,5981756,82.78,83.35,81.48
09/16/2020,83.64,3722538,83.70,84.49,83.29
09/15/2020,83.20,3017586,82.56,83.98,82.50
09/14/2020,82.21,3732260,80.78,82.4582,80.68
09/11/2020,80.25,4255425,80.89,80.98,79.51
09/10/2020,80.70,4308798,81.79,81.90,80.62
09/09/2020,81.70,3158358,81.32,82.74,81.24
09/08/2020,80.90,3774109,81.54,81.59,80.32
09/04/2020,81.90,4956978,82.57,83.10,80.53
09/03/2020,82.33,5716493,83.31,84.04,81.70
09/02/2020,83.33,3136808,81.90,83.46,81.24
09/01/2020,81.81,3498932,81.47,81.88,80.88
08/31/2020,81.75,4835192,82.48,82.50,81.439
08/28/2020,82.59,4549069,82.18,82.59,81.34
08/27/2020,82.05,4006826,81.03,82.305,81.01
08/26/2020,80.86,3139816,81.43,81.43,80.37
08/25/2020,81.61,3123686,81.61,81.80,80.83
08/24/2020,81.40,2553721,81.00,81.43,79.92
08/21/2020,80.88,3381012,80.74,81.23,79.89
08/20/2020,80.75,2949910,79.60,81.27,79.38
08/19/2020,79.99,4376416,81.61,81.665,79.84
08/18/2020,81.42,3635312,81.81,81.91,80.92
08/17/2020,81.81,2750093,81.20,81.85,80.83
08/14/2020,81.15,3399361,80.93,81.91,80.84
08/13/2020,81.14,3585541,81.88,82.57,80.93
08/12/2020,82.15,2246509,81.96,82.28,81.64
08/11/2020,81.33,5193807,83.33,83.47,81.02
08/10/2020,82.52,3410208,82.64,83.02,82.16
08/07/2020,82.39,4447764,80.93,82.43,80.80
08/06/2020,81.23,3646506,80.79,81.455,80.71
08/05/2020,81.10,3374522,81.80,82.12,80.70
08/04/2020,81.51,4078304,80.17,81.71,80.11
08/03/2020,80.31,5629717,81.42,81.42,79.88
07/31/2020,81.39,9312341,81.45,81.50,80.12
07/30/2020,81.54,6602740,81.00,81.61,80.47
07/29/2020,82.07,5429565,80.96,82.07,80.82
07/28/2020,80.51,6613296,78.91,80.8992,78.74
07/27/2020,78.94,4111823,78.16,79.03,77.2307
07/24/2020,78.20,2702222,78.59,79.00,78.07
07/23/2020,78.78,4630931,78.95,79.41,77.81
07/22/2020,79.11,2682599,77.56,79.19,77.36
07/21/2020,77.92,3007535,78.38,78.74,77.71
07/20/2020,77.73,4364144,78.60,79.00,77.46
07/17/2020,78.67,3720504,77.92,79.00,77.47
07/16/2020,77.66,3605448,78.17,78.45,77.359
07/15/2020,78.60,3547265,79.15,79.39,78.045
07/14/2020,77.84,3473884,77.16,78.07,76.94
07/13/2020,77.19,6071807,78.40,78.85,77.00
07/10/2020,78.12,3809865,77.72,78.51,77.56
07/09/2020,77.88,3456275,78.23,78.30,76.65
07/08/2020,78.37,3848103,78.59,78.88,77.66
07/07/2020,78.48,3389183,79.125,79.49,78.38
07/06/2020,80.07,6174301,81.60,81.72,79.945
07/02/2020,80.11,4588221,81.67,81.90,79.75
07/01/2020,80.34,5023656,78.80,80.66,78.60
06/30/2020,78.53,5212225,77.87,78.91,77.38
06/29/2020,77.61,4687294,76.88,77.67,75.84
06/26/2020,76.14,7277072,77.36,77.65,76.05
06/25/2020,77.63,6625975,76.17,77.71,76.03
06/24/2020,77.41,7034944,78.68,78.88,75.655
06/23/2020,79.68,3958380,80.80,80.93,79.445
06/22/2020,80.01,3995529,79.94,80.23,78.68
06/19/2020,80.09,10402120,82.45,82.45,79.68
06/18/2020,81.27,5005997,81.19,81.72,80.82
06/17/2020,82.17,5041531,83.87,83.95,82.16
06/16/2020,83.38,5814202,84.61,84.84,82.02
06/15/2020,81.77,6139008,78.15,82.1943,77.98
06/12/2020,80.63,8871738,80.55,80.92,78.435
06/11/2020,77.84,8611878,79.57,80.63,77.73
06/10/2020,83.18,6433912,85.1101,85.1101,82.53
06/09/2020,85.35,7168943,85.21,85.90,84.30
06/08/2020,86.79,7130521,85.82,86.80,85.67
06/05/2020,84.69,6158967,84.49,86.07,84.30
06/04/2020,81.60,5503524,82.02,82.12,80.86
06/03/2020,82.42,7485568,80.69,82.7682,80.67
06/02/2020,79.86,7162266,79.81,80.10,79.03
06/01/2020,79.22,11220570,77.36,79.79,77.27
05/29/2020,77.43,8989959,77.58,78.14,76.89
05/28/2020,78.21,5644483,78.69,78.82,77.575
05/27/2020,77.84,5880478,78.00,78.27,75.9701
05/26/2020,76.32,6000964,75.76,76.72,75.55
05/22/2020,73.57,4738225,72.59,73.63,72.28
05/21/2020,72.59,5385329,72.21,73.09,71.90
05/20/2020,72.53,5133731,72.79,72.84,72.005
05/19/2020,71.89,5804786,72.59,72.95,71.89
05/18/2020,72.87,8617998,71.01,73.43,71.01
05/15/2020,68.80,11916780,68.63,68.84,67.58
05/14/2020,69.07,8609880,67.87,69.07,66.27
05/13/2020,68.83,8358576,70.03,70.36,68.5082
05/12/2020,70.54,11764670,74.22,74.22,70.48
05/11/2020,73.90,6874972,74.13,75.08,73.5006
05/08/2020,74.99,6625787,74.22,75.24,74.07
05/07/2020,73.25,6727267,72.90,74.30,72.85
05/06/2020,72.22,6266940,73.79,74.15,72.20
05/05/2020,73.54,7520356,73.90,74.66,73.43
05/04/2020,73.18,7287955,72.66,73.24,71.565
05/01/2020,73.54,6013624,74.08,74.37,72.76
04/30/2020,76.11,8606025,75.87,76.36,74.81
04/29/2020,77.00,7306962,77.50,78.05,76.68
04/28/2020,75.86,8178024,76.68,77.80,75.80
04/27/2020,75.24,7669499,73.41,75.51,73.25
04/24/2020,72.75,6418995,72.97,73.12,71.87
04/23/2020,72.44,7648583,73.27,73.89,72.19
04/22/2020,73.05,6484223,73.06,73.66,72.45
04/21/2020,71.95,8620445,71.36,72.55,70.99
04/20/2020,73.28,6631049,74.54,74.96,73.26
04/17/2020,76.11,8593397,75.92,76.51,75.07
04/16/2020,73.78,6252751,74.77,75.21,73.28
04/15/2020,74.63,8568233,75.31,76.17,73.83
04/14/2020,77.71,9400941,77.09,78.53,77.09
04/13/2020,75.59,10138960,78.41,78.61,75.07
04/09/2020,78.91,13840920,75.98,79.985,75.98
04/08/2020,74.72,9628290,71.00,75.16,70.10
04/07/2020,69.95,7675118,71.99,73.35,69.92
04/06/2020,69.31,8382157,66.81,69.68,66.81
04/03/2020,64.53,8987130,64.99,65.88,63.27
04/02/2020,65.48,10916940,64.32,66.84,64.17
04/01/2020,65.26,12174770,66.51,66.80,63.89
03/31/2020,69.85,16816390,71.06,71.22,67.9502
03/30/2020,71.58,12754320,70.76,71.83,68.44
03/27/2020,70.05,11521690,67.79,71.83,67.40
03/26/2020,69.98,14486080,65.98,70.25,65.58
03/25/2020,65.37,15209270,62.29,68.77,61.83
03/24/2020,62.03,14401990,59.61,62.26,58.78
03/23/2020,56.91,15558900,59.39,59.50,55.58
03/20/2020,59.68,18838020,63.55,65.20,59.35
03/19/2020,62.81,13090020,61.71,64.25,60.00
03/18/2020,62.59,15714530,65.04,67.44,60.50
03/17/2020,69.17,9100880,66.63,70.50,64.44
03/16/2020,65.39,11396680,71.88,74.35,65.24
03/13/2020,79.48,10968650,77.33,79.5663,73.02
03/12/2020,73.10,16761470,75.90,78.525,72.60
03/11/2020,81.34,16483520,84.65,84.65,80.53
03/10/2020,86.54,11782250,85.05,86.62,81.83
03/09/2020,83.68,14017540,86.00,86.525,83.56
03/06/2020,90.67,10302750,90.235,91.01,87.79
03/05/2020,92.26,9803575,92.72,93.44,91.15
03/04/2020,94.28,10638380,92.26,94.40,92.13
03/03/2020,90.85,14654430,91.18,93.31,90.10
03/02/2020,91.06,14250460,87.65,91.07,87.16
02/28/2020,87.33,22471970,87.50,88.20,84.66
02/27/2020,89.49,11869080,93.10,93.295,89.49
02/26/2020,94.52,9407844,95.74,96.46,94.47
02/25/2020,95.55,7378927,98.44,98.62,95.29
02/24/2020,98.21,5214562,98.39,99.126,97.75
02/21/2020,99.57,3670815,99.27,99.72,99.03
02/20/2020,99.28,5556729,98.16,99.33,97.865
02/19/2020,98.11,4415213,99.50,99.50,98.095
02/18/2020,99.45,4187437,99.62,99.69,98.88
02/14/2020,99.56,3004813,98.77,99.58,98.64
02/13/2020,98.54,3683494,97.93,98.7349,97.75
02/12/2020,97.95,6298675,97.53,98.245,97.13
02/11/2020,97.37,5362411,96.97,97.9556,96.97
02/10/2020,96.64,4456990,95.95,96.66,95.84
02/07/2020,95.57,3176222,95.72,95.83,95.32
02/06/2020,95.59,3327530,95.55,95.87,95.41
02/05/2020,95.27,4413723,95.39,95.63,95.05
02/04/2020,95.21,4422900,94.58,95.60,94.32
02/03/2020,94.24,7509983,93.88,94.95,93.85
01/31/2020,93.93,6370924,95.00,95.10,93.67
01/30/2020,95.09,4142448,94.77,95.285,94.60
01/29/2020,95.02,3785514,95.66,95.78,94.93
01/28/2020,95.37,3006102,95.15,95.67,94.97
01/27/2020,94.99,3047040,94.96,95.31,94.73
01/24/2020,95.45,3518066,95.90,96.04,95.16
01/23/2020,95.78,4825146,95.09,95.82,94.69
01/22/2020,94.98,5024341,95.85,96.15,94.82
01/21/2020,95.62,4217381,94.84,95.69,94.59
01/17/2020,94.72,3581348,94.58,95.03,94.52
01/16/2020,94.63,4426740,94.03,94.63,93.87
01/15/2020,93.88,4471563,93.31,94.08,93.27
01/14/2020,93.04,4120680,93.30,93.35,92.5238
01/13/2020,93.39,5553852,92.37,93.40,92.34
01/10/2020,92.28,5838786,91.78,92.385,91.528
01/09/2020,91.58,4215616,91.61,91.87,91.355
01/08/2020,91.63,6766391,91.39,91.81,91.06
01/07/2020,91.35,6533037,92.18,92.18,90.8545
01/06/2020,92.38,4888980,92.17,92.71,91.8699
01/03/2020,92.27,5016050,91.24,92.46,91.03
01/02/2020,91.70,5106680,93.19,93.2399,91.10
12/31/2019,92.79,4649650,92.09,92.83,92.00
12/30/2019,92.13,3466516,91.89,92.21,91.62
12/27/2019,92.04,4195939,91.96,92.18,91.70
12/26/2019,91.75,2243867,91.42,91.77,91.29
12/24/2019,91.35,1961982,91.33,91.51,91.00
12/23/2019,91.11,5369198,92.05,92.05,91.015
12/20/2019,91.57,9514641,91.32,91.97,91.25
12/19/2019,91.07,6117369,90.23,91.12,90.13
12/18/2019,90.27,6341086,89.22,90.52,89.22
12/17/2019,90.14,9650312,91.28,91.32,89.99
12/16/2019,91.00,5185164,90.61,91.20,89.98
12/13/2019,90.35,6814380,90.37,90.80,89.68
12/12/2019,90.33,7925276,91.58,91.91,90.20
12/11/2019,91.57,5112274,92.58,92.61,91.285
12/10/2019,92.51,5227087,93.08,93.28,92.30
12/09/2019,93.05,3999568,93.00,93.22,92.61
12/06/2019,92.87,4486032,92.65,93.365,92.65
12/05/2019,92.68,4846937,92.61,92.72,92.155
12/04/2019,92.63,4129850,92.07,92.9738,91.97
12/03/2019,92.25,4763760,91.62,92.37,91.54
12/02/2019,91.66,9431057,92.70,93.02,91.61
11/29/2019,93.07,3531073,93.50,93.85,93.03
11/27/2019,93.50,4121658,93.06,93.55,92.78
11/26/2019,93.06,4858524,92.04,93.11,91.95
11/25/2019,91.84,5184596,91.74,92.37,91.74
11/22/2019,91.55,5221698,92.06,92.13,91.05
11/21/2019,91.89,5003683,92.95,93.01,91.86
11/20/2019,93.20,6020205,93.32,93.48,92.79
11/19/2019,93.25,4071425,93.34,93.52,93.00
11/18/2019,93.09,3606090,92.77,93.50,92.71
11/15/2019,92.64,2819818,92.29,92.67,92.045
11/14/2019,92.14,5736199,91.60,92.16,91.50
11/13/2019,91.43,4353516,90.70,91.59,90.65
11/12/2019,90.60,5701556,91.32,91.88,90.52
11/11/2019,91.29,3528187,91.10,91.58,91.00
11/08/2019,91.09,7341608,91.21,91.695,90.91
11/07/2019,91.31,4958250,91.98,92.08,90.9846
11/06/2019,92.23,4500885,92.22,92.67,92.02
11/05/2019,92.03,9141762,93.35,93.35,91.67
11/04/2019,93.62,3887454,94.25,94.28,93.42
11/01/2019,94.28,6653084,94.41,94.785,93.447
10/31/2019,94.30,4723554,94.67,94.76,93.95
10/30/2019,94.47,3878742,94.02,94.53,93.47
10/29/2019,94.13,5512258,93.72,94.39,93.60
10/28/2019,93.56,4897920,94.13,94.13,93.445
10/25/2019,94.13,4185104,94.88,94.99,93.95
10/24/2019,94.94,3148821,95.37,95.37,94.7139
10/23/2019,95.18,3020527,95.11,95.27,94.43
10/22/2019,94.97,2644247,95.46,95.49,94.79
10/21/2019,95.25,2592510,94.65,95.29,94.41
10/18/2019,94.53,2492156,93.73,94.665,93.69
10/17/2019,93.81,3223362,93.39,93.96,93.25
10/16/2019,93.20,3422784,93.14,93.22,92.62
10/15/2019,93.19,3218489,93.15,93.29,92.56
10/14/2019,93.07,1877731,93.14,93.29,92.72
10/11/2019,93.03,3378860,93.41,93.78,92.98
10/10/2019,93.07,3720140,92.88,93.25,92.55
10/09/2019,92.92,4166634,93.67,93.67,92.80
10/08/2019,92.74,3108136,93.12,93.50,92.29
10/07/2019,93.23,3668034,93.00,93.69,92.85
10/04/2019,93.43,2189499,93.05,93.47,92.975
10/03/2019,92.87,6724523,91.93,93.12,91.75
10/02/2019,91.98,3384587,92.38,92.4531,91.39
10/01/2019,92.37,5253884,93.20,93.48,92.22
09/30/2019,93.25,3286438,93.19,93.72,93.11
09/27/2019,93.09,4090611,93.81,93.91,92.44
09/26/2019,93.61,2985888,93.11,93.83,93.00
09/25/2019,92.83,7089248,92.65,93.05,92.41
09/24/2019,92.65,3705643,93.11,93.3265,92.34
09/23/2019,93.60,3515703,93.26,94.00,93.23
09/20/2019,93.45,6904164,93.66,93.935,93.18
09/19/2019,93.45,2892777,93.32,93.845,93.22
09/18/2019,93.12,5655009,93.97,93.97,92.34
09/17/2019,93.44,3700306,92.85,93.48,92.61
09/16/2019,92.44,4688333,91.80,92.59,91.49
09/13/2019,91.64,6109328,92.52,92.99,91.36
09/12/2019,92.63,3486126,92.85,93.17,92.09
09/11/2019,92.14,3972499,91.92,92.29,91.42
09/10/2019,92.04,5379377,92.66,92.68,91.2434
09/09/2019,93.00,3772062,93.45,93.46,92.75
09/06/2019,93.45,2986696,93.51,93.79,93.22
09/05/2019,93.24,6041545,94.01,94.01,93.07
09/04/2019,93.92,4757143,93.60,94.07,93.44
09/03/2019,93.14,5928264,92.20,93.24,92.00
08/30/2019,92.22,5680261,92.41,92.507,91.81
08/29/2019,92.15,2688618,91.85,92.245,91.64
08/28/2019,91.44,3502080,91.13,91.58,90.91
08/27/2019,91.14,3253397,91.90,92.13,91.065
08/26/2019,91.40,2737535,91.20,91.48,90.77
08/23/2019,90.70,5776662,91.91,92.5481,90.40
08/22/2019,91.99,2587340,91.56,92.0635,91.05
08/21/2019,91.57,2739394,91.44,91.755,91.08
08/20/2019,91.19,2556305,92.14,92.21,91.12
08/19/2019,91.84,3279974,91.57,92.05,91.17
08/16/2019,91.18,3951641,90.46,91.345,90.25
08/15/2019,90.25,4583056,89.49,90.44,89.39
08/14/2019,89.36,4645052,90.34,90.48,89.15
08/13/2019,90.74,4540918,90.56,91.02,90.01
08/12/2019,90.61,2944044,90.74,90.98,90.14
08/09/2019,90.85,3304841,90.80,91.15,90.00
08/08/2019,90.96,5766747,89.59,90.96,88.98
08/07/2019,89.39,8674585,88.20,89.99,87.36
08/06/2019,88.53,7789026,87.76,89.02,87.54
08/05/2019,87.56,6840037,89.10,89.15,86.45
08/02/2019,89.32,4793995,88.82,89.79,88.67
08/01/2019,88.89,8371310,89.01,89.72,88.35
07/31/2019,88.89,5980215,89.34,89.98,88.38
07/30/2019,89.24,3818966,88.47,89.56,88.45
07/29/2019,88.53,4898423,88.44,89.14,88.38
07/26/2019,88.29,3111940,88.01,88.44,87.6266
07/25/2019,87.89,5629298,88.38,88.44,87.58
07/24/2019,88.41,2946102,88.45,88.50,87.90
07/23/2019,88.34,4239950,87.56,88.34,87.29
07/22/2019,87.35,3265329,87.53,87.69,87.02
07/19/2019,87.43,5064560,88.97,89.03,87.3115
07/18/2019,88.88,7048767,88.65,89.12,88.17
07/17/2019,88.88,6422032,89.41,89.686,88.355
07/16/2019,89.18,3611584,89.27,89.57,88.81
07/15/2019,89.39,3185731,89.58,89.98,89.30
07/12/2019,89.46,2948674,89.65,89.7665,89.0748
07/11/2019,89.58,4020580,90.77,90.77,89.235
07/10/2019,90.76,6833688,90.62,90.995,90.15
07/09/2019,90.24,4906830,89.75,90.39,89.51
07/08/2019,89.94,4509700,89.53,90.09,89.39
07/05/2019,89.62,5375104,89.31,89.91,88.22
07/03/2019,89.94,5417960,89.02,90.01,88.945
07/02/2019,88.88,7633744,87.44,88.88,87.44
07/01/2019,87.36,9764923,87.98,87.98,86.33
06/28/2019,87.40,9638200,87.21,87.96,87.14
06/27/2019,87.10,6924523,86.53,87.16,86.37
06/26/2019,86.82,12896980,88.63,88.72,86.61
06/25/2019,88.59,5381289,89.94,90.1669,88.59
06/24/2019,89.92,3773775,90.63,90.91,89.65
06/21/2019,90.23,7941670,91.00,91.27,90.04
06/20/2019,91.52,4861994,91.56,91.85,91.39
06/19/2019,91.06,3694690,90.42,91.36,90.01
06/18/2019,90.57,4449165,91.33,91.59,90.16
06/17/2019,90.66,3574887,89.94,90.78,89.94
06/14/2019,89.70,2981696,89.60,90.12,89.55
06/13/2019,89.65,2799351,89.35,89.65,89.10
06/12/2019,89.27,2768532,89.04,89.565,88.90
06/11/2019,88.97,3834010,88.99,89.19,88.31
06/10/2019,88.73,2945455,89.19,89.29,88.40
06/07/2019,89.02,3525699,89.13,89.569,88.92
06/06/2019,88.69,4077190,88.80,88.89,88.05
06/05/2019,88.52,6775425,87.21,88.62,86.99
06/04/2019,86.71,6993156,87.25,87.25,85.95
06/03/2019,87.10,6347789,87.20,87.39,86.48
05/31/2019,86.89,5369175,86.16,87.37,85.89
05/30/2019,86.39,3984143,86.12,86.78,86.03
05/29/2019,86.03,8170001,87.06,87.21,85.71
05/28/2019,87.19,4614457,88.33,88.59,87.14
05/24/2019,88.06,3121804,88.02,88.47,87.99
05/23/2019,87.79,3304697,87.38,87.87,87.09
05/22/2019,87.59,2825183,87.42,87.65,87.16
05/21/2019,87.33,2930146,86.87,87.55,86.75
05/20/2019,86.59,4221113,87.42,87.69,86.24
05/17/2019,87.86,5346616,87.73,88.07,87.41
05/16/2019,88.03,4008519,87.65,88.42,87.45
05/15/2019,87.68,3410612,87.01,87.89,86.7211
05/14/2019,87.09,4740541,86.95,87.37,86.74
05/13/2019,86.77,5794146,86.32,86.90,86.08
05/10/2019,86.86,4269015,85.88,87.08,85.71
05/09/2019,85.94,4005220,85.57,86.11,84.96
05/08/2019,85.72,5976853,85.88,86.58,85.67
05/07/2019,85.81,7037112,87.28,87.28,85.21
05/06/2019,87.39,4836140,87.25,87.67,86.87
05/03/2019,87.67,4678436,87.24,87.79,86.93
05/02/2019,86.93,5675909,86.88,87.78,86.665
05/01/2019,86.84,7675847,86.77,87.83,86.72
04/30/2019,86.77,5540433,86.02,86.95,85.48
04/29/2019,85.95,4280636,86.71,86.97,85.85
04/26/2019,86.80,3109374,86.28,86.87,86.13
04/25/2019,86.12,3732375,86.08,86.3542,85.47
04/24/2019,86.30,4853736,85.97,86.56,85.66
04/23/2019,85.67,4692025,84.92,85.79,84.52
04/22/2019,84.55,5011570,85.39,85.69,83.78
04/18/2019,85.49,4827399,85.11,85.665,84.575
04/17/2019,84.84,6121263,85.91,86.03,84.56
04/16/2019,85.62,7254840,87.62,87.66,85.275
04/15/2019,87.60,3468913,88.10,88.14,87.37
04/12/2019,88.05,4148843,87.59,88.08,86.97
04/11/2019,87.63,2925594,87.78,88.09,87.28
04/10/2019,87.69,4122431,87.20,87.77,87.02
04/09/2019,86.89,3507634,87.35,87.48,86.74
04/08/2019,87.35,4575451,87.77,87.83,87.07
04/05/2019,87.84,4827082,87.24,87.89,87.098
04/04/2019,87.23,4249086,87.43,87.50,86.80
04/03/2019,87.37,5004164,87.47,87.735,86.78
04/02/2019,87.47,10218610,86.98,87.549,86.22
04/01/2019,86.86,8341769,87.00,87.03,85.91
03/29/2019,86.91,13743450,87.07,87.1648,86.57
03/28/2019,86.99,5599941,86.35,87.03,86.10
03/27/2019,86.77,7252573,87.14,87.29,86.22
03/26/2019,87.02,8576381,86.52,87.06,86.43
03/25/2019,86.33,6324313,86.25,86.605,85.75
03/22/2019,86.22,8471133,86.93,87.42,86.20
03/21/2019,86.85,6948147,85.21,86.89,85.20
03/20/2019,85.33,6498923,85.05,85.86,84.435
03/19/2019,85.07,6168184,85.38,85.51,84.81
03/18/2019,85.33,4125278,85.80,86.03,84.92
03/15/2019,85.76,4742185,86.12,86.19,85.61
03/14/2019,86.03,4303174,85.96,86.05,85.62
03/13/2019,85.90,4282977,85.58,86.13,85.58
03/12/2019,85.48,6072434,85.20,85.69,85.11
03/11/2019,85.09,4679289,84.15,85.15,84.01
03/08/2019,83.86,9264782,83.63,84.16,83.49
03/07/2019,83.77,8328518,84.16,84.55,83.55
03/06/2019,83.95,5370414,84.42,84.60,83.845
03/05/2019,84.34,9054885,84.07,84.71,83.90
03/04/2019,84.11,7103570,84.12,84.20,83.18
03/01/2019,83.73,10635670,83.94,84.24,82.82
02/28/2019,83.99,6546162,83.83,84.92,83.52
02/27/2019,83.77,8106432,83.91,84.13,83.15
02/26/2019,84.19,4777070,84.57,84.79,84.05
02/25/2019,84.45,4956824,85.29,85.36,84.37
02/22/2019,85.12,4488316,84.79,85.445,84.52
02/21/2019,84.62,4713184,84.06,84.70,83.78
02/20/2019,84.54,7918850,85.01,85.01,83.98
02/19/2019,85.07,5981230,84.91,85.2678,84.75
02/15/2019,85.09,4998913,84.74,85.10,84.5432
02/14/2019,84.52,6927284,84.38,84.84,83.99
02/13/2019,84.25,5697029,83.83,84.325,83.52
02/12/2019,83.82,8588428,84.55,84.55,83.51
02/11/2019,84.35,4999156,84.25,84.51,83.96
02/08/2019,84.12,6853909,83.80,84.45,83.645
02/07/2019,84.12,8823152,83.18,84.22,82.91
02/06/2019,83.43,8419811,83.67,83.89,83.16
02/05/2019,83.98,10279020,83.58,84.03,83.0641
02/04/2019,83.50,13612560,82.86,83.50,82.20
02/01/2019,82.88,15853580,83.49,83.75,81.72
01/31/2019,83.41,13041700,82.45,83.47,81.78
01/30/2019,82.55,6635445,81.92,82.85,81.83
01/29/2019,81.89,4829961,81.13,81.93,80.97
01/28/2019,81.25,5471157,80.31,81.33,80.06
01/25/2019,80.46,5713360,79.74,80.52,79.59
01/24/2019,79.47,4142535,78.97,79.65,78.69
01/23/2019,79.20,3971886,79.33,79.40,78.68
01/22/2019,79.19,5752091,79.26,79.54,78.58
01/18/2019,79.43,6380060,79.49,79.50,78.82
01/17/2019,79.16,4241130,78.63,79.20,78.47
01/16/2019,78.78,6163994,78.21,79.06,78.10
01/15/2019,78.23,5373975,77.60,78.42,77.566
01/14/2019,77.49,4931267,77.50,77.94,77.18
01/11/2019,77.75,5141899,77.46,77.83,77.10
01/10/2019,77.53,8671799,76.25,77.75,76.08
01/09/2019,76.49,6434173,76.78,76.87,75.76
01/08/2019,76.60,10297670,75.53,76.79,75.33
01/07/2019,75.05,9211177,74.60,75.6062,74.40
01/04/2019,74.32,9389027,73.74,75.02,73.30
01/03/2019,73.46,12264320,72.77,74.57,72.71
01/02/2019,72.95,12880340,73.56,73.70,72.53
12/31/2018,74.57,15750630,74.31,74.72,73.30
12/28/2018,74.37,12729310,74.91,75.18,73.80
12/27/2018,74.13,12100030,73.59,74.21,72.02
12/26/2018,74.14,16838020,71.89,74.14,71.08
12/24/2018,71.74,9335758,74.08,74.33,71.68
12/21/2018,74.39,16609280,75.61,77.02,74.32
12/20/2018,75.44,13145160,76.49,76.72,74.89
12/19/2018,76.59,10760030,77.46,78.00,76.28
12/18/2018,77.44,9439239,77.49,77.96,77.07
12/17/2018,76.65,20329330,79.74,79.99,76.47
12/14/2018,79.65,10389660,79.58,80.01,79.235
12/13/2018,79.88,6131144,79.52,80.50,79.45
12/12/2018,80.37,6941250,82.12,82.25,80.26
12/11/2018,81.63,5108831,82.06,82.39,81.63
12/10/2018,81.59,5804325,82.17,82.24,80.58
12/07/2018,82.12,9986908,82.94,83.09,81.81
12/06/2018,83.21,14819550,80.75,83.31,80.02
12/04/2018,81.20,9106492,82.35,82.63,80.99
12/03/2018,82.42,7405920,82.48,82.56,81.66
11/30/2018,81.98,6640985,81.41,82.05,81.13
11/29/2018,81.21,5680972,81.14,81.61,80.66
11/28/2018,81.19,8681263,80.50,81.26,80.15
11/27/2018,80.47,5183596,80.06,80.48,79.7442
11/26/2018,80.13,4422226,80.27,80.48,79.76
11/23/2018,79.98,2815494,79.88,80.3466,79.51
11/21/2018,80.14,4139630,80.06,80.81,79.73
11/20/2018,80.07,5295673,80.50,81.14,80.06
11/19/2018,80.90,7117473,80.93,81.49,80.405
11/16/2018,80.79,4347629,79.78,80.9098,79.70
11/15/2018,79.93,6413739,80.24,80.28,79.1253
11/14/2018,80.48,4545778,80.79,81.00,80.10
11/13/2018,80.68,4882557,80.815,81.13,80.19
11/12/2018,80.76,4969754,80.71,81.43,80.54
11/09/2018,80.60,3388520,80.52,80.8662,80.16
11/08/2018,80.61,3559529,80.42,80.67,79.95
11/07/2018,80.55,7559229,79.95,80.58,79.52
11/06/2018,79.60,4127883,79.28,79.63,79.08
11/05/2018,79.20,6752956,78.20,79.455,78.18
11/02/2018,78.04,7608959,78.84,78.86,77.15
11/01/2018,78.69,6062690,78.38,78.85,78.03
10/31/2018,78.32,8321938,79.22,79.38,78.17
10/30/2018,79.25,9052976,78.30,79.85,78.10
10/29/2018,78.18,7159567,77.72,78.72,77.69
10/26/2018,77.20,11721430,79.18,79.18,76.68
10/25/2018,79.10,6215656,78.20,79.53,77.86
10/24/2018,78.10,6016162,77.57,78.78,77.42
10/23/2018,77.37,6987566,76.77,77.86,76.44
10/22/2018,77.03,7499275,78.19,78.58,77.03
10/19/2018,78.12,5357263,77.50,78.37,77.50
10/18/2018,77.45,6818902,77.59,78.18,77.22
10/17/2018,77.60,5088900,77.82,78.00,77.05
10/16/2018,77.90,5315417,76.47,78.05,76.12
10/15/2018,76.33,8525818,75.79,77.04,75.73
10/12/2018,75.82,10167920,76.84,77.07,75.38
10/11/2018,76.02,12471360,78.39,78.39,75.93
10/10/2018,78.26,8836790,79.25,79.69,78.24
10/09/2018,79.44,5851935,79.35,79.79,78.96
10/08/2018,79.33,5246966,78.32,79.626,78.20
10/05/2018,78.20,4971550,78.26,78.69,78.15
10/04/2018,78.24,6759480,78.58,78.65,77.7333
10/03/2018,78.90,7104258,79.75,80.02,78.44
10/02/2018,79.75,5746396,79.95,80.19,79.63
10/01/2018,79.93,7215400,80.60,80.82,79.92
09/28/2018,80.68,6092252,79.71,80.68,79.63
09/27/2018,79.60,4942165,79.62,79.97,79.38
09/26/2018,79.22,8971853,80.17,80.28,79.18
09/25/2018,80.18,4780677,80.19,80.62,80.08
09/24/2018,80.17,4111221,81.44,81.61,79.84
09/21/2018,82.78,7292246,82.69,83.205,82.57
09/20/2018,82.81,4308423,82.05,82.86,81.77
09/19/2018,82.04,4410601,83.05,83.08,81.91
09/18/2018,83.01,8039560,83.30,83.53,82.87
09/17/2018,83.41,4414783,83.13,83.58,82.87
09/14/2018,83.14,5215696,83.55,83.62,82.54
09/13/2018,83.67,3813636,83.61,83.93,83.34
09/12/2018,83.26,2827813,83.24,83.47,82.98
09/11/2018,83.22,3980208,83.01,83.50,82.875
09/10/2018,83.23,3089253,83.25,83.70,83.11
09/07/2018,82.86,4234439,83.55,83.55,82.77
09/06/2018,83.77,3760303,83.66,84.00,83.64
09/05/2018,83.53,5407659,83.02,83.82,82.58
09/04/2018,83.05,4718638,83.86,84.0692,82.95
08/31/2018,84.05,3305800,83.78,84.2333,83.72
08/30/2018,83.72,2968335,84.35,84.37,83.65
08/29/2018,84.26,3564971,84.23,84.44,84.07
08/28/2018,84.24,4653140,83.24,84.25,83.02
08/27/2018,83.12,4479001,83.49,83.56,82.84
08/24/2018,83.42,3896499,82.93,83.43,82.80
08/23/2018,82.93,2528831,83.15,83.295,82.895
08/22/2018,83.14,2954917,83.53,83.64,82.831
08/21/2018,83.61,3148916,84.00,84.15,83.411
08/20/2018,84.12,4628975,84.17,84.55,84.00
08/17/2018,84.06,4698361,83.11,84.07,83.11
08/16/2018,83.29,3329887,82.63,83.30,82.56
08/15/2018,82.62,5202403,82.04,82.72,81.8084
08/14/2018,81.99,3249380,81.58,82.20,81.58
08/13/2018,81.59,2755449,81.66,81.85,81.38
08/10/2018,81.75,4524373,82.49,82.50,81.60
08/09/2018,82.38,3720835,82.34,82.65,82.19
08/08/2018,82.34,2415349,82.77,82.80,82.15
08/07/2018,82.82,3047140,82.94,82.94,82.40
08/06/2018,82.97,4655095,83.12,83.38,82.77
08/03/2018,83.08,4342858,82.23,83.1201,82.15
08/02/2018,82.19,4748147,82.35,82.66,82.01
08/01/2018,82.52,7798042,81.35,82.53,81.13
07/31/2018,81.94,5737294,80.84,82.31,80.84
07/30/2018,80.59,4001962,80.51,80.78,79.99
07/27/2018,80.54,4788043,81.56,81.61,80.46
07/26/2018,81.41,4385465,81.25,81.82,81.05
07/25/2018,81.14,4551415,80.54,81.28,80.39
07/24/2018,80.50,4175084,80.89,81.03,80.30
07/23/2018,80.91,4379600,81.04,81.18,80.43
07/20/2018,81.08,3265500,81.59,81.80,80.8569
07/19/2018,81.87,4358074,80.88,82.15,80.65
07/18/2018,80.92,5185634,81.16,81.45,80.545
07/17/2018,81.28,4031233,81.95,82.06,81.19
07/16/2018,81.82,3022616,82.11,82.195,81.36
07/13/2018,82.26,5022335,82.55,82.90,82.20
07/12/2018,82.51,4042053,82.52,82.65,82.08
07/11/2018,82.26,5127887,82.43,82.71,82.18
07/10/2018,82.53,4561760,82.51,82.73,82.03
07/09/2018,82.36,6621270,83.13,83.13,81.94
07/06/2018,83.02,7887413,82.79,83.155,82.74
07/05/2018,82.58,7214998,81.85,82.62,81.54
07/03/2018,81.61,7325322,81.04,82.18,80.84
07/02/2018,81.00,7925690,81.52,81.54,80.08
06/29/2018,81.45,5234780,81.10,81.80,80.62
06/28/2018,81.25,3896737,80.53,81.35,80.44
06/27/2018,80.53,4560087,81.05,81.26,80.51
06/26/2018,80.84,3751012,80.74,81.17,80.37
06/25/2018,80.58,5904399,80.65,80.90,80.09
06/22/2018,80.79,4392034,80.33,80.84,79.965
06/21/2018,80.16,3719682,80.00,80.26,79.62
06/20/2018,79.78,7327459,78.96,79.89,78.91
06/19/2018,78.90,11275370,78.74,79.275,78.74
06/18/2018,78.98,6392618,78.78,79.045,78.44
06/15/2018,79.69,11131770,79.72,80.26,79.525
06/14/2018,79.74,4458209,79.25,80.005,79.25
06/13/2018,78.99,7230941,80.56,80.70,78.81
06/12/2018,80.56,3287947,80.03,80.77,79.82
06/11/2018,80.08,4168395,80.11,80.27,79.93
06/08/2018,80.20,2773160,79.97,80.27,79.79
06/07/2018,79.91,3353298,79.92,80.12,79.43
06/06/2018,79.91,4006121,79.72,79.91,79.318
06/05/2018,79.72,5543015,80.22,80.30,79.555
06/04/2018,79.93,5391401,79.40,79.95,79.115
06/01/2018,79.24,7233864,78.59,79.43,78.43
05/31/2018,78.89,5430488,78.91,79.195,78.59
05/30/2018,79.16,4901862,78.05,79.395,77.83
05/29/2018,78.10,4611490,77.54,78.23,77.32
05/25/2018,77.73,3597361,77.53,78.02,77.42
05/24/2018,77.46,3173321,77.64,77.94,77.04
05/23/2018,77.62,3983240,76.80,77.86,76.79
05/22/2018,76.85,3470839,76.73,76.95,76.4248
05/21/2018,76.74,3671535,76.01,76.87,75.595
05/18/2018,75.84,3343843,75.83,76.12,75.50
05/17/2018,75.74,3998067,76.09,76.35,75.58
05/16/2018,76.12,4400445,76.50,76.75,76.01
05/15/2018,76.35,5134003,77.22,77.22,76.12
05/14/2018,77.61,3536418,78.22,78.39,77.24
05/11/2018,78.28,2694453,78.59,78.87,78.16
05/10/2018,78.55,3664056,78.23,78.70,78.07
05/09/2018,77.94,4685350,77.26,77.96,77.16
05/08/2018,77.42,4311637,77.80,77.80,77.17
05/07/2018,77.81,4670377,77.40,77.90,77.35
05/04/2018,77.29,3746639,76.41,77.485,76.41
05/03/2018,76.45,5839516,76.26,76.77,76.16
05/02/2018,76.50,5361894,76.61,76.83,75.83
05/01/2018,76.78,5251510,76.08,76.93,75.94
04/30/2018,76.09,6625559,76.42,76.71,76.065
04/27/2018,76.39,6278827,75.06,76.64,74.97
04/26/2018,75.10,5551015,74.35,75.52,74.25
04/25/2018,74.13,4055156,74.03,74.41,73.55
04/24/2018,74.27,5852156,74.05,74.58,73.845
04/23/2018,73.99,4325043,74.08,74.375,73.66
04/20/2018,74.05,5171224,74.66,74.96,73.95
04/19/2018,74.74,6917903,75.59,75.67,74.21
04/18/2018,75.84,4122901,76.18,76.28,75.83
04/17/2018,76.00,4503599,75.29,76.42,75.06
04/16/2018,75.12,4279053,74.75,75.37,74.57
04/13/2018,74.66,3817086,74.20,74.72,74.09
04/12/2018,74.27,4049606,75.23,75.24,74.05
04/11/2018,75.11,3891653,74.81,75.6815,74.74
04/10/2018,74.95,7318607,75.35,75.4938,74.83
04/09/2018,75.03,4466333,75.32,75.625,74.91
04/06/2018,75.27,4817544,75.67,76.25,75.02
04/05/2018,75.84,4195654,75.92,75.99,75.19
04/04/2018,75.87,5502776,74.66,76.09,74.49
04/03/2018,75.08,9987261,74.57,75.42,74.075
04/02/2018,74.45,6487619,75.34,75.67,73.95
03/29/2018,75.47,5993479,75.77,75.95,75.16
03/28/2018,75.56,8917567,73.97,75.70,73.84
03/27/2018,73.71,9131990,73.53,74.68,72.67
03/26/2018,73.43,6979044,73.03,73.56,72.675
03/23/2018,73.31,9528230,74.62,74.85,73.12
03/22/2018,74.64,5605008,74.90,75.97,74.61
03/21/2018,75.08,5905419,75.55,75.85,74.68
03/20/2018,75.64,5676923,75.85,76.38,75.35
03/19/2018,75.90,3999376,76.46,76.48,75.42
03/16/2018,76.56,4950813,75.94,76.66,75.765
03/15/2018,76.03,5680461,76.18,76.31,75.63
03/14/2018,76.05,5945100,75.91,76.35,75.73
03/13/2018,75.98,4877079,76.16,76.51,75.72
03/12/2018,75.91,6661487,75.63,76.09,75.38
03/09/2018,75.58,6293384,75.17,75.58,74.68
03/08/2018,75.17,6381351,75.20,75.3501,74.785
03/07/2018,75.03,9868228,74.23,75.09,74.19
03/06/2018,74.57,6038476,74.34,74.73,73.69
03/05/2018,74.22,5558149,73.19,74.565,73.14
03/02/2018,73.39,8408418,73.07,73.47,72.62
03/01/2018,73.42,8794634,73.19,74.295,72.83
02/28/2018,73.35,9175541,73.66,74.35,73.35
02/27/2018,73.40,7634912,75.30,75.35,73.38
02/26/2018,75.15,6335507,75.31,75.36,74.6401
02/23/2018,74.94,6884060,74.03,74.9599,73.915
02/22/2018,73.76,7412395,73.28,74.31,73.13
02/21/2018,72.93,7852918,74.40,74.53,72.93
02/20/2018,74.40,5766269,75.06,75.68,74.31
02/16/2018,75.29,7002409,75.11,75.67,74.82
02/15/2018,74.88,7359206,74.27,75.01,74.06
02/14/2018,74.16,8225734,74.06,74.25,73.16
02/13/2018,74.70,8766085,74.01,74.91,73.52
02/12/2018,74.18,15209190,74.59,74.63,72.105
02/09/2018,74.15,12670380,72.79,74.74,72.0536
02/08/2018,72.34,11116710,74.15,74.93,72.27
02/07/2018,74.48,7480007,74.78,75.92,74.425
02/06/2018,74.80,12553670,73.55,75.20,73.09
02/05/2018,74.79,8860165,76.70,77.54,74.69
02/02/2018,77.08,11151550,77.16,77.60,76.44
02/01/2018,77.74,7313162,79.09,79.735,77.60
01/31/2018,79.45,8856099,78.27,79.48,78.02
01/30/2018,78.05,6937581,78.27,78.59,77.92
01/29/2018,78.62,5279976,79.48,79.49,78.57
01/26/2018,79.69,4966145,79.97,80.084,79.23
01/25/2018,79.97,4764568,79.97,80.11,79.45
01/24/2018,80.11,6242461,80.42,80.61,79.83
01/23/2018,80.53,4599669,79.79,80.55,79.66
01/22/2018,79.43,4767729,78.83,79.47,78.74
01/19/2018,78.71,4546822,78.42,78.72,78.20
01/18/2018,78.29,4548204,79.01,79.10,78.22
01/17/2018,79.31,5559981,79.09,79.40,78.70
01/16/2018,78.76,5760807,78.90,80.03,78.74
01/12/2018,78.61,5154530,79.03,79.24,78.4674
01/11/2018,79.25,5066982,79.71,79.93,79.17
01/10/2018,79.52,6244160,80.10,80.23,79.1101
01/09/2018,80.42,4628794,81.50,81.73,80.39
01/08/2018,81.47,4763286,81.16,81.6075,81.04
01/05/2018,81.05,5742428,81.17,81.23,80.84
01/04/2018,81.01,4733977,82.45,82.48,80.99
01/03/2018,82.43,5516736,82.73,82.9264,82.255
01/02/2018,82.67,4638735,83.04,83.17,82.40
12/29/2017,82.98,2957454,83.11,83.28,82.85
12/28/2017,82.95,3172848,82.39,83.03,82.31
12/27/2017,82.51,4341891,82.82,82.82,82.31
12/26/2017,82.24,2874375,81.85,82.455,81.68
12/22/2017,81.83,6484450,81.32,81.946,81.22
12/21/2017,81.27,4701296,81.95,81.95,81.18
12/20/2017,82.85,7831854,83.86,84.085,82.84
12/19/2017,83.82,5259283,85.67,85.69,83.665
12/18/2017,85.64,5169495,85.26,86.14,85.25
12/15/2017,85.08,4904512,84.66,85.25,84.63
12/14/2017,84.55,5266207,84.62,84.875,84.38
12/13/2017,84.57,3887039,84.62,84.97,84.41
12/12/2017,84.43,4732226,84.12,84.66,83.74
12/11/2017,84.02,5326279,84.05,84.15,83.84
12/08/2017,84.03,3448573,83.93,84.175,83.55
12/07/2017,83.60,4049057,83.33,83.6801,83.11
12/06/2017,83.39,3967928,83.51,83.779,83.00
12/05/2017,83.47,4372791,84.26,84.30,83.45
12/04/2017,84.17,4484137,84.76,85.10,84.15
12/01/2017,84.59,4664751,84.49,84.91,83.85
11/30/2017,84.39,4849810,84.40,84.645,84.135
11/29/2017,84.26,4634048,84.02,84.45,83.76
11/28/2017,84.23,2946778,84.51,84.62,83.7935
11/27/2017,84.55,2217987,85.04,85.05,84.52
11/24/2017,84.95,1254997,84.91,85.09,84.88
11/22/2017,84.84,2347372,84.87,85.13,84.63
11/21/2017,85.03,3057112,84.64,85.08,84.51
11/20/2017,84.40,3613763,84.71,84.79,84.26
11/17/2017,84.65,2782572,84.81,85.07,84.55
11/16/2017,85.02,5137247,84.11,85.1128,84.10
11/15/2017,84.32,5169552,85.05,85.20,84.27
11/14/2017,85.18,4039183,85.12,85.42,85.03
11/13/2017,85.36,3486108,84.98,85.48,84.85
11/10/2017,84.93,3657275,84.41,85.21,84.2525
11/09/2017,84.84,3856501,84.44,85.35,84.21
11/08/2017,84.75,2058230,84.27,84.80,84.23
11/07/2017,84.33,3978733,83.69,84.60,83.68
11/06/2017,83.65,3156286,83.16,83.88,83.11
11/03/2017,83.09,2457624,82.89,83.4099,82.53
11/02/2017,83.30,5159353,82.85,83.64,82.73
11/01/2017,82.60,3507722,82.34,82.78,82.15
10/31/2017,82.20,4422769,82.22,82.35,81.49
10/30/2017,82.21,3061182,82.35,82.54,82.055
10/27/2017,82.28,2979869,81.86,82.49,81.34
10/26/2017,81.91,3916419,82.81,83.00,81.61
10/25/2017,82.59,3491115,82.48,82.87,82.015
10/24/2017,82.83,2521350,83.17,83.44,82.54
10/23/2017,83.33,2618818,83.75,83.83,83.23
10/20/2017,83.65,2929876,84.06,84.10,83.33
10/19/2017,84.13,1838744,84.36,84.54,83.84
10/18/2017,84.38,1935905,84.37,84.69,84.21
10/17/2017,84.47,2191683,84.28,84.52,84.12
10/16/2017,84.37,1972743,84.73,84.90,84.30
10/13/2017,84.79,2662400,84.88,85.00,84.40
10/12/2017,84.57,2787524,84.06,84.57,83.93
10/11/2017,84.03,2944802,83.82,84.29,83.81
10/10/2017,83.75,6012778,83.76,84.32,83.50
10/09/2017,83.50,2248367,83.34,83.71,83.25
10/06/2017,83.30,2594844,83.13,83.37,82.60
10/05/2017,83.57,3398719,83.38,83.985,83.37
10/04/2017,83.27,4137399,82.92,83.33,82.63
10/03/2017,82.85,6710755,82.96,83.0397,82.66
10/02/2017,82.97,4533835,83.22,83.26,82.84
09/29/2017,83.09,4243984,82.80,83.18,82.62
09/28/2017,82.92,4114286,82.19,83.00,82.19
09/27/2017,82.36,3812837,82.94,83.1002,82.07
09/26/2017,83.11,3099513,83.13,83.38,82.91
09/25/2017,82.97,5536305,82.50,83.31,82.49
09/22/2017,82.49,4549558,83.17,83.48,82.44
09/21/2017,83.93,6278513,84.08,84.63,83.92
09/20/2017,84.09,2741570,84.54,84.66,83.72
09/19/2017,84.32,2916488,84.95,84.97,84.26
09/18/2017,84.88,3442169,85.32,85.47,84.605
09/15/2017,85.34,3172833,85.13,85.38,84.58
09/14/2017,85.18,2839135,84.37,85.22,84.17
09/13/2017,84.48,1840081,84.72,84.759,84.19
09/12/2017,84.70,3991299,85.58,85.80,84.385
09/11/2017,85.71,2352567,85.12,85.80,85.00
09/08/2017,84.93,2334532,84.63,85.24,84.56
09/07/2017,84.86,2313569,84.49,85.00,84.36
09/06/2017,84.32,3330483,84.27,84.89,84.19
09/05/2017,84.10,3705194,84.42,84.68,83.68
09/01/2017,84.33,3386318,84.06,84.68,83.95
08/31/2017,84.04,3212733,83.79,84.27,83.63
08/30/2017,83.56,2054097,82.95,83.57,82.62
08/29/2017,83.09,1401725,83.06,83.45,83.00
08/28/2017,83.18,2071965,83.86,83.94,82.92
08/25/2017,83.82,2147329,83.69,84.13,83.31
08/24/2017,83.42,2012182,83.85,84.33,83.37
08/23/2017,83.68,1889935,82.86,83.78,82.65
08/22/2017,82.83,1835338,83.08,83.33,82.608
08/21/2017,83.07,2487979,82.20,83.21,82.07
08/18/2017,82.19,2011007,82.82,82.95,81.95
08/17/2017,83.03,2053678,83.45,83.75,82.9866
08/16/2017,83.55,2945264,83.32,83.8099,83.32
08/15/2017,83.22,2259871,83.31,83.31,82.67
08/14/2017,83.47,2160199,82.44,83.63,82.30
08/11/2017,82.10,2692700,82.63,82.69,81.73
08/10/2017,82.61,4190763,83.03,83.18,82.61
08/09/2017,83.21,4508428,83.55,83.59,83.05
08/08/2017,83.49,2324434,83.73,83.92,83.28
08/07/2017,83.89,1642728,84.00,84.1065,83.57
08/04/2017,83.98,2068662,83.68,84.14,83.50
08/03/2017,83.70,2032492,83.72,84.1762,83.40
08/02/2017,83.87,2192033,84.46,84.46,83.59
08/01/2017,84.64,3142907,84.52,85.00,83.97
07/31/2017,84.26,2967612,84.24,84.38,83.5999
07/28/2017,84.15,3024479,84.40,84.66,83.98
07/27/2017,84.38,2828780,83.98,84.73,83.48
07/26/2017,84.28,2975598,83.73,84.57,83.54
07/25/2017,83.70,2785068,83.65,83.78,83.13
07/24/2017,83.59,2659188,83.73,83.83,83.21
07/21/2017,83.75,2973096,83.87,83.97,83.35
07/20/2017,83.81,3062777,84.25,84.39,83.765
07/19/2017,84.20,2949672,83.70,84.23,83.52
07/18/2017,83.57,3011505,83.78,83.93,83.34
07/17/2017,83.75,2730692,83.08,83.88,82.92
07/14/2017,83.08,2577645,82.79,83.23,82.71
07/13/2017,82.29,2556159,82.22,82.49,82.00
07/12/2017,82.16,3189233,81.71,82.63,81.54
07/11/2017,81.16,3346556,81.31,81.39,80.58
07/10/2017,81.25,4164146,82.18,82.26,81.19
07/07/2017,82.00,3249849,81.74,82.23,81.43
07/06/2017,81.54,4180645,82.59,82.97,81.44
07/05/2017,83.10,5370196,84.44,84.44,82.94
07/03/2017,84.29,3169520,83.56,84.46,83.37
06/30/2017,83.23,4206806,83.46,83.88,82.99
06/29/2017,83.23,3985814,83.92,83.92,83.08
06/28/2017,84.19,2956295,84.22,84.59,83.925
06/27/2017,83.99,3925278,84.33,84.83,83.94
06/26/2017,84.75,6417390,84.36,85.0599,84.36
06/23/2017,84.15,3758964,83.89,84.63,83.7501
06/22/2017,84.66,6220846,84.47,84.83,84.13
06/21/2017,84.58,2559708,84.75,84.99,84.04
06/20/2017,84.75,3194245,85.00,85.24,84.10
06/19/2017,84.95,4892189,84.94,84.99,84.54
06/16/2017,84.94,4497995,85.27,85.315,84.57
06/15/2017,85.16,3757156,84.37,85.39,84.30
06/14/2017,84.73,5317444,85.12,85.30,84.44
06/13/2017,84.61,2787502,84.38,84.692,84.025
06/12/2017,84.42,4049586,83.60,84.44,83.47
06/09/2017,83.67,4950387,83.09,83.945,82.80
06/08/2017,83.09,2963550,83.32,83.32,82.35
06/07/2017,83.29,3191286,82.69,83.44,82.62
06/06/2017,82.71,4357948,83.16,83.18,82.585
06/05/2017,83.11,4919902,83.26,83.38,82.73
06/02/2017,83.47,3998756,82.96,83.65,82.96
06/01/2017,82.62,6555122,81.96,82.72,81.76
05/31/2017,82.19,5514062,82.28,82.53,81.87
05/30/2017,82.14,1865209,82.65,82.82,82.14
05/26/2017,82.66,3046224,83.23,83.325,82.40
05/25/2017,83.26,3146888,83.39,83.65,83.08
05/24/2017,83.25,2578541,82.69,83.30,82.6503
05/23/2017,82.58,2960147,82.68,82.99,82.53
05/22/2017,82.51,3433736,82.22,82.80,82.16
05/19/2017,82.19,6390302,81.69,82.6799,81.345
05/18/2017,81.75,4128222,81.17,81.96,80.73
05/17/2017,81.30,7243679,80.92,81.61,80.75
05/16/2017,80.97,4338570,81.52,81.69,80.71
05/15/2017,81.52,3263940,81.35,82.2158,81.30
05/12/2017,81.28,3115404,81.75,81.78,81.21
05/11/2017,81.61,3542754,81.72,81.85,80.90
05/10/2017,82.02,3801400,81.37,82.30,81.17
05/09/2017,81.38,5790894,81.81,81.92,81.06
05/08/2017,81.82,3940817,82.58,82.58,81.365
05/05/2017,82.40,5458059,81.81,82.40,81.77
05/04/2017,81.63,8025099,81.52,81.76,80.70
05/03/2017,82.03,6207527,83.10,83.20,81.761
05/02/2017,83.14,4930021,83.38,83.59,82.83
05/01/2017,83.28,6003561,83.15,83.53,82.46
04/28/2017,82.79,5983748,83.44,83.57,82.49
04/27/2017,83.66,4822014,84.01,84.21,83.495
04/26/2017,83.88,4185446,84.45,84.62,83.67
04/25/2017,84.51,3412276,84.16,84.64,84.02
04/24/2017,84.16,6595301,85.50,85.55,83.39
04/21/2017,85.10,3261883,85.36,85.46,84.955
04/20/2017,85.41,3109054,85.24,85.47,84.80
04/19/2017,85.40,3622934,85.45,85.72,85.25
04/18/2017,85.52,2807318,85.22,85.60,85.16
04/17/2017,85.29,3875010,84.40,85.31,84.31
04/13/2017,84.27,2758617,84.43,84.65,84.16
04/12/2017,84.46,3526946,84.58,84.90,84.31
04/11/2017,84.61,3864071,84.06,84.77,83.94
04/10/2017,84.03,2547820,83.56,84.16,83.36
04/07/2017,83.51,4483834,83.59,83.88,83.27
04/06/2017,83.39,4711527,82.77,83.535,82.4335
04/05/2017,82.95,4738656,82.91,83.41,82.82
04/04/2017,82.83,5359286,82.71,83.37,82.5995
04/03/2017,82.83,7468996,82.36,82.985,82.32
03/31/2017,82.59,7167920,82.13,82.8864,81.99
03/30/2017,82.10,4593334,81.82,82.225,81.275
03/29/2017,81.95,3123283,81.46,81.96,81.21
03/28/2017,81.49,4231866,81.33,81.61,80.57
03/27/2017,81.14,4555963,81.76,82.12,80.885
03/24/2017,81.88,4399193,82.09,82.45,81.78
03/23/2017,81.97,7610220,81.38,82.63,81.26
03/22/2017,81.37,4617765,81.51,81.56,80.55
03/21/2017,82.01,6969537,82.48,82.72,81.88
03/20/2017,82.2991,2748459,82.50,82.74,82.16
03/17/2017,82.44,4380626,82.40,82.70,82.00
03/16/2017,82.06,4456696,82.13,82.62,81.91
03/15/2017,82.22,7177822,80.83,82.635,80.78
03/14/2017,80.59,4582403,80.53,80.79,80.07
03/13/2017,80.61,4691167,80.50,81.11,80.34
03/10/2017,80.41,6278799,81.30,81.71,79.98
03/09/2017,80.66,5603906,81.73,82.22,80.48
03/08/2017,81.89,4813519,82.94,83.04,81.83
03/07/2017,83.43,4657760,83.65,83.79,83.03
03/06/2017,83.83,3237738,84.06,84.10,83.43
03/03/2017,84.21,4177733,84.47,84.55,83.35
03/02/2017,84.54,3060351,84.88,84.95,84.25
03/01/2017,85.00,6281427,85.00,85.49,84.70
02/28/2017,85.26,5778068,85.85,85.85,85.06
02/27/2017,85.85,3326643,85.39,86.16,85.32
02/24/2017,85.40,3667337,84.98,85.43,84.52
02/23/2017,85.00,3430881,84.79,85.07,84.22
02/22/2017,84.56,3464404,84.96,85.25,84.13
02/21/2017,84.84,5646284,83.68,84.93,83.57
02/17/2017,83.77,2624100,83.81,83.90,83.069
02/16/2017,83.61,3097795,83.21,84.17,83.12
02/15/2017,83.12,3687275,82.88,83.25,82.34
02/14/2017,83.40,2688029,83.64,83.69,82.75
02/13/2017,83.84,3968165,83.88,84.20,83.38
02/10/2017,83.81,2983820,83.19,83.86,83.03
02/09/2017,83.22,2806980,83.00,83.38,82.92
02/08/2017,83.02,3316779,82.62,83.20,82.30
02/07/2017,82.37,3250658,82.73,83.03,82.235
02/06/2017,82.66,2985822,82.90,83.06,82.489
02/03/2017,82.80,4165039,82.96,83.23,82.46
02/02/2017,82.35,4754825,81.43,82.43,81.42
02/01/2017,81.38,4555854,82.28,82.89,81.32
01/31/2017,82.37,11091380,81.80,82.95,81.80
01/30/2017,81.78,3182619,82.10,82.27,81.57
01/27/2017,82.34,2996090,83.39,83.50,82.02
01/26/2017,83.15,4093711,83.32,83.72,83.0341
01/25/2017,83.31,3461494,83.81,84.16,83.055
01/24/2017,83.86,4204176,83.84,84.21,83.50
01/23/2017,83.84,3165563,83.26,83.97,83.00
01/20/2017,83.14,3285567,82.57,83.1873,82.38
01/19/2017,82.54,3168912,83.08,83.25,82.3361
01/18/2017,83.39,3317374,83.22,83.665,83.03
01/17/2017,83.25,4139242,82.96,83.32,82.76
01/13/2017,82.61,3658131,82.72,83.02,82.33
01/12/2017,82.73,4670639,82.40,82.77,81.60
01/11/2017,82.31,4497715,82.87,82.96,82.23
01/10/2017,82.82,3959333,83.57,83.57,82.78
01/09/2017,83.53,3546074,84.53,84.53,83.495
01/06/2017,84.29,3900813,84.02,84.70,83.82
01/05/2017,84.28,8555670,83.70,84.38,82.92
01/04/2017,84.01,6598461,82.91,84.19,82.83
01/03/2017,82.80,9380340,82.98,83.00,82.14
12/30/2016,82.53,6673362,81.59,82.70,81.20
12/29/2016,81.50,4258426,80.76,81.74,80.45
12/28/2016,80.50,3979496,81.18,81.18,80.24
12/27/2016,80.99,3833036,80.94,81.30,80.61
12/23/2016,80.82,4504471,80.72,82.2832,80.49
12/22/2016,80.61,3891681,80.64,80.88,79.91
12/21/2016,82.44,4998374,83.71,84.26,82.42
12/20/2016,83.71,5193553,83.48,84.08,83.18
12/19/2016,83.52,3662084,82.91,83.88,82.8985
12/16/2016,82.63,6581118,81.58,83.17,81.45
12/15/2016,81.41,3914516,81.82,82.47,81.162
12/14/2016,81.89,4807029,83.62,83.83,81.75
12/13/2016,83.72,4015070,84.10,84.19,83.14
12/12/2016,83.76,3610694,82.98,83.81,82.83
12/09/2016,83.21,4505321,83.35,83.99,83.02
12/08/2016,83.30,4402411,82.45,83.53,82.01
12/07/2016,82.73,5424453,81.17,82.86,81.07
12/06/2016,81.11,3695200,80.80,81.47,80.50
12/05/2016,80.59,3457161,80.01,80.69,79.73
12/02/2016,80.00,3695873,79.56,80.83,79.43
12/01/2016,79.21,6361853,79.92,80.21,78.76
11/30/2016,80.39,6826311,80.55,81.05,80.00
11/29/2016,81.32,3754254,80.63,81.73,80.57
11/28/2016,80.55,4065943,80.18,81.08,80.13
11/25/2016,80.18,1904505,79.80,80.63,79.74
11/23/2016,79.72,6541874,79.36,79.80,79.04
11/22/2016,80.06,4226738,79.07,80.10,78.83
11/21/2016,78.68,3488166,79.18,79.75,78.59
11/18/2016,78.92,3655648,78.79,79.13,78.42
11/17/2016,78.69,3645439,79.46,80.06,78.575
11/16/2016,79.50,10337130,79.76,80.00,78.90
11/15/2016,79.73,7719524,80.67,81.34,79.181
11/14/2016,80.40,6751124,78.40,80.615,78.02
11/11/2016,78.54,5065947,78.00,79.51,77.95
11/10/2016,78.07,13504120,79.30,79.34,76.98
11/09/2016,79.40,10041130,78.70,80.00,77.77
11/08/2016,80.62,4023315,80.18,80.89,79.80
11/07/2016,80.20,5860533,79.41,80.23,79.41
11/04/2016,78.82,4429926,78.39,79.085,78.0601
11/03/2016,78.20,7219432,78.87,79.005,78.18
11/02/2016,78.81,7846977,79.85,80.08,78.79
11/01/2016,79.98,7464973,81.40,81.47,79.70
10/31/2016,81.76,5009666,80.80,81.91,80.47
10/28/2016,80.45,4819067,80.39,81.14,80.15
10/27/2016,80.26,5968898,82.27,82.31,80.04
10/26/2016,82.42,4093093,83.19,83.31,81.85
10/25/2016,83.51,3161360,83.32,83.6158,83.06
10/24/2016,83.66,3948867,83.85,84.51,83.33
10/21/2016,83.47,3193761,83.38,83.685,83.10
10/20/2016,83.78,3261117,83.96,84.3265,83.32
10/19/2016,83.97,2870992,83.81,84.085,83.34
10/18/2016,83.79,2533156,83.81,84.28,83.505
10/17/2016,83.26,3153983,83.15,83.77,83.08
10/14/2016,83.08,3187476,83.30,83.99,82.91
10/13/2016,83.45,3633602,82.47,83.59,82.22
10/12/2016,82.80,3492477,81.99,82.92,81.86
10/11/2016,81.86,4306576,82.55,82.74,81.64
10/10/2016,82.66,2818332,82.22,83.005,82.22
10/07/2016,82.15,6036780,82.80,83.63,81.77
10/06/2016,82.29,6760164,81.85,82.8856,81.11
10/05/2016,82.26,8124037,84.12,84.55,82.17
10/04/2016,83.96,7415648,85.00,85.04,83.46
10/03/2016,85.12,10473830,86.01,86.29,84.945
09/30/2016,86.74,6716612,87.65,88.19,86.73
09/29/2016,87.34,4662744,88.22,88.2822,87.08
09/28/2016,88.52,2676283,87.94,88.59,87.67
09/27/2016,87.80,6479844,89.03,89.03,87.65
09/26/2016,88.74,3440162,88.28,88.945,88.00
09/23/2016,88.53,4722523,88.02,88.83,87.289
09/22/2016,88.26,3575571,87.51,88.34,87.29
09/21/2016,86.71,6904619,85.76,86.835,84.60
09/20/2016,85.61,3905798,86.14,86.25,85.61
09/19/2016,85.74,3407692,85.25,85.84,85.16
09/16/2016,84.97,6251509,84.83,85.045,84.35
09/15/2016,84.93,5920500,84.58,85.06,84.13
09/14/2016,84.61,4781906,84.56,85.0806,84.27
09/13/2016,84.34,7247184,86.08,86.11,84.15
09/12/2016,87.11,7137348,85.92,87.51,85.66
09/09/2016,86.09,7638278,88.62,88.87,86.07
09/08/2016,89.64,3123547,90.35,90.50,89.55
09/07/2016,90.75,2873907,90.09,90.7965,89.79
09/06/2016,90.21,3874452,89.91,90.22,89.12
09/02/2016,89.52,4439506,89.27,90.61,89.1336
09/01/2016,88.75,4097989,89.07,89.10,88.30
08/31/2016,88.97,5003247,88.79,89.27,88.47
08/30/2016,88.88,3431964,89.24,89.35,88.10
08/29/2016,89.05,3318571,88.37,89.33,88.36
08/26/2016,88.18,5844110,89.22,89.77,87.59
08/25/2016,89.06,3220013,88.90,89.6025,88.62
08/24/2016,88.66,6064825,89.28,89.29,88.1601
08/23/2016,89.05,6525979,89.31,89.51,89.01
08/22/2016,89.00,3670985,88.75,89.07,88.535
08/19/2016,88.52,3284387,88.97,89.07,88.261
08/18/2016,89.09,4074791,89.29,89.69,88.6737
08/17/2016,89.42,5240479,88.98,89.49,88.37
08/16/2016,89.06,4166760,89.84,89.95,88.94
08/15/2016,90.14,2961648,90.37,90.68,90.10
08/12/2016,90.23,2972077,90.05,91.0634,89.78
08/11/2016,89.85,4788369,90.85,90.8875,89.37
08/10/2016,90.88,5302858,91.24,91.40,90.59
08/09/2016,90.98,3474348,90.64,90.98,89.94
08/08/2016,90.49,2240225,90.27,90.91,90.11
08/05/2016,90.33,2941629,90.32,90.60,90.01
08/04/2016,90.27,2649733,90.75,90.92,90.11
08/03/2016,90.64,3829397,90.85,91.23,90.1501
08/02/2016,91.17,3877133,92.38,92.54,91.00
08/01/2016,92.65,3334962,92.33,92.75,92.26
07/29/2016,92.45,3502370,91.54,92.915,91.20
07/28/2016,91.29,2853289,90.31,91.645,90.10
07/27/2016,90.45,3935234,91.14,91.14,89.6957
07/26/2016,91.16,2460305,91.69,91.97,90.94
07/25/2016,91.61,2374744,91.81,92.14,91.30
07/22/2016,91.78,2482896,90.89,92.05,90.70
07/21/2016,90.98,2179581,90.60,90.98,90.20
07/20/2016,90.80,2100678,90.95,91.039,90.51
07/19/2016,90.79,1916544,90.35,90.79,89.925
07/18/2016,90.35,2699724,90.24,90.38,90.00
07/15/2016,90.11,3345614,90.07,90.18,89.46
07/14/2016,90.08,3060513,90.61,90.84,89.8699
07/13/2016,90.89,4902939,90.60,90.89,90.19
07/12/2016,90.39,3727572,90.41,90.54,89.6849
07/11/2016,90.40,3381227,89.87,90.59,89.33
07/08/2016,89.80,2663423,88.86,89.84,88.75
07/07/2016,88.37,5342017,89.20,89.26,87.88
07/06/2016,89.29,4577173,89.55,89.65,88.85
07/05/2016,89.68,3808415,88.71,89.68,88.6008
07/01/2016,88.70,4731924,88.97,89.40,88.44
06/30/2016,88.67,6555772,87.99,88.67,87.27
06/29/2016,87.76,4395608,87.12,87.88,87.01
06/28/2016,86.71,5128760,85.47,86.72,85.15
06/27/2016,84.92,4770141,84.52,85.05,83.71
06/24/2016,84.87,5661034,84.13,85.72,83.54
06/23/2016,85.62,1672215,85.58,85.94,85.44
06/22/2016,85.19,3993743,85.50,85.51,84.98
06/21/2016,85.32,3614756,85.31,85.57,84.93
06/20/2016,85.76,3987010,86.05,86.79,85.65
06/17/2016,85.64,4408394,85.83,85.83,84.98
06/16/2016,85.78,2826922,85.18,85.81,84.76
06/15/2016,85.30,2829448,84.69,85.5909,84.57
06/14/2016,84.50,3437356,84.72,85.02,84.1899
06/13/2016,84.72,3250053,84.73,85.36,84.62
06/10/2016,84.70,2538441,84.78,85.02,84.34
06/09/2016,85.10,4132731,84.91,85.26,84.61
06/08/2016,84.91,3098992,84.31,84.98,84.05
06/07/2016,84.37,2424578,84.23,84.6247,83.99
06/06/2016,83.86,3231941,84.59,84.77,83.42
06/03/2016,84.51,4295432,84.98,85.24,84.10
06/02/2016,84.17,8043491,83.50,84.20,83.29
06/01/2016,83.74,4417630,83.38,83.95,83.30
05/31/2016,83.67,4810900,83.55,83.92,83.16
05/27/2016,83.68,3007194,83.37,84.0339,83.29
05/26/2016,83.23,3053419,82.91,83.4775,82.72
05/25/2016,83.07,3292485,83.29,83.29,82.25
05/24/2016,83.07,2998403,82.56,83.21,82.26
05/23/2016,82.05,2743991,82.18,82.355,81.85
05/20/2016,82.04,3295610,81.70,82.19,81.55
05/19/2016,81.39,4315974,81.79,81.98,80.96
05/18/2016,82.31,4708456,83.27,83.36,81.37
05/17/2016,83.62,4308320,84.99,84.99,83.16
05/16/2016,85.20,3375003,84.39,85.445,84.32
05/13/2016,84.40,3991612,84.93,84.93,83.81
05/12/2016,85.16,3470957,84.77,85.436,84.08
05/11/2016,84.67,4063596,86.47,86.47,84.34
05/10/2016,86.52,4033968,86.72,86.82,86.22
05/09/2016,86.53,4568701,85.86,86.67,85.6201
05/06/2016,85.59,3496729,84.65,85.66,84.2569
05/05/2016,84.66,3324283,84.53,84.82,84.13
05/04/2016,84.42,4138623,82.71,84.58,82.71
05/03/2016,83.23,3305703,83.07,83.29,82.59
05/02/2016,83.10,4008164,81.78,83.31,81.78
04/29/2016,81.83,4117329,82.19,82.37,81.03
04/28/2016,82.59,2870579,82.26,83.09,81.94
04/27/2016,82.76,3244460,82.79,82.92,81.86
04/26/2016,82.81,3190848,82.79,83.28,82.51
04/25/2016,82.49,2385553,81.55,82.50,81.53
04/22/2016,81.77,3124388,80.93,81.9499,80.81
04/21/2016,80.93,5046131,82.36,82.53,80.68
04/20/2016,82.40,4085944,83.83,84.00,82.33
04/19/2016,83.82,3137230,84.01,84.01,83.48
04/18/2016,83.78,2347388,83.25,83.79,83.1375
04/15/2016,83.38,2429068,82.92,83.58,82.50
04/14/2016,82.76,2044331,83.17,83.23,82.543
04/13/2016,83.22,2827327,83.83,83.87,82.94
04/12/2016,83.59,2504642,83.17,83.79,82.96
